created_at,entry_id,field1,field2,field3,field4
2021-10-29 00:00:30 +0530,455417,21.2,17.4,41.36,29.14
2021-10-29 00:01:00 +0530,455418,27.0,14.2,41.44,29.13
2021-10-29 00:01:30 +0530,455419,26.2,18.5,41.44,29.14
2021-10-29 00:02:00 +0530,455420,23.1,17.9,41.46,29.16
2021-10-29 00:02:30 +0530,455421,29.7,18.4,41.52,29.18
2021-10-29 00:03:00 +0530,455422,27.4,18.4,41.39,29.21
2021-10-29 00:03:30 +0530,455423,15.9,13.3,41.36,29.19
2021-10-29 00:04:00 +0530,455424,27.1,18.2,41.33,29.19
2021-10-29 00:04:30 +0530,455425,23.8,18.1,41.33,29.21
2021-10-29 00:05:00 +0530,455426,26.3,17.4,41.26,29.21
2021-10-29 00:05:30 +0530,455427,26.7,17.6,41.19,29.21
2021-10-29 00:06:00 +0530,455428,22.2,17.4,41.23,29.2
2021-10-29 00:06:30 +0530,455429,24.6,17.6,41.29,29.19
2021-10-29 00:07:00 +0530,455430,26.8,17.1,41.36,29.2
2021-10-29 00:07:30 +0530,455431,21.4,17.7,41.26,29.21
2021-10-29 00:08:00 +0530,455432,28.7,18.3,41.26,29.21
2021-10-29 00:08:30 +0530,455433,30.0,18.6,41.33,29.21
2021-10-29 00:09:00 +0530,455434,23.5,17.9,41.19,29.21
2021-10-29 00:09:30 +0530,455435,23.0,15.1,41.26,29.21
2021-10-29 00:10:00 +0530,455436,18.6,14.4,41.33,29.18
2021-10-29 00:10:30 +0530,455437,26.9,18.5,41.29,29.17
2021-10-29 00:11:00 +0530,455438,26.9,17.8,41.36,29.17
2021-10-29 00:11:30 +0530,455439,23.9,13.8,41.34,29.12
2021-10-29 00:12:00 +0530,455440,20.7,17.0,41.37,29.13
2021-10-29 00:12:30 +0530,455441,21.1,14.6,41.44,29.09
2021-10-29 00:13:00 +0530,455442,17.1,13.7,41.51,29.05
2021-10-29 00:13:30 +0530,455443,19.4,13.2,41.51,29.02
2021-10-29 00:14:00 +0530,455444,25.2,17.2,41.54,29.01
2021-10-29 00:14:30 +0530,455445,20.2,16.7,41.51,29.02
2021-10-29 00:15:00 +0530,455446,20.0,15.9,41.51,29.01
2021-10-29 00:15:30 +0530,455447,24.5,12.6,41.65,28.99
2021-10-29 00:16:00 +0530,455448,25.0,17.3,41.68,28.99
2021-10-29 00:16:30 +0530,455449,23.6,16.8,41.58,29.0
2021-10-29 00:17:00 +0530,455450,23.4,16.6,41.64,29.0
2021-10-29 00:17:30 +0530,455451,25.8,16.8,41.68,29.01
2021-10-29 00:18:00 +0530,455452,22.4,17.1,41.74,29.02
2021-10-29 00:18:30 +0530,455453,13.7,12.5,41.81,29.02
2021-10-29 00:19:00 +0530,455454,20.2,17.1,41.74,29.04
2021-10-29 00:19:30 +0530,455455,20.7,16.8,41.68,29.06
2021-10-29 00:20:00 +0530,455456,26.5,13.1,41.71,29.04
2021-10-29 00:20:30 +0530,455457,23.2,17.3,41.68,29.05
2021-10-29 00:21:00 +0530,455458,24.9,17.5,41.68,29.05
2021-10-29 00:21:30 +0530,455459,15.5,13.1,41.74,29.03
2021-10-29 00:22:00 +0530,455460,33.1,18.3,41.78,29.04
2021-10-29 00:22:30 +0530,455461,25.8,17.8,41.71,29.03
2021-10-29 00:23:00 +0530,455462,22.7,17.1,41.74,29.04
2021-10-29 00:23:30 +0530,455463,24.1,17.4,41.78,29.04
2021-10-29 00:24:00 +0530,455464,24.0,17.3,41.81,29.03
2021-10-29 00:24:30 +0530,455465,22.6,16.6,41.78,29.02
2021-10-29 00:25:00 +0530,455466,20.3,15.7,41.74,29.02
2021-10-29 00:25:30 +0530,455467,17.2,12.7,41.78,28.99
2021-10-29 00:26:00 +0530,455468,19.5,16.6,41.82,28.98
2021-10-29 00:26:30 +0530,455469,20.3,16.9,41.85,28.99
2021-10-29 00:27:00 +0530,455470,22.1,16.6,41.85,29.0
2021-10-29 00:27:30 +0530,455471,20.1,15.9,41.87,29.01
2021-10-29 00:28:00 +0530,455472,21.1,16.2,41.84,29.0
2021-10-29 00:28:30 +0530,455473,21.7,16.7,41.84,29.0
2021-10-29 00:29:00 +0530,455474,18.4,13.7,41.92,28.98
2021-10-29 00:29:30 +0530,455475,20.7,16.9,41.89,28.99
2021-10-29 00:30:00 +0530,455476,22.6,17.4,41.87,28.99
2021-10-29 00:30:30 +0530,455477,20.1,13.7,41.92,28.97
2021-10-29 00:31:00 +0530,455478,18.9,15.6,41.89,28.97
2021-10-29 00:31:30 +0530,455479,25.1,16.6,41.89,28.98
2021-10-29 00:32:00 +0530,455480,24.4,17.0,41.95,28.99
2021-10-29 00:32:30 +0530,455481,19.2,12.7,41.92,28.98
2021-10-29 00:33:00 +0530,455482,20.0,15.9,41.89,28.98
2021-10-29 00:33:30 +0530,455483,21.5,17.6,41.91,29.0
2021-10-29 00:34:00 +0530,455484,19.4,13.4,41.94,29.01
2021-10-29 00:34:30 +0530,455485,22.9,16.6,41.81,29.03
2021-10-29 00:35:00 +0530,455486,18.0,15.8,41.74,29.05
2021-10-29 00:35:30 +0530,455487,17.6,12.9,41.78,29.04
2021-10-29 00:36:00 +0530,455489,23.2,16.7,41.81,29.03
2021-10-29 00:36:30 +0530,455490,19.8,13.4,41.81,29.04
2021-10-29 00:37:00 +0530,455491,20.6,14.2,41.74,29.04
2021-10-29 00:37:30 +0530,455488,25.1,22.4,41.58,29.07
2021-10-29 00:38:00 +0530,455492,6.9,6.5,41.65,29.0
2021-10-29 00:38:30 +0530,455493,22.5,20.3,41.71,29.02
2021-10-29 00:39:00 +0530,455494,20.9,16.6,41.78,29.02
2021-10-29 00:39:30 +0530,455495,24.4,16.9,41.78,29.03
2021-10-29 00:40:00 +0530,455496,20.3,15.6,41.64,29.03
2021-10-29 00:40:30 +0530,455497,16.4,13.5,41.71,29.01
2021-10-29 00:41:00 +0530,455498,23.5,15.9,41.74,29.01
2021-10-29 00:41:30 +0530,455499,23.5,17.1,41.74,29.03
2021-10-29 00:42:00 +0530,455500,24.3,16.8,41.74,29.04
2021-10-29 00:42:30 +0530,455501,16.2,13.0,41.85,28.89
2021-10-29 00:43:00 +0530,455502,18.4,16.2,41.85,28.9
2021-10-29 00:43:30 +0530,455503,20.3,16.5,41.85,28.92
2021-10-29 00:44:00 +0530,455504,18.1,15.9,41.78,28.94
2021-10-29 00:44:30 +0530,455505,23.9,16.4,41.82,28.97
2021-10-29 00:45:00 +0530,455506,24.6,12.7,41.78,28.93
2021-10-29 00:45:30 +0530,455507,19.6,15.2,41.68,28.95
2021-10-29 00:46:00 +0530,455508,19.5,16.2,41.55,28.95
2021-10-29 00:46:30 +0530,455509,19.2,14.9,41.55,28.97
2021-10-29 00:47:00 +0530,455510,19.4,15.9,41.55,28.97
2021-10-29 00:47:30 +0530,455511,32.6,18.0,41.65,28.95
2021-10-29 00:48:00 +0530,455512,21.3,16.2,41.65,28.95
2021-10-29 00:48:30 +0530,455513,23.0,15.7,41.65,28.95
2021-10-29 00:49:00 +0530,455514,26.7,16.7,41.65,28.95
2021-10-29 00:49:30 +0530,455515,22.9,16.3,41.52,28.95
2021-10-29 00:50:00 +0530,455516,19.0,12.6,41.65,28.92
2021-10-29 00:50:30 +0530,455517,28.3,17.6,41.65,28.93
2021-10-29 00:51:00 +0530,455518,30.8,17.9,41.65,28.93
2021-10-29 00:51:30 +0530,455519,18.0,12.2,42.0,28.72
2021-10-29 00:52:00 +0530,455520,22.4,14.4,42.0,28.75
2021-10-29 00:52:30 +0530,455521,22.5,16.2,41.83,28.79
2021-10-29 00:53:00 +0530,455522,20.9,16.1,41.78,28.84
2021-10-29 00:53:30 +0530,455523,28.8,17.7,41.95,28.86
2021-10-29 00:54:00 +0530,455524,22.0,16.6,41.71,28.88
2021-10-29 00:54:30 +0530,455525,19.1,11.4,41.68,28.86
2021-10-29 00:55:00 +0530,455526,23.3,15.3,41.52,28.88
2021-10-29 00:55:30 +0530,455527,22.9,15.8,41.49,28.89
2021-10-29 00:56:00 +0530,455528,20.4,16.2,41.45,28.9
2021-10-29 00:56:30 +0530,455529,19.9,15.8,41.39,28.9
2021-10-29 00:57:00 +0530,455530,21.1,15.3,41.45,28.9
2021-10-29 00:57:30 +0530,455531,18.4,15.1,41.35,28.9
2021-10-29 00:58:00 +0530,455532,17.8,15.9,41.32,28.88
2021-10-29 00:58:30 +0530,455533,19.7,15.3,41.35,28.88
2021-10-29 00:59:00 +0530,455534,18.1,15.2,41.29,28.86
2021-10-29 00:59:30 +0530,455535,22.8,13.1,41.39,28.83
2021-10-29 01:00:00 +0530,455536,26.0,17.7,41.42,28.82
2021-10-29 01:00:30 +0530,455537,22.0,16.1,41.39,28.82
2021-10-29 01:01:00 +0530,455538,25.6,15.9,41.32,28.8
2021-10-29 01:01:30 +0530,455539,16.8,12.6,41.39,28.78
2021-10-29 01:02:00 +0530,455540,16.7,12.3,41.43,28.75
2021-10-29 01:02:30 +0530,455541,23.8,15.9,41.39,28.76
2021-10-29 01:03:00 +0530,455542,17.3,12.9,41.49,28.74
2021-10-29 01:03:30 +0530,455543,17.3,13.2,41.6,28.72
2021-10-29 01:04:00 +0530,455544,21.2,15.7,41.53,28.74
2021-10-29 01:04:30 +0530,455545,24.2,16.1,41.49,28.76
2021-10-29 01:05:00 +0530,455546,21.9,15.7,41.43,28.78
2021-10-29 01:05:30 +0530,455547,21.4,16.1,41.35,28.8
2021-10-29 01:06:00 +0530,455548,22.4,16.6,41.42,28.83
2021-10-29 01:06:30 +0530,455549,21.6,16.1,41.35,28.85
2021-10-29 01:07:00 +0530,455550,22.3,15.9,41.25,28.85
2021-10-29 01:07:30 +0530,455551,22.3,16.9,41.25,28.85
2021-10-29 01:08:00 +0530,455552,20.7,16.5,41.25,28.85
2021-10-29 01:08:30 +0530,455553,19.0,13.6,41.66,28.67
2021-10-29 01:09:00 +0530,455554,18.9,16.0,41.46,28.71
2021-10-29 01:09:30 +0530,455555,18.2,15.8,41.36,28.74
2021-10-29 01:10:00 +0530,455556,18.2,12.3,41.43,28.74
2021-10-29 01:10:30 +0530,455557,19.0,16.0,41.36,28.78
2021-10-29 01:11:00 +0530,455558,19.9,16.2,41.35,28.8
2021-10-29 01:11:30 +0530,455559,19.1,15.1,41.29,28.82
2021-10-29 01:12:00 +0530,455560,19.8,15.9,41.22,28.83
2021-10-29 01:12:30 +0530,455561,21.5,16.3,41.22,28.85
2021-10-29 01:13:00 +0530,455562,16.7,12.1,41.29,28.83
2021-10-29 01:13:30 +0530,455563,28.7,12.7,41.32,28.82
2021-10-29 01:14:00 +0530,455564,14.5,12.9,41.35,28.82
2021-10-29 01:14:30 +0530,455565,21.5,16.4,41.25,28.85
2021-10-29 01:15:00 +0530,455566,27.1,16.7,41.18,28.89
2021-10-29 01:15:30 +0530,455567,18.8,15.9,41.08,28.91
2021-10-29 01:16:00 +0530,455568,19.2,15.1,40.91,28.94
2021-10-29 01:16:30 +0530,455569,19.4,15.9,40.91,28.95
2021-10-29 01:17:00 +0530,455570,20.4,16.1,40.91,28.94
2021-10-29 01:17:30 +0530,455571,20.3,16.0,40.84,28.93
2021-10-29 01:18:00 +0530,455572,21.5,16.6,40.91,28.93
2021-10-29 01:18:30 +0530,455573,21.3,16.1,40.71,28.93
2021-10-29 01:19:00 +0530,455574,18.4,16.1,40.78,28.94
2021-10-29 01:19:30 +0530,455575,19.4,12.9,40.88,28.93
2021-10-29 01:20:00 +0530,455576,20.3,16.3,40.81,28.94
2021-10-29 01:20:30 +0530,455577,22.0,17.8,40.78,28.95
2021-10-29 01:21:00 +0530,455578,23.7,17.2,40.78,28.98
2021-10-29 01:21:30 +0530,455579,22.4,16.9,40.71,28.98
2021-10-29 01:22:00 +0530,455580,21.2,16.6,40.58,28.99
2021-10-29 01:22:30 +0530,455581,19.9,15.6,40.55,28.98
2021-10-29 01:23:00 +0530,455582,17.7,15.8,40.58,28.98
2021-10-29 01:23:30 +0530,455583,21.1,16.2,40.62,28.97
2021-10-29 01:24:00 +0530,455584,14.2,12.7,40.68,28.92
2021-10-29 01:24:30 +0530,455585,22.7,16.2,40.62,28.93
2021-10-29 01:25:00 +0530,455586,21.7,16.6,40.58,28.93
2021-10-29 01:25:30 +0530,455587,18.8,13.4,40.71,28.91
2021-10-29 01:26:00 +0530,455588,26.0,17.7,40.75,28.91
2021-10-29 01:26:30 +0530,455589,21.7,16.3,40.65,28.93
2021-10-29 01:27:00 +0530,455590,20.1,16.2,40.62,28.94
2021-10-29 01:27:30 +0530,455591,22.0,16.3,40.51,28.97
2021-10-29 01:28:00 +0530,455592,22.1,16.7,40.51,28.99
2021-10-29 01:28:30 +0530,455593,16.3,13.2,40.58,28.97
2021-10-29 01:29:00 +0530,455594,24.3,16.8,40.51,28.99
2021-10-29 01:29:30 +0530,455595,18.5,16.1,40.41,28.99
2021-10-29 01:30:00 +0530,455596,21.4,16.5,40.51,29.0
2021-10-29 01:30:30 +0530,455597,22.1,16.6,40.53,29.0
2021-10-29 01:31:00 +0530,455598,23.9,16.4,40.46,29.0
2021-10-29 01:31:30 +0530,455599,16.5,13.6,40.62,28.99
2021-10-29 01:32:00 +0530,455600,29.2,17.8,40.57,29.01
2021-10-29 01:32:30 +0530,455601,22.9,17.0,40.53,29.02
2021-10-29 01:33:00 +0530,455602,23.9,16.4,40.39,29.03
2021-10-29 01:33:30 +0530,455603,21.4,15.8,40.36,29.02
2021-10-29 01:34:00 +0530,455604,21.5,16.4,40.39,29.01
2021-10-29 01:34:30 +0530,455605,22.3,16.7,40.39,29.01
2021-10-29 01:35:00 +0530,455606,20.6,16.4,40.39,29.0
2021-10-29 01:35:30 +0530,455607,23.1,16.7,40.43,29.0
2021-10-29 01:36:00 +0530,455608,19.9,15.8,40.43,29.0
2021-10-29 01:36:30 +0530,455609,18.4,16.1,40.39,29.01
2021-10-29 01:37:00 +0530,455610,19.5,15.9,40.33,29.02
2021-10-29 01:37:30 +0530,455611,16.3,12.4,40.41,28.99
2021-10-29 01:38:00 +0530,455612,21.7,16.9,40.43,28.99
2021-10-29 01:39:00 +0530,455613,15.2,13.3,40.55,28.93
2021-10-29 01:39:30 +0530,455614,19.5,16.3,40.51,28.97
2021-10-29 01:40:00 +0530,455615,15.6,13.6,40.58,28.95
2021-10-29 01:40:30 +0530,455616,39.4,20.3,40.62,28.98
2021-10-29 01:41:00 +0530,455617,32.9,18.2,40.57,29.01
2021-10-29 01:41:30 +0530,455618,27.1,17.4,40.53,29.03
2021-10-29 01:42:00 +0530,455619,22.0,16.9,40.39,29.05
2021-10-29 01:42:30 +0530,455620,18.4,12.3,40.43,29.02
2021-10-29 01:43:00 +0530,455621,19.6,13.6,40.53,29.04
2021-10-29 01:43:30 +0530,455622,23.1,17.2,40.39,29.04
2021-10-29 01:44:00 +0530,455623,22.7,17.2,40.43,29.04
2021-10-29 01:44:30 +0530,455624,22.9,17.3,40.43,29.05
2021-10-29 01:45:00 +0530,455625,15.3,13.9,40.53,29.04
2021-10-29 01:45:30 +0530,455626,23.5,18.0,40.46,29.04
2021-10-29 01:46:00 +0530,455627,27.1,18.1,40.53,29.04
2021-10-29 01:46:30 +0530,455628,21.7,17.4,40.53,29.05
2021-10-29 01:47:00 +0530,455629,31.6,18.9,40.46,29.07
2021-10-29 01:47:30 +0530,455630,31.1,18.1,40.43,29.07
2021-10-29 01:48:00 +0530,455631,26.2,18.3,40.46,29.06
2021-10-29 01:48:30 +0530,455632,26.8,17.8,40.46,29.06
2021-10-29 01:49:00 +0530,455633,26.4,17.4,40.53,29.05
2021-10-29 01:49:30 +0530,455634,23.4,17.7,40.53,29.03
2021-10-29 01:50:00 +0530,455635,18.0,13.8,40.68,28.99
2021-10-29 01:50:30 +0530,455636,24.2,17.1,40.7,28.99
2021-10-29 01:51:00 +0530,455637,23.3,17.4,40.74,29.01
2021-10-29 01:51:30 +0530,455638,22.9,17.7,40.67,29.03
2021-10-29 01:52:00 +0530,455639,24.9,18.2,40.63,29.05
2021-10-29 01:52:30 +0530,455640,23.8,16.7,40.6,29.07
2021-10-29 01:53:00 +0530,455641,26.7,17.8,40.53,29.08
2021-10-29 01:53:30 +0530,455642,19.1,16.8,40.53,29.11
2021-10-29 01:54:00 +0530,455643,28.5,18.4,40.53,29.13
2021-10-29 01:54:30 +0530,455644,27.8,17.8,40.46,29.15
2021-10-29 01:55:00 +0530,455645,25.3,18.1,40.39,29.15
2021-10-29 01:55:30 +0530,455646,27.2,17.4,40.35,29.15
2021-10-29 01:56:00 +0530,455647,27.8,18.4,40.39,29.16
2021-10-29 01:56:30 +0530,455648,27.5,17.8,40.39,29.16
2021-10-29 01:57:00 +0530,455649,24.1,17.3,40.42,29.16
2021-10-29 01:57:30 +0530,455650,24.1,17.3,40.42,29.16
2021-10-29 01:58:00 +0530,455651,18.0,14.4,40.63,29.06
2021-10-29 01:58:30 +0530,455652,24.0,18.6,40.53,29.08
2021-10-29 01:59:00 +0530,455653,21.8,17.3,40.43,29.12
2021-10-29 01:59:30 +0530,455654,20.0,17.3,40.36,29.13
2021-10-29 02:00:00 +0530,455655,19.0,16.9,40.33,29.13
2021-10-29 02:00:30 +0530,455656,21.1,16.7,40.36,29.13
2021-10-29 02:01:00 +0530,455657,18.6,16.7,40.3,29.13
2021-10-29 02:01:30 +0530,455658,17.0,13.6,40.43,29.09
2021-10-29 02:02:00 +0530,455659,21.2,17.6,40.39,29.08
2021-10-29 02:02:30 +0530,455660,20.0,16.9,40.33,29.07
2021-10-29 02:03:00 +0530,455661,18.6,14.3,40.46,29.03
2021-10-29 02:03:30 +0530,455662,20.8,17.4,40.46,29.03
2021-10-29 02:04:00 +0530,455663,22.9,18.1,40.53,29.03
2021-10-29 02:04:30 +0530,455664,20.1,17.4,40.57,29.04
2021-10-29 02:05:00 +0530,455665,18.5,13.6,40.63,29.02
2021-10-29 02:05:30 +0530,455666,23.9,18.1,40.57,29.04
2021-10-29 02:06:00 +0530,455667,145.1,38.1,40.63,29.06
2021-10-29 02:06:30 +0530,455668,82.7,28.4,40.53,29.08
2021-10-29 02:07:00 +0530,455669,20.8,17.3,40.39,29.09
2021-10-29 02:07:30 +0530,455670,16.8,14.9,40.53,29.06
2021-10-29 02:08:00 +0530,455671,21.3,17.6,40.43,29.05
2021-10-29 02:08:30 +0530,455672,20.9,16.8,40.43,29.06
2021-10-29 02:09:00 +0530,455673,20.9,16.8,40.43,29.06
2021-10-29 02:09:30 +0530,455674,19.8,16.4,40.84,28.89
2021-10-29 02:10:00 +0530,455675,22.0,17.3,40.71,28.91
2021-10-29 02:10:30 +0530,455676,21.4,16.6,40.58,28.93
2021-10-29 02:11:00 +0530,455677,20.5,16.7,40.58,28.93
2021-10-29 02:11:30 +0530,455678,21.0,16.8,40.62,28.94
2021-10-29 02:12:00 +0530,455679,23.5,17.2,40.51,28.93
2021-10-29 02:12:30 +0530,455680,22.2,17.0,40.55,28.93
2021-10-29 02:13:00 +0530,455681,20.1,17.0,40.62,28.93
2021-10-29 02:13:30 +0530,455682,23.0,17.2,40.68,28.93
2021-10-29 02:14:00 +0530,455683,20.7,13.9,40.81,28.91
2021-10-29 02:14:30 +0530,455684,25.5,14.4,40.81,28.91
2021-10-29 02:15:00 +0530,455685,26.1,16.1,40.91,28.83
2021-10-29 02:15:30 +0530,455686,29.2,18.4,40.84,28.87
2021-10-29 02:16:00 +0530,455687,26.1,18.6,40.75,28.92
2021-10-29 02:16:30 +0530,455688,26.1,18.2,40.71,28.97
2021-10-29 02:17:00 +0530,455689,17.5,13.7,40.68,28.97
2021-10-29 02:17:30 +0530,455690,20.4,17.5,40.6,29.0
2021-10-29 02:18:00 +0530,455691,19.8,16.7,40.6,29.01
2021-10-29 02:18:30 +0530,455692,22.8,17.3,40.53,29.02
2021-10-29 02:19:00 +0530,455693,20.6,17.3,40.57,29.01
2021-10-29 02:19:30 +0530,455694,21.2,17.3,40.57,29.01
2021-10-29 02:20:00 +0530,455695,19.5,13.4,40.81,28.85
2021-10-29 02:20:30 +0530,455696,23.5,17.6,40.78,28.85
2021-10-29 02:21:00 +0530,455697,24.8,17.8,40.75,28.86
2021-10-29 02:21:30 +0530,455698,21.4,17.2,40.78,28.87
2021-10-29 02:22:00 +0530,455699,19.0,16.9,40.78,28.89
2021-10-29 02:22:30 +0530,455700,24.6,18.2,40.78,28.91
2021-10-29 02:23:00 +0530,455701,20.6,17.0,40.75,28.92
2021-10-29 02:23:30 +0530,455702,21.8,16.9,40.65,28.95
2021-10-29 02:24:00 +0530,455703,13.5,12.1,40.71,28.94
2021-10-29 02:24:30 +0530,455704,25.4,16.6,40.68,28.97
2021-10-29 02:25:00 +0530,455705,23.6,15.3,40.68,28.94
2021-10-29 02:25:30 +0530,455706,20.8,17.3,40.62,28.95
2021-10-29 02:26:00 +0530,455707,20.4,17.1,40.62,28.95
2021-10-29 02:26:30 +0530,455708,20.8,13.3,41.03,28.77
2021-10-29 02:27:00 +0530,455709,21.6,17.1,40.89,28.78
2021-10-29 02:27:30 +0530,455710,25.0,18.0,40.89,28.79
2021-10-29 02:28:00 +0530,455711,26.9,18.1,40.91,28.82
2021-10-29 02:28:30 +0530,455712,17.6,11.8,40.88,28.8
2021-10-29 02:29:00 +0530,455713,20.5,17.0,40.84,28.83
2021-10-29 02:29:30 +0530,455714,21.0,17.1,40.84,28.83
2021-10-29 02:30:00 +0530,455715,21.1,12.6,41.21,28.61
2021-10-29 02:30:30 +0530,455716,24.4,16.9,41.2,28.67
2021-10-29 02:31:00 +0530,455717,24.8,16.7,41.1,28.71
2021-10-29 02:31:30 +0530,455718,18.9,16.2,41.03,28.73
2021-10-29 02:32:00 +0530,455719,22.8,16.4,40.96,28.75
2021-10-29 02:32:30 +0530,455720,21.8,16.1,40.96,28.75
2021-10-29 02:33:00 +0530,455721,20.7,16.3,41.03,28.75
2021-10-29 02:33:30 +0530,455722,20.5,16.9,41.03,28.76
2021-10-29 02:34:00 +0530,455723,24.0,16.3,41.03,28.76
2021-10-29 02:34:30 +0530,455724,21.5,16.7,40.96,28.76
2021-10-29 02:35:00 +0530,455725,22.6,16.9,40.93,28.76
2021-10-29 02:35:30 +0530,455726,19.2,15.9,40.89,28.76
2021-10-29 02:36:00 +0530,455727,21.9,16.4,40.96,28.76
2021-10-29 02:36:30 +0530,455728,23.5,16.9,40.96,28.77
2021-10-29 02:37:00 +0530,455729,20.1,16.6,40.96,28.78
2021-10-29 02:37:30 +0530,455730,20.5,16.6,40.89,28.78
2021-10-29 02:38:00 +0530,455731,20.3,17.0,40.89,28.77
2021-10-29 02:38:30 +0530,455732,25.0,20.7,40.89,28.76
2021-10-29 02:39:00 +0530,455733,18.6,13.9,40.96,28.75
2021-10-29 02:39:30 +0530,455734,22.0,17.2,41.03,28.76
2021-10-29 02:40:00 +0530,455735,19.1,13.9,41.06,28.73
2021-10-29 02:40:30 +0530,455736,28.1,17.1,41.03,28.76
2021-10-29 02:41:00 +0530,455737,31.1,17.6,40.96,28.78
2021-10-29 02:41:30 +0530,455738,24.0,15.3,41.06,28.76
2021-10-29 02:42:00 +0530,455739,25.9,18.4,41.03,28.77
2021-10-29 02:42:30 +0530,455740,25.6,18.3,41.03,28.79
2021-10-29 02:43:00 +0530,455741,24.8,16.7,41.05,28.82
2021-10-29 02:43:30 +0530,455742,22.0,16.4,40.98,28.84
2021-10-29 02:44:00 +0530,455743,20.1,16.1,40.98,28.85
2021-10-29 02:44:30 +0530,455744,19.2,16.4,40.91,28.86
2021-10-29 02:45:01 +0530,455745,19.2,16.4,40.91,28.86
2021-10-29 02:45:30 +0530,455746,19.7,13.1,41.16,28.77
2021-10-29 02:46:00 +0530,455747,20.3,16.9,41.13,28.8
2021-10-29 02:46:30 +0530,455748,22.7,16.7,41.05,28.85
2021-10-29 02:47:00 +0530,455749,24.3,17.2,40.98,28.86
2021-10-29 02:47:30 +0530,455750,22.0,17.2,40.98,28.89
2021-10-29 02:48:00 +0530,455751,20.6,17.1,40.91,28.91
2021-10-29 02:48:30 +0530,455752,21.2,16.8,40.88,28.93
2021-10-29 02:49:00 +0530,455753,22.7,17.0,40.84,28.95
2021-10-29 02:49:30 +0530,455754,22.3,16.8,40.81,28.97
2021-10-29 02:50:00 +0530,455755,25.8,17.4,40.81,28.97
2021-10-29 02:50:30 +0530,455756,22.2,17.1,40.81,28.95
2021-10-29 02:51:00 +0530,455757,18.8,14.7,40.88,28.93
2021-10-29 02:51:30 +0530,455758,23.0,17.2,40.88,28.92
2021-10-29 02:52:00 +0530,455759,20.9,17.2,40.88,28.91
2021-10-29 02:52:30 +0530,455760,21.9,17.1,40.91,28.9
2021-10-29 02:53:00 +0530,455761,18.6,16.7,40.91,28.89
2021-10-29 02:53:30 +0530,455762,19.6,16.5,40.98,28.89
2021-10-29 02:54:00 +0530,455763,20.7,16.3,41.05,28.89
2021-10-29 02:54:30 +0530,455764,27.4,18.9,41.08,28.9
2021-10-29 02:55:00 +0530,455765,26.6,16.8,41.05,28.91
2021-10-29 02:55:30 +0530,455766,24.4,17.8,40.98,28.91
2021-10-29 02:56:00 +0530,455767,24.7,17.3,40.98,28.92
2021-10-29 02:56:30 +0530,455768,24.8,17.4,40.98,28.92
2021-10-29 02:57:00 +0530,455769,20.9,16.9,41.05,28.92
2021-10-29 02:57:30 +0530,455770,19.6,17.1,41.11,28.93
2021-10-29 02:58:00 +0530,455771,19.6,17.1,41.11,28.93
2021-10-29 02:58:30 +0530,455772,20.2,14.9,41.22,28.84
2021-10-29 02:59:00 +0530,455773,21.5,18.4,41.22,28.85
2021-10-29 02:59:30 +0530,455774,26.9,14.2,41.29,28.85
2021-10-29 03:00:30 +0530,455775,20.5,14.3,41.22,28.86
2021-10-29 03:01:00 +0530,455776,25.0,17.6,41.15,28.91
2021-10-29 03:01:30 +0530,455777,22.4,16.4,40.98,28.95
2021-10-29 03:02:00 +0530,455778,21.3,17.6,40.91,28.98
2021-10-29 03:02:30 +0530,455779,21.6,17.3,40.91,28.98
2021-10-29 03:03:00 +0530,455780,22.1,17.6,40.91,28.98
2021-10-29 03:03:30 +0530,455781,21.5,16.9,40.95,28.97
2021-10-29 03:04:00 +0530,455782,25.7,17.4,40.98,28.97
2021-10-29 03:04:30 +0530,455783,20.5,17.3,40.98,28.97
2021-10-29 03:05:00 +0530,455784,19.3,16.4,40.98,28.98
2021-10-29 03:05:30 +0530,455785,20.9,16.8,41.08,28.98
2021-10-29 03:06:00 +0530,455786,30.4,17.9,41.05,28.99
2021-10-29 03:06:30 +0530,455787,62.3,22.9,41.07,29.0
2021-10-29 03:07:00 +0530,455788,28.3,17.6,40.94,29.02
2021-10-29 03:07:30 +0530,455789,31.1,18.6,40.94,29.03
2021-10-29 03:08:00 +0530,455790,36.2,20.3,40.97,29.03
2021-10-29 03:08:30 +0530,455791,26.3,17.3,40.91,29.03
2021-10-29 03:09:00 +0530,455792,16.1,14.6,40.98,28.97
2021-10-29 03:09:30 +0530,455793,20.3,17.3,41.05,28.97
2021-10-29 03:10:00 +0530,455794,21.5,17.9,41.08,28.95
2021-10-29 03:10:30 +0530,455795,20.3,17.3,41.05,28.97
2021-10-29 03:11:00 +0530,455796,20.8,17.6,41.05,28.97
2021-10-29 03:11:30 +0530,455797,23.8,18.2,41.08,28.98
2021-10-29 03:12:00 +0530,455798,24.8,17.8,41.05,28.99
2021-10-29 03:12:30 +0530,455799,24.6,18.8,41.05,28.99
2021-10-29 03:13:00 +0530,455800,18.7,13.4,41.08,28.95
2021-10-29 03:13:30 +0530,455801,24.2,18.3,41.08,28.93
2021-10-29 03:14:00 +0530,455802,25.3,18.6,41.08,28.93
2021-10-29 03:14:30 +0530,455803,22.5,15.3,41.36,28.79
2021-10-29 03:15:00 +0530,455804,26.4,14.9,41.46,28.78
2021-10-29 03:15:30 +0530,455805,31.0,18.9,41.39,28.8
2021-10-29 03:16:00 +0530,455806,25.0,18.1,41.35,28.84
2021-10-29 03:16:30 +0530,455807,22.0,18.1,41.35,28.85
2021-10-29 03:17:00 +0530,455808,23.3,14.2,41.45,28.85
2021-10-29 03:17:30 +0530,455809,28.1,19.0,41.42,28.85
2021-10-29 03:18:00 +0530,455810,24.0,18.4,41.25,28.87
2021-10-29 03:18:30 +0530,455811,21.4,18.1,41.18,28.9
2021-10-29 03:19:00 +0530,455812,21.0,14.3,41.29,28.89
2021-10-29 03:19:30 +0530,455813,22.3,17.3,41.22,28.92
2021-10-29 03:20:00 +0530,455814,25.8,18.4,41.25,28.93
2021-10-29 03:20:30 +0530,455815,25.4,17.9,41.11,28.97
2021-10-29 03:21:00 +0530,455816,19.8,17.8,41.05,28.98
2021-10-29 03:21:30 +0530,455817,22.2,17.4,41.08,28.97
2021-10-29 03:22:00 +0530,455818,23.0,17.4,41.11,28.95
2021-10-29 03:22:30 +0530,455819,25.3,18.0,41.18,28.93
2021-10-29 03:23:00 +0530,455820,26.4,17.9,41.18,28.93
2021-10-29 03:23:30 +0530,455821,19.7,14.7,41.36,28.78
2021-10-29 03:24:00 +0530,455822,20.6,17.7,41.36,28.78
2021-10-29 03:24:30 +0530,455823,19.8,17.8,41.36,28.79
2021-10-29 03:25:00 +0530,455824,20.7,17.1,41.36,28.79
2021-10-29 03:25:30 +0530,455825,22.2,17.0,41.39,28.79
2021-10-29 03:26:00 +0530,455826,21.2,17.3,41.39,28.8
2021-10-29 03:26:30 +0530,455827,21.8,17.3,41.45,28.8
2021-10-29 03:27:00 +0530,455828,19.7,16.9,41.46,28.78
2021-10-29 03:27:30 +0530,455829,21.7,14.7,41.63,28.76
2021-10-29 03:28:00 +0530,455830,21.3,18.0,41.63,28.76
2021-10-29 03:28:30 +0530,455831,25.5,18.1,41.63,28.77
2021-10-29 03:29:00 +0530,455832,28.2,18.6,41.62,28.79
2021-10-29 03:29:30 +0530,455833,26.3,17.4,41.62,28.82
2021-10-29 03:30:00 +0530,455834,22.6,18.3,41.52,28.85
2021-10-29 03:30:30 +0530,455835,23.5,18.1,41.49,28.85
2021-10-29 03:31:00 +0530,455836,24.7,18.2,41.45,28.85
2021-10-29 03:31:30 +0530,455837,21.4,18.1,41.49,28.85
2021-10-29 03:32:00 +0530,455838,33.3,18.7,41.63,28.83
2021-10-29 03:32:30 +0530,455839,47.1,24.4,41.62,28.84
2021-10-29 03:33:00 +0530,455840,30.9,17.7,41.71,28.82
2021-10-29 03:33:30 +0530,455841,29.7,19.7,41.62,28.85
2021-10-29 03:34:00 +0530,455842,27.5,18.2,41.55,28.85
2021-10-29 03:34:30 +0530,455843,23.7,18.5,41.55,28.85
2021-10-29 03:35:00 +0530,455844,24.2,18.6,41.52,28.87
2021-10-29 03:35:30 +0530,455845,23.9,18.1,41.45,28.87
2021-10-29 03:36:00 +0530,455846,22.6,18.1,41.45,28.87
2021-10-29 03:36:30 +0530,455847,20.6,17.9,41.49,28.86
2021-10-29 03:37:00 +0530,455848,23.0,18.1,41.52,28.87
2021-10-29 03:37:30 +0530,455849,21.6,18.3,41.52,28.87
2021-10-29 03:38:00 +0530,455850,20.7,17.7,41.49,28.88
2021-10-29 03:38:30 +0530,455851,23.4,21.1,41.45,28.9
2021-10-29 03:39:00 +0530,455852,20.6,17.9,41.42,28.91
2021-10-29 03:39:30 +0530,455853,20.3,14.6,41.49,28.9
2021-10-29 03:40:00 +0530,455854,20.1,18.0,41.49,28.92
2021-10-29 03:40:30 +0530,455855,14.5,12.9,41.52,28.89
2021-10-29 03:41:00 +0530,455856,21.1,17.9,41.35,28.92
2021-10-29 03:41:30 +0530,455857,21.2,17.9,41.35,28.93
2021-10-29 03:42:00 +0530,455858,22.1,18.1,41.32,28.91
2021-10-29 03:42:30 +0530,455859,20.1,17.9,41.39,28.89
2021-10-29 03:43:00 +0530,455860,19.8,17.7,41.49,28.86
2021-10-29 03:43:30 +0530,455861,19.8,17.7,41.49,28.86
2021-10-29 03:44:00 +0530,455862,20.7,15.9,41.83,28.7
2021-10-29 03:44:30 +0530,455863,25.4,17.7,41.8,28.7
2021-10-29 03:45:00 +0530,455864,15.1,13.5,41.87,28.68
2021-10-29 03:45:30 +0530,455865,21.4,18.0,41.83,28.67
2021-10-29 03:46:00 +0530,455866,22.4,18.1,41.83,28.69
2021-10-29 03:46:30 +0530,455867,17.3,15.6,41.9,28.67
2021-10-29 03:47:00 +0530,455868,17.7,16.0,41.9,28.67
2021-10-29 03:47:30 +0530,455869,20.1,15.4,42.11,28.54
2021-10-29 03:48:00 +0530,455870,23.4,18.7,42.01,28.57
2021-10-29 03:48:30 +0530,455871,24.2,18.7,41.98,28.59
2021-10-29 03:49:00 +0530,455872,20.7,17.9,41.94,28.62
2021-10-29 03:49:30 +0530,455873,18.2,14.6,41.98,28.6
2021-10-29 03:50:00 +0530,455874,20.4,18.3,41.94,28.62
2021-10-29 03:50:30 +0530,455875,23.7,17.9,41.98,28.62
2021-10-29 03:51:00 +0530,455876,21.7,18.4,41.94,28.64
2021-10-29 03:51:30 +0530,455877,20.6,17.4,42.0,28.64
2021-10-29 03:52:00 +0530,455878,20.2,17.8,41.94,28.64
2021-10-29 03:52:30 +0530,455879,21.0,17.8,41.98,28.62
2021-10-29 03:53:00 +0530,455880,18.1,15.3,42.14,28.58
2021-10-29 03:53:30 +0530,455881,19.8,17.8,42.04,28.59
2021-10-29 03:54:00 +0530,455882,19.7,17.6,42.11,28.58
2021-10-29 03:54:30 +0530,455883,17.0,14.7,42.18,28.55
2021-10-29 03:55:00 +0530,455884,19.8,17.8,42.18,28.55
2021-10-29 03:55:30 +0530,455885,22.4,18.7,42.21,28.55
2021-10-29 03:56:00 +0530,455886,26.5,18.6,42.18,28.56
2021-10-29 03:56:30 +0530,455887,23.6,19.3,42.21,28.57
2021-10-29 03:57:00 +0530,455888,22.0,18.3,42.18,28.59
2021-10-29 03:57:30 +0530,455889,20.3,18.2,42.14,28.61
2021-10-29 03:58:00 +0530,455890,21.8,19.3,42.18,28.64
2021-10-29 03:58:30 +0530,455891,25.5,18.6,42.13,28.65
2021-10-29 03:59:00 +0530,455892,21.4,14.6,42.23,28.65
2021-10-29 03:59:30 +0530,455893,30.7,19.7,42.2,28.69
2021-10-29 04:00:00 +0530,455894,21.3,15.6,42.16,28.69
2021-10-29 04:00:30 +0530,455895,27.8,19.6,42.0,28.7
2021-10-29 04:01:00 +0530,455896,20.0,18.0,41.9,28.71
2021-10-29 04:01:30 +0530,455897,24.6,19.1,41.94,28.7
2021-10-29 04:02:00 +0530,455898,20.4,18.4,41.97,28.69
2021-10-29 04:02:30 +0530,455899,21.0,18.3,41.97,28.65
2021-10-29 04:03:00 +0530,455900,20.9,18.7,42.01,28.61
2021-10-29 04:03:30 +0530,455901,22.7,18.1,42.14,28.59
2021-10-29 04:04:00 +0530,455902,21.2,19.1,42.18,28.58
2021-10-29 04:04:30 +0530,455903,20.7,18.5,42.21,28.56
2021-10-29 04:05:00 +0530,455904,24.6,19.2,42.21,28.55
2021-10-29 04:05:30 +0530,455905,26.4,19.7,42.28,28.54
2021-10-29 04:06:00 +0530,455906,20.3,16.6,42.38,28.49
2021-10-29 04:06:30 +0530,455907,20.9,18.7,42.38,28.49
2021-10-29 04:07:00 +0530,455908,21.3,19.1,42.35,28.49
2021-10-29 04:07:30 +0530,455909,24.6,18.1,42.38,28.48
2021-10-29 04:08:00 +0530,455910,22.7,19.2,42.45,28.48
2021-10-29 04:08:30 +0530,455911,27.9,19.1,42.45,28.48
2021-10-29 04:09:00 +0530,455912,24.9,19.0,42.45,28.5
2021-10-29 04:09:30 +0530,455913,23.3,18.5,42.45,28.53
2021-10-29 04:10:00 +0530,455914,20.4,18.2,42.42,28.54
2021-10-29 04:10:30 +0530,455915,24.3,19.8,42.38,28.57
2021-10-29 04:11:00 +0530,455916,25.1,18.5,42.35,28.58
2021-10-29 04:11:30 +0530,455917,21.4,18.9,42.35,28.58
2021-10-29 04:12:00 +0530,455918,31.1,20.0,42.32,28.59
2021-10-29 04:12:30 +0530,455919,28.1,19.2,42.32,28.58
2021-10-29 04:13:00 +0530,455920,24.9,19.1,42.35,28.56
2021-10-29 04:13:30 +0530,455921,20.7,16.1,42.42,28.52
2021-10-29 04:14:00 +0530,455922,22.8,19.4,42.52,28.49
2021-10-29 04:14:30 +0530,455923,23.2,20.1,42.55,28.49
2021-10-29 04:15:00 +0530,455924,23.6,19.2,42.52,28.5
2021-10-29 04:15:30 +0530,455925,22.1,19.7,42.48,28.53
2021-10-29 04:16:00 +0530,455926,18.1,14.6,42.55,28.5
2021-10-29 04:16:30 +0530,455927,22.3,18.8,42.48,28.52
2021-10-29 04:17:00 +0530,455928,20.9,18.7,42.48,28.53
2021-10-29 04:17:30 +0530,455929,23.1,19.8,42.45,28.53
2021-10-29 04:18:00 +0530,455930,21.0,18.7,42.52,28.53
2021-10-29 04:18:30 +0530,455931,22.9,19.1,42.48,28.53
2021-10-29 04:19:00 +0530,455932,23.3,18.6,42.52,28.55
2021-10-29 04:19:30 +0530,455933,29.0,19.8,42.55,28.57
2021-10-29 04:20:00 +0530,455934,22.7,20.3,42.45,28.58
2021-10-29 04:20:30 +0530,455935,24.2,19.7,42.42,28.59
2021-10-29 04:21:00 +0530,455936,40.9,22.2,42.42,28.59
2021-10-29 04:21:30 +0530,455937,23.2,19.8,42.42,28.59
2021-10-29 04:22:00 +0530,455938,24.1,19.7,42.38,28.59
2021-10-29 04:22:30 +0530,455939,30.2,20.3,42.42,28.6
2021-10-29 04:23:00 +0530,455940,29.4,20.4,42.42,28.6
2021-10-29 04:23:30 +0530,455941,25.2,16.2,42.52,28.59
2021-10-29 04:24:00 +0530,455942,27.1,19.8,42.48,28.61
2021-10-29 04:24:30 +0530,455943,22.0,16.7,42.52,28.6
2021-10-29 04:25:00 +0530,455944,23.5,19.2,42.48,28.6
2021-10-29 04:25:30 +0530,455945,22.5,19.9,42.45,28.6
2021-10-29 04:26:00 +0530,455946,24.5,19.9,42.52,28.61
2021-10-29 04:26:30 +0530,455947,23.3,19.1,42.48,28.62
2021-10-29 04:27:00 +0530,455948,22.4,19.8,42.52,28.61
2021-10-29 04:27:30 +0530,455949,25.1,19.6,42.48,28.61
2021-10-29 04:28:00 +0530,455950,22.0,19.5,42.52,28.6
2021-10-29 04:28:30 +0530,455951,18.9,16.3,42.65,28.58
2021-10-29 04:29:00 +0530,455952,18.0,16.4,42.71,28.54
2021-10-29 04:29:30 +0530,455953,20.5,15.7,42.78,28.53
2021-10-29 04:30:00 +0530,455954,24.4,20.1,42.71,28.54
2021-10-29 04:30:30 +0530,455955,22.3,19.8,42.71,28.56
2021-10-29 04:31:00 +0530,455956,26.9,16.6,42.78,28.55
2021-10-29 04:31:30 +0530,455957,24.6,20.4,42.68,28.56
2021-10-29 04:32:00 +0530,455958,24.1,20.1,42.68,28.57
2021-10-29 04:32:30 +0530,455959,20.9,15.9,42.74,28.56
2021-10-29 04:33:00 +0530,455960,22.1,19.7,42.81,28.57
2021-10-29 04:33:30 +0530,455961,25.2,19.9,42.81,28.59
2021-10-29 04:34:00 +0530,455962,24.5,20.1,42.74,28.6
2021-10-29 04:34:30 +0530,455963,24.2,20.6,42.74,28.62
2021-10-29 04:35:00 +0530,455964,24.5,19.9,42.58,28.62
2021-10-29 04:35:30 +0530,455965,22.4,19.7,42.65,28.6
2021-10-29 04:36:00 +0530,455966,25.4,19.2,42.74,28.6
2021-10-29 04:36:30 +0530,455967,22.4,15.0,42.88,28.57
2021-10-29 04:37:00 +0530,455968,24.3,20.1,42.88,28.58
2021-10-29 04:37:30 +0530,455969,27.3,20.7,42.88,28.59
2021-10-29 04:38:00 +0530,455970,23.0,19.4,42.85,28.59
2021-10-29 04:38:30 +0530,455971,29.9,27.0,42.81,28.58
2021-10-29 04:39:00 +0530,455972,18.4,16.6,42.95,28.56
2021-10-29 04:39:30 +0530,455973,16.9,15.1,42.95,28.53
2021-10-29 04:40:00 +0530,455974,24.1,19.8,43.02,28.52
2021-10-29 04:40:30 +0530,455975,22.2,19.4,43.02,28.5
2021-10-29 04:41:00 +0530,455976,22.7,20.3,43.05,28.49
2021-10-29 04:41:30 +0530,455977,22.3,19.6,43.05,28.48
2021-10-29 04:42:00 +0530,455978,26.4,20.1,43.08,28.47
2021-10-29 04:42:30 +0530,455979,16.7,14.9,43.19,28.45
2021-10-29 04:43:00 +0530,455980,22.4,20.1,43.1,28.44
2021-10-29 04:43:30 +0530,455981,24.6,20.3,43.16,28.43
2021-10-29 04:44:00 +0530,455982,27.9,20.7,43.26,28.41
2021-10-29 04:44:30 +0530,455983,26.3,20.2,43.26,28.4
2021-10-29 04:45:00 +0530,455984,26.0,21.6,43.29,28.41
2021-10-29 04:45:30 +0530,455985,25.2,20.2,43.29,28.42
2021-10-29 04:46:01 +0530,455986,23.1,19.5,43.29,28.43
2021-10-29 04:46:30 +0530,455987,23.5,19.3,43.29,28.45
2021-10-29 04:47:00 +0530,455988,22.3,19.8,43.25,28.47
2021-10-29 04:47:30 +0530,455989,23.2,19.9,43.29,28.48
2021-10-29 04:48:00 +0530,455990,25.4,20.3,43.25,28.49
2021-10-29 04:48:30 +0530,455991,27.5,20.7,43.19,28.52
2021-10-29 04:49:00 +0530,455992,26.2,20.7,43.22,28.53
2021-10-29 04:49:30 +0530,455993,29.1,20.4,43.22,28.54
2021-10-29 04:50:00 +0530,455994,22.6,19.4,43.02,28.57
2021-10-29 04:50:30 +0530,455995,26.1,20.9,42.98,28.58
2021-10-29 04:51:00 +0530,455996,26.5,20.7,42.98,28.59
2021-10-29 04:51:30 +0530,455997,26.5,20.9,43.05,28.61
2021-10-29 04:52:00 +0530,455998,38.4,22.3,43.05,28.62
2021-10-29 04:52:30 +0530,455999,36.6,20.1,43.19,28.6
2021-10-29 04:53:00 +0530,456000,26.6,21.1,42.95,28.62
2021-10-29 04:53:30 +0530,456001,29.0,21.9,42.97,28.67
2021-10-29 04:54:00 +0530,456002,24.2,21.1,43.0,28.68
2021-10-29 04:54:30 +0530,456003,29.8,21.6,42.94,28.69
2021-10-29 04:55:00 +0530,456004,26.7,20.8,42.87,28.68
2021-10-29 04:55:30 +0530,456005,23.9,21.4,42.95,28.62
2021-10-29 04:56:00 +0530,456006,27.8,21.3,43.02,28.6
2021-10-29 04:56:30 +0530,456007,27.2,21.3,43.08,28.59
2021-10-29 04:57:00 +0530,456008,26.3,20.1,43.12,28.59
2021-10-29 04:57:30 +0530,456009,24.6,21.7,43.12,28.61
2021-10-29 04:58:00 +0530,456010,23.9,21.4,43.08,28.61
2021-10-29 04:58:30 +0530,456011,26.7,20.3,43.02,28.61
2021-10-29 04:59:00 +0530,456012,21.2,17.4,43.19,28.58
2021-10-29 04:59:30 +0530,456013,23.9,20.3,43.19,28.57
2021-10-29 05:00:00 +0530,456014,23.8,20.7,43.22,28.56
2021-10-29 05:00:30 +0530,456015,23.7,19.8,43.25,28.56
2021-10-29 05:01:00 +0530,456016,22.8,20.2,43.32,28.55
2021-10-29 05:01:30 +0530,456017,21.6,19.3,43.35,28.55
2021-10-29 05:02:00 +0530,456018,27.4,20.9,43.32,28.54
2021-10-29 05:02:30 +0530,456019,26.0,16.8,43.45,28.5
2021-10-29 05:03:00 +0530,456020,23.9,20.4,43.42,28.52
2021-10-29 05:03:30 +0530,456021,23.2,20.8,43.45,28.52
2021-10-29 05:04:00 +0530,456022,22.8,20.3,43.42,28.52
2021-10-29 05:04:30 +0530,456023,24.2,20.6,43.39,28.49
2021-10-29 05:05:00 +0530,456024,24.3,21.8,43.42,28.48
2021-10-29 05:05:30 +0530,456025,27.2,21.4,43.45,28.47
2021-10-29 05:06:00 +0530,456026,28.8,21.9,43.51,28.47
2021-10-29 05:06:30 +0530,456027,26.7,20.7,43.45,28.46
2021-10-29 05:07:00 +0530,456028,31.7,21.7,43.45,28.45
2021-10-29 05:07:30 +0530,456029,23.6,20.3,43.46,28.44
2021-10-29 05:08:00 +0530,456030,27.3,20.9,43.53,28.41
2021-10-29 05:08:30 +0530,456031,28.3,20.9,43.63,28.39
2021-10-29 05:09:00 +0530,456032,23.1,18.8,43.83,28.34
2021-10-29 05:09:30 +0530,456033,22.7,18.7,43.83,28.34
2021-10-29 05:10:00 +0530,456034,50.7,17.9,44.11,28.13
2021-10-29 05:10:30 +0530,456035,26.4,18.6,44.28,28.15
2021-10-29 05:11:00 +0530,456036,26.6,21.7,44.21,28.19
2021-10-29 05:11:30 +0530,456037,26.6,21.7,44.04,28.24
2021-10-29 05:12:00 +0530,456038,24.3,20.3,44.04,28.27
2021-10-29 05:12:30 +0530,456039,29.6,22.2,44.01,28.28
2021-10-29 05:13:00 +0530,456040,29.3,21.8,43.97,28.29
2021-10-29 05:13:30 +0530,456041,28.9,21.5,43.93,28.31
2021-10-29 05:14:00 +0530,456042,27.6,21.2,43.9,28.3
2021-10-29 05:14:30 +0530,456043,26.7,20.8,43.9,28.31
2021-10-29 05:15:00 +0530,456044,27.8,21.8,43.9,28.32
2021-10-29 05:15:30 +0530,456045,30.0,21.8,43.87,28.32
2021-10-29 05:16:00 +0530,456046,29.0,21.4,43.87,28.3
2021-10-29 05:16:30 +0530,456047,27.6,21.7,43.93,28.28
2021-10-29 05:17:00 +0530,456048,26.3,21.8,43.97,28.28
2021-10-29 05:17:30 +0530,456049,25.8,22.0,44.01,28.27
2021-10-29 05:18:00 +0530,456050,31.1,22.1,44.01,28.25
2021-10-29 05:18:30 +0530,456051,23.1,18.9,44.21,28.21
2021-10-29 05:19:00 +0530,456052,34.1,24.0,44.31,28.19
2021-10-29 05:19:30 +0530,456053,27.9,22.6,44.24,28.2
2021-10-29 05:20:00 +0530,456054,35.2,23.6,44.24,28.2
2021-10-29 05:20:30 +0530,456055,31.0,22.9,44.28,28.21
2021-10-29 05:21:00 +0530,456056,23.1,20.9,44.34,28.19
2021-10-29 05:21:30 +0530,456057,29.3,22.4,44.21,28.19
2021-10-29 05:22:00 +0530,456058,29.6,22.7,44.21,28.21
2021-10-29 05:22:30 +0530,456059,27.8,22.1,44.21,28.21
2021-10-29 05:23:00 +0530,456060,32.1,22.4,44.28,28.19
2021-10-29 05:23:30 +0530,456061,31.8,22.4,44.31,28.18
2021-10-29 05:24:00 +0530,456062,27.9,22.3,44.31,28.18
2021-10-29 05:24:30 +0530,456063,30.7,23.1,44.24,28.16
2021-10-29 05:25:00 +0530,456064,31.9,22.9,44.28,28.15
2021-10-29 05:25:30 +0530,456065,26.4,19.7,44.59,27.99
2021-10-29 05:26:00 +0530,456066,30.2,22.3,44.62,27.98
2021-10-29 05:26:30 +0530,456067,28.8,22.2,44.59,27.99
2021-10-29 05:27:00 +0530,456068,26.7,22.1,44.62,28.0
2021-10-29 05:27:30 +0530,456069,28.9,22.3,44.59,28.0
2021-10-29 05:28:00 +0530,456070,29.9,21.8,44.62,27.99
2021-10-29 05:28:30 +0530,456071,29.9,21.8,44.62,27.99
2021-10-29 05:29:00 +0530,456072,19.6,15.8,44.96,27.8
2021-10-29 05:29:30 +0530,456073,29.2,22.7,45.06,27.85
2021-10-29 05:30:00 +0530,456074,26.6,21.8,44.96,27.89
2021-10-29 05:30:30 +0530,456075,30.6,22.4,44.87,27.91
2021-10-29 05:31:00 +0530,456076,27.0,21.6,44.87,27.9
2021-10-29 05:31:30 +0530,456077,30.9,19.2,44.93,27.88
2021-10-29 05:32:00 +0530,456078,28.7,23.5,44.93,27.9
2021-10-29 05:32:30 +0530,456079,26.5,22.7,44.9,27.93
2021-10-29 05:33:00 +0530,456080,27.1,23.1,44.83,27.94
2021-10-29 05:33:30 +0530,456081,30.2,23.4,44.9,27.95
2021-10-29 05:34:00 +0530,456082,30.3,23.8,44.99,27.96
2021-10-29 05:34:30 +0530,456083,30.6,22.2,44.86,27.97
2021-10-29 05:35:00 +0530,456084,31.0,19.4,44.93,27.95
2021-10-29 05:35:30 +0530,456085,31.7,24.0,44.9,27.96
2021-10-29 05:36:00 +0530,456086,34.0,23.7,44.89,27.96
2021-10-29 05:36:30 +0530,456087,26.2,22.3,44.89,27.97
2021-10-29 05:37:00 +0530,456088,28.0,23.6,44.89,27.98
2021-10-29 05:37:30 +0530,456089,26.8,22.6,44.82,27.98
2021-10-29 05:38:00 +0530,456090,38.5,23.4,44.86,27.98
2021-10-29 05:38:30 +0530,456091,36.1,27.2,44.82,27.98
2021-10-29 05:39:00 +0530,456092,50.8,24.4,45.03,27.97
2021-10-29 05:39:30 +0530,456093,42.3,25.4,45.03,27.97
2021-10-29 05:40:00 +0530,456094,32.7,23.3,44.96,27.98
2021-10-29 05:40:30 +0530,456095,31.4,22.9,44.82,28.0
2021-10-29 05:41:00 +0530,456096,27.9,22.9,44.79,27.99
2021-10-29 05:41:30 +0530,456097,33.2,23.1,44.86,27.99
2021-10-29 05:42:00 +0530,456098,32.6,22.7,44.86,27.99
2021-10-29 05:42:30 +0530,456099,28.3,22.9,44.86,27.98
2021-10-29 05:43:00 +0530,456100,26.6,22.8,44.89,27.97
2021-10-29 05:43:30 +0530,456101,34.4,23.9,44.93,27.95
2021-10-29 05:44:00 +0530,456102,34.0,24.6,45.06,27.94
2021-10-29 05:44:30 +0530,456103,33.7,24.3,45.06,27.94
2021-10-29 05:45:00 +0530,456104,35.3,25.1,45.06,27.94
2021-10-29 05:45:30 +0530,456105,28.8,23.9,45.03,27.94
2021-10-29 05:46:00 +0530,456106,33.9,24.1,45.06,27.91
2021-10-29 05:46:30 +0530,456107,36.7,23.9,45.13,27.89
2021-10-29 05:47:00 +0530,456108,41.8,24.7,45.13,27.88
2021-10-29 05:47:30 +0530,456109,35.4,23.7,45.16,27.86
2021-10-29 05:48:00 +0530,456110,33.5,23.6,45.16,27.84
2021-10-29 05:48:30 +0530,456111,37.0,23.6,45.3,27.82
2021-10-29 05:49:00 +0530,456112,37.3,24.3,45.37,27.81
2021-10-29 05:49:30 +0530,456113,46.3,24.8,45.37,27.81
2021-10-29 05:50:00 +0530,456114,30.2,23.6,45.43,27.81
2021-10-29 05:50:30 +0530,456115,39.6,21.4,45.5,27.8
2021-10-29 05:51:00 +0530,456116,38.6,24.3,45.43,27.81
2021-10-29 05:51:30 +0530,456117,45.0,25.1,45.47,27.82
2021-10-29 05:52:00 +0530,456118,44.0,24.8,45.37,27.83
2021-10-29 05:52:30 +0530,456119,27.6,22.9,45.33,27.85
2021-10-29 05:53:00 +0530,456120,32.7,23.1,45.33,27.85
2021-10-29 05:53:30 +0530,456121,34.1,24.0,45.33,27.85
2021-10-29 05:54:00 +0530,456122,47.5,25.8,45.37,27.85
2021-10-29 05:54:30 +0530,456123,47.3,26.4,45.43,27.84
2021-10-29 05:55:00 +0530,456124,63.7,27.9,45.43,27.84
2021-10-29 05:55:30 +0530,456125,38.0,23.2,45.43,27.84
2021-10-29 05:56:00 +0530,456126,37.4,23.8,45.4,27.83
2021-10-29 05:56:30 +0530,456127,34.3,23.4,45.37,27.83
2021-10-29 05:57:00 +0530,456128,32.1,24.2,45.43,27.8
2021-10-29 05:57:30 +0530,456129,39.4,19.6,45.6,27.76
2021-10-29 05:58:00 +0530,456130,35.6,24.8,45.61,27.76
2021-10-29 05:58:30 +0530,456131,33.3,24.3,45.64,27.76
2021-10-29 05:59:00 +0530,456132,28.6,23.6,45.57,27.76
2021-10-29 05:59:30 +0530,456133,38.7,25.9,45.6,27.78
2021-10-29 06:00:00 +0530,456134,38.9,25.2,45.64,27.76
2021-10-29 06:00:30 +0530,456135,41.0,25.4,45.7,27.78
2021-10-29 06:01:00 +0530,456136,48.7,24.7,45.67,27.76
2021-10-29 06:01:30 +0530,456137,33.6,24.4,45.64,27.78
2021-10-29 06:02:00 +0530,456138,37.9,25.4,45.64,27.78
2021-10-29 06:02:30 +0530,456139,84.2,30.2,45.7,27.78
2021-10-29 06:03:00 +0530,456140,96.6,31.9,45.8,27.79
2021-10-29 06:03:30 +0530,456141,36.0,23.8,45.64,27.79
2021-10-29 06:04:00 +0530,456142,58.4,27.0,45.7,27.76
2021-10-29 06:04:30 +0530,456143,58.6,27.0,45.81,27.74
2021-10-29 06:05:00 +0530,456144,32.6,24.1,45.81,27.73
2021-10-29 06:05:30 +0530,456145,43.2,25.5,45.88,27.73
2021-10-29 06:06:00 +0530,456146,41.3,26.3,45.84,27.72
2021-10-29 06:06:30 +0530,456147,29.2,17.7,45.98,27.69
2021-10-29 06:07:00 +0530,456148,34.5,24.6,46.01,27.67
2021-10-29 06:07:30 +0530,456149,38.4,25.3,46.01,27.68
2021-10-29 06:08:00 +0530,456150,37.8,25.9,46.04,27.67
2021-10-29 06:08:30 +0530,456151,36.7,25.4,46.01,27.67
2021-10-29 06:09:00 +0530,456152,37.3,24.6,46.08,27.66
2021-10-29 06:09:30 +0530,456153,35.5,25.1,46.11,27.64
2021-10-29 06:10:00 +0530,456154,36.6,25.0,46.18,27.63
2021-10-29 06:10:30 +0530,456155,30.1,24.4,46.21,27.61
2021-10-29 06:11:00 +0530,456156,30.0,20.1,46.28,27.58
2021-10-29 06:11:30 +0530,456157,33.9,24.9,46.38,27.57
2021-10-29 06:12:00 +0530,456158,25.7,21.3,46.48,27.54
2021-10-29 06:12:30 +0530,456159,42.4,22.4,46.55,27.52
2021-10-29 06:13:00 +0530,456160,31.8,25.9,46.52,27.52
2021-10-29 06:13:30 +0530,456161,59.4,26.6,46.62,27.51
2021-10-29 06:14:00 +0530,456162,44.3,27.7,46.62,27.52
2021-10-29 06:14:30 +0530,456163,49.3,26.7,46.59,27.54
2021-10-29 06:15:00 +0530,456164,41.0,23.2,46.65,27.54
2021-10-29 06:15:30 +0530,456165,39.0,26.4,46.52,27.56
2021-10-29 06:16:00 +0530,456166,35.7,25.4,46.48,27.57
2021-10-29 06:16:30 +0530,456167,32.8,25.4,46.52,27.58
2021-10-29 06:17:00 +0530,456168,34.0,25.3,46.52,27.58
2021-10-29 06:17:30 +0530,456169,35.0,24.9,46.52,27.58
2021-10-29 06:18:00 +0530,456170,40.4,20.6,46.65,27.55
2021-10-29 06:18:30 +0530,456171,27.8,20.2,46.72,27.52
2021-10-29 06:19:00 +0530,456172,32.7,24.7,46.69,27.53
2021-10-29 06:19:30 +0530,456173,37.0,25.6,46.72,27.53
2021-10-29 06:20:00 +0530,456174,41.9,26.2,46.72,27.54
2021-10-29 06:20:30 +0530,456175,42.2,26.6,46.69,27.55
2021-10-29 06:21:00 +0530,456176,36.5,26.8,46.69,27.55
2021-10-29 06:21:30 +0530,456177,40.8,27.1,46.69,27.56
2021-10-29 06:22:00 +0530,456178,38.7,26.3,46.65,27.57
2021-10-29 06:22:30 +0530,456179,42.2,26.4,46.65,27.57
2021-10-29 06:23:00 +0530,456180,28.0,21.6,46.69,27.54
2021-10-29 06:23:30 +0530,456181,39.3,26.4,46.69,27.56
2021-10-29 06:24:00 +0530,456182,42.7,27.6,46.69,27.58
2021-10-29 06:24:30 +0530,456183,49.2,28.4,46.65,27.59
2021-10-29 06:25:00 +0530,456184,54.8,29.5,46.72,27.6
2021-10-29 06:25:30 +0530,456185,45.3,27.1,46.65,27.61
2021-10-29 06:26:00 +0530,456186,63.5,29.5,46.64,27.63
2021-10-29 06:26:30 +0530,456187,60.9,30.9,46.68,27.65
2021-10-29 06:27:00 +0530,456188,50.4,27.7,46.61,27.67
2021-10-29 06:27:30 +0530,456189,45.6,26.8,46.61,27.67
2021-10-29 06:28:00 +0530,456190,41.2,23.8,46.86,27.57
2021-10-29 06:28:30 +0530,456191,49.5,29.8,46.79,27.59
2021-10-29 06:29:00 +0530,456192,48.5,29.3,46.72,27.6
2021-10-29 06:29:30 +0530,456193,44.7,22.7,47.19,27.45
2021-10-29 06:30:00 +0530,456194,38.7,27.7,47.05,27.5
2021-10-29 06:30:30 +0530,456195,36.4,27.6,46.92,27.54
2021-10-29 06:31:00 +0530,456196,44.5,26.8,46.92,27.56
2021-10-29 06:31:30 +0530,456197,55.7,29.6,46.96,27.58
2021-10-29 06:32:00 +0530,456198,53.6,26.8,46.96,27.55
2021-10-29 06:32:30 +0530,456199,45.6,28.1,46.96,27.6
2021-10-29 06:33:00 +0530,456200,69.5,31.2,46.91,27.61
2021-10-29 06:33:30 +0530,456201,48.2,28.4,46.88,27.65
2021-10-29 06:34:00 +0530,456202,53.6,29.0,46.84,27.67
2021-10-29 06:34:30 +0530,456203,41.7,28.7,46.74,27.7
2021-10-29 06:35:00 +0530,456204,45.9,28.9,46.71,27.7
2021-10-29 06:35:30 +0530,456205,66.0,30.8,46.84,27.72
2021-10-29 06:36:00 +0530,456207,48.4,28.7,46.74,27.73
2021-10-29 06:36:30 +0530,456208,59.9,28.1,46.74,27.75
2021-10-29 06:37:00 +0530,456209,44.2,25.9,46.64,27.78
2021-10-29 06:37:30 +0530,456206,45.8,29.4,46.64,27.79
2021-10-29 06:38:00 +0530,456210,53.9,41.3,46.57,27.82
2021-10-29 06:38:30 +0530,456211,46.4,34.3,46.51,27.84
2021-10-29 06:39:00 +0530,456212,40.8,29.3,46.47,27.83
2021-10-29 06:39:30 +0530,456213,40.0,29.4,46.47,27.83
2021-10-29 06:40:00 +0530,456214,36.4,29.3,46.51,27.84
2021-10-29 06:40:30 +0530,456215,33.8,28.4,46.44,27.83
2021-10-29 06:41:00 +0530,456216,34.5,25.7,46.6,27.8
2021-10-29 06:41:30 +0530,456217,37.4,28.8,46.6,27.78
2021-10-29 06:42:00 +0530,456218,72.5,30.2,46.74,27.73
2021-10-29 06:42:30 +0530,456219,53.2,34.2,46.74,27.71
2021-10-29 06:43:00 +0530,456220,38.8,27.3,46.95,27.66
2021-10-29 06:43:30 +0530,456221,48.2,31.6,46.98,27.65
2021-10-29 06:44:00 +0530,456222,67.2,35.1,47.08,27.63
2021-10-29 06:44:30 +0530,456223,66.4,32.1,47.12,27.64
2021-10-29 06:45:00 +0530,456224,96.6,36.3,47.12,27.63
2021-10-29 06:45:30 +0530,456225,66.7,33.2,47.12,27.65
2021-10-29 06:46:00 +0530,456226,70.1,32.2,47.12,27.67
2021-10-29 06:46:30 +0530,456227,103.5,37.6,47.12,27.7
2021-10-29 06:47:00 +0530,456228,80.6,32.8,47.02,27.73
2021-10-29 06:47:30 +0530,456229,56.9,27.6,46.95,27.71
2021-10-29 06:48:00 +0530,456230,56.5,30.6,46.91,27.75
2021-10-29 06:48:30 +0530,456231,63.4,31.9,46.93,27.78
2021-10-29 06:49:00 +0530,456232,47.4,29.4,46.9,27.8
2021-10-29 06:49:30 +0530,456233,44.3,30.1,46.87,27.82
2021-10-29 06:50:00 +0530,456234,47.1,29.8,46.9,27.83
2021-10-29 06:50:30 +0530,456235,46.0,30.6,46.87,27.84
2021-10-29 06:51:00 +0530,456236,53.5,30.8,46.87,27.85
2021-10-29 06:51:30 +0530,456237,76.2,34.1,46.9,27.85
2021-10-29 06:52:00 +0530,456238,60.7,31.6,46.87,27.87
2021-10-29 06:52:30 +0530,456239,57.0,31.8,46.97,27.89
2021-10-29 06:53:00 +0530,456240,66.0,32.8,46.9,27.9
2021-10-29 06:53:30 +0530,456241,40.6,25.4,46.97,27.9
2021-10-29 06:54:00 +0530,456242,44.5,28.8,46.9,27.91
2021-10-29 06:54:30 +0530,456243,37.9,28.1,46.77,27.93
2021-10-29 06:55:00 +0530,456244,36.4,28.4,46.9,27.91
2021-10-29 06:55:30 +0530,456245,38.4,27.8,46.97,27.89
2021-10-29 06:56:00 +0530,456246,32.1,22.6,47.14,27.85
2021-10-29 06:56:30 +0530,456247,27.7,20.6,47.14,27.81
2021-10-29 06:57:00 +0530,456248,37.2,27.9,47.17,27.81
2021-10-29 06:57:30 +0530,456249,43.2,28.1,47.21,27.82
2021-10-29 06:58:00 +0530,456250,37.8,27.8,47.21,27.83
2021-10-29 06:58:30 +0530,456251,33.8,26.9,47.21,27.82
2021-10-29 06:59:00 +0530,456252,35.4,27.6,47.27,27.82
2021-10-29 06:59:30 +0530,456253,40.5,27.7,47.27,27.83
2021-10-29 07:00:00 +0530,456254,38.1,27.3,47.24,27.84
2021-10-29 07:00:30 +0530,456255,39.2,28.0,47.24,27.87
2021-10-29 07:01:00 +0530,456256,43.1,29.1,47.17,27.9
2021-10-29 07:01:30 +0530,456257,65.8,31.4,47.27,27.94
2021-10-29 07:02:00 +0530,456258,47.5,28.6,47.11,27.96
2021-10-29 07:02:30 +0530,456259,36.2,27.0,47.03,27.98
2021-10-29 07:03:00 +0530,456260,37.7,27.8,47.06,27.98
2021-10-29 07:03:30 +0530,456261,36.5,28.2,47.03,28.0
2021-10-29 07:04:00 +0530,456262,44.0,27.9,47.09,27.99
2021-10-29 07:04:30 +0530,456263,40.6,28.9,47.06,28.01
2021-10-29 07:05:00 +0530,456264,56.9,30.9,47.09,28.03
2021-10-29 07:05:30 +0530,456265,36.8,27.9,47.03,28.04
2021-10-29 07:06:00 +0530,456266,48.6,30.3,46.99,28.06
2021-10-29 07:06:30 +0530,456267,50.8,30.3,46.96,28.08
2021-10-29 07:07:00 +0530,456268,44.5,28.7,46.93,28.09
2021-10-29 07:07:30 +0530,456269,40.6,28.1,46.92,28.11
2021-10-29 07:08:00 +0530,456270,41.9,29.6,46.92,28.15
2021-10-29 07:08:30 +0530,456271,36.0,27.8,46.72,28.17
2021-10-29 07:09:00 +0530,456272,42.7,29.9,46.72,28.19
2021-10-29 07:09:30 +0530,456273,45.0,26.2,46.82,28.18
2021-10-29 07:10:00 +0530,456274,45.6,30.7,46.78,28.2
2021-10-29 07:10:30 +0530,456275,49.5,30.1,46.82,28.24
2021-10-29 07:11:00 +0530,456276,53.2,30.8,46.92,28.28
2021-10-29 07:11:30 +0530,456277,35.9,24.6,46.75,28.28
2021-10-29 07:12:00 +0530,456278,82.8,35.2,46.84,28.32
2021-10-29 07:12:30 +0530,456279,38.2,25.5,46.77,28.32
2021-10-29 07:13:00 +0530,456280,52.1,30.0,46.71,28.38
2021-10-29 07:13:30 +0530,456281,48.6,29.0,46.51,28.43
2021-10-29 07:14:00 +0530,456282,39.3,29.4,46.3,28.47
2021-10-29 07:14:30 +0530,456283,39.5,28.5,46.2,28.52
2021-10-29 07:15:00 +0530,456284,37.5,24.7,46.26,28.53
2021-10-29 07:15:30 +0530,456285,38.8,29.1,46.16,28.56
2021-10-29 07:16:00 +0530,456286,39.0,28.8,46.13,28.6
2021-10-29 07:16:30 +0530,456287,47.3,25.8,46.09,28.61
2021-10-29 07:17:00 +0530,456288,40.0,28.6,45.96,28.65
2021-10-29 07:17:30 +0530,456289,35.9,25.8,45.96,28.64
2021-10-29 07:18:00 +0530,456290,42.5,24.7,45.96,28.6
2021-10-29 07:18:30 +0530,456291,105.9,33.8,46.13,28.59
2021-10-29 07:19:00 +0530,456292,57.1,32.2,46.06,28.6
2021-10-29 07:19:30 +0530,456293,38.8,27.5,45.9,28.62
2021-10-29 07:20:00 +0530,456294,34.1,23.9,45.96,28.61
2021-10-29 07:20:30 +0530,456295,37.1,28.1,45.9,28.64
2021-10-29 07:21:00 +0530,456296,27.1,24.2,45.99,28.62
2021-10-29 07:21:30 +0530,456297,40.6,28.8,45.99,28.64
2021-10-29 07:22:00 +0530,456298,39.7,28.7,45.96,28.68
2021-10-29 07:22:30 +0530,456299,42.9,29.2,45.96,28.69
2021-10-29 07:23:00 +0530,456300,48.5,30.2,46.02,28.7
2021-10-29 07:23:30 +0530,456301,50.6,30.6,45.89,28.72
2021-10-29 07:24:00 +0530,456302,39.8,28.5,45.82,28.74
2021-10-29 07:24:30 +0530,456303,44.2,30.4,45.79,28.75
2021-10-29 07:25:00 +0530,456304,49.1,30.4,45.79,28.76
2021-10-29 07:25:30 +0530,456305,48.9,31.7,45.75,28.79
2021-10-29 07:26:00 +0530,456306,54.1,29.9,45.74,28.83
2021-10-29 07:26:30 +0530,456307,42.6,29.4,45.77,28.85
2021-10-29 07:27:00 +0530,456308,44.7,29.2,45.57,28.89
2021-10-29 07:27:30 +0530,456309,44.9,30.0,45.54,28.94
2021-10-29 07:28:00 +0530,456310,44.2,29.2,45.51,28.98
2021-10-29 07:28:30 +0530,456311,45.8,28.7,45.46,29.01
2021-10-29 07:29:00 +0530,456312,49.6,31.1,45.43,29.05
2021-10-29 07:29:30 +0530,456313,60.5,32.3,45.5,29.08
2021-10-29 07:30:00 +0530,456314,61.9,32.5,45.5,29.08
2021-10-29 07:30:30 +0530,456315,39.1,26.4,45.6,29.02
2021-10-29 07:31:00 +0530,456316,49.7,30.4,45.46,29.06
2021-10-29 07:31:30 +0530,456317,53.9,30.7,45.46,29.07
2021-10-29 07:32:00 +0530,456318,63.8,28.3,45.77,28.95
2021-10-29 07:32:30 +0530,456319,67.6,33.7,45.6,29.04
2021-10-29 07:33:00 +0530,456320,45.3,29.4,45.29,29.11
2021-10-29 07:33:30 +0530,456321,38.9,28.3,45.13,29.14
2021-10-29 07:34:00 +0530,456322,38.2,28.1,45.12,29.15
2021-10-29 07:34:30 +0530,456323,37.5,27.9,45.09,29.13
2021-10-29 07:35:00 +0530,456324,44.2,28.4,45.09,29.11
2021-10-29 07:35:30 +0530,456325,39.9,28.8,45.16,29.11
2021-10-29 07:36:00 +0530,456326,35.1,27.4,45.09,29.09
2021-10-29 07:36:30 +0530,456327,38.9,27.8,45.29,29.09
2021-10-29 07:37:00 +0530,456328,37.8,27.1,45.19,29.11
2021-10-29 07:37:30 +0530,456329,41.6,29.7,45.23,29.11
2021-10-29 07:38:00 +0530,456330,44.1,29.2,45.33,29.09
2021-10-29 07:38:30 +0530,456331,45.8,32.7,45.33,29.11
2021-10-29 07:39:00 +0530,456332,39.4,29.7,45.4,29.09
2021-10-29 07:39:30 +0530,456333,46.3,28.6,45.33,29.09
2021-10-29 07:40:00 +0530,456334,37.9,28.2,45.43,29.07
2021-10-29 07:40:30 +0530,456335,42.1,28.6,45.53,29.06
2021-10-29 07:41:00 +0530,456336,49.1,27.7,45.7,29.04
2021-10-29 07:41:30 +0530,456337,47.0,29.0,45.63,29.05
2021-10-29 07:42:00 +0530,456338,39.8,25.1,45.67,29.06
2021-10-29 07:42:30 +0530,456339,54.0,30.7,45.6,29.12
2021-10-29 07:43:00 +0530,456340,51.1,30.9,45.45,29.17
2021-10-29 07:43:30 +0530,456341,40.3,29.5,45.25,29.21
2021-10-29 07:44:00 +0530,456342,46.1,29.9,45.12,29.28
2021-10-29 07:44:30 +0530,456343,46.1,29.9,45.12,29.28
2021-10-29 07:45:00 +0530,456344,63.8,29.7,45.32,29.27
2021-10-29 07:45:30 +0530,456345,73.5,34.6,45.32,29.32
2021-10-29 07:46:00 +0530,456346,44.7,29.4,44.84,29.39
2021-10-29 07:46:30 +0530,456347,50.7,26.6,44.84,29.42
2021-10-29 07:47:00 +0530,456348,56.6,31.1,44.73,29.48
2021-10-29 07:47:30 +0530,456349,48.8,30.9,44.69,29.54
2021-10-29 07:48:00 +0530,456350,49.8,25.3,44.59,29.57
2021-10-29 07:48:30 +0530,456351,45.5,29.3,44.49,29.62
2021-10-29 07:49:00 +0530,456352,60.2,32.6,44.49,29.67
2021-10-29 07:49:30 +0530,456353,35.6,27.6,44.28,29.72
2021-10-29 07:50:00 +0530,456354,46.2,29.7,44.18,29.76
2021-10-29 07:50:30 +0530,456355,47.8,30.9,44.08,29.78
2021-10-29 07:51:00 +0530,456356,34.2,25.8,44.08,29.76
2021-10-29 07:51:30 +0530,456357,43.2,29.9,44.04,29.8
2021-10-29 07:52:00 +0530,456358,34.6,23.1,44.01,29.81
2021-10-29 07:52:30 +0530,456359,36.6,27.9,43.84,29.86
2021-10-29 07:53:00 +0530,456360,43.0,30.3,43.93,29.89
2021-10-29 07:53:30 +0530,456361,51.0,30.3,43.9,29.91
2021-10-29 07:54:00 +0530,456362,50.4,29.9,43.9,29.93
2021-10-29 07:54:30 +0530,456363,47.9,28.8,44.3,29.82
2021-10-29 07:55:00 +0530,456364,42.2,30.8,44.13,29.88
2021-10-29 07:55:30 +0530,456365,40.9,28.4,44.0,29.95
2021-10-29 07:56:00 +0530,456366,42.1,28.8,43.8,30.02
2021-10-29 07:56:30 +0530,456367,53.1,29.8,43.79,30.07
2021-10-29 07:57:00 +0530,456368,53.1,29.8,43.79,30.07
2021-10-29 07:57:30 +0530,456369,29.8,24.6,44.06,29.97
2021-10-29 07:58:00 +0530,456370,35.0,27.6,43.65,30.06
2021-10-29 07:58:30 +0530,456371,40.4,27.9,43.55,30.11
2021-10-29 07:59:00 +0530,456372,38.5,27.3,43.48,30.15
2021-10-29 07:59:30 +0530,456373,46.5,22.8,43.55,30.11
2021-10-29 08:00:00 +0530,456374,47.8,29.1,43.58,30.13
2021-10-29 08:00:30 +0530,456375,41.3,28.3,43.64,30.17
2021-10-29 08:01:00 +0530,456376,39.3,23.6,43.71,30.18
2021-10-29 08:01:30 +0530,456377,46.5,28.7,43.67,30.22
2021-10-29 08:02:00 +0530,456378,42.4,28.8,43.58,30.28
2021-10-29 08:02:30 +0530,456379,42.4,29.1,43.51,30.3
2021-10-29 08:03:00 +0530,456380,61.0,28.4,43.84,30.22
2021-10-29 08:03:30 +0530,456381,46.0,29.6,43.61,30.31
2021-10-29 08:04:00 +0530,456382,45.8,28.4,43.43,30.37
2021-10-29 08:04:30 +0530,456383,36.0,27.6,43.22,30.41
2021-10-29 08:05:00 +0530,456384,42.9,27.6,43.19,30.4
2021-10-29 08:05:30 +0530,456385,37.3,26.7,43.26,30.39
2021-10-29 08:06:00 +0530,456386,32.1,26.2,43.26,30.36
2021-10-29 08:06:30 +0530,456387,40.6,28.2,43.29,30.36
2021-10-29 08:07:00 +0530,456388,38.2,26.7,43.3,30.35
2021-10-29 08:07:30 +0530,456389,33.6,26.3,43.34,30.34
2021-10-29 08:08:00 +0530,456390,40.6,27.6,43.44,30.32
2021-10-29 08:08:30 +0530,456391,39.1,26.2,43.51,30.33
2021-10-29 08:09:00 +0530,456392,36.8,27.0,43.51,30.34
2021-10-29 08:09:30 +0530,456393,36.7,27.2,43.51,30.34
2021-10-29 08:10:00 +0530,456394,34.7,24.5,43.71,30.3
2021-10-29 08:10:30 +0530,456395,43.0,28.4,43.61,30.35
2021-10-29 08:11:00 +0530,456396,40.5,28.2,43.56,30.4
2021-10-29 08:11:30 +0530,456397,41.4,27.9,43.46,30.46
2021-10-29 08:12:00 +0530,456398,39.0,26.8,43.36,30.5
2021-10-29 08:12:30 +0530,456399,40.4,24.7,43.46,30.49
2021-10-29 08:13:00 +0530,456400,42.3,28.4,43.48,30.53
2021-10-29 08:13:30 +0530,456401,38.5,27.7,43.35,30.56
2021-10-29 08:14:00 +0530,456402,42.6,27.4,43.35,30.57
2021-10-29 08:14:30 +0530,456403,44.4,28.9,43.39,30.6
2021-10-29 08:15:00 +0530,456404,42.8,28.7,43.32,30.64
2021-10-29 08:15:30 +0530,456405,38.4,27.4,43.08,30.67
2021-10-29 08:16:00 +0530,456406,38.8,26.9,43.03,30.72
2021-10-29 08:16:30 +0530,456407,38.8,26.9,43.03,30.72
2021-10-29 08:17:00 +0530,456408,37.6,25.0,43.51,30.6
2021-10-29 08:17:30 +0530,456409,45.2,28.8,43.35,30.65
2021-10-29 08:18:00 +0530,456410,35.3,27.2,43.17,30.72
2021-10-29 08:18:30 +0530,456411,41.9,27.7,43.1,30.78
2021-10-29 08:19:00 +0530,456412,34.6,26.8,42.97,30.83
2021-10-29 08:19:30 +0530,456413,41.0,28.7,42.89,30.9
2021-10-29 08:20:00 +0530,456414,41.5,26.6,42.75,30.97
2021-10-29 08:20:30 +0530,456415,36.2,26.3,42.68,31.02
2021-10-29 08:21:00 +0530,456416,32.5,22.6,42.65,31.04
2021-10-29 08:21:30 +0530,456417,36.0,22.6,42.51,31.07
2021-10-29 08:22:00 +0530,456418,35.0,26.8,42.37,31.09
2021-10-29 08:22:30 +0530,456419,35.7,26.6,42.47,31.07
2021-10-29 08:23:00 +0530,456420,34.5,26.3,42.58,31.06
2021-10-29 08:23:30 +0530,456421,36.3,27.7,42.65,31.04
2021-10-29 08:24:00 +0530,456422,40.0,27.5,42.68,31.04
2021-10-29 08:24:30 +0530,456423,38.1,28.6,42.68,31.09
2021-10-29 08:25:00 +0530,456424,52.8,28.6,42.68,31.13
2021-10-29 08:25:30 +0530,456425,50.6,29.2,42.68,31.16
2021-10-29 08:26:00 +0530,456426,42.9,27.2,42.52,31.22
2021-10-29 08:26:30 +0530,456427,38.9,28.7,42.45,31.24
2021-10-29 08:27:00 +0530,456428,36.5,27.4,42.36,31.23
2021-10-29 08:27:30 +0530,456429,36.5,27.7,42.39,31.2
2021-10-29 08:28:00 +0530,456430,43.2,28.7,42.47,31.19
2021-10-29 08:28:30 +0530,456431,36.1,28.1,42.54,31.18
2021-10-29 08:29:00 +0530,456432,34.6,27.7,42.44,31.18
2021-10-29 08:29:30 +0530,456433,36.5,27.6,42.37,31.2
2021-10-29 08:30:00 +0530,456434,29.4,26.2,42.32,31.21
2021-10-29 08:30:30 +0530,456435,41.1,26.8,42.29,31.22
2021-10-29 08:31:00 +0530,456436,41.7,28.5,42.36,31.22
2021-10-29 08:31:30 +0530,456437,47.2,28.3,42.36,31.25
2021-10-29 08:32:00 +0530,456438,39.7,27.3,42.29,31.29
2021-10-29 08:32:30 +0530,456439,43.6,28.9,42.19,31.35
2021-10-29 08:33:00 +0530,456440,43.9,27.9,42.14,31.4
2021-10-29 08:33:30 +0530,456441,36.0,23.7,42.12,31.4
2021-10-29 08:34:01 +0530,456442,40.1,27.9,42.07,31.48
2021-10-29 08:34:30 +0530,456443,42.5,28.4,42.0,31.55
2021-10-29 08:35:00 +0530,456444,39.4,28.4,41.83,31.64
2021-10-29 08:35:30 +0530,456445,37.8,28.1,41.76,31.7
2021-10-29 08:36:00 +0530,456446,41.1,28.6,41.65,31.76
2021-10-29 08:36:30 +0530,456447,29.7,23.8,41.51,31.82
2021-10-29 08:37:00 +0530,456448,32.5,23.8,41.44,31.84
2021-10-29 08:37:30 +0530,456449,32.6,26.4,41.27,31.88
2021-10-29 08:38:00 +0530,456450,33.4,26.3,41.24,31.88
2021-10-29 08:38:30 +0530,456451,33.9,26.8,41.23,31.88
2021-10-29 08:39:00 +0530,456452,28.8,24.1,41.48,31.8
2021-10-29 08:39:30 +0530,456453,42.2,29.6,41.41,31.84
2021-10-29 08:40:00 +0530,456454,30.1,26.8,41.2,31.87
2021-10-29 08:40:30 +0530,456455,34.4,26.2,41.16,31.94
2021-10-29 08:41:00 +0530,456456,30.7,27.4,41.02,31.95
2021-10-29 08:41:30 +0530,456457,31.4,26.7,41.09,31.96
2021-10-29 08:42:00 +0530,456458,38.5,27.4,41.13,31.97
2021-10-29 08:42:30 +0530,456459,26.6,22.7,41.2,31.94
2021-10-29 08:43:00 +0530,456460,37.9,24.7,41.29,31.92
2021-10-29 08:43:30 +0530,456461,36.1,27.5,41.23,31.94
2021-10-29 08:44:00 +0530,456462,41.9,28.6,41.23,31.96
2021-10-29 08:44:30 +0530,456463,43.7,28.8,41.16,32.0
2021-10-29 08:45:00 +0530,456464,42.6,29.9,41.09,32.04
2021-10-29 08:45:30 +0530,456465,38.4,27.7,41.09,32.04
2021-10-29 08:46:00 +0530,456466,51.9,32.0,41.23,32.05
2021-10-29 08:46:30 +0530,456467,48.4,30.2,41.18,32.08
2021-10-29 08:47:00 +0530,456468,32.2,26.2,40.98,32.1
2021-10-29 08:47:30 +0530,456469,33.3,26.6,41.01,32.09
2021-10-29 08:48:00 +0530,456470,33.3,25.8,41.01,32.08
2021-10-29 08:48:30 +0530,456471,28.8,25.7,40.96,32.05
2021-10-29 08:49:00 +0530,456472,32.4,25.3,41.02,32.04
2021-10-29 08:49:30 +0530,456473,33.8,26.3,41.09,32.03
2021-10-29 08:50:00 +0530,456474,30.9,26.5,41.02,32.07
2021-10-29 08:50:30 +0530,456475,36.8,26.6,41.04,32.1
2021-10-29 08:51:00 +0530,456476,39.0,27.7,41.04,32.14
2021-10-29 08:51:30 +0530,456477,38.3,29.4,40.91,32.17
2021-10-29 08:52:00 +0530,456478,38.2,30.1,40.84,32.18
2021-10-29 08:52:30 +0530,456479,38.7,29.1,40.91,32.17
2021-10-29 08:53:00 +0530,456480,44.3,28.3,41.04,32.17
2021-10-29 08:53:30 +0530,456481,49.1,29.7,41.23,32.24
2021-10-29 08:54:00 +0530,456482,39.3,28.9,41.27,32.32
2021-10-29 08:54:30 +0530,456483,32.6,27.1,40.87,32.41
2021-10-29 08:55:00 +0530,456484,36.0,26.3,40.75,32.45
2021-10-29 08:55:30 +0530,456485,33.3,26.9,40.68,32.49
2021-10-29 08:56:00 +0530,456486,35.5,26.1,40.62,32.55
2021-10-29 08:56:30 +0530,456487,32.2,24.3,40.6,32.58
2021-10-29 08:57:00 +0530,456488,32.7,27.3,40.33,32.66
2021-10-29 08:57:30 +0530,456489,37.6,24.7,40.36,32.69
2021-10-29 08:58:00 +0530,456490,35.1,23.1,40.3,32.74
2021-10-29 08:58:30 +0530,456491,36.4,27.7,40.11,32.82
2021-10-29 08:59:00 +0530,456492,44.2,27.9,39.97,32.88
2021-10-29 08:59:30 +0530,456493,47.1,27.7,39.93,32.96
2021-10-29 09:00:00 +0530,456494,33.2,26.9,39.69,33.02
2021-10-29 09:00:30 +0530,456495,42.0,27.7,39.86,33.07
2021-10-29 09:01:00 +0530,456496,34.8,28.1,39.75,33.13
2021-10-29 09:01:30 +0530,456497,36.6,27.2,39.51,33.2
2021-10-29 09:02:00 +0530,456498,32.2,27.2,39.44,33.26
2021-10-29 09:02:30 +0530,456499,36.4,28.2,39.26,33.31
2021-10-29 09:03:00 +0530,456500,37.9,28.6,39.16,33.37
2021-10-29 09:03:30 +0530,456501,33.0,26.9,38.98,33.43
2021-10-29 09:04:00 +0530,456502,36.4,26.8,38.8,33.46
2021-10-29 09:04:30 +0530,456503,29.8,26.3,38.74,33.49
2021-10-29 09:05:00 +0530,456504,37.1,27.4,38.67,33.52
2021-10-29 09:05:30 +0530,456505,31.2,27.4,38.74,33.56
2021-10-29 09:06:00 +0530,456506,37.1,27.5,38.69,33.61
2021-10-29 09:06:30 +0530,456507,34.2,26.5,38.59,33.67
2021-10-29 09:07:00 +0530,456508,34.1,27.4,38.38,33.75
2021-10-29 09:07:30 +0530,456509,32.3,27.7,38.28,33.76
2021-10-29 09:08:00 +0530,456510,38.1,28.2,38.33,33.79
2021-10-29 09:08:30 +0530,456511,34.5,28.0,38.33,33.81
2021-10-29 09:09:00 +0530,456512,24.2,21.8,38.41,33.76
2021-10-29 09:09:30 +0530,456513,36.9,25.8,38.52,33.76
2021-10-29 09:10:00 +0530,456514,34.5,29.6,38.52,33.76
2021-10-29 09:10:30 +0530,456515,35.1,30.8,38.59,33.75
2021-10-29 09:11:00 +0530,456516,38.2,29.9,38.75,33.76
2021-10-29 09:11:30 +0530,456517,45.2,31.2,38.65,33.76
2021-10-29 09:12:00 +0530,456518,40.6,32.1,38.65,33.76
2021-10-29 09:12:30 +0530,456519,35.3,28.8,38.62,33.76
2021-10-29 09:13:00 +0530,456520,34.3,28.9,38.59,33.76
2021-10-29 09:13:30 +0530,456521,33.1,29.6,38.59,33.76
2021-10-29 09:14:00 +0530,456522,36.4,29.1,38.62,33.76
2021-10-29 09:14:30 +0530,456523,40.3,30.4,38.52,33.76
2021-10-29 09:15:00 +0530,456524,41.8,30.3,38.62,33.76
2021-10-29 09:15:30 +0530,456525,36.2,30.8,38.53,33.78
2021-10-29 09:16:00 +0530,456526,41.0,30.4,38.45,33.77
2021-10-29 09:16:30 +0530,456527,35.6,29.9,38.38,33.76
2021-10-29 09:17:00 +0530,456528,33.9,29.6,38.28,33.76
2021-10-29 09:17:30 +0530,456529,36.1,30.1,38.28,33.78
2021-10-29 09:18:00 +0530,456530,38.4,30.0,38.3,33.79
2021-10-29 09:18:30 +0530,456531,38.5,26.4,38.41,33.77
2021-10-29 09:19:00 +0530,456532,38.9,29.9,38.27,33.8
2021-10-29 09:19:30 +0530,456533,36.4,30.4,38.3,33.82
2021-10-29 09:20:00 +0530,456534,38.0,31.1,38.27,33.85
2021-10-29 09:20:30 +0530,456535,34.3,30.7,38.27,33.86
2021-10-29 09:21:00 +0530,456536,35.2,31.0,38.23,33.86
2021-10-29 09:21:30 +0530,456537,37.7,30.2,38.33,33.89
2021-10-29 09:22:00 +0530,456538,40.9,32.2,38.4,33.92
2021-10-29 09:22:30 +0530,456539,35.6,30.3,38.32,33.96
2021-10-29 09:23:00 +0530,456540,36.2,28.8,38.45,34.02
2021-10-29 09:23:30 +0530,456541,33.2,27.4,38.59,34.06
2021-10-29 09:24:00 +0530,456542,37.1,30.2,38.33,34.14
2021-10-29 09:24:30 +0530,456543,38.8,31.9,38.03,34.17
2021-10-29 09:25:00 +0530,456544,43.4,30.9,38.03,34.16
2021-10-29 09:25:30 +0530,456545,50.2,33.9,38.2,34.12
2021-10-29 09:26:00 +0530,456546,31.8,26.6,38.08,34.11
2021-10-29 09:26:30 +0530,456547,43.9,32.3,37.98,34.08
2021-10-29 09:27:00 +0530,456548,40.2,31.7,38.04,34.05
2021-10-29 09:27:30 +0530,456549,44.0,31.7,38.08,34.02
2021-10-29 09:28:00 +0530,456550,41.6,32.9,38.14,33.96
2021-10-29 09:28:30 +0530,456551,40.1,31.1,38.21,33.96
2021-10-29 09:29:00 +0530,456552,42.2,28.2,38.25,33.94
2021-10-29 09:29:30 +0530,456553,36.0,31.8,38.27,33.93
2021-10-29 09:30:00 +0530,456554,38.2,31.3,38.35,33.93
2021-10-29 09:30:30 +0530,456555,39.1,32.4,38.32,33.95
2021-10-29 09:31:00 +0530,456556,43.3,32.2,38.35,33.95
2021-10-29 09:31:30 +0530,456557,48.0,32.4,38.42,33.99
2021-10-29 09:32:00 +0530,456558,40.8,30.8,38.28,34.01
2021-10-29 09:32:30 +0530,456559,48.4,30.8,38.32,34.02
2021-10-29 09:33:00 +0530,456560,40.5,30.3,38.18,34.06
2021-10-29 09:33:30 +0530,456561,40.2,30.9,38.14,34.07
2021-10-29 09:34:00 +0530,456562,41.4,30.3,38.14,34.07
2021-10-29 09:34:30 +0530,456563,40.0,30.8,38.14,34.06
2021-10-29 09:35:00 +0530,456564,55.8,31.6,38.32,34.04
2021-10-29 09:35:30 +0530,456565,40.9,29.8,38.11,34.05
2021-10-29 09:36:00 +0530,456566,39.9,29.6,38.08,34.03
2021-10-29 09:36:30 +0530,456567,35.9,26.7,38.32,33.99
2021-10-29 09:37:00 +0530,456568,40.0,31.2,38.28,33.97
2021-10-29 09:37:30 +0530,456569,42.4,30.6,38.28,33.97
2021-10-29 09:38:00 +0530,456570,39.9,29.3,38.35,33.99
2021-10-29 09:38:30 +0530,456571,41.5,30.1,38.35,34.01
2021-10-29 09:39:00 +0530,456572,37.6,27.3,38.35,34.04
2021-10-29 09:39:30 +0530,456573,41.1,30.9,38.25,34.1
2021-10-29 09:40:00 +0530,456574,38.8,30.3,37.96,34.17
2021-10-29 09:40:30 +0530,456575,34.9,28.6,37.72,34.23
2021-10-29 09:41:00 +0530,456576,38.6,30.5,37.71,34.32
2021-10-29 09:41:30 +0530,456577,33.9,25.4,37.78,34.37
2021-10-29 09:42:00 +0530,456578,34.1,29.3,37.61,34.45
2021-10-29 09:42:30 +0530,456579,36.7,29.1,37.39,34.52
2021-10-29 09:43:00 +0530,456580,33.6,24.6,37.49,34.57
2021-10-29 09:43:30 +0530,456581,35.1,28.8,37.4,34.65
2021-10-29 09:44:00 +0530,456582,35.4,29.2,37.11,34.7
2021-10-29 09:44:30 +0530,456583,36.8,28.1,37.07,34.74
2021-10-29 09:45:00 +0530,456584,32.1,25.7,37.07,34.77
2021-10-29 09:45:30 +0530,456585,33.0,24.8,37.0,34.79
2021-10-29 09:46:00 +0530,456586,39.0,28.9,36.88,34.85
2021-10-29 09:46:30 +0530,456587,41.5,30.2,36.88,34.94
2021-10-29 09:47:00 +0530,456588,40.7,30.3,36.69,35.0
2021-10-29 09:47:30 +0530,456589,37.0,28.7,36.43,35.07
2021-10-29 09:48:00 +0530,456590,33.3,28.4,36.22,35.09
2021-10-29 09:48:30 +0530,456591,36.3,28.4,36.22,35.09
2021-10-29 09:49:00 +0530,456592,30.0,23.1,36.29,35.04
2021-10-29 09:49:30 +0530,456593,32.7,27.7,36.39,34.98
2021-10-29 09:50:00 +0530,456594,26.3,23.4,36.44,34.94
2021-10-29 09:50:30 +0530,456595,34.5,28.6,36.34,34.9
2021-10-29 09:51:00 +0530,456596,51.2,27.9,36.37,34.85
2021-10-29 09:51:30 +0530,456597,46.2,29.7,36.47,34.88
2021-10-29 09:52:00 +0530,456598,34.4,27.6,36.54,34.89
2021-10-29 09:52:30 +0530,456599,29.2,26.0,36.58,34.91
2021-10-29 09:53:00 +0530,456600,38.6,26.3,36.58,34.94
2021-10-29 09:53:30 +0530,456601,31.4,26.3,36.4,34.97
2021-10-29 09:54:00 +0530,456602,39.0,27.6,36.46,34.97
2021-10-29 09:54:30 +0530,456603,37.7,30.9,36.46,34.98
2021-10-29 09:55:00 +0530,456604,43.3,32.0,36.51,34.95
2021-10-29 09:55:30 +0530,456605,49.1,33.1,36.51,34.96
2021-10-29 09:56:00 +0530,456606,48.8,30.6,36.53,35.01
2021-10-29 09:56:30 +0530,456607,34.1,28.1,36.29,35.07
2021-10-29 09:57:00 +0530,456608,43.9,28.6,36.43,35.1
2021-10-29 09:57:30 +0530,456609,39.1,28.1,36.43,35.11
2021-10-29 09:58:00 +0530,456610,40.7,27.5,36.29,35.13
2021-10-29 09:58:30 +0530,456611,38.3,27.2,36.11,35.13
2021-10-29 09:59:00 +0530,456612,33.8,27.4,36.46,35.14
2021-10-29 09:59:30 +0530,456613,35.5,26.3,36.48,35.19
2021-10-29 10:00:00 +0530,456614,38.3,26.9,36.27,35.24
2021-10-29 10:00:30 +0530,456615,37.2,26.6,36.22,35.31
2021-10-29 10:01:00 +0530,456616,28.2,24.7,36.15,35.4
2021-10-29 10:01:30 +0530,456617,31.8,24.8,36.08,35.49
2021-10-29 10:02:00 +0530,456618,32.1,25.9,35.94,35.56
2021-10-29 10:02:30 +0530,456619,28.0,25.1,35.73,35.6
2021-10-29 10:03:00 +0530,456620,30.8,25.0,35.82,35.65
2021-10-29 10:03:30 +0530,456621,32.1,25.8,35.92,35.69
2021-10-29 10:04:00 +0530,456622,25.4,23.0,35.5,35.7
2021-10-29 10:04:30 +0530,456623,32.1,26.9,35.24,35.71
2021-10-29 10:05:00 +0530,456624,30.7,26.4,35.24,35.72
2021-10-29 10:05:30 +0530,456625,36.4,27.3,35.37,35.73
2021-10-29 10:06:00 +0530,456626,40.5,26.4,35.4,35.77
2021-10-29 10:06:30 +0530,456627,28.1,22.1,35.34,35.79
2021-10-29 10:07:00 +0530,456628,31.4,26.2,35.05,35.84
2021-10-29 10:07:30 +0530,456629,31.6,25.4,35.05,35.87
2021-10-29 10:08:00 +0530,456630,31.5,25.6,35.01,35.88
2021-10-29 10:08:30 +0530,456631,31.8,25.9,35.11,35.89
2021-10-29 10:09:00 +0530,456632,24.7,20.9,35.25,35.85
2021-10-29 10:09:30 +0530,456633,29.6,25.6,34.97,35.82
2021-10-29 10:10:00 +0530,456634,32.6,26.2,35.1,35.79
2021-10-29 10:10:30 +0530,456635,29.4,25.9,35.13,35.74
2021-10-29 10:11:00 +0530,456636,35.3,26.2,35.17,35.7
2021-10-29 10:11:30 +0530,456637,33.3,25.3,35.37,35.69
2021-10-29 10:12:00 +0530,456638,28.4,22.4,35.5,35.68
2021-10-29 10:12:30 +0530,456639,33.3,26.2,35.5,35.72
2021-10-29 10:13:00 +0530,456640,34.3,26.2,35.37,35.79
2021-10-29 10:13:30 +0530,456641,30.7,26.7,35.25,35.85
2021-10-29 10:14:00 +0530,456642,37.5,26.6,35.05,35.93
2021-10-29 10:14:30 +0530,456643,29.7,25.4,34.76,35.98
2021-10-29 10:15:00 +0530,456644,29.9,26.9,34.78,36.0
2021-10-29 10:15:30 +0530,456645,32.8,26.0,34.66,36.02
2021-10-29 10:16:00 +0530,456646,34.3,27.1,34.58,36.04
2021-10-29 10:16:30 +0530,456647,33.0,26.9,34.66,36.02
2021-10-29 10:17:00 +0530,456648,32.4,28.0,34.9,36.01
2021-10-29 10:17:30 +0530,456649,33.9,29.3,35.2,36.02
2021-10-29 10:18:00 +0530,456650,34.3,27.6,35.1,36.02
2021-10-29 10:18:30 +0530,456651,32.2,28.4,34.95,36.01
2021-10-29 10:19:00 +0530,456652,40.0,35.9,35.24,36.0
2021-10-29 10:19:30 +0530,456653,33.4,28.1,35.01,35.96
2021-10-29 10:20:00 +0530,456654,36.1,30.2,35.05,35.94
2021-10-29 10:20:30 +0530,456655,32.5,29.4,34.92,35.92
2021-10-29 10:21:00 +0530,456656,31.2,28.3,34.89,35.88
2021-10-29 10:21:30 +0530,456657,28.0,24.5,35.15,35.85
2021-10-29 10:22:00 +0530,456658,30.8,25.7,35.11,35.82
2021-10-29 10:22:30 +0530,456659,26.5,22.6,35.27,35.75
2021-10-29 10:23:00 +0530,456660,28.0,24.2,35.4,35.7
2021-10-29 10:23:30 +0530,456661,32.7,22.3,35.44,35.68
2021-10-29 10:24:01 +0530,456662,31.5,26.8,35.4,35.69
2021-10-29 10:24:30 +0530,456663,26.2,23.8,35.44,35.68
2021-10-29 10:25:00 +0530,456664,34.5,28.7,35.34,35.72
2021-10-29 10:25:30 +0530,456665,30.8,27.6,35.34,35.73
2021-10-29 10:26:00 +0530,456666,31.4,28.0,35.5,35.75
2021-10-29 10:26:30 +0530,456667,31.1,27.7,35.44,35.75
2021-10-29 10:27:00 +0530,456668,31.0,27.4,35.44,35.75
2021-10-29 10:27:30 +0530,456669,38.6,24.4,35.73,35.57
2021-10-29 10:28:00 +0530,456670,29.5,26.4,35.56,35.59
2021-10-29 10:28:30 +0530,456671,30.3,25.8,35.56,35.62
2021-10-29 10:29:00 +0530,456672,31.3,26.6,35.53,35.6
2021-10-29 10:29:30 +0530,456673,28.3,25.3,35.6,35.59
2021-10-29 10:30:00 +0530,456674,30.3,22.7,35.73,35.57
2021-10-29 10:30:30 +0530,456675,31.3,24.9,35.76,35.57
2021-10-29 10:31:00 +0530,456676,32.7,25.4,35.73,35.57
2021-10-29 10:31:30 +0530,456677,32.3,26.0,35.8,35.53
2021-10-29 10:32:00 +0530,456678,33.6,25.3,35.76,35.5
2021-10-29 10:32:30 +0530,456679,38.4,25.5,36.14,35.49
2021-10-29 10:33:00 +0530,456680,26.7,22.3,36.05,35.49
2021-10-29 10:33:30 +0530,456681,24.8,21.9,36.02,35.48
2021-10-29 10:34:00 +0530,456682,28.7,21.9,35.85,35.47
2021-10-29 10:34:30 +0530,456683,27.8,24.8,35.71,35.48
2021-10-29 10:35:00 +0530,456684,31.7,25.5,35.69,35.5
2021-10-29 10:35:30 +0530,456685,34.1,26.2,35.69,35.56
2021-10-29 10:36:00 +0530,456686,25.0,20.8,35.94,35.62
2021-10-29 10:36:30 +0530,456687,29.3,25.1,36.02,35.68
2021-10-29 10:37:00 +0530,456688,28.9,24.6,35.61,35.71
2021-10-29 10:37:30 +0530,456689,28.4,25.4,35.57,35.73
2021-10-29 10:38:00 +0530,456690,31.8,25.8,35.68,35.74
2021-10-29 10:38:30 +0530,456691,28.9,25.1,35.61,35.77
2021-10-29 10:39:00 +0530,456692,27.8,22.3,35.64,35.75
2021-10-29 10:39:30 +0530,456693,31.1,24.9,35.61,35.74
2021-10-29 10:40:00 +0530,456694,32.2,25.2,35.78,35.75
2021-10-29 10:40:30 +0530,456695,31.7,24.7,35.71,35.78
2021-10-29 10:41:00 +0530,456696,30.5,25.1,35.64,35.78
2021-10-29 10:41:30 +0530,456697,28.8,25.8,35.75,35.79
2021-10-29 10:42:00 +0530,456698,27.8,25.1,35.57,35.78
2021-10-29 10:42:30 +0530,456699,26.5,23.6,35.5,35.78
2021-10-29 10:43:00 +0530,456700,29.4,25.4,35.64,35.79
2021-10-29 10:43:30 +0530,456701,30.2,26.9,35.57,35.82
2021-10-29 10:44:00 +0530,456702,27.4,24.4,35.49,35.84
2021-10-29 10:44:30 +0530,456703,30.1,25.2,35.42,35.85
2021-10-29 10:45:00 +0530,456704,27.4,24.6,35.39,35.86
2021-10-29 10:45:30 +0530,456705,28.1,25.1,35.46,35.83
2021-10-29 10:46:00 +0530,456706,30.8,25.5,35.5,35.8
2021-10-29 10:46:30 +0530,456707,36.1,26.1,35.57,35.81
2021-10-29 10:47:00 +0530,456708,29.4,24.8,35.53,35.83
2021-10-29 10:47:30 +0530,456709,56.9,29.1,35.76,35.85
2021-10-29 10:48:00 +0530,456710,34.6,26.9,35.76,35.9
2021-10-29 10:48:30 +0530,456711,32.3,25.8,35.53,35.96
2021-10-29 10:49:00 +0530,456712,31.1,26.5,35.42,35.98
2021-10-29 10:49:30 +0530,456713,31.9,26.1,35.39,35.97
2021-10-29 10:50:00 +0530,456714,32.9,26.7,35.46,35.94
2021-10-29 10:50:30 +0530,456715,32.9,25.9,35.6,35.92
2021-10-29 10:51:00 +0530,456716,35.4,22.2,35.9,35.92
2021-10-29 10:51:30 +0530,456717,39.8,27.0,36.04,35.96
2021-10-29 10:52:00 +0530,456718,36.4,25.1,35.95,36.04
2021-10-29 10:52:30 +0530,456719,24.2,21.6,35.64,36.07
2021-10-29 10:53:00 +0530,456720,27.5,24.5,35.2,36.11
2021-10-29 10:53:30 +0530,456721,27.2,24.4,34.9,36.11
2021-10-29 10:54:00 +0530,456722,26.7,23.9,34.9,36.11
2021-10-29 10:54:30 +0530,456723,25.2,22.5,35.24,36.07
2021-10-29 10:55:00 +0530,456724,30.3,26.1,35.47,36.04
2021-10-29 10:55:30 +0530,456725,38.7,27.7,35.71,36.07
2021-10-29 10:56:00 +0530,456726,34.4,26.7,35.31,36.09
2021-10-29 10:56:30 +0530,456727,31.8,25.4,35.07,36.09
2021-10-29 10:57:00 +0530,456728,30.8,25.6,35.1,36.06
2021-10-29 10:57:30 +0530,456729,27.9,21.4,35.13,36.01
2021-10-29 10:58:00 +0530,456730,30.7,27.4,35.07,36.04
2021-10-29 10:58:30 +0530,456731,31.9,26.8,34.9,36.09
2021-10-29 10:59:00 +0530,456732,35.6,25.9,34.86,36.14
2021-10-29 10:59:30 +0530,456733,33.2,24.6,34.82,36.16
2021-10-29 11:00:00 +0530,456734,21.4,19.1,34.78,36.15
2021-10-29 11:00:30 +0530,456735,25.6,23.1,34.86,36.15
2021-10-29 11:01:00 +0530,456736,30.2,23.6,34.86,36.15
2021-10-29 11:01:30 +0530,456737,26.3,23.7,35.07,36.13
2021-10-29 11:02:00 +0530,456738,26.6,23.8,34.95,36.11
2021-10-29 11:02:30 +0530,456739,26.6,23.7,34.95,36.09
2021-10-29 11:03:00 +0530,456740,25.3,22.8,35.2,36.06
2021-10-29 11:03:30 +0530,456741,28.9,25.0,35.4,36.04
2021-10-29 11:04:00 +0530,456742,30.0,21.7,35.58,36.01
2021-10-29 11:04:30 +0530,456743,28.6,25.7,35.58,36.03
2021-10-29 11:05:00 +0530,456744,28.9,25.2,35.54,36.06
2021-10-29 11:05:30 +0530,456745,24.7,21.8,35.51,36.07
2021-10-29 11:06:00 +0530,456746,28.2,25.3,35.51,36.1
2021-10-29 11:06:30 +0530,456747,38.6,30.1,35.58,36.14
2021-10-29 11:07:00 +0530,456748,30.3,26.2,35.46,36.21
2021-10-29 11:07:30 +0530,456749,28.4,24.2,35.11,36.25
2021-10-29 11:08:00 +0530,456750,26.3,23.4,35.25,36.26
2021-10-29 11:08:30 +0530,456751,27.2,24.3,35.15,36.26
2021-10-29 11:09:00 +0530,456752,24.1,20.7,35.0,36.24
2021-10-29 11:09:30 +0530,456753,28.2,24.6,35.05,36.24
2021-10-29 11:10:00 +0530,456754,29.8,24.8,34.92,36.22
2021-10-29 11:10:30 +0530,456755,27.7,24.9,34.96,36.18
2021-10-29 11:11:00 +0530,456756,26.4,23.6,34.9,36.15
2021-10-29 11:11:30 +0530,456757,29.8,24.3,35.24,36.11
2021-10-29 11:12:00 +0530,456758,23.2,20.7,35.47,36.06
2021-10-29 11:12:30 +0530,456759,26.6,23.7,35.54,36.04
2021-10-29 11:13:00 +0530,456760,28.4,23.3,35.4,36.03
2021-10-29 11:13:30 +0530,456761,28.8,24.8,35.24,36.0
2021-10-29 11:14:00 +0530,456762,38.6,26.2,35.53,35.96
2021-10-29 11:14:30 +0530,456763,28.6,25.1,35.46,35.94
2021-10-29 11:15:00 +0530,456764,36.5,29.4,35.56,35.93
2021-10-29 11:15:30 +0530,456765,32.6,26.6,35.73,35.92
2021-10-29 11:16:00 +0530,456766,32.5,26.9,35.66,35.94
2021-10-29 11:16:30 +0530,456767,30.9,25.6,35.66,35.97
2021-10-29 11:17:00 +0530,456768,29.3,21.0,35.63,35.96
2021-10-29 11:17:30 +0530,456769,26.8,23.9,35.15,35.98
2021-10-29 11:18:00 +0530,456770,30.7,20.2,35.29,35.93
2021-10-29 11:18:30 +0530,456771,27.1,24.3,35.46,35.9
2021-10-29 11:19:00 +0530,456772,28.1,25.1,35.6,35.89
2021-10-29 11:19:30 +0530,456773,27.6,24.8,35.46,35.92
2021-10-29 11:20:00 +0530,456774,28.1,25.1,35.49,35.93
2021-10-29 11:20:30 +0530,456775,29.7,25.3,35.56,35.96
2021-10-29 11:21:00 +0530,456776,28.3,25.2,35.51,36.0
2021-10-29 11:21:30 +0530,456777,26.7,23.9,35.31,36.06
2021-10-29 11:22:00 +0530,456778,27.1,24.3,35.37,36.09
2021-10-29 11:22:30 +0530,456779,28.1,25.1,35.1,36.13
2021-10-29 11:23:00 +0530,456780,26.8,24.0,34.96,36.18
2021-10-29 11:23:30 +0530,456781,29.3,24.6,34.88,36.23
2021-10-29 11:24:00 +0530,456782,30.5,25.9,34.8,36.22
2021-10-29 11:24:30 +0530,456783,33.2,27.8,35.05,36.19
2021-10-29 11:25:00 +0530,456784,31.3,24.8,35.39,36.18
2021-10-29 11:25:30 +0530,456785,27.7,24.1,35.18,36.18
2021-10-29 11:26:00 +0530,456786,23.6,20.7,35.43,36.18
2021-10-29 11:26:30 +0530,456787,27.4,24.4,35.22,36.21
2021-10-29 11:27:00 +0530,456788,27.0,24.1,35.29,36.22
2021-10-29 11:27:30 +0530,456789,22.7,20.4,35.29,36.19
2021-10-29 11:28:00 +0530,456790,25.5,23.0,35.25,36.17
2021-10-29 11:28:30 +0530,456791,27.2,24.4,35.13,36.13
2021-10-29 11:29:00 +0530,456792,27.4,24.6,35.27,36.07
2021-10-29 11:29:30 +0530,456793,28.4,24.4,35.37,36.01
2021-10-29 11:30:00 +0530,456794,27.5,24.6,35.46,35.96
2021-10-29 11:30:31 +0530,456795,27.5,24.6,35.46,35.96
2021-10-29 11:31:00 +0530,456796,24.3,21.8,35.54,35.78
2021-10-29 11:31:30 +0530,456797,28.8,25.7,35.64,35.74
2021-10-29 11:32:00 +0530,456798,30.0,24.6,35.64,35.74
2021-10-29 11:32:30 +0530,456799,27.9,25.2,35.71,35.74
2021-10-29 11:33:00 +0530,456800,30.4,26.1,35.68,35.74
2021-10-29 11:33:30 +0530,456801,22.5,19.9,35.71,35.72
2021-10-29 11:34:00 +0530,456802,33.5,26.4,35.75,35.72
2021-10-29 11:34:30 +0530,456803,29.3,26.2,35.89,35.72
2021-10-29 11:35:00 +0530,456804,27.8,24.8,35.98,35.7
2021-10-29 11:35:30 +0530,456805,29.4,26.2,35.89,35.69
2021-10-29 11:36:00 +0530,456806,35.9,27.2,35.98,35.67
2021-10-29 11:36:30 +0530,456807,32.8,27.3,36.02,35.67
2021-10-29 11:37:00 +0530,456808,34.6,26.9,35.95,35.67
2021-10-29 11:37:30 +0530,456809,36.9,26.5,36.15,35.67
2021-10-29 11:38:00 +0530,456810,34.9,26.9,36.29,35.68
2021-10-29 11:38:30 +0530,456811,32.7,27.8,36.15,35.7
2021-10-29 11:39:00 +0530,456812,34.9,29.7,36.12,35.7
2021-10-29 11:39:30 +0530,456813,31.1,26.2,36.36,35.7
2021-10-29 11:40:00 +0530,456814,35.0,26.6,36.29,35.7
2021-10-29 11:40:30 +0530,456815,32.2,26.8,36.26,35.68
2021-10-29 11:41:00 +0530,456816,28.8,25.8,36.22,35.66
2021-10-29 11:41:30 +0530,456817,33.3,27.0,36.26,35.64
2021-10-29 11:42:00 +0530,456818,28.1,23.3,36.41,35.59
2021-10-29 11:42:30 +0530,456819,30.1,26.8,36.34,35.57
2021-10-29 11:43:00 +0530,456820,29.7,26.6,36.31,35.55
2021-10-29 11:43:30 +0530,456821,29.6,26.6,36.27,35.53
2021-10-29 11:44:00 +0530,456822,28.3,25.6,36.08,35.51
2021-10-29 11:44:30 +0530,456823,28.8,25.8,36.05,35.49
2021-10-29 11:45:00 +0530,456824,28.7,22.6,36.15,35.41
2021-10-29 11:45:30 +0530,456825,28.5,25.5,36.26,35.38
2021-10-29 11:46:00 +0530,456826,28.6,22.8,36.46,35.35
2021-10-29 11:46:30 +0530,456827,26.5,23.9,36.56,35.31
2021-10-29 11:47:00 +0530,456828,28.8,25.8,36.59,35.3
2021-10-29 11:47:30 +0530,456829,30.3,26.3,36.68,35.29
2021-10-29 11:48:00 +0530,456830,30.0,26.9,36.95,35.26
2021-10-29 11:48:30 +0530,456831,29.8,26.9,37.02,35.26
2021-10-29 11:49:00 +0530,456832,31.6,27.1,36.85,35.24
2021-10-29 11:49:30 +0530,456833,29.7,25.9,36.75,35.2
2021-10-29 11:50:00 +0530,456834,30.8,27.4,36.75,35.14
2021-10-29 11:50:30 +0530,456835,30.8,27.6,36.94,35.08
2021-10-29 11:51:00 +0530,456836,29.4,24.5,37.11,34.98
2021-10-29 11:51:30 +0530,456837,31.6,28.1,37.15,34.92
2021-10-29 11:52:00 +0530,456838,35.2,27.6,37.56,34.89
2021-10-29 11:52:30 +0530,456839,30.6,27.4,37.67,34.88
2021-10-29 11:53:00 +0530,456840,24.4,21.9,37.6,34.85
2021-10-29 11:53:30 +0530,456841,29.8,26.3,37.6,34.84
2021-10-29 11:54:00 +0530,456842,28.6,25.5,37.6,34.85
2021-10-29 11:54:30 +0530,456843,30.0,26.9,37.53,34.84
2021-10-29 11:55:00 +0530,456844,28.5,25.6,37.5,34.83
2021-10-29 11:55:30 +0530,456845,28.6,25.7,37.5,34.83
2021-10-29 11:56:00 +0530,456846,33.7,22.6,38.02,34.67
2021-10-29 11:56:30 +0530,456847,30.1,26.8,37.98,34.69
2021-10-29 11:57:00 +0530,456848,30.1,26.8,37.98,34.7
2021-10-29 11:57:30 +0530,456849,28.8,24.9,38.31,34.61
2021-10-29 11:58:00 +0530,456850,30.2,27.0,38.3,34.68
2021-10-29 11:58:30 +0530,456851,29.3,26.3,38.19,34.77
2021-10-29 11:59:00 +0530,456852,30.7,27.4,37.91,34.84
2021-10-29 11:59:30 +0530,456853,28.6,25.7,37.63,34.89
2021-10-29 12:00:00 +0530,456854,30.2,27.1,37.7,34.93
2021-10-29 12:00:30 +0530,456855,29.8,26.7,37.56,34.94
2021-10-29 12:01:00 +0530,456856,29.1,25.9,37.24,34.96
2021-10-29 12:01:30 +0530,456857,25.5,22.1,37.31,34.97
2021-10-29 12:02:00 +0530,456858,28.2,25.6,37.34,35.01
2021-10-29 12:02:30 +0530,456859,30.4,27.3,37.14,35.06
2021-10-29 12:03:00 +0530,456860,30.2,26.9,37.08,35.1
2021-10-29 12:03:30 +0530,456861,29.2,26.1,37.08,35.13
2021-10-29 12:04:00 +0530,456862,29.5,26.4,37.13,35.16
2021-10-29 12:04:30 +0530,456863,35.1,29.1,37.4,35.22
2021-10-29 12:05:00 +0530,456864,32.0,26.9,37.19,35.3
2021-10-29 12:05:30 +0530,456865,35.2,27.3,37.21,35.38
2021-10-29 12:06:00 +0530,456866,30.0,25.8,36.87,35.47
2021-10-29 12:06:30 +0530,456867,31.0,26.7,36.76,35.54
2021-10-29 12:07:00 +0530,456868,31.2,27.2,36.48,35.6
2021-10-29 12:07:30 +0530,456869,30.6,27.1,36.45,35.64
2021-10-29 12:08:00 +0530,456870,45.6,30.3,36.53,35.65
2021-10-29 12:08:30 +0530,456871,38.1,28.8,36.5,35.68
2021-10-29 12:09:00 +0530,456872,30.1,26.9,36.47,35.73
2021-10-29 12:09:30 +0530,456873,31.4,27.2,36.36,35.77
2021-10-29 12:10:00 +0530,456874,34.6,27.6,36.29,35.82
2021-10-29 12:10:30 +0530,456875,33.6,27.5,36.27,35.84
2021-10-29 12:11:00 +0530,456876,47.7,30.1,36.45,35.89
2021-10-29 12:11:30 +0530,456877,36.2,25.0,36.52,35.9
2021-10-29 12:12:00 +0530,456878,44.7,29.1,36.48,35.95
2021-10-29 12:12:30 +0530,456879,31.5,27.3,36.24,35.98
2021-10-29 12:13:00 +0530,456880,28.3,23.2,36.18,35.98
2021-10-29 12:13:30 +0530,456881,34.1,30.5,36.12,35.99
2021-10-29 12:14:00 +0530,456882,31.2,27.8,36.05,36.02
2021-10-29 12:14:30 +0530,456883,30.0,26.8,36.12,36.06
2021-10-29 12:15:00 +0530,456884,26.9,22.5,36.02,36.06
2021-10-29 12:15:30 +0530,456885,31.4,25.1,36.05,36.04
2021-10-29 12:16:00 +0530,456886,27.6,24.7,35.98,36.04
2021-10-29 12:16:30 +0530,456887,35.8,27.1,35.78,36.06
2021-10-29 12:17:00 +0530,456888,34.6,27.8,35.95,36.07
2021-10-29 12:17:30 +0530,456889,34.8,25.3,36.23,36.07
2021-10-29 12:18:00 +0530,456890,37.0,28.3,36.23,36.09
2021-10-29 12:18:30 +0530,456891,46.8,29.1,36.3,36.12
2021-10-29 12:19:00 +0530,456892,36.3,29.7,36.33,36.14
2021-10-29 12:19:30 +0530,456893,41.7,29.6,36.02,36.17
2021-10-29 12:20:00 +0530,456894,38.2,27.2,35.68,36.15
2021-10-29 12:20:30 +0530,456895,29.0,23.9,35.61,36.06
2021-10-29 12:21:00 +0530,456896,39.2,27.3,35.73,35.97
2021-10-29 12:21:30 +0530,456897,38.5,27.6,35.94,35.89
2021-10-29 12:22:00 +0530,456898,41.1,28.1,36.08,35.85
2021-10-29 12:22:30 +0530,456899,33.7,28.0,36.24,35.85
2021-10-29 12:23:00 +0530,456900,35.7,27.0,36.38,35.88
2021-10-29 12:23:30 +0530,456901,33.6,26.4,36.45,35.92
2021-10-29 12:24:00 +0530,456902,54.3,29.2,36.38,35.96
2021-10-29 12:24:30 +0530,456903,33.4,27.8,36.4,36.01
2021-10-29 12:25:00 +0530,456904,31.5,28.1,36.23,36.04
2021-10-29 12:25:30 +0530,456905,28.9,26.0,36.19,36.09
2021-10-29 12:26:00 +0530,456906,33.5,26.6,36.05,36.11
2021-10-29 12:26:30 +0530,456907,30.8,26.6,36.05,36.13
2021-10-29 12:27:00 +0530,456908,30.6,22.5,36.26,36.13
2021-10-29 12:27:30 +0530,456909,32.3,26.7,36.19,36.16
2021-10-29 12:28:00 +0530,456910,29.1,26.0,35.94,36.18
2021-10-29 12:28:30 +0530,456911,36.3,27.3,35.87,36.24
2021-10-29 12:29:00 +0530,456912,26.0,23.3,35.7,36.23
2021-10-29 12:29:30 +0530,456913,32.9,28.0,35.94,36.24
2021-10-29 12:30:00 +0530,456914,31.3,27.4,35.98,36.27
2021-10-29 12:30:30 +0530,456915,26.8,22.5,35.73,36.28
2021-10-29 12:31:00 +0530,456916,68.5,30.1,35.73,36.28
2021-10-29 12:31:30 +0530,456917,63.0,31.2,35.62,36.33
2021-10-29 12:32:00 +0530,456918,26.6,23.4,35.41,36.34
2021-10-29 12:32:30 +0530,456919,30.2,27.1,35.28,36.38
2021-10-29 12:33:00 +0530,456920,31.5,26.8,35.28,36.41
2021-10-29 12:33:30 +0530,456921,30.5,27.3,35.31,36.45
2021-10-29 12:34:00 +0530,456922,34.5,27.7,35.51,36.49
2021-10-29 12:34:30 +0530,456923,44.4,29.2,35.36,36.51
2021-10-29 12:35:00 +0530,456924,36.9,28.2,35.22,36.51
2021-10-29 12:35:30 +0530,456925,29.4,26.3,35.12,36.51
2021-10-29 12:36:00 +0530,456927,42.1,28.4,35.17,36.49
2021-10-29 12:36:30 +0530,456928,29.6,24.3,35.34,36.45
2021-10-29 12:37:00 +0530,456929,27.3,24.0,35.41,36.47
2021-10-29 12:37:30 +0530,456930,29.4,24.1,35.75,36.49
2021-10-29 12:38:00 +0530,456926,34.8,30.3,35.55,36.51
2021-10-29 12:38:30 +0530,456931,34.6,21.7,35.79,36.38
2021-10-29 12:39:00 +0530,456932,42.1,24.9,35.85,36.4
2021-10-29 12:39:30 +0530,456933,29.8,26.7,36.02,36.45
2021-10-29 12:40:00 +0530,456934,31.1,28.0,35.99,36.49
2021-10-29 12:40:30 +0530,456935,29.3,26.1,36.05,36.51
2021-10-29 12:41:00 +0530,456936,29.5,26.3,35.5,36.51
2021-10-29 12:41:30 +0530,456937,25.1,22.9,35.56,36.51
2021-10-29 12:42:00 +0530,456938,33.7,27.6,35.56,36.51
2021-10-29 12:42:30 +0530,456939,29.1,26.3,35.5,36.52
2021-10-29 12:43:00 +0530,456940,28.8,25.7,35.33,36.51
2021-10-29 12:43:30 +0530,456941,30.2,27.1,35.36,36.51
2021-10-29 12:44:00 +0530,456942,29.5,26.6,35.17,36.51
2021-10-29 12:44:30 +0530,456943,28.5,25.7,35.06,36.49
2021-10-29 12:45:00 +0530,456944,24.3,21.9,35.24,36.39
2021-10-29 12:45:30 +0530,456945,30.8,27.3,35.28,36.37
2021-10-29 12:46:00 +0530,456946,29.5,26.4,35.51,36.34
2021-10-29 12:46:30 +0530,456947,29.9,26.6,35.68,36.33
2021-10-29 12:47:00 +0530,456948,33.0,27.9,35.99,36.31
2021-10-29 12:47:30 +0530,456949,26.0,23.1,36.01,36.28
2021-10-29 12:48:00 +0530,456950,31.3,26.8,35.87,36.27
2021-10-29 12:48:30 +0530,456951,31.2,27.8,35.98,36.26
2021-10-29 12:49:00 +0530,456952,32.5,26.9,36.08,36.23
2021-10-29 12:49:30 +0530,456953,36.6,29.7,35.84,36.25
2021-10-29 12:50:00 +0530,456954,45.0,31.5,35.87,36.27
2021-10-29 12:50:30 +0530,456955,34.9,29.1,35.77,36.3
2021-10-29 12:51:00 +0530,456956,41.9,30.3,35.65,36.33
2021-10-29 12:51:30 +0530,456957,42.6,30.5,35.65,36.37
2021-10-29 12:52:00 +0530,456958,43.5,29.0,35.79,36.41
2021-10-29 12:52:30 +0530,456959,33.4,28.1,35.65,36.49
2021-10-29 12:53:00 +0530,456960,49.2,29.8,35.36,36.51
2021-10-29 12:53:30 +0530,456961,38.7,29.3,35.29,36.53
2021-10-29 12:54:00 +0530,456962,41.8,27.6,35.22,36.56
2021-10-29 12:54:30 +0530,456963,34.9,27.4,35.12,36.56
2021-10-29 12:55:00 +0530,456964,43.3,28.1,35.15,36.52
2021-10-29 12:55:30 +0530,456965,53.4,30.7,35.47,36.51
2021-10-29 12:56:00 +0530,456966,54.0,29.3,35.41,36.51
2021-10-29 12:56:30 +0530,456967,42.9,27.8,35.41,36.45
2021-10-29 12:57:00 +0530,456968,35.4,26.9,35.31,36.38
2021-10-29 12:57:30 +0530,456969,30.9,26.4,35.5,36.26
2021-10-29 12:58:00 +0530,456970,33.8,25.6,35.71,36.12
2021-10-29 12:58:30 +0530,456971,29.3,26.1,36.09,35.98
2021-10-29 12:59:00 +0530,456972,29.9,26.7,36.38,35.86
2021-10-29 12:59:30 +0530,456973,29.8,26.8,36.84,35.77
2021-10-29 13:00:00 +0530,456974,30.4,26.9,36.87,35.68
2021-10-29 13:00:30 +0530,456975,31.9,27.9,37.03,35.58
2021-10-29 13:01:00 +0530,456976,32.9,28.2,37.54,35.49
2021-10-29 13:01:30 +0530,456977,30.0,26.7,37.72,35.41
2021-10-29 13:02:00 +0530,456978,32.7,26.6,37.56,35.33
2021-10-29 13:02:30 +0530,456979,42.0,29.1,37.57,35.24
2021-10-29 13:03:00 +0530,456980,40.5,32.9,37.5,35.16
2021-10-29 13:03:30 +0530,456981,30.4,25.4,37.52,35.08
2021-10-29 13:04:00 +0530,456982,36.1,28.1,37.38,34.99
2021-10-29 13:04:30 +0530,456983,30.7,27.3,37.5,34.91
2021-10-29 13:05:00 +0530,456984,40.7,26.4,37.77,34.8
2021-10-29 13:05:30 +0530,456985,45.2,29.5,37.85,34.73
2021-10-29 13:06:00 +0530,456986,31.6,27.1,37.95,34.64
2021-10-29 13:06:30 +0530,456987,36.1,29.1,38.0,34.56
2021-10-29 13:07:00 +0530,456988,35.3,29.8,38.17,34.54
2021-10-29 13:07:30 +0530,456989,47.4,31.2,38.27,34.55
2021-10-29 13:08:00 +0530,456990,38.7,31.4,38.41,34.6
2021-10-29 13:08:30 +0530,456991,36.3,29.6,38.53,34.68
2021-10-29 13:09:00 +0530,456992,32.9,29.4,38.4,34.77
2021-10-29 13:09:30 +0530,456993,26.0,23.7,38.14,34.84
2021-10-29 13:10:00 +0530,456994,31.8,28.7,38.04,34.92
2021-10-29 13:10:30 +0530,456995,33.1,29.5,37.79,34.98
2021-10-29 13:11:00 +0530,456996,36.8,29.7,37.62,35.04
2021-10-29 13:11:30 +0530,456997,35.7,29.9,37.52,35.08
2021-10-29 13:12:00 +0530,456998,32.1,28.8,37.69,35.14
2021-10-29 13:12:30 +0530,456999,32.1,29.1,37.6,35.2
2021-10-29 13:13:00 +0530,457000,34.5,29.3,37.53,35.28
2021-10-29 13:13:30 +0530,457001,32.1,28.8,37.35,35.37
2021-10-29 13:14:00 +0530,457002,34.6,29.4,36.94,35.44
2021-10-29 13:14:30 +0530,457003,37.2,32.4,37.11,35.49
2021-10-29 13:15:00 +0530,457004,39.9,32.2,37.1,35.56
2021-10-29 13:15:30 +0530,457005,36.8,30.4,37.33,35.64
2021-10-29 13:16:00 +0530,457006,35.0,28.6,37.32,35.72
2021-10-29 13:16:30 +0530,457007,31.1,28.1,36.98,35.8
2021-10-29 13:17:00 +0530,457008,32.7,25.7,36.67,35.83
2021-10-29 13:17:30 +0530,457009,29.6,26.7,36.48,35.87
2021-10-29 13:18:00 +0530,457010,31.9,28.8,36.01,35.89
2021-10-29 13:18:30 +0530,457011,31.5,28.6,36.24,35.92
2021-10-29 13:19:00 +0530,457012,31.7,25.2,36.24,35.9
2021-10-29 13:19:30 +0530,457013,35.0,31.6,36.38,35.93
2021-10-29 13:20:00 +0530,457014,33.2,29.8,36.21,35.96
2021-10-29 13:20:30 +0530,457015,32.8,29.3,36.37,35.99
2021-10-29 13:21:00 +0530,457016,34.4,30.7,36.33,36.01
2021-10-29 13:21:30 +0530,457017,36.0,32.3,36.4,36.06
2021-10-29 13:22:00 +0530,457018,34.8,26.3,36.37,36.08
2021-10-29 13:22:30 +0530,457019,32.9,29.4,36.05,36.12
2021-10-29 13:23:00 +0530,457020,36.3,30.1,35.98,36.17
2021-10-29 13:23:30 +0530,457021,32.7,29.2,35.77,36.19
2021-10-29 13:24:00 +0530,457022,31.4,28.3,35.63,36.24
2021-10-29 13:24:30 +0530,457023,31.5,28.1,35.63,36.25
2021-10-29 13:25:00 +0530,457024,31.8,28.4,35.5,36.24
2021-10-29 13:25:30 +0530,457025,32.2,28.9,35.43,36.21
2021-10-29 13:26:00 +0530,457026,32.8,29.3,35.56,36.16
2021-10-29 13:26:30 +0530,457027,35.2,28.9,36.05,36.15
2021-10-29 13:27:00 +0530,457028,31.4,28.3,36.02,36.16
2021-10-29 13:27:30 +0530,457029,31.7,28.4,35.98,36.16
2021-10-29 13:28:00 +0530,457030,30.9,27.7,35.47,36.16
2021-10-29 13:28:30 +0530,457031,33.4,27.9,35.64,36.15
2021-10-29 13:29:00 +0530,457032,34.4,29.3,35.75,36.12
2021-10-29 13:29:30 +0530,457033,30.5,27.3,35.44,36.12
2021-10-29 13:30:00 +0530,457034,37.7,32.4,35.51,36.09
2021-10-29 13:30:30 +0530,457035,38.3,33.1,35.61,36.03
2021-10-29 13:31:00 +0530,457036,37.1,25.8,35.73,35.96
2021-10-29 13:31:30 +0530,457037,52.4,34.0,36.21,35.92
2021-10-29 13:32:00 +0530,457038,25.6,22.9,36.04,35.88
2021-10-29 13:32:30 +0530,457039,30.6,27.2,36.04,35.85
2021-10-29 13:33:00 +0530,457040,36.7,30.0,36.12,35.82
2021-10-29 13:33:30 +0530,457041,40.7,30.4,36.22,35.81
2021-10-29 13:34:00 +0530,457042,33.3,29.7,36.08,35.82
2021-10-29 13:34:30 +0530,457043,35.3,29.3,36.04,35.85
2021-10-29 13:35:00 +0530,457044,45.8,30.9,36.04,35.89
2021-10-29 13:35:30 +0530,457045,52.2,31.3,36.04,35.93
2021-10-29 13:36:00 +0530,457046,36.8,28.0,35.9,35.96
2021-10-29 13:36:30 +0530,457047,44.6,30.4,35.82,36.0
2021-10-29 13:37:00 +0530,457048,51.0,31.8,35.82,36.02
2021-10-29 13:37:30 +0530,457049,42.2,30.6,35.98,36.06
2021-10-29 13:38:00 +0530,457050,30.1,26.9,35.78,36.11
2021-10-29 13:38:30 +0530,457051,30.0,26.0,35.82,36.15
2021-10-29 13:39:00 +0530,457052,34.1,30.6,35.94,36.22
2021-10-29 13:39:30 +0530,457053,26.4,23.6,35.94,36.24
2021-10-29 13:40:00 +0530,457054,25.2,22.8,35.7,36.28
2021-10-29 13:40:30 +0530,457055,26.8,23.9,35.46,36.29
2021-10-29 13:41:00 +0530,457056,31.1,25.7,35.39,36.29
2021-10-29 13:41:30 +0530,457057,30.0,26.9,35.39,36.26
2021-10-29 13:42:00 +0530,457058,29.2,26.3,35.43,36.22
2021-10-29 13:42:30 +0530,457059,30.3,27.1,35.53,36.17
2021-10-29 13:43:00 +0530,457060,31.6,28.3,35.6,36.17
2021-10-29 13:43:30 +0530,457061,30.9,27.9,35.8,36.18
2021-10-29 13:44:00 +0530,457062,29.0,26.3,36.14,36.19
2021-10-29 13:44:30 +0530,457063,26.9,24.0,36.08,36.19
2021-10-29 13:45:00 +0530,457064,32.3,28.8,36.01,36.23
2021-10-29 13:45:30 +0530,457065,40.1,27.1,35.94,36.21
2021-10-29 13:46:00 +0530,457066,35.2,28.9,36.14,36.23
2021-10-29 13:46:30 +0530,457067,36.2,27.7,36.21,36.23
2021-10-29 13:47:00 +0530,457068,31.5,28.1,36.18,36.24
2021-10-29 13:47:30 +0530,457069,41.4,28.3,36.05,36.24
2021-10-29 13:48:00 +0530,457070,34.2,29.1,36.01,36.25
2021-10-29 13:48:30 +0530,457071,34.4,30.8,36.18,36.25
2021-10-29 13:49:00 +0530,457072,33.2,29.9,36.21,36.27
2021-10-29 13:49:30 +0530,457073,34.3,28.5,36.08,36.28
2021-10-29 13:50:00 +0530,457074,33.1,29.0,36.08,36.29
2021-10-29 13:50:30 +0530,457075,31.9,24.8,36.24,36.28
2021-10-29 13:51:00 +0530,457076,31.3,23.6,36.31,36.28
2021-10-29 13:51:30 +0530,457077,34.8,27.5,36.08,36.3
2021-10-29 13:52:00 +0530,457078,27.0,23.4,35.98,36.3
2021-10-29 13:52:30 +0530,457079,30.1,26.8,35.63,36.31
2021-10-29 13:53:00 +0530,457080,29.6,26.6,35.65,36.32
2021-10-29 13:53:30 +0530,457081,29.6,26.5,35.5,36.32
2021-10-29 13:54:00 +0530,457082,30.0,26.8,35.43,36.3
2021-10-29 13:54:30 +0530,457083,29.9,26.7,35.43,36.3
2021-10-29 13:55:00 +0530,457084,26.5,23.7,35.82,36.07
2021-10-29 13:55:30 +0530,457085,30.1,27.2,35.75,36.08
2021-10-29 13:56:00 +0530,457086,28.8,25.8,35.82,36.08
2021-10-29 13:56:30 +0530,457087,28.6,25.6,36.16,36.09
2021-10-29 13:57:00 +0530,457088,32.3,28.4,36.12,36.08
2021-10-29 13:57:30 +0530,457089,29.5,26.7,36.26,36.08
2021-10-29 13:58:00 +0530,457090,29.4,26.4,36.4,36.07
2021-10-29 13:58:30 +0530,457091,32.8,29.6,36.53,36.07
2021-10-29 13:59:00 +0530,457092,29.5,26.6,36.16,36.06
2021-10-29 13:59:30 +0530,457093,28.8,25.9,35.98,36.03
2021-10-29 14:00:00 +0530,457094,29.5,26.4,36.02,36.0
2021-10-29 14:00:30 +0530,457095,35.6,23.2,36.27,35.95
2021-10-29 14:01:00 +0530,457096,37.3,32.2,36.38,35.94
2021-10-29 14:01:30 +0530,457097,32.5,24.4,36.45,35.89
2021-10-29 14:02:00 +0530,457098,31.6,27.9,36.45,35.88
2021-10-29 14:02:30 +0530,457099,30.1,26.6,36.27,35.88
2021-10-29 14:03:00 +0530,457100,32.7,27.1,36.08,35.85
2021-10-29 14:03:30 +0530,457101,29.4,26.3,36.19,35.81
2021-10-29 14:04:00 +0530,457102,27.9,24.9,36.47,35.72
2021-10-29 14:04:30 +0530,457103,32.0,28.2,36.47,35.7
2021-10-29 14:05:00 +0530,457104,34.0,28.1,36.56,35.68
2021-10-29 14:05:30 +0530,457105,31.7,28.4,36.53,35.67
2021-10-29 14:06:00 +0530,457106,31.7,28.3,36.53,35.64
2021-10-29 14:06:30 +0530,457107,30.9,27.1,36.62,35.6
2021-10-29 14:07:00 +0530,457108,34.0,28.8,37.17,35.57
2021-10-29 14:07:30 +0530,457109,26.6,23.9,37.54,35.54
2021-10-29 14:08:00 +0530,457110,31.4,28.2,37.33,35.55
2021-10-29 14:08:30 +0530,457111,30.7,27.6,36.89,35.57
2021-10-29 14:09:00 +0530,457112,31.9,28.6,36.96,35.58
2021-10-29 14:09:30 +0530,457113,32.1,28.7,36.79,35.59
2021-10-29 14:10:00 +0530,457114,30.8,27.6,37.03,35.58
2021-10-29 14:10:30 +0530,457115,33.8,28.5,36.76,35.58
2021-10-29 14:11:00 +0530,457116,27.4,24.6,36.79,35.53
2021-10-29 14:11:30 +0530,457117,36.4,28.8,37.03,35.53
2021-10-29 14:12:00 +0530,457118,35.6,27.6,36.85,35.54
2021-10-29 14:12:30 +0530,457119,31.1,27.7,36.76,35.57
2021-10-29 14:13:00 +0530,457120,31.0,28.1,36.69,35.6
2021-10-29 14:13:30 +0530,457121,36.5,29.3,36.73,35.64
2021-10-29 14:14:00 +0530,457122,30.3,27.2,36.53,35.67
2021-10-29 14:14:30 +0530,457123,31.7,28.4,36.6,35.7
2021-10-29 14:15:00 +0530,457124,32.4,28.7,36.67,35.72
2021-10-29 14:15:30 +0530,457125,31.0,27.7,36.56,35.75
2021-10-29 14:16:00 +0530,457126,29.4,26.6,36.43,35.78
2021-10-29 14:16:30 +0530,457127,29.5,26.6,36.43,35.8
2021-10-29 14:17:00 +0530,457128,30.9,27.6,36.5,35.81
2021-10-29 14:17:30 +0530,457129,36.0,28.6,36.59,35.82
2021-10-29 14:18:00 +0530,457130,33.4,29.9,36.62,35.83
2021-10-29 14:18:30 +0530,457131,30.0,23.3,36.66,35.84
2021-10-29 14:19:00 +0530,457132,30.8,27.5,36.45,35.87
2021-10-29 14:19:30 +0530,457133,30.4,27.2,36.45,35.89
2021-10-29 14:20:00 +0530,457134,28.3,25.8,36.59,35.9
2021-10-29 14:20:30 +0530,457135,30.7,27.6,36.59,35.93
2021-10-29 14:21:00 +0530,457136,30.4,27.1,36.66,35.94
2021-10-29 14:21:30 +0530,457137,27.2,24.4,36.59,35.94
2021-10-29 14:22:00 +0530,457138,32.0,28.7,36.69,35.94
2021-10-29 14:22:30 +0530,457139,30.2,27.3,36.66,35.96
2021-10-29 14:23:00 +0530,457140,31.4,28.2,36.69,35.96
2021-10-29 14:23:30 +0530,457141,31.3,28.1,36.76,35.97
2021-10-29 14:24:00 +0530,457142,36.8,29.3,36.67,35.99
2021-10-29 14:24:30 +0530,457143,32.1,28.6,36.64,36.0
2021-10-29 14:25:00 +0530,457144,27.0,24.1,36.5,35.99
2021-10-29 14:25:30 +0530,457145,38.5,28.7,36.53,36.0
2021-10-29 14:26:00 +0530,457146,39.2,29.2,36.84,36.01
2021-10-29 14:26:30 +0530,457147,40.7,29.4,36.88,36.04
2021-10-29 14:27:00 +0530,457148,30.5,27.2,36.3,36.09
2021-10-29 14:27:30 +0530,457149,29.8,26.3,36.12,36.14
2021-10-29 14:28:00 +0530,457150,30.1,26.7,35.84,36.18
2021-10-29 14:28:30 +0530,457151,30.3,26.6,35.84,36.19
2021-10-29 14:29:00 +0530,457152,30.4,27.1,35.66,36.18
2021-10-29 14:29:30 +0530,457153,27.0,24.5,35.78,36.13
2021-10-29 14:30:00 +0530,457154,29.9,26.7,35.78,36.11
2021-10-29 14:30:30 +0530,457155,29.9,26.8,35.85,36.09
2021-10-29 14:31:00 +0530,457156,37.9,27.8,36.02,36.06
2021-10-29 14:31:30 +0530,457157,34.4,28.2,35.85,36.03
2021-10-29 14:32:00 +0530,457158,31.4,22.4,35.83,35.95
2021-10-29 14:32:30 +0530,457159,40.0,30.2,35.97,35.88
2021-10-29 14:33:00 +0530,457160,30.3,24.8,36.18,35.83
2021-10-29 14:33:30 +0530,457161,34.4,28.0,36.11,35.84
2021-10-29 14:34:00 +0530,457162,32.4,28.3,36.04,35.87
2021-10-29 14:34:30 +0530,457163,38.5,31.3,36.04,35.9
2021-10-29 14:35:00 +0530,457164,37.1,29.7,36.14,35.93
2021-10-29 14:35:30 +0530,457165,35.5,29.6,36.14,35.97
2021-10-29 14:36:00 +0530,457166,31.2,26.2,35.98,36.01
2021-10-29 14:36:30 +0530,457167,30.2,23.2,36.02,36.01
2021-10-29 14:37:00 +0530,457168,25.8,23.6,36.05,36.0
2021-10-29 14:37:30 +0530,457169,30.1,27.1,36.05,36.01
2021-10-29 14:38:00 +0530,457170,28.8,25.9,35.95,36.0
2021-10-29 14:38:30 +0530,457171,29.1,26.2,35.92,35.99
2021-10-29 14:39:00 +0530,457172,31.1,28.1,35.82,35.97
2021-10-29 14:39:30 +0530,457173,29.2,26.3,36.04,35.94
2021-10-29 14:40:00 +0530,457174,28.2,25.7,36.04,35.89
2021-10-29 14:40:30 +0530,457175,29.2,26.3,36.04,35.84
2021-10-29 14:41:00 +0530,457176,28.2,25.7,36.09,35.8
2021-10-29 14:41:30 +0530,457177,29.7,26.8,36.29,35.74
2021-10-29 14:42:00 +0530,457178,31.2,27.9,36.53,35.71
2021-10-29 14:42:30 +0530,457179,26.7,24.4,36.73,35.66
2021-10-29 14:43:00 +0530,457180,25.1,22.6,36.79,35.62
2021-10-29 14:43:30 +0530,457181,41.3,27.7,36.85,35.59
2021-10-29 14:44:00 +0530,457182,53.9,31.2,36.82,35.62
2021-10-29 14:44:30 +0530,457183,32.3,28.2,36.66,35.6
2021-10-29 14:45:00 +0530,457184,30.5,27.2,36.41,35.58
2021-10-29 14:45:30 +0530,457185,31.9,28.1,36.52,35.52
2021-10-29 14:46:00 +0530,457186,33.8,30.3,36.63,35.48
2021-10-29 14:46:30 +0530,457187,34.5,30.8,36.63,35.48
2021-10-29 14:47:30 +0530,457188,38.6,31.3,37.16,35.21
2021-10-29 14:48:00 +0530,457189,33.0,29.5,37.33,35.22
2021-10-29 14:48:30 +0530,457190,32.1,28.2,37.57,35.25
2021-10-29 14:49:00 +0530,457191,31.2,28.1,37.74,35.28
2021-10-29 14:49:30 +0530,457192,30.6,27.6,37.75,35.3
2021-10-29 14:50:00 +0530,457193,30.6,27.6,37.86,35.35
2021-10-29 14:50:30 +0530,457194,32.5,28.3,38.1,35.39
2021-10-29 14:51:00 +0530,457195,31.2,28.3,37.72,35.42
2021-10-29 14:51:30 +0530,457196,32.1,28.7,37.62,35.47
2021-10-29 14:52:00 +0530,457197,31.3,28.2,37.24,35.49
2021-10-29 14:52:30 +0530,457198,32.0,28.1,37.13,35.51
2021-10-29 14:53:00 +0530,457199,32.3,28.7,37.13,35.53
2021-10-29 14:53:30 +0530,457200,31.0,27.8,36.76,35.53
2021-10-29 14:54:00 +0530,457201,30.6,27.4,36.69,35.51
2021-10-29 14:54:30 +0530,457202,29.7,26.9,36.66,35.49
2021-10-29 14:55:00 +0530,457203,30.2,27.3,36.7,35.45
2021-10-29 14:55:30 +0530,457204,31.7,26.9,36.73,35.41
2021-10-29 14:56:00 +0530,457205,26.0,23.2,36.84,35.35
2021-10-29 14:56:30 +0530,457206,31.7,28.5,36.84,35.31
2021-10-29 14:57:00 +0530,457207,30.6,27.5,37.05,35.3
2021-10-29 14:57:30 +0530,457208,34.3,30.6,37.11,35.31
2021-10-29 14:58:00 +0530,457209,32.2,27.7,37.18,35.33
2021-10-29 14:58:30 +0530,457210,27.0,24.1,37.14,35.33
2021-10-29 14:59:00 +0530,457211,30.3,27.3,37.14,35.34
2021-10-29 14:59:30 +0530,457212,30.5,27.6,36.84,35.36
2021-10-29 15:00:00 +0530,457213,31.9,28.4,36.84,35.36
2021-10-29 15:00:30 +0530,457215,33.2,29.9,36.84,35.36
2021-10-29 15:01:00 +0530,457214,33.2,29.9,36.84,35.36
2021-10-29 15:01:30 +0530,457216,38.5,26.2,37.37,35.16
2021-10-29 15:02:00 +0530,457217,32.2,28.8,37.3,35.22
2021-10-29 15:02:30 +0530,457218,35.7,29.1,37.26,35.29
2021-10-29 15:03:00 +0530,457219,31.7,28.7,37.24,35.35
2021-10-29 15:03:30 +0530,457220,31.1,27.9,37.21,35.39
2021-10-29 15:04:00 +0530,457221,30.4,25.9,37.38,35.4
2021-10-29 15:04:30 +0530,457222,32.4,29.1,37.28,35.42
2021-10-29 15:05:00 +0530,457223,32.2,28.8,37.08,35.45
2021-10-29 15:05:30 +0530,457224,30.9,27.8,37.01,35.48
2021-10-29 15:06:00 +0530,457225,29.3,26.7,36.84,35.48
2021-10-29 15:06:30 +0530,457226,28.3,25.2,37.01,35.47
2021-10-29 15:07:00 +0530,457227,32.5,29.1,36.94,35.45
2021-10-29 15:07:30 +0530,457228,36.3,32.4,36.84,35.45
2021-10-29 15:08:00 +0530,457229,38.9,31.3,36.94,35.43
2021-10-29 15:08:30 +0530,457230,36.0,32.2,36.98,35.42
2021-10-29 15:09:00 +0530,457231,36.9,30.4,37.11,35.41
2021-10-29 15:09:30 +0530,457232,36.7,29.2,37.11,35.41
2021-10-29 15:10:00 +0530,457233,29.4,26.2,37.21,35.38
2021-10-29 15:10:30 +0530,457234,35.4,29.8,37.11,35.41
2021-10-29 15:11:00 +0530,457235,32.4,28.9,37.35,35.42
2021-10-29 15:11:30 +0530,457236,27.8,25.1,37.52,35.41
2021-10-29 15:12:00 +0530,457237,30.0,27.1,37.42,35.42
2021-10-29 15:12:30 +0530,457238,25.8,23.3,37.31,35.41
2021-10-29 15:13:00 +0530,457239,30.6,27.7,37.38,35.41
2021-10-29 15:13:30 +0530,457240,31.4,28.2,37.52,35.39
2021-10-29 15:14:00 +0530,457241,29.7,25.1,37.79,35.36
2021-10-29 15:14:30 +0530,457242,42.5,30.5,37.69,35.34
2021-10-29 15:15:00 +0530,457243,33.2,29.8,37.56,35.34
2021-10-29 15:15:30 +0530,457244,32.7,29.4,37.62,35.33
2021-10-29 15:16:00 +0530,457245,27.1,24.4,37.72,35.33
2021-10-29 15:16:30 +0530,457246,33.1,29.5,37.82,35.35
2021-10-29 15:17:00 +0530,457247,40.2,30.9,37.79,35.37
2021-10-29 15:17:30 +0530,457248,38.7,30.4,37.62,35.39
2021-10-29 15:18:00 +0530,457249,31.8,28.7,37.52,35.41
2021-10-29 15:18:30 +0530,457250,34.5,29.4,37.59,35.41
2021-10-29 15:19:00 +0530,457251,33.0,29.8,37.66,35.4
2021-10-29 15:19:30 +0530,457252,31.8,28.5,37.62,35.37
2021-10-29 15:20:00 +0530,457253,27.1,24.4,37.66,35.33
2021-10-29 15:20:30 +0530,457254,30.2,27.3,37.59,35.33
2021-10-29 15:21:00 +0530,457255,32.4,29.1,37.66,35.33
2021-10-29 15:21:30 +0530,457256,27.1,24.7,37.79,35.3
2021-10-29 15:22:00 +0530,457257,31.1,28.2,37.66,35.28
2021-10-29 15:22:30 +0530,457258,29.7,26.9,37.64,35.26
2021-10-29 15:23:00 +0530,457259,30.9,27.8,37.77,35.23
2021-10-29 15:23:30 +0530,457260,31.6,28.3,37.95,35.22
2021-10-29 15:24:00 +0530,457261,30.8,27.7,38.01,35.2
2021-10-29 15:24:30 +0530,457262,31.1,27.7,37.95,35.18
2021-10-29 15:25:00 +0530,457263,32.3,28.8,38.08,35.14
2021-10-29 15:25:30 +0530,457264,31.1,28.1,38.13,35.13
2021-10-29 15:26:00 +0530,457265,32.3,28.9,38.27,35.1
2021-10-29 15:26:30 +0530,457266,32.0,28.6,38.13,35.08
2021-10-29 15:27:00 +0530,457267,31.2,28.0,38.24,35.05
2021-10-29 15:27:30 +0530,457268,32.3,28.8,38.4,35.01
2021-10-29 15:28:00 +0530,457269,31.9,28.5,38.64,34.98
2021-10-29 15:28:30 +0530,457270,32.0,29.0,38.69,34.95
2021-10-29 15:29:00 +0530,457271,28.7,25.3,38.82,34.91
2021-10-29 15:29:30 +0530,457272,32.7,29.4,39.0,34.9
2021-10-29 15:30:00 +0530,457273,39.7,31.3,39.14,34.9
2021-10-29 15:30:30 +0530,457274,35.2,30.2,39.17,34.9
2021-10-29 15:31:00 +0530,457275,33.0,29.9,39.0,34.9
2021-10-29 15:31:30 +0530,457276,32.6,29.2,38.56,34.9
2021-10-29 15:32:00 +0530,457277,33.0,29.2,39.07,34.9
2021-10-29 15:32:30 +0530,457278,33.7,30.4,39.27,34.9
2021-10-29 15:33:00 +0530,457279,33.1,25.4,39.2,34.85
2021-10-29 15:33:30 +0530,457280,34.1,30.6,39.14,34.88
2021-10-29 15:34:00 +0530,457281,32.8,29.4,38.79,34.88
2021-10-29 15:34:30 +0530,457282,32.5,29.1,38.65,34.85
2021-10-29 15:35:00 +0530,457283,32.6,29.4,38.72,34.83
2021-10-29 15:35:30 +0530,457284,30.3,26.2,38.94,34.78
2021-10-29 15:36:00 +0530,457285,34.0,29.7,38.81,34.77
2021-10-29 15:36:30 +0530,457286,33.7,30.2,38.88,34.74
2021-10-29 15:37:00 +0530,457287,34.0,28.4,38.91,34.69
2021-10-29 15:37:30 +0530,457288,33.1,29.6,38.94,34.67
2021-10-29 15:38:00 +0530,457289,33.1,29.7,38.94,34.65
2021-10-29 15:38:30 +0530,457290,34.1,26.4,39.02,34.62
2021-10-29 15:39:00 +0530,457291,33.1,29.5,39.02,34.62
2021-10-29 15:39:30 +0530,457292,35.6,30.2,39.02,34.61
2021-10-29 15:40:00 +0530,457293,32.4,29.1,38.92,34.61
2021-10-29 15:40:30 +0530,457294,34.8,28.2,38.92,34.59
2021-10-29 15:41:00 +0530,457295,33.7,29.2,39.06,34.6
2021-10-29 15:41:30 +0530,457296,28.7,25.8,39.23,34.57
2021-10-29 15:42:00 +0530,457297,32.5,29.3,39.06,34.59
2021-10-29 15:42:30 +0530,457298,33.9,29.3,38.96,34.59
2021-10-29 15:43:00 +0530,457299,32.7,29.2,38.89,34.59
2021-10-29 15:43:30 +0530,457300,32.9,29.4,38.92,34.57
2021-10-29 15:44:00 +0530,457301,30.1,26.9,39.09,34.54
2021-10-29 15:44:30 +0530,457302,34.5,29.2,39.2,34.53
2021-10-29 15:45:00 +0530,457303,33.9,30.3,39.2,34.53
2021-10-29 15:45:30 +0530,457304,32.6,29.3,39.2,34.53
2021-10-29 15:46:00 +0530,457305,32.1,28.7,39.16,34.53
2021-10-29 15:46:30 +0530,457306,34.9,24.8,39.2,34.49
2021-10-29 15:47:00 +0530,457307,32.5,29.0,39.3,34.49
2021-10-29 15:47:30 +0530,457308,39.6,29.8,39.36,34.49
2021-10-29 15:48:00 +0530,457309,37.1,29.9,39.43,34.49
2021-10-29 15:48:30 +0530,457310,38.7,31.3,39.4,34.49
2021-10-29 15:49:00 +0530,457311,37.3,30.1,39.6,34.48
2021-10-29 15:49:30 +0530,457312,33.7,30.3,39.43,34.47
2021-10-29 15:50:00 +0530,457313,33.6,30.1,39.48,34.44
2021-10-29 15:50:30 +0530,457314,35.1,27.7,39.72,34.38
2021-10-29 15:51:00 +0530,457315,38.4,31.2,39.78,34.36
2021-10-29 15:51:30 +0530,457316,33.8,30.3,39.89,34.34
2021-10-29 15:52:00 +0530,457317,35.2,30.8,39.82,34.3
2021-10-29 15:52:30 +0530,457318,39.7,31.6,39.97,34.24
2021-10-29 15:53:00 +0530,457319,33.3,29.9,39.97,34.21
2021-10-29 15:53:30 +0530,457320,40.1,31.8,40.1,34.18
2021-10-29 15:54:00 +0530,457321,38.6,27.9,40.22,34.1
2021-10-29 15:54:30 +0530,457322,38.1,28.3,40.22,34.1
2021-10-29 15:55:00 +0530,457323,45.3,31.9,40.65,33.87
2021-10-29 15:55:30 +0530,457324,38.2,32.3,40.71,33.88
2021-10-29 15:56:00 +0530,457325,40.7,32.6,40.68,33.9
2021-10-29 15:56:30 +0530,457326,43.8,32.4,40.75,33.9
2021-10-29 15:57:00 +0530,457327,45.0,34.4,40.95,33.9
2021-10-29 15:57:30 +0530,457328,39.6,29.7,40.95,33.89
2021-10-29 15:58:00 +0530,457329,46.3,35.3,40.95,33.89
2021-10-29 15:58:30 +0530,457330,46.3,36.8,40.91,33.9
2021-10-29 15:59:00 +0530,457331,45.8,35.7,40.88,33.91
2021-10-29 15:59:30 +0530,457332,42.8,36.1,40.88,33.91
2021-10-29 16:00:00 +0530,457333,35.3,31.6,40.95,33.9
2021-10-29 16:00:30 +0530,457334,44.7,32.8,40.95,33.88
2021-10-29 16:01:00 +0530,457335,67.6,52.7,40.88,33.89
2021-10-29 16:01:30 +0530,457336,55.2,43.5,40.95,33.88
2021-10-29 16:02:00 +0530,457337,46.9,41.3,40.78,33.89
2021-10-29 16:02:30 +0530,457338,52.1,46.4,40.81,33.88
2021-10-29 16:03:00 +0530,457339,45.5,39.6,40.88,33.87
2021-10-29 16:03:30 +0530,457340,49.5,37.1,40.84,33.88
2021-10-29 16:04:00 +0530,457341,47.6,34.1,40.98,33.86
2021-10-29 16:04:30 +0530,457342,53.0,38.6,41.19,33.86
2021-10-29 16:05:00 +0530,457343,41.6,33.3,40.91,33.85
2021-10-29 16:05:30 +0530,457344,37.2,33.1,40.81,33.83
2021-10-29 16:06:00 +0530,457345,64.1,42.2,40.88,33.82
2021-10-29 16:06:30 +0530,457346,47.2,35.9,41.02,33.81
2021-10-29 16:07:00 +0530,457347,46.7,33.8,41.12,33.8
2021-10-29 16:07:30 +0530,457348,34.2,28.8,41.15,33.78
2021-10-29 16:08:00 +0530,457349,36.3,30.8,41.1,33.78
2021-10-29 16:08:30 +0530,457350,44.7,32.8,41.19,33.79
2021-10-29 16:09:00 +0530,457351,40.8,32.2,41.26,33.81
2021-10-29 16:09:30 +0530,457352,36.7,31.9,41.12,33.82
2021-10-29 16:10:00 +0530,457353,34.8,26.4,41.15,33.8
2021-10-29 16:10:30 +0530,457354,46.9,32.8,41.15,33.81
2021-10-29 16:11:00 +0530,457355,39.9,32.8,41.22,33.82
2021-10-29 16:11:30 +0530,457356,35.3,30.9,41.19,33.85
2021-10-29 16:12:00 +0530,457357,37.7,33.6,41.02,33.86
2021-10-29 16:12:30 +0530,457358,31.2,27.4,41.05,33.85
2021-10-29 16:13:00 +0530,457359,40.2,31.9,40.95,33.88
2021-10-29 16:13:30 +0530,457360,41.4,32.6,41.12,33.87
2021-10-29 16:14:00 +0530,457361,39.3,32.9,41.15,33.9
2021-10-29 16:14:30 +0530,457362,40.3,32.8,41.04,33.94
2021-10-29 16:15:00 +0530,457363,37.8,32.2,41.04,33.96
2021-10-29 16:15:30 +0530,457364,37.7,32.0,40.97,34.01
2021-10-29 16:16:00 +0530,457365,36.3,31.7,41.04,34.04
2021-10-29 16:16:30 +0530,457366,34.3,28.0,40.84,34.02
2021-10-29 16:17:00 +0530,457367,34.3,30.5,40.84,34.03
2021-10-29 16:17:30 +0530,457368,33.1,30.0,40.7,34.02
2021-10-29 16:18:00 +0530,457369,34.1,30.7,40.52,34.01
2021-10-29 16:18:30 +0530,457370,34.8,30.0,40.52,33.99
2021-10-29 16:19:00 +0530,457371,32.5,29.4,40.52,33.96
2021-10-29 16:20:00 +0530,457372,34.6,28.7,40.81,33.91
2021-10-29 16:20:30 +0530,457373,36.9,31.9,40.78,33.9
2021-10-29 16:21:00 +0530,457374,41.1,31.8,40.61,33.89
2021-10-29 16:21:30 +0530,457375,34.8,31.1,40.51,33.87
2021-10-29 16:22:00 +0530,457376,36.8,31.2,40.51,33.85
2021-10-29 16:22:30 +0530,457377,33.1,29.1,40.61,33.82
2021-10-29 16:23:00 +0530,457378,33.8,30.3,40.68,33.8
2021-10-29 16:23:30 +0530,457379,36.8,31.1,40.76,33.78
2021-10-29 16:24:00 +0530,457380,34.1,30.6,40.84,33.78
2021-10-29 16:24:30 +0530,457381,35.1,31.6,40.81,33.76
2021-10-29 16:25:00 +0530,457382,33.7,30.2,40.83,33.76
2021-10-29 16:25:30 +0530,457383,34.6,30.9,40.72,33.76
2021-10-29 16:26:00 +0530,457384,34.2,30.7,40.83,33.76
2021-10-29 16:26:30 +0530,457385,35.7,31.9,41.0,33.76
2021-10-29 16:27:00 +0530,457386,34.6,30.9,41.1,33.76
2021-10-29 16:27:30 +0530,457387,39.3,30.9,41.0,33.76
2021-10-29 16:28:00 +0530,457388,39.1,31.9,41.03,33.76
2021-10-29 16:28:30 +0530,457389,34.0,30.4,40.83,33.76
2021-10-29 16:29:00 +0530,457390,47.0,41.9,40.93,33.73
2021-10-29 16:29:30 +0530,457391,40.2,35.4,40.9,33.71
2021-10-29 16:30:00 +0530,457392,40.8,34.7,40.86,33.7
2021-10-29 16:30:30 +0530,457393,36.8,33.1,40.93,33.68
2021-10-29 16:31:00 +0530,457394,37.7,33.7,41.0,33.66
2021-10-29 16:31:30 +0530,457395,37.9,33.8,41.13,33.65
2021-10-29 16:32:00 +0530,457396,37.5,32.7,41.16,33.65
2021-10-29 16:32:30 +0530,457397,35.3,31.8,41.03,33.64
2021-10-29 16:33:00 +0530,457398,36.1,32.2,41.03,33.63
2021-10-29 16:33:30 +0530,457399,36.7,33.2,41.16,33.62
2021-10-29 16:34:00 +0530,457400,29.9,27.3,41.18,33.58
2021-10-29 16:34:30 +0530,457401,34.0,30.6,41.11,33.57
2021-10-29 16:35:00 +0530,457402,36.4,32.5,41.18,33.55
2021-10-29 16:35:30 +0530,457403,35.1,31.7,41.25,33.53
2021-10-29 16:36:00 +0530,457404,34.8,31.3,41.28,33.52
2021-10-29 16:36:30 +0530,457405,41.6,32.6,41.35,33.52
2021-10-29 16:37:00 +0530,457406,37.3,31.6,41.42,33.52
2021-10-29 16:37:30 +0530,457407,35.0,31.3,41.39,33.53
2021-10-29 16:38:00 +0530,457408,34.4,30.7,41.35,33.53
2021-10-29 16:38:30 +0530,457409,34.1,30.4,41.32,33.53
2021-10-29 16:39:00 +0530,457410,31.1,28.1,41.39,33.53
2021-10-29 16:39:30 +0530,457411,37.3,32.4,41.21,33.55
2021-10-29 16:40:00 +0530,457412,36.2,32.5,41.28,33.55
2021-10-29 16:40:30 +0530,457413,36.1,32.6,41.35,33.56
2021-10-29 16:41:00 +0530,457414,34.2,30.7,41.21,33.56
2021-10-29 16:41:30 +0530,457415,45.3,33.4,41.28,33.57
2021-10-29 16:42:00 +0530,457416,39.7,33.2,41.21,33.57
2021-10-29 16:42:30 +0530,457417,29.2,26.2,41.28,33.52
2021-10-29 16:43:00 +0530,457418,34.8,30.9,41.28,33.53
2021-10-29 16:43:30 +0530,457419,30.5,25.6,41.28,33.51
2021-10-29 16:44:00 +0530,457420,34.5,30.8,41.21,33.51
2021-10-29 16:44:30 +0530,457421,34.6,30.9,41.28,33.51
2021-10-29 16:45:00 +0530,457422,37.3,32.3,41.32,33.5
2021-10-29 16:45:30 +0530,457423,38.6,33.1,41.42,33.49
2021-10-29 16:46:00 +0530,457424,36.2,32.3,41.55,33.5
2021-10-29 16:46:30 +0530,457425,35.8,31.9,41.55,33.51
2021-10-29 16:47:00 +0530,457426,37.1,32.7,41.52,33.51
2021-10-29 16:47:30 +0530,457427,35.0,31.2,41.49,33.52
2021-10-29 16:48:00 +0530,457428,37.7,31.8,41.42,33.52
2021-10-29 16:48:30 +0530,457429,38.1,32.4,41.42,33.53
2021-10-29 16:49:00 +0530,457430,34.7,31.0,41.35,33.55
2021-10-29 16:49:30 +0530,457431,35.9,31.2,41.39,33.55
2021-10-29 16:50:00 +0530,457432,35.0,31.3,41.42,33.55
2021-10-29 16:50:30 +0530,457433,35.0,31.3,41.45,33.55
2021-10-29 16:51:00 +0530,457434,28.5,25.6,41.49,33.51
2021-10-29 16:51:30 +0530,457435,34.3,30.8,41.32,33.51
2021-10-29 16:52:00 +0530,457436,41.7,32.3,41.42,33.5
2021-10-29 16:52:30 +0530,457437,45.4,31.6,41.39,33.5
2021-10-29 16:53:00 +0530,457438,37.1,27.7,41.49,33.47
2021-10-29 16:53:30 +0530,457439,37.1,27.9,41.49,33.47
2021-10-29 16:54:00 +0530,457440,32.0,28.7,41.7,33.37
2021-10-29 16:54:30 +0530,457441,35.0,28.4,41.81,33.37
2021-10-29 16:55:00 +0530,457442,32.2,26.2,41.81,33.37
2021-10-29 16:55:30 +0530,457443,33.9,30.4,41.6,33.37
2021-10-29 16:56:00 +0530,457444,57.3,39.5,41.7,33.35
2021-10-29 16:56:30 +0530,457445,52.4,37.9,41.81,33.35
2021-10-29 16:57:00 +0530,457446,32.5,27.3,41.94,33.31
2021-10-29 16:57:30 +0530,457447,36.8,31.8,41.94,33.31
2021-10-29 16:58:00 +0530,457448,39.1,31.7,42.04,33.31
2021-10-29 16:58:30 +0530,457449,36.4,29.8,42.21,33.31
2021-10-29 16:59:00 +0530,457450,36.6,31.4,42.11,33.33
2021-10-29 16:59:30 +0530,457451,37.2,30.1,42.04,33.33
2021-10-29 17:00:00 +0530,457452,32.7,29.4,41.9,33.34
2021-10-29 17:00:30 +0530,457453,36.4,31.7,41.97,33.34
2021-10-29 17:01:00 +0530,457454,37.6,31.3,42.0,33.35
2021-10-29 17:01:30 +0530,457455,36.3,29.9,42.0,33.35
2021-10-29 17:02:00 +0530,457456,40.2,30.8,42.11,33.36
2021-10-29 17:02:30 +0530,457457,41.7,30.6,42.04,33.37
2021-10-29 17:03:00 +0530,457458,39.0,30.3,42.0,33.38
2021-10-29 17:03:30 +0530,457459,34.0,29.9,42.17,33.4
2021-10-29 17:04:00 +0530,457460,34.1,30.6,41.97,33.42
2021-10-29 17:04:30 +0530,457461,34.7,31.1,41.96,33.42
2021-10-29 17:05:00 +0530,457462,38.4,32.6,42.0,33.44
2021-10-29 17:05:30 +0530,457463,38.8,33.6,42.0,33.44
2021-10-29 17:06:00 +0530,457464,35.4,27.6,42.07,33.44
2021-10-29 17:06:30 +0530,457465,29.8,26.5,42.04,33.43
2021-10-29 17:07:30 +0530,457466,39.9,28.6,41.97,33.38
2021-10-29 17:08:00 +0530,457467,37.9,32.6,41.97,33.42
2021-10-29 17:08:30 +0530,457468,41.5,32.6,41.93,33.45
2021-10-29 17:09:00 +0530,457469,48.8,34.8,41.79,33.46
2021-10-29 17:09:30 +0530,457470,54.0,39.1,41.89,33.46
2021-10-29 17:10:00 +0530,457471,46.1,32.7,41.79,33.48
2021-10-29 17:10:30 +0530,457472,39.0,31.6,41.65,33.48
2021-10-29 17:11:00 +0530,457473,40.8,31.1,41.79,33.44
2021-10-29 17:11:30 +0530,457474,39.5,33.3,41.81,33.43
2021-10-29 17:12:00 +0530,457475,36.0,31.5,41.86,33.42
2021-10-29 17:12:30 +0530,457476,38.3,31.6,41.87,33.4
2021-10-29 17:13:00 +0530,457477,39.3,34.7,42.07,33.4
2021-10-29 17:13:30 +0530,457478,33.4,28.7,42.17,33.36
2021-10-29 17:14:00 +0530,457479,37.2,32.6,42.0,33.37
2021-10-29 17:14:30 +0530,457480,39.6,32.8,41.97,33.37
2021-10-29 17:15:00 +0530,457481,36.3,31.8,41.97,33.38
2021-10-29 17:15:30 +0530,457482,36.2,32.4,42.04,33.4
2021-10-29 17:16:00 +0530,457483,36.9,32.3,42.04,33.42
2021-10-29 17:16:30 +0530,457484,40.7,33.3,42.11,33.42
2021-10-29 17:17:00 +0530,457485,37.4,29.2,42.17,33.41
2021-10-29 17:17:30 +0530,457486,35.2,28.4,42.07,33.38
2021-10-29 17:18:00 +0530,457487,45.5,28.5,42.21,33.37
2021-10-29 17:18:30 +0530,457488,43.3,29.5,42.21,33.37
2021-10-29 17:19:30 +0530,457489,45.7,32.2,42.39,33.2
2021-10-29 17:20:00 +0530,457490,46.7,34.8,42.29,33.21
2021-10-29 17:20:30 +0530,457491,47.8,30.7,42.39,33.17
2021-10-29 17:21:00 +0530,457492,39.9,35.0,42.46,33.16
2021-10-29 17:21:30 +0530,457493,47.9,35.2,42.42,33.14
2021-10-29 17:22:00 +0530,457494,50.7,32.1,42.56,33.09
2021-10-29 17:22:30 +0530,457495,50.2,34.8,42.56,33.08
2021-10-29 17:23:00 +0530,457496,46.7,33.2,42.68,33.07
2021-10-29 17:23:30 +0530,457497,55.7,36.5,42.68,33.07
2021-10-29 17:24:00 +0530,457498,53.3,37.3,42.58,33.06
2021-10-29 17:24:30 +0530,457499,50.7,36.6,42.54,33.05
2021-10-29 17:25:00 +0530,457500,46.6,35.4,42.47,33.02
2021-10-29 17:25:30 +0530,457501,45.4,32.7,42.47,33.0
2021-10-29 17:26:00 +0530,457502,44.1,33.5,42.51,32.98
2021-10-29 17:26:30 +0530,457503,58.2,33.7,42.68,32.91
2021-10-29 17:27:00 +0530,457504,71.6,36.3,42.72,32.89
2021-10-29 17:27:30 +0530,457505,80.5,38.3,42.86,32.85
2021-10-29 17:28:00 +0530,457506,70.0,37.7,43.0,32.85
2021-10-29 17:28:30 +0530,457507,63.2,36.6,43.0,32.85
2021-10-29 17:29:00 +0530,457508,55.3,36.6,43.03,32.85
2021-10-29 17:29:30 +0530,457509,55.1,36.3,43.03,32.84
2021-10-29 17:30:00 +0530,457510,37.2,29.9,43.23,32.81
2021-10-29 17:30:30 +0530,457511,60.6,38.8,43.23,32.83
2021-10-29 17:31:00 +0530,457512,59.8,39.2,43.3,32.85
2021-10-29 17:31:30 +0530,457513,61.3,39.1,43.23,32.85
2021-10-29 17:32:00 +0530,457514,54.5,37.3,43.06,32.88
2021-10-29 17:32:30 +0530,457515,68.7,38.2,43.13,32.89
2021-10-29 17:33:00 +0530,457516,71.9,40.5,43.37,32.89
2021-10-29 17:33:30 +0530,457517,55.3,36.8,43.08,32.91
2021-10-29 17:34:00 +0530,457518,56.9,35.6,43.05,32.91
2021-10-29 17:34:30 +0530,457519,56.6,36.7,43.05,32.91
2021-10-29 17:35:00 +0530,457520,42.8,32.2,43.06,32.89
2021-10-29 17:35:30 +0530,457521,53.6,39.7,43.0,32.89
2021-10-29 17:36:00 +0530,457522,58.6,37.3,43.0,32.9
2021-10-29 17:36:30 +0530,457523,53.0,35.9,42.82,32.9
2021-10-29 17:37:00 +0530,457524,46.9,35.2,42.82,32.88
2021-10-29 17:37:30 +0530,457525,48.5,30.3,43.0,32.85
2021-10-29 17:38:00 +0530,457526,53.2,36.9,43.03,32.84
2021-10-29 17:38:30 +0530,457527,53.6,34.6,42.93,32.82
2021-10-29 17:39:00 +0530,457528,62.7,39.6,43.0,32.81
2021-10-29 17:39:30 +0530,457529,57.5,36.1,43.0,32.79
2021-10-29 17:40:00 +0530,457530,57.7,36.1,43.0,32.78
2021-10-29 17:40:30 +0530,457531,50.5,34.0,43.0,32.77
2021-10-29 17:41:00 +0530,457532,49.3,34.2,42.89,32.75
2021-10-29 17:41:30 +0530,457533,40.1,30.3,42.97,32.71
2021-10-29 17:42:00 +0530,457534,44.5,33.4,43.0,32.68
2021-10-29 17:42:30 +0530,457535,54.8,35.2,43.1,32.66
2021-10-29 17:43:00 +0530,457536,41.9,32.9,43.1,32.63
2021-10-29 17:43:30 +0530,457537,53.8,33.1,43.1,32.61
2021-10-29 17:44:00 +0530,457538,46.7,31.8,43.21,32.59
2021-10-29 17:44:30 +0530,457539,61.3,34.8,43.35,32.57
2021-10-29 17:45:00 +0530,457540,56.6,34.1,43.29,32.56
2021-10-29 17:45:30 +0530,457541,60.5,33.8,43.32,32.55
2021-10-29 17:46:00 +0530,457542,62.8,33.7,43.39,32.54
2021-10-29 17:46:30 +0530,457543,38.7,29.8,43.6,32.52
2021-10-29 17:47:00 +0530,457544,46.5,33.2,43.49,32.54
2021-10-29 17:47:30 +0530,457545,46.9,32.9,43.46,32.53
2021-10-29 17:48:00 +0530,457546,45.5,33.7,43.46,32.55
2021-10-29 17:48:30 +0530,457547,41.6,32.6,43.36,32.55
2021-10-29 17:49:00 +0530,457548,45.8,33.9,43.32,32.56
2021-10-29 17:49:30 +0530,457549,45.6,34.4,43.22,32.56
2021-10-29 17:50:00 +0530,457550,46.2,36.6,43.35,32.56
2021-10-29 17:50:30 +0530,457551,53.2,44.9,43.26,32.56
2021-10-29 17:51:00 +0530,457552,58.3,44.1,43.35,32.57
2021-10-29 17:51:30 +0530,457553,51.1,43.3,43.1,32.58
2021-10-29 17:52:00 +0530,457554,55.6,41.4,43.1,32.58
2021-10-29 17:52:30 +0530,457555,54.7,40.2,43.07,32.58
2021-10-29 17:53:00 +0530,457556,57.2,40.3,43.03,32.58
2021-10-29 17:53:30 +0530,457557,59.9,39.4,43.05,32.56
2021-10-29 17:54:00 +0530,457558,52.6,33.4,43.22,32.5
2021-10-29 17:54:30 +0530,457559,54.3,37.3,43.09,32.48
2021-10-29 17:55:00 +0530,457560,48.8,38.8,43.26,32.48
2021-10-29 17:55:30 +0530,457561,47.1,37.3,43.32,32.47
2021-10-29 17:56:00 +0530,457562,52.0,38.7,43.22,32.47
2021-10-29 17:56:30 +0530,457563,55.9,39.9,43.22,32.48
2021-10-29 17:57:00 +0530,457564,53.8,39.1,43.19,32.48
2021-10-29 17:57:30 +0530,457565,50.1,34.1,43.02,32.47
2021-10-29 17:58:00 +0530,457566,41.6,30.5,43.09,32.43
2021-10-29 17:58:30 +0530,457567,53.7,37.3,43.09,32.41
2021-10-29 17:59:00 +0530,457568,47.5,34.7,43.2,32.4
2021-10-29 17:59:30 +0530,457569,51.9,36.1,43.03,32.41
2021-10-29 18:00:00 +0530,457570,55.0,32.6,43.06,32.37
2021-10-29 18:00:30 +0530,457571,55.1,37.8,43.13,32.38
2021-10-29 18:01:00 +0530,457572,64.3,42.4,43.23,32.38
2021-10-29 18:01:30 +0530,457573,59.6,39.6,43.2,32.39
2021-10-29 18:02:00 +0530,457574,40.9,34.4,43.16,32.35
2021-10-29 18:02:30 +0530,457575,57.4,39.3,43.27,32.35
2021-10-29 18:03:00 +0530,457576,69.9,41.1,43.34,32.35
2021-10-29 18:03:30 +0530,457577,77.3,41.0,43.3,32.38
2021-10-29 18:04:00 +0530,457578,58.0,34.7,43.27,32.35
2021-10-29 18:04:30 +0530,457579,97.8,42.6,43.37,32.33
2021-10-29 18:05:00 +0530,457580,45.1,40.1,43.27,32.34
2021-10-29 18:05:30 +0530,457581,50.5,40.1,43.23,32.37
2021-10-29 18:06:00 +0530,457582,56.0,39.2,43.16,32.38
2021-10-29 18:06:30 +0530,457583,69.8,42.9,43.16,32.38
2021-10-29 18:07:00 +0530,457584,63.2,43.4,43.23,32.38
2021-10-29 18:07:30 +0530,457585,66.2,42.4,43.16,32.38
2021-10-29 18:08:00 +0530,457586,44.3,33.9,43.27,32.33
2021-10-29 18:08:30 +0530,457587,56.5,43.0,43.23,32.34
2021-10-29 18:09:00 +0530,457588,54.7,41.1,43.3,32.35
2021-10-29 18:09:30 +0530,457589,49.4,37.3,43.37,32.38
2021-10-29 18:10:00 +0530,457590,46.4,37.2,43.34,32.4
2021-10-29 18:10:30 +0530,457591,55.1,37.1,43.22,32.41
2021-10-29 18:11:00 +0530,457592,49.9,37.2,43.09,32.43
2021-10-29 18:11:30 +0530,457593,81.1,40.8,43.19,32.45
2021-10-29 18:12:00 +0530,457594,51.7,36.7,42.92,32.46
2021-10-29 18:12:30 +0530,457595,37.7,30.8,43.02,32.43
2021-10-29 18:13:00 +0530,457596,45.5,37.1,42.88,32.45
2021-10-29 18:13:30 +0530,457597,53.9,37.1,42.95,32.43
2021-10-29 18:14:00 +0530,457598,62.4,38.8,43.16,32.43
2021-10-29 18:14:30 +0530,457599,55.7,39.1,43.09,32.42
2021-10-29 18:15:00 +0530,457600,47.1,37.7,43.16,32.42
2021-10-29 18:15:30 +0530,457601,48.9,37.2,43.09,32.42
2021-10-29 18:16:00 +0530,457602,44.8,36.7,43.09,32.43
2021-10-29 18:16:30 +0530,457603,116.6,45.5,43.09,32.44
2021-10-29 18:17:00 +0530,457604,42.7,36.6,43.02,32.44
2021-10-29 18:17:30 +0530,457605,42.7,36.9,42.98,32.46
2021-10-29 18:18:00 +0530,457606,43.3,36.1,42.98,32.47
2021-10-29 18:18:30 +0530,457607,46.1,36.4,42.98,32.47
2021-10-29 18:19:00 +0530,457608,54.7,38.8,43.02,32.47
2021-10-29 18:19:30 +0530,457609,44.9,34.3,42.92,32.47
2021-10-29 18:20:00 +0530,457610,48.8,34.3,42.92,32.45
2021-10-29 18:20:30 +0530,457611,47.4,35.3,42.95,32.45
2021-10-29 18:21:00 +0530,457612,43.9,33.6,42.88,32.45
2021-10-29 18:21:30 +0530,457613,50.5,29.6,42.98,32.44
2021-10-29 18:22:00 +0530,457614,52.1,35.5,42.95,32.44
2021-10-29 18:22:30 +0530,457615,40.4,34.7,43.05,32.45
2021-10-29 18:23:00 +0530,457616,47.4,31.9,43.09,32.44
2021-10-29 18:23:30 +0530,457617,45.7,34.6,42.98,32.46
2021-10-29 18:24:00 +0530,457618,46.4,35.1,42.98,32.47
2021-10-29 18:24:30 +0530,457619,41.1,31.2,43.19,32.45
2021-10-29 18:25:00 +0530,457620,54.8,36.6,43.02,32.46
2021-10-29 18:25:30 +0530,457621,47.6,36.1,42.95,32.46
2021-10-29 18:26:00 +0530,457622,63.9,38.3,43.05,32.45
2021-10-29 18:26:30 +0530,457623,49.1,35.4,42.98,32.43
2021-10-29 18:27:00 +0530,457624,51.0,35.4,42.98,32.41
2021-10-29 18:27:30 +0530,457625,48.4,35.8,43.06,32.4
2021-10-29 18:28:00 +0530,457626,55.0,37.6,43.16,32.38
2021-10-29 18:28:30 +0530,457627,63.6,41.3,43.44,32.37
2021-10-29 18:29:00 +0530,457628,73.1,43.7,43.4,32.38
2021-10-29 18:29:30 +0530,457629,88.7,43.7,43.57,32.39
2021-10-29 18:30:00 +0530,457630,65.3,40.1,43.34,32.41
2021-10-29 18:30:30 +0530,457631,66.2,42.3,43.42,32.42
2021-10-29 18:31:00 +0530,457632,58.2,38.9,43.19,32.45
2021-10-29 18:31:30 +0530,457633,56.2,37.9,43.05,32.47
2021-10-29 18:32:00 +0530,457634,56.1,37.2,42.98,32.49
2021-10-29 18:32:30 +0530,457635,55.1,37.2,43.02,32.52
2021-10-29 18:33:00 +0530,457636,42.9,34.9,43.02,32.54
2021-10-29 18:33:30 +0530,457637,50.0,33.7,43.09,32.54
2021-10-29 18:34:00 +0530,457638,42.1,31.7,43.16,32.5
2021-10-29 18:34:30 +0530,457639,42.7,36.9,43.09,32.55
2021-10-29 18:35:00 +0530,457640,43.7,38.2,43.1,32.58
2021-10-29 18:35:30 +0530,457641,55.9,38.7,43.03,32.59
2021-10-29 18:36:00 +0530,457642,50.9,39.2,43.0,32.6
2021-10-29 18:37:00 +0530,457644,59.7,38.1,43.03,32.66
2021-10-29 18:37:30 +0530,457645,62.1,36.9,42.93,32.67
2021-10-29 18:38:00 +0530,457643,59.2,38.3,42.97,32.69
2021-10-29 18:38:30 +0530,457646,52.4,36.4,43.05,32.56
2021-10-29 18:39:00 +0530,457647,66.9,47.4,43.0,32.61
2021-10-29 18:39:30 +0530,457648,58.4,40.1,42.9,32.63
2021-10-29 18:40:00 +0530,457649,49.3,36.5,42.87,32.63
2021-10-29 18:40:30 +0530,457650,55.8,38.1,42.84,32.66
2021-10-29 18:41:00 +0530,457651,52.0,38.2,42.8,32.67
2021-10-29 18:41:30 +0530,457652,56.3,42.0,42.84,32.67
2021-10-29 18:42:00 +0530,457653,52.8,37.2,42.73,32.67
2021-10-29 18:42:30 +0530,457654,49.7,33.5,42.84,32.62
2021-10-29 18:43:00 +0530,457655,46.6,34.7,42.93,32.6
2021-10-29 18:43:30 +0530,457656,76.6,45.8,42.93,32.59
2021-10-29 18:44:00 +0530,457657,62.9,41.2,43.02,32.55
2021-10-29 18:44:30 +0530,457658,66.5,41.8,43.16,32.5
2021-10-29 18:45:00 +0530,457659,75.0,44.2,43.32,32.49
2021-10-29 18:45:30 +0530,457660,71.5,41.8,43.29,32.5
2021-10-29 18:46:00 +0530,457661,50.5,35.9,43.36,32.49
2021-10-29 18:46:30 +0530,457662,61.7,39.8,43.29,32.52
2021-10-29 18:47:00 +0530,457663,58.3,39.6,43.22,32.53
2021-10-29 18:47:30 +0530,457664,50.4,40.7,43.29,32.54
2021-10-29 18:48:00 +0530,457665,53.4,40.4,43.21,32.56
2021-10-29 18:48:30 +0530,457666,66.1,39.9,43.21,32.57
2021-10-29 18:49:00 +0530,457667,67.4,35.9,43.36,32.56
2021-10-29 18:49:30 +0530,457668,50.6,38.1,43.03,32.56
2021-10-29 18:50:00 +0530,457669,49.2,34.8,43.09,32.52
2021-10-29 18:50:30 +0530,457670,57.9,39.2,43.16,32.5
2021-10-29 18:51:00 +0530,457671,64.9,40.8,43.26,32.48
2021-10-29 18:51:30 +0530,457672,49.9,40.2,43.26,32.47
2021-10-29 18:52:00 +0530,457673,61.3,41.6,43.29,32.45
2021-10-29 18:52:30 +0530,457674,61.2,41.3,43.36,32.44
2021-10-29 18:53:00 +0530,457675,68.7,41.4,43.42,32.42
2021-10-29 18:53:30 +0530,457676,62.7,42.1,43.46,32.41
2021-10-29 18:54:00 +0530,457677,65.2,42.8,43.53,32.41
2021-10-29 18:54:30 +0530,457678,46.3,33.8,43.54,32.38
2021-10-29 18:55:00 +0530,457679,49.1,39.6,43.5,32.35
2021-10-29 18:55:30 +0530,457680,56.9,40.9,43.57,32.34
2021-10-29 18:56:00 +0530,457681,72.0,38.9,43.71,32.3
2021-10-29 18:56:30 +0530,457682,68.4,44.9,43.87,32.29
2021-10-29 18:57:00 +0530,457683,58.5,41.3,43.87,32.29
2021-10-29 18:57:30 +0530,457684,57.6,41.1,43.84,32.3
2021-10-29 18:58:00 +0530,457685,53.9,39.8,43.74,32.3
2021-10-29 18:58:30 +0530,457686,50.3,39.3,43.71,32.3
2021-10-29 18:59:00 +0530,457687,52.0,34.3,43.84,32.27
2021-10-29 18:59:30 +0530,457688,55.0,39.9,43.8,32.26
2021-10-29 19:00:00 +0530,457689,55.9,40.8,43.8,32.25
2021-10-29 19:00:30 +0530,457690,61.9,41.1,43.87,32.24
2021-10-29 19:01:00 +0530,457691,57.3,44.9,43.96,32.22
2021-10-29 19:01:30 +0530,457692,48.5,37.1,44.09,32.18
2021-10-29 19:02:00 +0530,457693,50.9,40.1,43.99,32.18
2021-10-29 19:02:30 +0530,457694,51.9,40.1,43.92,32.18
2021-10-29 19:03:00 +0530,457695,51.0,39.7,43.99,32.17
2021-10-29 19:03:30 +0530,457696,50.1,35.9,44.13,32.13
2021-10-29 19:04:00 +0530,457697,53.5,40.0,44.19,32.12
2021-10-29 19:04:30 +0530,457698,54.8,40.9,44.19,32.12
2021-10-29 19:05:00 +0530,457699,57.0,40.7,44.22,32.1
2021-10-29 19:05:30 +0530,457700,51.1,35.8,44.34,32.05
2021-10-29 19:06:00 +0530,457701,49.6,40.8,44.37,32.04
2021-10-29 19:06:30 +0530,457702,53.2,40.4,44.34,32.04
2021-10-29 19:07:00 +0530,457703,55.5,42.3,44.34,32.05
2021-10-29 19:07:30 +0530,457704,53.8,41.8,44.3,32.05
2021-10-29 19:08:00 +0530,457705,57.0,41.6,44.3,32.05
2021-10-29 19:08:30 +0530,457706,56.8,41.3,44.27,32.05
2021-10-29 19:09:00 +0530,457707,53.4,40.9,44.34,32.04
2021-10-29 19:09:30 +0530,457708,53.5,41.0,44.34,32.05
2021-10-29 19:10:00 +0530,457709,59.0,42.5,44.37,32.05
2021-10-29 19:10:30 +0530,457710,63.5,42.4,44.37,32.04
2021-10-29 19:11:00 +0530,457711,49.9,37.6,44.1,32.03
2021-10-29 19:11:30 +0530,457712,53.0,38.4,44.17,32.0
2021-10-29 19:12:00 +0530,457713,48.0,38.4,44.27,31.97
2021-10-29 19:12:30 +0530,457714,50.1,38.8,44.37,31.96
2021-10-29 19:13:00 +0530,457715,49.0,38.9,44.41,31.94
2021-10-29 19:13:30 +0530,457716,50.6,38.4,44.47,31.92
2021-10-29 19:14:00 +0530,457717,56.6,39.6,44.64,31.9
2021-10-29 19:14:30 +0530,457718,50.0,39.2,44.64,31.89
2021-10-29 19:15:00 +0530,457719,48.1,37.4,44.45,31.86
2021-10-29 19:15:30 +0530,457720,48.1,36.7,44.48,31.85
2021-10-29 19:16:00 +0530,457721,53.8,40.2,44.69,31.83
2021-10-29 19:16:30 +0530,457722,47.4,38.4,44.62,31.83
2021-10-29 19:17:00 +0530,457723,54.3,42.9,44.69,31.82
2021-10-29 19:17:30 +0530,457724,52.2,40.7,44.69,31.83
2021-10-29 19:18:00 +0530,457725,57.5,44.8,44.69,31.84
2021-10-29 19:18:30 +0530,457726,45.9,35.4,44.79,31.83
2021-10-29 19:19:00 +0530,457727,57.7,41.2,44.89,31.85
2021-10-29 19:19:30 +0530,457728,50.8,34.2,44.79,31.85
2021-10-29 19:20:00 +0530,457729,53.5,40.5,44.69,31.88
2021-10-29 19:20:30 +0530,457730,46.1,38.8,44.64,31.92
2021-10-29 19:21:00 +0530,457731,49.2,38.7,44.58,31.94
2021-10-29 19:21:30 +0530,457732,42.7,37.8,44.61,31.96
2021-10-29 19:22:00 +0530,457733,42.5,36.4,44.74,31.97
2021-10-29 19:22:30 +0530,457734,50.3,36.8,44.54,31.97
2021-10-29 19:23:00 +0530,457735,43.0,35.6,44.47,31.98
2021-10-29 19:23:30 +0530,457736,57.2,39.1,44.7,31.95
2021-10-29 19:24:00 +0530,457737,50.3,36.8,44.7,31.94
2021-10-29 19:24:30 +0530,457738,49.3,33.3,44.81,31.89
2021-10-29 19:25:00 +0530,457739,51.6,36.6,44.76,31.88
2021-10-29 19:25:30 +0530,457740,49.5,37.6,44.76,31.87
2021-10-29 19:26:00 +0530,457741,50.5,37.2,44.79,31.85
2021-10-29 19:26:30 +0530,457742,52.0,36.9,44.89,31.84
2021-10-29 19:27:00 +0530,457743,66.0,40.1,44.96,31.82
2021-10-29 19:27:30 +0530,457744,40.0,31.6,45.03,31.8
2021-10-29 19:28:00 +0530,457745,44.8,33.2,45.12,31.76
2021-10-29 19:28:30 +0530,457746,52.3,37.4,45.12,31.78
2021-10-29 19:29:00 +0530,457747,58.5,39.1,45.23,31.78
2021-10-29 19:29:30 +0530,457748,51.6,37.3,45.03,31.81
2021-10-29 19:30:00 +0530,457749,49.7,37.8,45.06,31.82
2021-10-29 19:30:30 +0530,457750,46.7,36.2,45.03,31.83
2021-10-29 19:31:00 +0530,457751,45.4,37.2,45.03,31.82
2021-10-29 19:31:30 +0530,457752,49.4,37.3,45.03,31.82
2021-10-29 19:32:00 +0530,457753,44.1,32.2,45.16,31.79
2021-10-29 19:32:30 +0530,457754,46.1,36.8,45.16,31.78
2021-10-29 19:33:00 +0530,457755,41.0,34.8,45.12,31.78
2021-10-29 19:33:30 +0530,457756,47.4,34.8,45.16,31.78
2021-10-29 19:34:00 +0530,457757,43.1,36.1,45.16,31.79
2021-10-29 19:34:30 +0530,457758,48.5,36.2,45.16,31.81
2021-10-29 19:35:00 +0530,457759,42.0,36.4,45.26,31.83
2021-10-29 19:35:30 +0530,457760,48.4,35.8,45.23,31.85
2021-10-29 19:36:00 +0530,457761,47.0,36.4,45.26,31.87
2021-10-29 19:36:30 +0530,457762,44.2,35.8,45.12,31.88
2021-10-29 19:37:00 +0530,457763,49.5,36.8,45.19,31.9
2021-10-29 19:37:30 +0530,457764,41.6,35.0,45.01,31.92
2021-10-29 19:38:00 +0530,457765,45.2,35.6,44.98,31.89
2021-10-29 19:38:30 +0530,457766,46.9,36.1,44.99,31.87
2021-10-29 19:39:30 +0530,457767,55.4,35.4,45.26,31.83
2021-10-29 19:40:00 +0530,457768,45.2,32.3,45.33,31.81
2021-10-29 19:40:30 +0530,457769,48.8,36.2,45.3,31.82
2021-10-29 19:41:00 +0530,457770,51.6,36.5,45.33,31.82
2021-10-29 19:41:30 +0530,457771,47.4,35.2,45.23,31.84
2021-10-29 19:42:00 +0530,457772,46.4,35.6,45.23,31.84
2021-10-29 19:42:30 +0530,457773,36.7,29.0,45.51,31.69
2021-10-29 19:43:00 +0530,457774,39.7,34.1,45.34,31.71
2021-10-29 19:43:30 +0530,457775,38.4,34.3,45.33,31.72
2021-10-29 19:44:00 +0530,457776,44.5,34.8,45.4,31.73
2021-10-29 19:44:30 +0530,457777,39.6,34.7,45.36,31.75
2021-10-29 19:45:00 +0530,457778,47.7,36.2,45.36,31.76
2021-10-29 19:45:30 +0530,457779,48.5,36.3,45.4,31.76
2021-10-29 19:46:00 +0530,457780,42.6,34.8,45.36,31.78
2021-10-29 19:46:30 +0530,457781,50.5,39.0,45.4,31.78
2021-10-29 19:47:00 +0530,457782,44.5,35.1,45.33,31.79
2021-10-29 19:47:30 +0530,457783,40.5,34.7,45.3,31.79
2021-10-29 19:48:00 +0530,457784,39.3,33.5,45.16,31.75
2021-10-29 19:48:30 +0530,457785,46.9,34.5,45.3,31.73
2021-10-29 19:49:00 +0530,457786,57.1,32.8,45.54,31.68
2021-10-29 19:49:30 +0530,457787,51.5,39.3,45.54,31.67
2021-10-29 19:50:00 +0530,457788,54.7,39.8,45.61,31.65
2021-10-29 19:50:30 +0530,457789,45.4,36.8,45.64,31.64
2021-10-29 19:51:00 +0530,457790,40.3,31.3,45.78,31.59
2021-10-29 19:51:30 +0530,457791,50.0,36.3,45.74,31.58
2021-10-29 19:52:00 +0530,457792,43.0,35.6,45.74,31.59
2021-10-29 19:52:30 +0530,457793,45.6,35.3,45.78,31.59
2021-10-29 19:53:00 +0530,457794,46.5,38.4,45.81,31.58
2021-10-29 19:53:30 +0530,457795,34.6,28.6,45.9,31.54
2021-10-29 19:54:00 +0530,457796,46.9,36.5,45.9,31.52
2021-10-29 19:54:30 +0530,457797,46.8,38.4,45.93,31.51
2021-10-29 19:55:00 +0530,457798,42.0,30.6,45.99,31.44
2021-10-29 19:55:30 +0530,457799,121.8,46.4,46.09,31.42
2021-10-29 19:56:00 +0530,457800,64.9,42.3,46.16,31.42
2021-10-29 19:56:30 +0530,457801,51.7,40.8,46.09,31.42
2021-10-29 19:57:00 +0530,457802,51.7,38.8,46.12,31.42
2021-10-29 19:57:30 +0530,457803,44.2,37.2,46.06,31.43
2021-10-29 19:58:00 +0530,457804,40.4,35.7,46.06,31.43
2021-10-29 19:58:30 +0530,457805,42.1,34.2,46.02,31.43
2021-10-29 19:59:00 +0530,457806,52.6,38.1,46.09,31.43
2021-10-29 19:59:30 +0530,457807,42.4,36.6,45.99,31.43
2021-10-29 20:00:00 +0530,457808,48.8,37.1,46.02,31.43
2021-10-29 20:00:30 +0530,457809,49.5,37.7,46.06,31.44
2021-10-29 20:01:00 +0530,457810,47.6,37.7,46.06,31.43
2021-10-29 20:01:30 +0530,457811,45.4,36.4,46.06,31.42
2021-10-29 20:02:00 +0530,457812,59.2,38.1,46.12,31.42
2021-10-29 20:02:30 +0530,457813,53.2,38.5,46.26,31.41
2021-10-29 20:03:00 +0530,457814,48.6,36.2,46.16,31.41
2021-10-29 20:03:30 +0530,457815,52.6,39.3,46.16,31.41
2021-10-29 20:04:00 +0530,457816,41.8,35.6,46.12,31.4
2021-10-29 20:04:30 +0530,457817,28.4,17.1,46.24,31.34
2021-10-29 20:05:00 +0530,457818,49.9,37.1,46.34,31.35
2021-10-29 20:05:30 +0530,457819,38.1,33.0,46.31,31.31
2021-10-29 20:06:00 +0530,457820,52.6,39.5,46.27,31.31
2021-10-29 20:06:30 +0530,457821,49.3,37.8,46.27,31.3
2021-10-29 20:07:00 +0530,457822,42.0,36.3,46.27,31.3
2021-10-29 20:07:30 +0530,457823,38.1,32.1,46.41,31.26
2021-10-29 20:08:00 +0530,457824,51.2,39.3,46.51,31.23
2021-10-29 20:08:30 +0530,457825,49.3,35.1,46.6,31.21
2021-10-29 20:09:00 +0530,457826,45.9,35.7,46.62,31.21
2021-10-29 20:09:30 +0530,457827,46.5,37.7,46.54,31.23
2021-10-29 20:10:00 +0530,457828,47.6,38.3,46.6,31.25
2021-10-29 20:10:30 +0530,457829,45.9,38.1,46.51,31.28
2021-10-29 20:11:00 +0530,457830,48.4,32.8,46.54,31.28
2021-10-29 20:11:30 +0530,457831,48.7,37.8,46.51,31.31
2021-10-29 20:12:00 +0530,457832,34.6,31.3,46.51,31.29
2021-10-29 20:12:30 +0530,457833,34.8,31.2,46.47,31.31
2021-10-29 20:13:00 +0530,457834,40.5,36.1,46.41,31.33
2021-10-29 20:13:30 +0530,457835,46.9,34.8,46.47,31.31
2021-10-29 20:14:00 +0530,457836,45.8,36.1,46.57,31.35
2021-10-29 20:14:30 +0530,457837,44.7,39.8,46.33,31.38
2021-10-29 20:15:00 +0530,457838,43.5,38.9,46.3,31.42
2021-10-29 20:15:30 +0530,457839,46.3,38.8,46.33,31.44
2021-10-29 20:16:00 +0530,457840,45.2,38.7,46.16,31.46
2021-10-29 20:16:30 +0530,457841,48.5,37.6,46.06,31.5
2021-10-29 20:17:00 +0530,457842,42.1,35.7,46.06,31.49
2021-10-29 20:17:30 +0530,457843,48.0,42.1,46.12,31.49
2021-10-29 20:18:01 +0530,457844,48.0,42.1,46.12,31.49
2021-10-29 20:18:30 +0530,457845,39.9,34.3,46.38,31.37
2021-10-29 20:19:00 +0530,457846,54.5,38.4,46.38,31.38
2021-10-29 20:19:30 +0530,457847,44.5,35.7,46.41,31.37
2021-10-29 20:20:00 +0530,457848,37.9,33.8,46.34,31.38
2021-10-29 20:20:30 +0530,457849,40.4,34.8,46.3,31.38
2021-10-29 20:21:00 +0530,457850,33.8,30.3,46.38,31.34
2021-10-29 20:21:30 +0530,457851,34.5,29.8,46.47,31.34
2021-10-29 20:22:00 +0530,457852,40.8,35.3,46.38,31.36
2021-10-29 20:22:30 +0530,457853,51.7,30.3,46.34,31.35
2021-10-29 20:23:00 +0530,457854,42.7,36.5,46.34,31.36
2021-10-29 20:23:30 +0530,457855,47.4,36.8,46.34,31.37
2021-10-29 20:24:00 +0530,457856,47.5,36.2,46.3,31.38
2021-10-29 20:24:30 +0530,457857,49.2,36.8,46.3,31.4
2021-10-29 20:25:00 +0530,457858,52.1,38.7,46.33,31.4
2021-10-29 20:25:30 +0530,457859,31.7,28.4,46.31,31.34
2021-10-29 20:26:00 +0530,457860,41.8,34.8,46.27,31.34
2021-10-29 20:26:30 +0530,457861,41.8,34.8,46.27,31.34
2021-10-29 20:27:00 +0530,457862,38.3,30.7,46.54,31.21
2021-10-29 20:27:30 +0530,457863,45.1,34.7,46.57,31.22
2021-10-29 20:28:00 +0530,457864,44.3,34.3,46.54,31.25
2021-10-29 20:28:30 +0530,457865,40.1,33.1,46.44,31.27
2021-10-29 20:29:00 +0530,457866,38.3,33.1,46.38,31.28
2021-10-29 20:29:30 +0530,457867,41.5,33.6,46.38,31.29
2021-10-29 20:30:00 +0530,457868,34.3,29.4,46.41,31.28
2021-10-29 20:30:30 +0530,457869,33.6,28.0,46.41,31.26
2021-10-29 20:31:00 +0530,457870,39.4,33.4,46.41,31.25
2021-10-29 20:31:30 +0530,457871,32.4,27.5,46.41,31.22
2021-10-29 20:32:00 +0530,457872,40.0,33.1,46.38,31.22
2021-10-29 20:32:30 +0530,457873,40.3,32.1,46.41,31.22
2021-10-29 20:33:00 +0530,457874,39.1,33.2,46.41,31.21
2021-10-29 20:33:30 +0530,457875,37.7,33.5,46.44,31.21
2021-10-29 20:34:00 +0530,457876,37.7,33.5,46.44,31.21
2021-10-29 20:34:30 +0530,457877,37.8,33.7,46.51,31.21
2021-10-29 20:35:00 +0530,457878,42.3,33.3,46.47,31.21
2021-10-29 20:35:30 +0530,457879,36.2,32.0,46.44,31.2
2021-10-29 20:36:00 +0530,457880,42.5,35.4,46.45,31.19
2021-10-29 20:36:30 +0530,457881,48.3,36.4,46.45,31.18
2021-10-29 20:37:00 +0530,457882,47.3,36.1,46.52,31.16
2021-10-29 20:37:30 +0530,457883,40.3,34.3,46.52,31.16
2021-10-29 20:38:00 +0530,457884,46.8,36.8,46.52,31.16
2021-10-29 20:38:30 +0530,457885,42.2,34.6,46.55,31.16
2021-10-29 20:39:30 +0530,457886,56.5,32.7,46.76,31.18
2021-10-29 20:40:00 +0530,457887,79.0,40.9,46.78,31.2
2021-10-29 20:40:30 +0530,457888,54.3,35.2,46.64,31.23
2021-10-29 20:41:00 +0530,457889,40.0,33.2,46.47,31.24
2021-10-29 20:41:30 +0530,457890,39.6,33.2,46.47,31.24
2021-10-29 20:42:30 +0530,457891,40.4,34.1,46.9,31.02
2021-10-29 20:43:00 +0530,457892,44.2,37.7,46.79,31.05
2021-10-29 20:43:30 +0530,457893,43.0,34.4,46.62,31.1
2021-10-29 20:44:00 +0530,457894,34.3,29.7,46.66,31.07
2021-10-29 20:44:30 +0530,457895,41.4,34.3,46.62,31.11
2021-10-29 20:45:00 +0530,457896,47.1,36.9,46.62,31.13
2021-10-29 20:45:30 +0530,457897,39.1,34.8,46.62,31.14
2021-10-29 20:46:00 +0530,457898,42.2,34.2,46.59,31.16
2021-10-29 20:46:30 +0530,457899,40.7,33.6,46.52,31.18
2021-10-29 20:47:00 +0530,457900,47.1,34.6,46.52,31.19
2021-10-29 20:47:30 +0530,457901,47.2,35.9,46.52,31.19
2021-10-29 20:48:00 +0530,457902,42.2,33.1,46.59,31.15
2021-10-29 20:48:30 +0530,457903,40.6,33.6,46.55,31.15
2021-10-29 20:49:00 +0530,457904,39.0,29.3,46.62,31.12
2021-10-29 20:49:30 +0530,457905,34.3,30.6,46.76,31.08
2021-10-29 20:50:00 +0530,457906,43.0,34.7,46.76,31.09
2021-10-29 20:50:30 +0530,457907,47.6,35.4,46.79,31.1
2021-10-29 20:51:00 +0530,457908,44.4,35.2,46.83,31.12
2021-10-29 20:51:30 +0530,457909,42.6,34.6,46.66,31.15
2021-10-29 20:52:00 +0530,457910,44.9,35.3,46.55,31.16
2021-10-29 20:52:30 +0530,457911,34.6,30.8,46.66,31.14
2021-10-29 20:53:00 +0530,457912,43.3,35.4,46.66,31.15
2021-10-29 20:53:30 +0530,457913,39.9,34.7,46.62,31.16
2021-10-29 20:54:00 +0530,457914,37.9,33.4,46.55,31.18
2021-10-29 20:54:30 +0530,457915,49.0,38.7,46.55,31.16
2021-10-29 20:55:00 +0530,457916,48.6,40.9,46.55,31.15
2021-10-29 20:55:30 +0530,457917,53.6,39.2,46.62,31.12
2021-10-29 20:56:00 +0530,457918,64.7,42.2,46.76,31.11
2021-10-29 20:56:30 +0530,457919,46.3,31.6,46.83,31.08
2021-10-29 20:57:00 +0530,457920,42.7,35.6,46.83,31.08
2021-10-29 20:57:30 +0530,457921,43.7,34.0,46.79,31.05
2021-10-29 20:58:00 +0530,457922,47.0,35.5,46.79,31.04
2021-10-29 20:58:30 +0530,457923,42.3,35.4,46.83,31.07
2021-10-29 20:59:00 +0530,457924,46.1,31.8,46.86,31.04
2021-10-29 20:59:30 +0530,457925,49.9,36.7,46.83,31.04
2021-10-29 21:00:00 +0530,457926,38.3,34.1,46.76,31.04
2021-10-29 21:00:30 +0530,457927,34.2,30.5,46.9,31.02
2021-10-29 21:01:00 +0530,457928,39.3,33.7,46.9,31.02
2021-10-29 21:01:30 +0530,457929,40.7,33.6,46.83,31.02
2021-10-29 21:02:00 +0530,457930,38.4,34.2,46.83,31.02
2021-10-29 21:02:30 +0530,457931,38.5,28.5,47.0,31.02
2021-10-29 21:03:30 +0530,457932,42.2,33.1,46.93,31.02
2021-10-29 21:04:00 +0530,457933,43.2,37.2,46.93,31.02
2021-10-29 21:04:30 +0530,457934,40.0,34.3,46.93,31.02
2021-10-29 21:05:00 +0530,457935,42.1,35.3,46.93,30.99
2021-10-29 21:05:30 +0530,457936,46.7,31.1,47.03,30.93
2021-10-29 21:06:00 +0530,457937,40.7,35.1,47.07,30.94
2021-10-29 21:06:30 +0530,457938,45.6,36.6,47.17,30.93
2021-10-29 21:07:00 +0530,457939,52.0,37.6,47.21,30.92
2021-10-29 21:07:30 +0530,457940,50.4,37.4,47.21,30.94
2021-10-29 21:08:00 +0530,457941,43.6,34.8,47.1,30.95
2021-10-29 21:08:30 +0530,457942,39.3,35.3,47.1,30.96
2021-10-29 21:09:00 +0530,457943,70.6,38.3,47.27,30.94
2021-10-29 21:09:30 +0530,457944,61.3,43.5,47.21,30.97
2021-10-29 21:10:00 +0530,457945,45.8,38.1,47.07,31.02
2021-10-29 21:10:30 +0530,457946,44.7,36.2,47.03,31.02
2021-10-29 21:11:00 +0530,457947,50.3,39.2,47.07,30.99
2021-10-29 21:11:30 +0530,457948,44.4,35.7,47.14,30.97
2021-10-29 21:12:00 +0530,457949,50.3,33.9,47.31,30.93
2021-10-29 21:12:30 +0530,457950,47.5,36.8,47.34,30.92
2021-10-29 21:13:00 +0530,457951,48.0,37.1,47.34,30.92
2021-10-29 21:13:30 +0530,457952,39.9,34.2,47.34,30.91
2021-10-29 21:14:00 +0530,457953,42.3,35.3,47.38,30.91
2021-10-29 21:14:30 +0530,457954,42.9,36.4,47.41,30.92
2021-10-29 21:15:00 +0530,457955,45.2,36.6,47.38,30.93
2021-10-29 21:15:30 +0530,457956,55.1,37.9,47.41,30.96
2021-10-29 21:16:00 +0530,457957,53.3,37.1,47.38,30.96
2021-10-29 21:16:30 +0530,457958,47.3,36.9,47.31,30.98
2021-10-29 21:17:00 +0530,457959,47.1,37.2,47.34,30.98
2021-10-29 21:17:30 +0530,457960,45.3,36.5,47.27,30.97
2021-10-29 21:18:00 +0530,457961,49.0,32.3,47.41,30.92
2021-10-29 21:18:30 +0530,457962,38.9,34.8,47.44,30.87
2021-10-29 21:19:00 +0530,457963,43.1,35.4,47.54,30.86
2021-10-29 21:19:30 +0530,457964,44.6,34.8,47.55,30.85
2021-10-29 21:20:00 +0530,457965,42.0,34.3,47.57,30.85
2021-10-29 21:20:30 +0530,457966,40.5,35.4,47.55,30.84
2021-10-29 21:21:00 +0530,457967,39.4,34.5,47.62,30.83
2021-10-29 21:21:30 +0530,457968,41.0,29.9,47.72,30.82
2021-10-29 21:22:00 +0530,457969,39.2,34.5,47.69,30.83
2021-10-29 21:22:30 +0530,457970,39.8,34.7,47.69,30.83
2021-10-29 21:23:00 +0530,457971,40.7,36.3,47.65,30.84
2021-10-29 21:23:30 +0530,457972,39.0,34.7,47.69,30.83
2021-10-29 21:24:00 +0530,457973,38.6,34.4,47.69,30.83
2021-10-29 21:24:30 +0530,457974,38.0,30.1,47.69,30.81
2021-10-29 21:25:00 +0530,457975,35.1,29.9,47.69,30.81
2021-10-29 21:25:30 +0530,457976,39.6,31.4,47.99,30.62
2021-10-29 21:26:00 +0530,457977,40.3,35.1,47.96,30.67
2021-10-29 21:26:30 +0530,457978,38.1,33.9,47.92,30.69
2021-10-29 21:27:00 +0530,457979,43.4,34.1,47.96,30.7
2021-10-29 21:27:30 +0530,457980,39.7,27.5,48.05,30.7
2021-10-29 21:28:00 +0530,457981,37.6,33.9,47.99,30.74
2021-10-29 21:28:30 +0530,457982,41.9,35.2,47.96,30.76
2021-10-29 21:29:00 +0530,457983,39.0,34.9,47.89,30.79
2021-10-29 21:29:30 +0530,457984,43.1,35.3,47.86,30.8
2021-10-29 21:30:00 +0530,457985,38.8,33.9,47.79,30.82
2021-10-29 21:30:30 +0530,457986,37.7,33.7,47.72,30.82
2021-10-29 21:31:00 +0530,457987,38.6,33.7,47.82,30.81
2021-10-29 21:31:30 +0530,457988,35.9,30.1,47.92,30.79
2021-10-29 21:32:00 +0530,457989,35.9,26.8,47.89,30.76
2021-10-29 21:32:30 +0530,457990,37.4,33.6,47.89,30.78
2021-10-29 21:33:00 +0530,457991,39.6,34.3,47.86,30.79
2021-10-29 21:33:30 +0530,457992,41.2,37.4,47.92,30.78
2021-10-29 21:34:00 +0530,457993,34.6,27.8,47.96,30.75
2021-10-29 21:34:30 +0530,457994,33.5,29.8,47.99,30.75
2021-10-29 21:35:00 +0530,457995,32.9,29.4,47.96,30.71
2021-10-29 21:35:30 +0530,457996,37.8,34.0,47.99,30.74
2021-10-29 21:36:00 +0530,457997,31.5,28.8,48.19,30.72
2021-10-29 21:36:30 +0530,457998,32.2,29.1,48.19,30.72
2021-10-29 21:37:00 +0530,457999,38.2,34.3,48.12,30.74
2021-10-29 21:37:30 +0530,458000,39.7,34.7,48.12,30.75
2021-10-29 21:38:00 +0530,458001,41.2,34.4,48.05,30.77
2021-10-29 21:38:30 +0530,458002,36.7,32.8,48.02,30.78
2021-10-29 21:39:00 +0530,458003,40.3,32.3,48.08,30.76
2021-10-29 21:39:30 +0530,458004,41.0,36.7,48.05,30.77
2021-10-29 21:40:00 +0530,458005,39.6,35.3,48.02,30.77
2021-10-29 21:40:30 +0530,458006,38.0,34.3,48.02,30.77
2021-10-29 21:41:00 +0530,458007,37.6,33.9,48.05,30.78
2021-10-29 21:41:30 +0530,458008,39.2,35.1,47.99,30.78
2021-10-29 21:42:00 +0530,458009,40.6,32.3,47.92,30.79
2021-10-29 21:42:30 +0530,458010,40.1,34.4,47.92,30.77
2021-10-29 21:43:00 +0530,458011,39.0,33.4,47.89,30.77
2021-10-29 21:43:30 +0530,458012,33.2,29.6,47.96,30.71
2021-10-29 21:44:00 +0530,458013,39.3,34.3,48.08,30.71
2021-10-29 21:44:30 +0530,458014,32.8,29.5,48.2,30.7
2021-10-29 21:45:00 +0530,458015,39.4,35.2,48.15,30.71
2021-10-29 21:45:30 +0530,458016,38.4,34.2,48.08,30.72
2021-10-29 21:46:00 +0530,458017,37.9,33.9,47.96,30.71
2021-10-29 21:46:31 +0530,458018,33.7,30.1,48.03,30.68
2021-10-29 21:47:00 +0530,458019,42.4,34.5,48.1,30.65
2021-10-29 21:47:30 +0530,458020,40.8,35.0,48.1,30.64
2021-10-29 21:48:00 +0530,458021,37.8,33.7,48.1,30.62
2021-10-29 21:48:30 +0530,458022,37.7,33.6,48.16,30.6
2021-10-29 21:49:00 +0530,458023,34.8,27.8,48.34,30.56
2021-10-29 21:49:30 +0530,458024,40.5,35.0,48.3,30.57
2021-10-29 21:50:00 +0530,458025,39.3,34.6,48.2,30.57
2021-10-29 21:50:30 +0530,458026,44.2,35.1,48.23,30.57
2021-10-29 21:51:00 +0530,458027,41.6,34.3,48.23,30.57
2021-10-29 21:51:30 +0530,458028,34.9,31.1,48.37,30.56
2021-10-29 21:52:00 +0530,458029,38.1,30.8,48.44,30.54
2021-10-29 21:52:30 +0530,458030,39.6,35.4,48.3,30.54
2021-10-29 21:53:00 +0530,458031,42.1,35.1,48.23,30.54
2021-10-29 21:53:30 +0530,458032,46.0,34.2,48.23,30.53
2021-10-29 21:54:00 +0530,458033,47.5,34.2,48.3,30.54
2021-10-29 21:54:30 +0530,458034,36.9,33.1,48.34,30.54
2021-10-29 21:55:00 +0530,458035,37.9,32.7,48.2,30.54
2021-10-29 21:55:30 +0530,458036,39.6,34.1,48.2,30.54
2021-10-29 21:56:00 +0530,458037,33.9,29.1,48.34,30.52
2021-10-29 21:56:30 +0530,458038,36.8,32.9,48.2,30.53
2021-10-29 21:57:00 +0530,458039,34.1,30.6,48.31,30.51
2021-10-29 21:57:30 +0530,458040,34.9,29.9,48.31,30.51
2021-10-29 21:58:00 +0530,458041,38.7,33.8,48.34,30.53
2021-10-29 21:58:30 +0530,458042,38.1,34.2,48.3,30.55
2021-10-29 21:59:00 +0530,458043,43.8,35.0,48.2,30.56
2021-10-29 21:59:30 +0530,458044,42.4,34.3,48.2,30.59
2021-10-29 22:00:00 +0530,458045,41.2,33.9,48.16,30.59
2021-10-29 22:00:30 +0530,458046,34.6,29.7,48.23,30.59
2021-10-29 22:01:00 +0530,458047,37.1,33.1,48.03,30.6
2021-10-29 22:01:30 +0530,458048,46.3,34.6,48.03,30.6
2021-10-29 22:02:00 +0530,458049,37.2,32.8,47.93,30.61
2021-10-29 22:02:30 +0530,458050,41.0,33.6,47.93,30.6
2021-10-29 22:03:00 +0530,458051,39.9,35.6,47.83,30.57
2021-10-29 22:03:30 +0530,458052,37.4,28.6,47.96,30.53
2021-10-29 22:04:00 +0530,458053,44.2,33.8,48.03,30.5
2021-10-29 22:04:30 +0530,458054,40.4,36.3,48.11,30.5
2021-10-29 22:05:00 +0530,458055,34.2,27.8,48.31,30.47
2021-10-29 22:05:30 +0530,458056,38.1,34.1,48.21,30.49
2021-10-29 22:06:00 +0530,458057,39.6,33.8,48.18,30.51
2021-10-29 22:06:30 +0530,458058,36.6,32.8,48.1,30.52
2021-10-29 22:07:00 +0530,458059,31.7,28.3,48.13,30.52
2021-10-29 22:07:30 +0530,458060,37.1,32.0,47.96,30.53
2021-10-29 22:08:00 +0530,458061,35.5,31.6,47.96,30.54
2021-10-29 22:08:30 +0530,458062,36.8,32.9,47.93,30.56
2021-10-29 22:09:00 +0530,458063,46.1,35.2,47.93,30.57
2021-10-29 22:09:30 +0530,458064,34.9,27.2,47.96,30.55
2021-10-29 22:10:00 +0530,458065,36.2,32.4,47.83,30.57
2021-10-29 22:10:30 +0530,458066,31.9,28.1,47.79,30.54
2021-10-29 22:11:00 +0530,458067,39.4,31.8,47.76,30.54
2021-10-29 22:11:30 +0530,458068,33.4,29.3,47.93,30.5
2021-10-29 22:12:00 +0530,458069,45.8,37.0,47.94,30.49
2021-10-29 22:12:30 +0530,458070,42.7,35.2,48.04,30.47
2021-10-29 22:13:00 +0530,458071,33.0,29.4,48.14,30.44
2021-10-29 22:13:30 +0530,458072,37.4,33.0,48.14,30.45
2021-10-29 22:14:00 +0530,458073,36.6,32.7,48.11,30.45
2021-10-29 22:14:30 +0530,458074,37.6,33.1,48.14,30.47
2021-10-29 22:15:00 +0530,458075,37.3,32.7,48.14,30.48
2021-10-29 22:15:30 +0530,458076,37.3,33.0,48.14,30.5
2021-10-29 22:16:00 +0530,458077,37.0,27.8,48.11,30.49
2021-10-29 22:16:30 +0530,458078,35.5,31.7,47.96,30.51
2021-10-29 22:17:00 +0530,458079,36.8,32.4,47.96,30.51
2021-10-29 22:17:30 +0530,458080,31.9,28.7,48.07,30.48
2021-10-29 22:18:00 +0530,458081,36.2,32.2,48.01,30.48
2021-10-29 22:18:30 +0530,458082,36.9,33.2,48.01,30.47
2021-10-29 22:19:00 +0530,458083,40.7,34.1,48.01,30.47
2021-10-29 22:19:30 +0530,458084,43.4,33.5,48.01,30.46
2021-10-29 22:20:00 +0530,458085,41.8,34.4,48.01,30.45
2021-10-29 22:20:30 +0530,458086,40.1,30.2,48.14,30.39
2021-10-29 22:21:00 +0530,458087,31.6,28.2,48.31,30.35
2021-10-29 22:21:30 +0530,458088,40.9,33.1,48.28,30.35
2021-10-29 22:22:00 +0530,458089,48.6,35.2,48.31,30.34
2021-10-29 22:22:30 +0530,458090,53.3,35.6,48.35,30.34
2021-10-29 22:23:00 +0530,458091,38.9,33.7,48.35,30.31
2021-10-29 22:23:30 +0530,458092,44.4,34.4,48.35,30.28
2021-10-29 22:24:00 +0530,458093,37.9,33.9,48.42,30.25
2021-10-29 22:24:30 +0530,458094,38.1,33.9,48.48,30.25
2021-10-29 22:25:00 +0530,458095,43.5,35.7,48.55,30.24
2021-10-29 22:25:30 +0530,458096,53.2,38.6,48.62,30.23
2021-10-29 22:26:00 +0530,458097,38.5,31.8,48.79,30.19
2021-10-29 22:26:30 +0530,458098,46.2,33.5,48.69,30.19
2021-10-29 22:27:00 +0530,458099,40.2,30.7,48.76,30.15
2021-10-29 22:27:30 +0530,458100,45.1,33.9,48.76,30.16
2021-10-29 22:28:00 +0530,458101,38.7,34.1,48.66,30.15
2021-10-29 22:28:30 +0530,458102,32.7,27.9,48.79,30.11
2021-10-29 22:29:00 +0530,458103,42.6,34.4,48.76,30.1
2021-10-29 22:29:30 +0530,458104,40.4,33.3,48.76,30.09
2021-10-29 22:30:00 +0530,458105,36.6,32.7,48.83,30.1
2021-10-29 22:30:30 +0530,458106,38.5,33.9,48.76,30.11
2021-10-29 22:31:00 +0530,458107,48.2,34.0,48.79,30.12
2021-10-29 22:31:30 +0530,458108,39.0,33.0,48.76,30.15
2021-10-29 22:32:00 +0530,458109,35.8,29.8,48.79,30.13
2021-10-29 22:32:30 +0530,458110,47.5,35.4,48.66,30.15
2021-10-29 22:33:00 +0530,458111,43.7,34.6,48.66,30.15
2021-10-29 22:33:30 +0530,458112,39.9,33.6,48.63,30.16
2021-10-29 22:34:00 +0530,458113,37.3,33.2,48.69,30.16
2021-10-29 22:34:30 +0530,458114,37.7,33.7,48.66,30.17
2021-10-29 22:35:00 +0530,458115,34.0,30.3,48.83,30.15
2021-10-29 22:35:30 +0530,458116,37.7,33.7,48.7,30.16
2021-10-29 22:36:00 +0530,458117,40.2,34.2,48.72,30.17
2021-10-29 22:36:30 +0530,458118,62.0,37.1,48.69,30.18
2021-10-29 22:37:00 +0530,458119,47.1,35.0,48.69,30.19
2021-10-29 22:37:30 +0530,458120,41.9,33.2,48.69,30.18
2021-10-29 22:38:00 +0530,458121,36.8,32.6,48.69,30.17
2021-10-29 22:38:30 +0530,458122,36.4,32.7,48.66,30.16
2021-10-29 22:39:00 +0530,458123,42.4,37.8,48.66,30.16
2021-10-29 22:39:30 +0530,458124,35.9,32.3,48.7,30.16
2021-10-29 22:40:00 +0530,458125,39.0,32.7,48.76,30.15
2021-10-29 22:40:30 +0530,458126,45.8,35.1,48.79,30.15
2021-10-29 22:41:00 +0530,458127,37.2,31.1,48.86,30.11
2021-10-29 22:41:30 +0530,458128,38.3,34.4,48.86,30.12
2021-10-29 22:42:00 +0530,458129,36.2,32.4,48.83,30.13
2021-10-29 22:42:30 +0530,458130,39.0,33.4,48.83,30.13
2021-10-29 22:43:00 +0530,458131,36.8,32.8,48.76,30.15
2021-10-29 22:43:30 +0530,458132,36.5,31.8,48.66,30.15
2021-10-29 22:44:00 +0530,458133,35.8,32.0,48.63,30.13
2021-10-29 22:44:30 +0530,458134,41.5,34.1,48.76,30.12
2021-10-29 22:45:00 +0530,458135,37.3,28.6,48.86,30.09
2021-10-29 22:45:30 +0530,458136,31.5,28.2,48.97,30.07
2021-10-29 22:46:00 +0530,458137,36.8,33.0,48.93,30.07
2021-10-29 22:46:30 +0530,458138,36.5,32.6,48.97,30.08
2021-10-29 22:47:00 +0530,458139,34.9,27.8,48.97,30.05
2021-10-29 22:47:30 +0530,458140,39.4,33.7,48.97,30.07
2021-10-29 22:48:00 +0530,458141,43.8,34.4,49.0,30.07
2021-10-29 22:48:30 +0530,458142,31.0,28.0,49.03,30.05
2021-10-29 22:49:00 +0530,458143,32.8,29.3,49.03,30.04
2021-10-29 22:49:30 +0530,458144,37.9,34.1,49.03,30.05
2021-10-29 22:50:00 +0530,458145,38.6,34.6,49.07,30.06
2021-10-29 22:50:30 +0530,458146,40.4,33.5,49.03,30.08
2021-10-29 22:51:00 +0530,458147,41.4,35.2,49.0,30.1
2021-10-29 22:51:30 +0530,458148,39.2,34.6,48.97,30.11
2021-10-29 22:52:00 +0530,458149,35.9,32.2,49.03,30.11
2021-10-29 22:52:30 +0530,458150,42.0,34.8,49.0,30.13
2021-10-29 22:53:00 +0530,458151,41.1,35.0,48.97,30.15
2021-10-29 22:53:30 +0530,458152,32.2,28.7,48.97,30.13
2021-10-29 22:54:00 +0530,458153,38.0,33.9,48.9,30.13
2021-10-29 22:54:30 +0530,458154,42.6,34.7,48.97,30.15
2021-10-29 22:55:00 +0530,458155,39.9,35.3,48.97,30.17
2021-10-29 22:55:30 +0530,458156,45.7,35.6,48.99,30.18
2021-10-29 22:56:00 +0530,458157,46.4,34.6,48.92,30.19
2021-10-29 22:56:30 +0530,458158,41.6,37.1,48.95,30.21
2021-10-29 22:57:00 +0530,458159,41.0,34.4,48.92,30.22
2021-10-29 22:57:30 +0530,458160,36.7,31.3,49.02,30.2
2021-10-29 22:58:00 +0530,458161,45.0,34.6,48.95,30.21
2021-10-29 22:58:30 +0530,458162,59.6,37.2,48.99,30.21
2021-10-29 22:59:00 +0530,458163,57.2,37.6,49.09,30.21
2021-10-29 22:59:30 +0530,458164,55.5,34.2,49.19,30.19
2021-10-29 23:00:00 +0530,458165,56.8,36.6,49.12,30.19
2021-10-29 23:00:30 +0530,458166,56.4,37.4,49.12,30.19
2021-10-29 23:01:00 +0530,458167,54.6,35.8,49.12,30.19
2021-10-29 23:01:30 +0530,458168,56.6,36.4,49.15,30.19
2021-10-29 23:02:00 +0530,458169,53.2,36.6,49.15,30.2
2021-10-29 23:02:30 +0530,458170,44.8,30.9,49.13,30.17
2021-10-29 23:03:00 +0530,458171,46.6,36.3,49.12,30.19
2021-10-29 23:03:30 +0530,458172,39.7,35.1,49.05,30.18
2021-10-29 23:04:00 +0530,458173,41.1,34.7,49.09,30.19
2021-10-29 23:04:30 +0530,458174,44.5,34.8,49.05,30.18
2021-10-29 23:05:00 +0530,458175,36.0,30.4,49.13,30.15
2021-10-29 23:05:30 +0530,458176,42.0,35.1,49.03,30.12
2021-10-29 23:06:00 +0530,458177,42.1,34.3,49.0,30.12
2021-10-29 23:06:30 +0530,458178,37.6,31.1,49.1,30.09
2021-10-29 23:07:00 +0530,458179,42.8,35.3,49.1,30.09
2021-10-29 23:07:30 +0530,458180,41.2,34.6,49.13,30.09
2021-10-29 23:08:00 +0530,458181,43.1,34.2,49.1,30.1
2021-10-29 23:08:30 +0530,458182,45.9,35.0,49.13,30.11
2021-10-29 23:09:00 +0530,458183,42.7,34.3,49.1,30.11
2021-10-29 23:09:30 +0530,458184,42.7,34.9,49.13,30.12
2021-10-29 23:10:00 +0530,458185,45.1,34.3,49.1,30.13
2021-10-29 23:10:30 +0530,458186,45.6,34.6,49.03,30.15
2021-10-29 23:11:00 +0530,458187,39.9,34.1,48.97,30.16
2021-10-29 23:11:30 +0530,458188,38.4,33.9,48.89,30.18
2021-10-29 23:12:00 +0530,458189,41.9,34.8,48.92,30.17
2021-10-29 23:12:30 +0530,458190,43.0,34.9,48.9,30.17
2021-10-29 23:13:30 +0530,458191,42.8,33.6,49.37,30.01
2021-10-29 23:14:00 +0530,458192,38.3,34.3,49.24,30.04
2021-10-29 23:14:30 +0530,458193,38.7,33.7,49.13,30.07
2021-10-29 23:15:00 +0530,458194,38.4,34.3,49.1,30.1
2021-10-29 23:15:30 +0530,458195,41.4,33.9,49.03,30.11
2021-10-29 23:16:00 +0530,458196,41.1,35.3,48.9,30.11
2021-10-29 23:16:30 +0530,458197,33.4,29.2,49.0,30.09
2021-10-29 23:17:00 +0530,458198,46.2,34.7,48.97,30.08
2021-10-29 23:17:30 +0530,458199,33.7,30.1,49.17,30.07
2021-10-29 23:18:00 +0530,458200,38.7,34.5,49.2,30.08
2021-10-29 23:18:30 +0530,458201,42.1,34.8,49.1,30.09
2021-10-29 23:19:00 +0530,458202,39.5,35.3,49.03,30.09
2021-10-29 23:19:30 +0530,458203,38.9,34.7,49.07,30.09
2021-10-29 23:20:00 +0530,458204,43.2,35.2,49.07,30.08
2021-10-29 23:20:30 +0530,458205,39.0,34.7,49.1,30.09
2021-10-29 23:21:00 +0530,458206,40.0,35.7,49.13,30.08
2021-10-29 23:21:30 +0530,458207,43.5,35.7,49.13,30.08
2021-10-29 23:22:00 +0530,458208,43.1,35.0,49.13,30.08
2021-10-29 23:22:30 +0530,458209,39.5,35.3,49.17,30.09
2021-10-29 23:23:00 +0530,458210,30.1,27.0,49.24,30.06
2021-10-29 23:23:30 +0530,458211,42.7,37.7,49.17,30.09
2021-10-29 23:24:00 +0530,458212,42.8,36.2,49.24,30.09
2021-10-29 23:24:30 +0530,458213,44.3,36.4,49.17,30.11
2021-10-29 23:25:00 +0530,458214,41.0,32.7,49.31,30.1
2021-10-29 23:25:30 +0530,458215,43.3,36.2,49.2,30.11
2021-10-29 23:26:00 +0530,458216,40.1,35.8,49.1,30.11
2021-10-29 23:26:30 +0530,458217,43.8,35.9,49.07,30.11
2021-10-29 23:27:00 +0530,458218,50.7,38.6,49.1,30.11
2021-10-29 23:27:30 +0530,458219,45.5,36.7,49.13,30.11
2021-10-29 23:28:00 +0530,458220,41.8,35.9,49.03,30.11
2021-10-29 23:28:30 +0530,458221,44.8,36.4,49.07,30.11
2021-10-29 23:29:00 +0530,458222,47.3,37.6,49.13,30.1
2021-10-29 23:29:30 +0530,458223,45.1,35.9,49.17,30.1
2021-10-29 23:30:00 +0530,458224,40.4,35.6,49.07,30.11
2021-10-29 23:30:30 +0530,458225,45.9,36.2,48.93,30.11
2021-10-29 23:31:00 +0530,458226,44.6,37.1,48.97,30.1
2021-10-29 23:31:30 +0530,458227,44.3,36.7,49.03,30.09
2021-10-29 23:32:00 +0530,458228,38.6,33.1,49.1,30.05
2021-10-29 23:32:30 +0530,458229,38.1,33.1,49.1,30.05
2021-10-29 23:33:00 +0530,458230,42.3,32.2,49.61,29.87
2021-10-29 23:33:30 +0530,458231,44.0,36.3,49.44,29.9
2021-10-29 23:34:00 +0530,458232,44.0,36.7,49.34,29.93
2021-10-29 23:34:30 +0530,458233,42.8,36.3,49.31,29.96
2021-10-29 23:35:00 +0530,458234,43.9,36.6,49.34,29.97
2021-10-29 23:35:31 +0530,458235,40.7,34.5,49.15,30.0
2021-10-29 23:36:00 +0530,458236,42.5,35.1,49.08,30.0
2021-10-29 23:36:30 +0530,458237,41.3,35.4,49.11,30.0
2021-10-29 23:37:00 +0530,458238,47.8,36.9,49.08,30.01
2021-10-29 23:37:30 +0530,458239,41.7,37.1,49.03,30.02
2021-10-29 23:38:00 +0530,458240,45.9,35.8,49.07,30.03
2021-10-29 23:38:30 +0530,458241,39.5,35.2,48.86,30.04
2021-10-29 23:39:00 +0530,458242,40.1,35.4,48.9,30.03
2021-10-29 23:39:30 +0530,458243,41.9,30.1,49.27,29.91
2021-10-29 23:40:00 +0530,458244,47.5,37.3,49.41,29.96
2021-10-29 23:40:30 +0530,458245,41.3,36.1,49.31,29.98
2021-10-29 23:41:00 +0530,458246,47.1,37.1,49.2,30.03
2021-10-29 23:41:30 +0530,458247,37.5,31.9,49.24,30.03
2021-10-29 23:42:00 +0530,458248,42.5,35.8,49.1,30.06
2021-10-29 23:42:30 +0530,458249,48.1,35.1,49.0,30.09
2021-10-29 23:43:00 +0530,458250,43.8,36.1,48.83,30.11
2021-10-29 23:43:30 +0530,458251,40.4,35.5,48.83,30.13
2021-10-29 23:44:00 +0530,458252,41.4,34.9,48.76,30.15
2021-10-29 23:44:30 +0530,458253,44.4,35.9,48.7,30.16
2021-10-29 23:45:00 +0530,458254,44.6,35.2,48.69,30.17
2021-10-29 23:45:30 +0530,458255,44.3,34.6,48.55,30.18
2021-10-29 23:46:00 +0530,458256,36.3,32.4,48.31,30.19
2021-10-29 23:46:30 +0530,458257,47.2,33.5,48.31,30.18
2021-10-29 23:47:00 +0530,458258,35.2,29.3,48.35,30.17
2021-10-29 23:47:30 +0530,458259,40.0,34.6,48.28,30.17
2021-10-29 23:48:00 +0530,458260,38.5,32.3,48.23,30.16
2021-10-29 23:48:30 +0530,458261,46.3,33.6,48.36,30.12
2021-10-29 23:49:00 +0530,458262,57.9,34.6,48.43,30.11
2021-10-29 23:49:30 +0530,458263,45.3,33.8,48.4,30.11
2021-10-29 23:50:00 +0530,458264,44.6,34.6,48.4,30.11
2021-10-29 23:50:30 +0530,458265,39.2,31.5,48.36,30.11
2021-10-29 23:51:00 +0530,458266,38.3,27.3,48.43,30.07
2021-10-29 23:51:30 +0530,458267,34.1,30.4,48.26,30.07
2021-10-29 23:52:00 +0530,458268,37.3,29.8,48.09,30.07
2021-10-29 23:52:30 +0530,458269,32.7,28.7,48.12,30.07
2021-10-29 23:53:00 +0530,458270,33.7,29.4,48.09,30.05
2021-10-29 23:53:30 +0530,458271,32.8,28.3,48.05,30.03
2021-10-29 23:54:00 +0530,458272,27.6,24.4,48.2,29.95
2021-10-29 23:54:30 +0530,458273,35.6,30.4,48.34,29.94
2021-10-29 23:55:00 +0530,458274,32.9,29.3,48.44,29.93
2021-10-29 23:55:30 +0530,458275,32.4,28.9,48.41,29.93
2021-10-29 23:56:00 +0530,458276,32.4,28.9,48.41,29.93
2021-10-29 23:56:30 +0530,458277,31.7,26.1,48.78,29.8
2021-10-29 23:57:00 +0530,458278,31.7,26.1,48.78,29.8
2021-10-29 23:57:30 +0530,458279,35.7,25.3,48.95,29.7
2021-10-29 23:58:00 +0530,458280,35.5,26.1,48.92,29.7
2021-10-29 23:58:30 +0530,458281,43.1,30.6,48.78,29.74
2021-10-29 23:59:00 +0530,458282,41.2,31.1,48.82,29.78
2021-10-29 23:59:30 +0530,458283,35.0,30.1,48.67,29.82
2021-10-30 00:00:00 +0530,458284,32.7,24.4,48.67,29.83
2021-10-30 00:00:30 +0530,458285,33.6,25.6,48.57,29.83
2021-10-30 00:01:00 +0530,458286,30.6,26.4,48.78,29.76
2021-10-30 00:01:30 +0530,458287,36.9,29.4,48.58,29.8
2021-10-30 00:02:00 +0530,458288,28.7,25.8,48.54,29.82
2021-10-30 00:02:30 +0530,458289,33.8,28.4,48.47,29.87
2021-10-30 00:03:00 +0530,458290,33.0,28.2,48.3,29.9
2021-10-30 00:03:30 +0530,458291,34.2,30.3,48.2,29.91
2021-10-30 00:04:00 +0530,458292,32.2,28.4,48.2,29.91
2021-10-30 00:04:30 +0530,458293,33.5,29.9,48.24,29.91
2021-10-30 00:05:00 +0530,458294,27.3,24.6,48.24,29.87
2021-10-30 00:05:30 +0530,458295,33.0,29.1,48.24,29.87
2021-10-30 00:06:00 +0530,458296,34.1,30.1,48.27,29.87
2021-10-30 00:06:30 +0530,458297,38.1,30.4,48.27,29.86
2021-10-30 00:07:00 +0530,458298,35.0,29.8,48.27,29.86
2021-10-30 00:07:30 +0530,458299,37.4,30.2,48.27,29.86
2021-10-30 00:08:00 +0530,458300,33.2,29.3,48.24,29.85
2021-10-30 00:08:30 +0530,458301,35.9,30.2,48.3,29.83
2021-10-30 00:09:00 +0530,458302,36.2,29.9,48.37,29.82
2021-10-30 00:09:30 +0530,458303,36.7,26.4,48.48,29.78
2021-10-30 00:10:00 +0530,458304,40.5,30.4,48.58,29.77
2021-10-30 00:10:30 +0530,458305,40.2,30.6,48.61,29.77
2021-10-30 00:11:00 +0530,458306,37.6,30.9,48.61,29.76
2021-10-30 00:11:30 +0530,458307,44.5,29.3,48.78,29.72
2021-10-30 00:12:00 +0530,458308,35.2,25.8,48.85,29.68
2021-10-30 00:12:30 +0530,458309,41.8,31.2,48.82,29.68
2021-10-30 00:13:00 +0530,458310,36.6,28.6,48.58,29.67
2021-10-30 00:13:30 +0530,458311,36.0,28.2,48.63,29.66
2021-10-30 00:14:00 +0530,458312,34.7,29.0,48.63,29.65
2021-10-30 00:14:30 +0530,458313,37.3,28.8,48.73,29.62
2021-10-30 00:15:00 +0530,458314,33.6,25.3,48.86,29.59
2021-10-30 00:15:30 +0530,458315,36.3,29.9,48.82,29.58
2021-10-30 00:16:00 +0530,458316,33.0,29.4,48.76,29.57
2021-10-30 00:16:30 +0530,458317,40.8,32.3,48.86,29.57
2021-10-30 00:17:00 +0530,458318,40.9,31.3,48.92,29.57
2021-10-30 00:17:30 +0530,458319,44.4,31.3,48.99,29.57
2021-10-30 00:18:00 +0530,458320,36.2,30.3,49.02,29.56
2021-10-30 00:18:30 +0530,458321,33.8,26.4,49.16,29.51
2021-10-30 00:19:00 +0530,458322,33.2,27.2,49.31,29.48
2021-10-30 00:19:30 +0530,458323,38.8,31.2,49.37,29.47
2021-10-30 00:20:00 +0530,458324,38.8,31.8,49.37,29.46
2021-10-30 00:20:30 +0530,458325,40.5,30.7,49.5,29.46
2021-10-30 00:21:00 +0530,458326,36.0,31.3,49.44,29.46
2021-10-30 00:21:30 +0530,458327,36.7,30.7,49.47,29.46
2021-10-30 00:22:00 +0530,458328,36.9,32.1,49.54,29.45
2021-10-30 00:22:30 +0530,458329,37.5,32.7,49.54,29.43
2021-10-30 00:23:00 +0530,458330,36.6,32.1,49.64,29.43
2021-10-30 00:23:30 +0530,458331,39.0,34.2,49.74,29.42
2021-10-30 00:24:00 +0530,458332,42.0,34.3,49.74,29.42
2021-10-30 00:24:30 +0530,458333,46.6,30.3,49.87,29.39
2021-10-30 00:25:00 +0530,458334,35.5,30.1,49.94,29.37
2021-10-30 00:25:30 +0530,458335,40.9,33.7,49.91,29.36
2021-10-30 00:26:00 +0530,458336,34.0,29.5,50.08,29.34
2021-10-30 00:26:30 +0530,458337,38.8,33.7,50.08,29.35
2021-10-30 00:27:00 +0530,458338,47.2,31.2,50.14,29.33
2021-10-30 00:27:30 +0530,458339,34.1,30.4,50.18,29.32
2021-10-30 00:28:00 +0530,458340,37.9,33.9,50.11,29.33
2021-10-30 00:28:30 +0530,458341,41.4,34.4,50.14,29.33
2021-10-30 00:29:00 +0530,458342,40.7,34.9,50.14,29.34
2021-10-30 00:29:30 +0530,458343,39.8,34.9,50.21,29.35
2021-10-30 00:30:00 +0530,458344,39.3,35.1,50.14,29.36
2021-10-30 00:30:30 +0530,458345,43.4,34.9,50.11,29.36
2021-10-30 00:31:00 +0530,458346,43.1,34.9,50.11,29.35
2021-10-30 00:31:30 +0530,458347,41.2,35.4,50.18,29.35
2021-10-30 00:32:00 +0530,458348,44.5,34.7,50.21,29.35
2021-10-30 00:32:30 +0530,458349,44.0,35.4,50.18,29.36
2021-10-30 00:33:00 +0530,458350,42.0,34.8,50.21,29.35
2021-10-30 00:33:30 +0530,458351,45.0,35.1,50.21,29.35
2021-10-30 00:34:00 +0530,458352,42.9,35.2,50.27,29.36
2021-10-30 00:34:30 +0530,458353,41.1,35.8,50.21,29.36
2021-10-30 00:35:00 +0530,458354,41.3,35.1,50.14,29.35
2021-10-30 00:35:30 +0530,458355,41.1,34.2,50.04,29.34
2021-10-30 00:36:00 +0530,458356,40.1,30.4,50.25,29.32
2021-10-30 00:37:00 +0530,458358,36.6,31.9,50.25,29.31
2021-10-30 00:37:30 +0530,458359,41.2,31.1,50.25,29.3
2021-10-30 00:38:00 +0530,458360,38.7,30.2,50.28,29.3
2021-10-30 00:38:30 +0530,458357,41.1,31.0,50.35,29.28
2021-10-30 00:39:30 +0530,458361,42.1,31.0,50.39,29.26
2021-10-30 00:40:00 +0530,458362,41.9,33.8,50.35,29.28
2021-10-30 00:40:30 +0530,458363,43.1,33.1,50.42,29.28
2021-10-30 00:41:00 +0530,458364,45.6,33.2,50.39,29.29
2021-10-30 00:41:30 +0530,458365,38.3,33.8,50.39,29.29
2021-10-30 00:42:00 +0530,458366,39.6,33.0,50.39,29.29
2021-10-30 00:42:30 +0530,458367,40.0,33.1,50.42,29.29
2021-10-30 00:43:00 +0530,458368,36.6,32.7,50.42,29.28
2021-10-30 00:43:30 +0530,458369,37.9,33.1,50.39,29.28
2021-10-30 00:44:00 +0530,458370,35.9,32.0,50.25,29.27
2021-10-30 00:44:30 +0530,458371,34.0,28.5,50.42,29.22
2021-10-30 00:45:00 +0530,458372,40.4,32.5,50.46,29.21
2021-10-30 00:45:30 +0530,458373,35.9,32.1,50.49,29.21
2021-10-30 00:46:00 +0530,458374,38.2,31.3,50.46,29.21
2021-10-30 00:46:30 +0530,458375,35.4,31.5,50.46,29.21
2021-10-30 00:47:00 +0530,458376,31.6,26.3,50.59,29.17
2021-10-30 00:47:30 +0530,458377,31.3,27.3,50.66,29.14
2021-10-30 00:48:00 +0530,458378,31.0,27.5,50.72,29.11
2021-10-30 00:48:30 +0530,458379,41.2,29.2,50.86,29.11
2021-10-30 00:49:00 +0530,458380,43.7,33.4,50.79,29.09
2021-10-30 00:49:30 +0530,458381,43.2,28.4,50.89,29.08
2021-10-30 00:50:00 +0530,458382,36.3,31.9,50.83,29.09
2021-10-30 00:50:30 +0530,458383,36.8,31.8,50.69,29.09
2021-10-30 00:51:00 +0530,458384,40.9,32.1,50.72,29.08
2021-10-30 00:51:30 +0530,458385,39.3,32.9,50.79,29.08
2021-10-30 00:52:00 +0530,458386,36.5,29.7,50.89,29.05
2021-10-30 00:52:30 +0530,458387,41.5,33.6,50.86,29.05
2021-10-30 00:53:00 +0530,458388,41.2,33.8,50.89,29.06
2021-10-30 00:53:30 +0530,458389,34.0,29.6,50.96,29.04
2021-10-30 00:54:00 +0530,458390,40.8,32.6,50.89,29.05
2021-10-30 00:54:30 +0530,458391,37.2,32.4,50.86,29.06
2021-10-30 00:55:00 +0530,458392,36.9,32.9,50.86,29.08
2021-10-30 00:55:30 +0530,458393,38.2,32.3,50.86,29.08
2021-10-30 00:56:00 +0530,458394,36.8,32.2,50.79,29.09
2021-10-30 00:56:30 +0530,458395,38.8,33.2,50.79,29.11
2021-10-30 00:57:00 +0530,458396,46.7,34.3,50.79,29.11
2021-10-30 00:57:30 +0530,458397,40.8,32.9,50.83,29.11
2021-10-30 00:58:00 +0530,458398,42.3,33.0,50.72,29.09
2021-10-30 00:58:30 +0530,458399,41.3,28.8,50.89,29.07
2021-10-30 00:59:00 +0530,458400,43.0,33.9,50.89,29.06
2021-10-30 00:59:30 +0530,458401,38.3,34.1,50.86,29.06
2021-10-30 01:00:00 +0530,458402,38.5,32.8,50.83,29.07
2021-10-30 01:00:30 +0530,458403,38.3,33.8,50.83,29.07
2021-10-30 01:01:00 +0530,458404,39.6,34.2,50.83,29.07
2021-10-30 01:01:30 +0530,458405,39.8,34.7,50.86,29.07
2021-10-30 01:02:00 +0530,458406,37.8,30.9,50.96,29.05
2021-10-30 01:02:30 +0530,458407,39.0,27.7,51.03,29.03
2021-10-30 01:03:00 +0530,458408,40.7,30.1,51.03,29.03
2021-10-30 01:03:30 +0530,458409,36.2,29.9,51.3,28.92
2021-10-30 01:04:00 +0530,458410,42.1,34.2,51.14,28.95
2021-10-30 01:04:30 +0530,458411,42.8,33.3,51.04,29.0
2021-10-30 01:05:00 +0530,458412,33.5,27.6,51.07,28.99
2021-10-30 01:05:30 +0530,458413,36.8,32.8,51.03,29.01
2021-10-30 01:06:00 +0530,458414,43.9,33.8,51.0,29.03
2021-10-30 01:06:30 +0530,458415,33.3,29.7,51.06,29.02
2021-10-30 01:07:00 +0530,458416,41.5,33.6,51.03,29.03
2021-10-30 01:07:30 +0530,458417,39.0,33.2,50.96,29.05
2021-10-30 01:08:00 +0530,458418,37.4,33.7,50.93,29.06
2021-10-30 01:08:30 +0530,458419,42.7,33.0,50.89,29.06
2021-10-30 01:09:00 +0530,458420,37.8,32.0,50.79,29.06
2021-10-30 01:09:30 +0530,458421,43.5,32.7,50.83,29.05
2021-10-30 01:10:00 +0530,458422,40.3,33.4,50.89,29.04
2021-10-30 01:10:30 +0530,458423,38.4,32.2,50.89,29.04
2021-10-30 01:11:00 +0530,458424,39.1,32.6,50.86,29.05
2021-10-30 01:11:30 +0530,458425,38.5,32.2,50.69,29.05
2021-10-30 01:12:00 +0530,458426,38.8,33.0,50.66,29.06
2021-10-30 01:12:30 +0530,458427,37.7,32.8,50.69,29.05
2021-10-30 01:13:00 +0530,458428,32.3,28.8,51.14,28.91
2021-10-30 01:13:30 +0530,458429,31.0,27.1,51.07,28.93
2021-10-30 01:14:00 +0530,458430,34.0,27.9,51.07,28.93
2021-10-30 01:14:30 +0530,458431,36.6,29.8,51.28,28.78
2021-10-30 01:15:00 +0530,458432,38.2,32.9,51.17,28.85
2021-10-30 01:15:30 +0530,458433,41.5,32.8,51.07,28.89
2021-10-30 01:16:00 +0530,458434,39.5,32.7,50.87,28.92
2021-10-30 01:16:30 +0530,458435,38.5,31.9,50.7,28.94
2021-10-30 01:17:00 +0530,458436,35.2,31.4,50.67,28.95
2021-10-30 01:17:30 +0530,458437,35.0,31.2,50.6,28.95
2021-10-30 01:18:00 +0530,458438,36.4,32.1,50.67,28.98
2021-10-30 01:18:30 +0530,458439,36.6,26.9,50.6,28.95
2021-10-30 01:19:00 +0530,458440,34.9,30.8,50.53,28.98
2021-10-30 01:19:30 +0530,458441,36.4,31.6,50.43,28.99
2021-10-30 01:20:00 +0530,458442,34.2,30.6,50.43,29.01
2021-10-30 01:20:30 +0530,458443,36.1,28.6,50.53,29.0
2021-10-30 01:21:00 +0530,458444,38.3,30.5,50.33,29.02
2021-10-30 01:21:30 +0530,458445,35.7,30.6,50.23,29.04
2021-10-30 01:22:00 +0530,458446,29.5,26.4,50.33,29.04
2021-10-30 01:22:30 +0530,458447,36.3,31.8,50.26,29.04
2021-10-30 01:23:00 +0530,458448,38.4,31.4,50.23,29.07
2021-10-30 01:23:30 +0530,458449,37.2,30.6,50.16,29.09
2021-10-30 01:24:00 +0530,458450,37.2,30.6,50.16,29.09
2021-10-30 01:24:30 +0530,458451,35.2,25.6,50.43,28.98
2021-10-30 01:25:00 +0530,458452,41.2,30.6,50.23,28.99
2021-10-30 01:25:30 +0530,458453,39.1,30.8,50.26,29.0
2021-10-30 01:26:00 +0530,458454,36.5,29.7,50.26,29.02
2021-10-30 01:26:30 +0530,458455,38.4,30.3,50.23,29.04
2021-10-30 01:27:00 +0530,458456,35.0,29.1,50.09,29.05
2021-10-30 01:27:30 +0530,458457,35.2,26.7,50.16,29.03
2021-10-30 01:28:00 +0530,458458,38.7,30.6,50.12,29.05
2021-10-30 01:28:30 +0530,458459,34.3,30.6,50.12,29.06
2021-10-30 01:29:00 +0530,458460,34.5,30.2,50.12,29.08
2021-10-30 01:29:30 +0530,458461,38.7,30.1,50.05,29.11
2021-10-30 01:30:00 +0530,458462,34.8,29.6,49.95,29.14
2021-10-30 01:30:30 +0530,458463,30.0,26.8,50.05,29.13
2021-10-30 01:31:00 +0530,458464,33.9,30.4,49.92,29.13
2021-10-30 01:31:30 +0530,458465,30.8,27.4,49.78,29.15
2021-10-30 01:32:00 +0530,458466,35.7,28.1,49.65,29.15
2021-10-30 01:32:30 +0530,458467,37.0,27.9,49.65,29.15
2021-10-30 01:33:00 +0530,458468,44.8,29.4,49.75,29.15
2021-10-30 01:33:30 +0530,458469,32.2,25.7,49.82,29.13
2021-10-30 01:34:00 +0530,458470,31.5,28.2,49.75,29.14
2021-10-30 01:34:30 +0530,458471,31.8,26.8,49.72,29.15
2021-10-30 01:35:00 +0530,458472,31.3,27.2,49.75,29.16
2021-10-30 01:35:30 +0530,458473,31.1,26.8,49.72,29.16
2021-10-30 01:36:00 +0530,458474,26.1,23.8,49.69,29.14
2021-10-30 01:36:30 +0530,458475,29.4,26.4,49.52,29.14
2021-10-30 01:37:00 +0530,458476,31.6,27.7,49.45,29.15
2021-10-30 01:37:30 +0530,458477,32.9,26.7,49.39,29.15
2021-10-30 01:38:00 +0530,458478,37.2,27.4,49.41,29.15
2021-10-30 01:38:30 +0530,458479,32.4,27.1,49.41,29.16
2021-10-30 01:39:00 +0530,458480,30.0,26.8,49.41,29.17
2021-10-30 01:39:30 +0530,458481,23.0,20.7,49.79,29.04
2021-10-30 01:40:00 +0530,458482,31.3,28.0,49.69,29.08
2021-10-30 01:40:30 +0530,458483,33.6,28.1,49.59,29.12
2021-10-30 01:41:00 +0530,458484,37.5,24.7,49.62,29.14
2021-10-30 01:41:30 +0530,458485,39.0,29.4,49.51,29.17
2021-10-30 01:42:00 +0530,458486,38.0,29.8,49.48,29.21
2021-10-30 01:42:30 +0530,458487,31.0,27.2,49.38,29.21
2021-10-30 01:43:00 +0530,458488,46.6,24.2,49.45,29.21
2021-10-30 01:43:30 +0530,458489,32.6,29.1,49.34,29.22
2021-10-30 01:44:00 +0530,458490,32.7,24.4,49.48,29.21
2021-10-30 01:44:30 +0530,458491,35.2,28.7,49.38,29.23
2021-10-30 01:45:00 +0530,458492,33.4,29.3,49.31,29.26
2021-10-30 01:45:30 +0530,458493,34.8,24.2,49.41,29.24
2021-10-30 01:46:00 +0530,458494,33.0,28.1,49.34,29.26
2021-10-30 01:46:30 +0530,458495,33.7,28.2,49.08,29.26
2021-10-30 01:47:00 +0530,458496,34.0,28.3,49.11,29.26
2021-10-30 01:47:30 +0530,458497,35.0,28.7,49.21,29.24
2021-10-30 01:48:00 +0530,458498,34.5,29.4,49.18,29.24
2021-10-30 01:48:30 +0530,458499,38.5,25.6,49.27,29.21
2021-10-30 01:49:00 +0530,458500,34.0,28.7,49.21,29.21
2021-10-30 01:49:30 +0530,458501,30.7,24.8,49.21,29.2
2021-10-30 01:50:00 +0530,458502,36.0,28.6,49.11,29.19
2021-10-30 01:50:30 +0530,458503,32.0,28.2,49.21,29.19
2021-10-30 01:51:00 +0530,458504,32.1,28.8,49.21,29.2
2021-10-30 01:51:30 +0530,458505,30.9,27.4,49.11,29.21
2021-10-30 01:52:00 +0530,458506,33.2,28.2,49.11,29.21
2021-10-30 01:52:30 +0530,458507,32.7,28.9,49.11,29.21
2021-10-30 01:53:00 +0530,458508,29.1,23.9,49.24,29.21
2021-10-30 01:53:30 +0530,458509,33.1,28.5,49.18,29.21
2021-10-30 01:54:00 +0530,458510,32.7,29.2,49.08,29.21
2021-10-30 01:54:30 +0530,458511,32.7,29.2,49.08,29.21
2021-10-30 01:55:00 +0530,458512,26.3,23.5,49.56,29.07
2021-10-30 01:55:30 +0530,458513,38.3,30.1,49.32,29.09
2021-10-30 01:56:00 +0530,458514,36.2,25.6,49.35,29.13
2021-10-30 01:56:30 +0530,458515,34.2,27.7,49.24,29.17
2021-10-30 01:57:00 +0530,458516,33.0,28.3,48.91,29.21
2021-10-30 01:57:30 +0530,458517,31.9,28.4,48.84,29.21
2021-10-30 01:58:00 +0530,458518,36.6,29.8,48.88,29.21
2021-10-30 01:58:30 +0530,458519,40.9,30.6,48.84,29.21
2021-10-30 01:59:00 +0530,458520,37.0,25.3,48.91,29.21
2021-10-30 01:59:30 +0530,458521,47.9,31.8,48.91,29.21
2021-10-30 02:00:00 +0530,458522,38.5,30.2,48.94,29.21
2021-10-30 02:00:30 +0530,458523,40.1,24.8,49.05,29.21
2021-10-30 02:01:00 +0530,458524,35.4,29.4,48.94,29.21
2021-10-30 02:01:30 +0530,458525,34.5,29.7,48.88,29.21
2021-10-30 02:02:00 +0530,458526,36.7,29.4,48.81,29.24
2021-10-30 02:02:30 +0530,458527,33.4,28.8,48.71,29.26
2021-10-30 02:03:00 +0530,458528,35.4,29.9,48.71,29.27
2021-10-30 02:03:30 +0530,458529,35.2,29.7,48.54,29.28
2021-10-30 02:04:00 +0530,458530,38.2,29.9,48.47,29.29
2021-10-30 02:04:30 +0530,458531,38.2,29.7,48.54,29.29
2021-10-30 02:05:00 +0530,458532,35.1,30.6,48.57,29.3
2021-10-30 02:05:30 +0530,458533,34.2,30.2,48.71,29.29
2021-10-30 02:06:00 +0530,458534,35.7,30.8,48.64,29.3
2021-10-30 02:06:30 +0530,458535,29.7,26.4,48.71,29.26
2021-10-30 02:07:00 +0530,458536,32.1,28.6,48.84,29.24
2021-10-30 02:07:30 +0530,458537,38.3,32.7,48.84,29.26
2021-10-30 02:08:00 +0530,458538,32.1,28.6,48.98,29.22
2021-10-30 02:08:30 +0530,458539,47.0,33.5,48.98,29.22
2021-10-30 02:09:00 +0530,458540,42.6,32.6,49.08,29.23
2021-10-30 02:09:30 +0530,458541,37.1,32.1,48.98,29.23
2021-10-30 02:10:00 +0530,458542,37.7,32.3,48.91,29.22
2021-10-30 02:10:30 +0530,458543,36.5,32.2,48.94,29.21
2021-10-30 02:11:00 +0530,458544,36.6,31.9,49.05,29.21
2021-10-30 02:11:30 +0530,458545,34.6,28.2,49.24,29.17
2021-10-30 02:12:00 +0530,458546,36.1,32.2,49.21,29.18
2021-10-30 02:12:30 +0530,458547,39.4,32.3,49.24,29.2
2021-10-30 02:13:00 +0530,458548,36.7,32.7,49.24,29.19
2021-10-30 02:13:30 +0530,458549,37.2,32.2,49.27,29.2
2021-10-30 02:14:00 +0530,458550,37.3,32.7,49.31,29.19
2021-10-30 02:14:30 +0530,458551,37.3,31.9,49.31,29.18
2021-10-30 02:15:00 +0530,458552,41.9,29.6,49.39,29.15
2021-10-30 02:15:30 +0530,458553,30.8,25.7,49.45,29.11
2021-10-30 02:16:00 +0530,458554,37.2,29.0,49.49,29.07
2021-10-30 02:16:30 +0530,458555,36.9,31.1,49.52,29.06
2021-10-30 02:17:00 +0530,458556,37.3,31.3,49.42,29.06
2021-10-30 02:17:30 +0530,458557,37.3,30.7,49.39,29.05
2021-10-30 02:18:00 +0530,458558,40.0,31.8,49.42,29.04
2021-10-30 02:18:30 +0530,458559,39.5,31.4,49.35,29.03
2021-10-30 02:19:00 +0530,458560,31.4,26.2,49.45,29.0
2021-10-30 02:19:30 +0530,458561,33.9,30.3,49.45,29.0
2021-10-30 02:20:00 +0530,458562,36.3,30.1,49.33,29.0
2021-10-30 02:20:30 +0530,458563,33.6,29.9,49.19,28.99
2021-10-30 02:21:00 +0530,458564,33.1,29.3,49.19,28.99
2021-10-30 02:21:30 +0530,458565,33.3,29.6,49.26,28.98
2021-10-30 02:22:00 +0530,458566,36.5,28.9,49.33,28.97
2021-10-30 02:22:30 +0530,458567,35.2,26.1,49.5,28.93
2021-10-30 02:23:00 +0530,458568,37.3,29.6,49.5,28.94
2021-10-30 02:23:30 +0530,458569,35.9,30.2,49.5,28.95
2021-10-30 02:24:00 +0530,458570,36.0,29.1,49.43,28.97
2021-10-30 02:24:30 +0530,458571,37.8,30.6,49.47,28.97
2021-10-30 02:25:00 +0530,458572,35.4,29.9,49.5,28.95
2021-10-30 02:25:30 +0530,458573,38.2,29.6,49.43,28.95
2021-10-30 02:26:00 +0530,458574,36.3,29.4,49.36,28.97
2021-10-30 02:26:30 +0530,458575,36.0,29.6,49.36,28.94
2021-10-30 02:27:00 +0530,458576,37.7,29.8,49.56,28.93
2021-10-30 02:27:30 +0530,458577,40.2,31.6,49.79,28.93
2021-10-30 02:28:00 +0530,458578,39.0,30.6,49.6,28.92
2021-10-30 02:28:30 +0530,458579,40.7,30.9,49.5,28.9
2021-10-30 02:29:00 +0530,458580,35.9,30.3,49.56,28.89
2021-10-30 02:29:30 +0530,458581,33.9,30.4,49.66,28.88
2021-10-30 02:30:00 +0530,458582,35.2,30.2,49.69,28.88
2021-10-30 02:30:30 +0530,458583,35.2,29.9,49.73,28.87
2021-10-30 02:31:00 +0530,458584,36.7,31.8,49.79,28.86
2021-10-30 02:31:30 +0530,458585,40.8,26.4,49.93,28.84
2021-10-30 02:32:00 +0530,458586,36.9,28.2,49.98,28.79
2021-10-30 02:32:30 +0530,458587,36.5,30.9,50.0,28.8
2021-10-30 02:33:00 +0530,458588,39.0,31.1,50.0,28.83
2021-10-30 02:33:30 +0530,458589,33.4,29.8,49.9,28.83
2021-10-30 02:34:00 +0530,458590,34.4,29.8,49.93,28.84
2021-10-30 02:34:30 +0530,458591,35.5,30.7,49.93,28.84
2021-10-30 02:35:00 +0530,458592,36.8,30.6,49.9,28.84
2021-10-30 02:35:30 +0530,458593,33.9,28.8,49.98,28.8
2021-10-30 02:36:00 +0530,458594,34.9,30.6,49.96,28.82
2021-10-30 02:36:30 +0530,458595,30.5,27.3,50.01,28.79
2021-10-30 02:37:00 +0530,458596,35.4,30.5,49.81,28.79
2021-10-30 02:37:30 +0530,458597,34.1,30.2,49.77,28.8
2021-10-30 02:38:00 +0530,458598,35.6,30.8,49.79,28.82
2021-10-30 02:38:30 +0530,458599,29.9,23.0,49.84,28.77
2021-10-30 02:39:00 +0530,458600,41.2,34.9,49.83,28.83
2021-10-30 02:39:30 +0530,458601,35.3,27.0,49.84,28.8
2021-10-30 02:40:00 +0530,458602,37.2,30.5,49.69,28.82
2021-10-30 02:40:30 +0530,458603,36.0,30.7,49.69,28.84
2021-10-30 02:41:00 +0530,458604,33.8,30.3,49.69,28.85
2021-10-30 02:41:30 +0530,458605,40.7,30.6,49.66,28.87
2021-10-30 02:42:00 +0530,458606,30.9,25.2,49.73,28.87
2021-10-30 02:42:30 +0530,458607,34.2,29.3,49.53,28.88
2021-10-30 02:43:00 +0530,458608,35.6,29.5,49.4,28.89
2021-10-30 02:43:30 +0530,458609,33.6,30.0,49.3,28.88
2021-10-30 02:44:00 +0530,458610,33.1,29.7,49.3,28.88
2021-10-30 02:44:30 +0530,458611,35.4,31.5,49.33,28.87
2021-10-30 02:45:00 +0530,458612,38.4,30.4,49.33,28.86
2021-10-30 02:45:30 +0530,458613,32.5,29.0,49.3,28.86
2021-10-30 02:46:00 +0530,458614,37.0,30.0,49.23,28.87
2021-10-30 02:46:30 +0530,458615,37.2,29.4,49.23,28.85
2021-10-30 02:47:00 +0530,458616,40.8,31.6,49.33,28.85
2021-10-30 02:47:30 +0530,458617,36.5,30.4,49.3,28.86
2021-10-30 02:48:00 +0530,458618,37.1,30.2,49.3,28.87
2021-10-30 02:48:30 +0530,458619,33.6,25.5,49.4,28.86
2021-10-30 02:49:00 +0530,458620,39.1,30.5,49.3,28.86
2021-10-30 02:49:30 +0530,458621,38.2,29.9,49.3,28.87
2021-10-30 02:50:00 +0530,458622,40.5,31.1,49.33,28.88
2021-10-30 02:50:30 +0530,458623,36.5,29.5,49.36,28.88
2021-10-30 02:51:00 +0530,458624,34.3,29.2,49.16,28.9
2021-10-30 02:51:30 +0530,458625,46.0,24.9,49.23,28.88
2021-10-30 02:52:00 +0530,458626,36.5,29.7,49.13,28.87
2021-10-30 02:52:30 +0530,458627,37.1,29.3,49.16,28.86
2021-10-30 02:53:00 +0530,458628,34.7,29.0,49.19,28.85
2021-10-30 02:53:30 +0530,458629,37.8,30.7,49.26,28.85
2021-10-30 02:54:00 +0530,458630,36.7,30.3,49.26,28.86
2021-10-30 02:54:30 +0530,458631,32.2,26.5,49.7,28.71
2021-10-30 02:55:00 +0530,458632,32.7,29.1,49.37,28.75
2021-10-30 02:55:30 +0530,458633,32.5,28.0,49.31,28.77
2021-10-30 02:56:00 +0530,458634,33.2,28.4,49.23,28.8
2021-10-30 02:56:30 +0530,458635,34.2,28.4,49.19,28.83
2021-10-30 02:57:00 +0530,458636,27.0,24.2,49.23,28.82
2021-10-30 02:57:30 +0530,458637,34.4,28.9,49.13,28.84
2021-10-30 02:58:00 +0530,458638,29.9,26.7,48.89,28.85
2021-10-30 02:58:30 +0530,458639,31.5,27.7,48.79,28.86
2021-10-30 02:59:00 +0530,458640,35.7,28.5,48.76,28.87
2021-10-30 02:59:30 +0530,458641,27.2,23.9,48.82,28.85
2021-10-30 03:00:00 +0530,458642,30.0,26.8,48.73,28.86
2021-10-30 03:00:30 +0530,458643,26.9,24.0,48.86,28.85
2021-10-30 03:01:00 +0530,458644,32.0,27.9,48.76,28.87
2021-10-30 03:01:30 +0530,458645,29.5,23.3,48.82,28.86
2021-10-30 03:02:00 +0530,458646,30.2,26.6,48.69,28.86
2021-10-30 03:02:30 +0530,458647,29.9,26.8,48.69,28.88
2021-10-30 03:03:00 +0530,458648,31.2,27.3,48.62,28.89
2021-10-30 03:03:30 +0530,458649,29.8,26.4,48.49,28.9
2021-10-30 03:04:00 +0530,458650,29.5,26.5,48.49,28.91
2021-10-30 03:04:30 +0530,458651,31.8,27.0,48.59,28.93
2021-10-30 03:05:00 +0530,458652,25.7,21.8,48.59,28.91
2021-10-30 03:05:30 +0530,458653,29.5,25.5,48.46,28.91
2021-10-30 03:06:00 +0530,458654,29.7,25.6,48.42,28.91
2021-10-30 03:06:30 +0530,458655,29.3,25.7,48.39,28.9
2021-10-30 03:07:00 +0530,458656,34.0,26.3,48.46,28.9
2021-10-30 03:07:30 +0530,458657,30.1,26.8,48.49,28.91
2021-10-30 03:08:00 +0530,458658,25.1,22.4,48.59,28.89
2021-10-30 03:08:30 +0530,458659,32.8,26.6,48.52,28.9
2021-10-30 03:09:00 +0530,458660,29.9,25.8,48.52,28.92
2021-10-30 03:09:30 +0530,458661,32.0,26.8,48.49,28.94
2021-10-30 03:10:00 +0530,458662,33.8,26.8,48.42,28.97
2021-10-30 03:10:30 +0530,458663,31.5,26.7,48.38,29.0
2021-10-30 03:11:00 +0530,458664,31.9,25.7,48.28,29.02
2021-10-30 03:11:30 +0530,458665,28.1,25.0,48.24,29.03
2021-10-30 03:12:00 +0530,458666,24.2,21.7,48.28,29.02
2021-10-30 03:12:30 +0530,458667,31.2,26.2,48.15,29.02
2021-10-30 03:13:00 +0530,458668,29.1,22.1,48.31,29.0
2021-10-30 03:13:30 +0530,458669,30.0,25.8,48.24,28.99
2021-10-30 03:14:00 +0530,458670,33.8,22.4,48.29,28.97
2021-10-30 03:14:30 +0530,458671,32.5,25.6,48.15,28.97
2021-10-30 03:15:00 +0530,458672,32.3,24.2,48.18,28.95
2021-10-30 03:15:30 +0530,458673,30.4,25.6,48.22,28.93
2021-10-30 03:16:00 +0530,458674,25.3,22.1,48.35,28.9
2021-10-30 03:16:30 +0530,458675,30.3,26.2,48.39,28.93
2021-10-30 03:17:00 +0530,458676,32.3,25.8,48.22,28.94
2021-10-30 03:17:30 +0530,458677,35.5,25.3,48.08,28.95
2021-10-30 03:18:00 +0530,458678,39.1,26.6,48.08,28.95
2021-10-30 03:18:30 +0530,458679,37.3,26.2,48.22,28.97
2021-10-30 03:19:00 +0530,458680,31.7,25.4,48.22,28.98
2021-10-30 03:19:30 +0530,458681,29.9,25.8,48.22,28.98
2021-10-30 03:20:00 +0530,458682,32.1,26.3,48.24,29.0
2021-10-30 03:20:30 +0530,458683,32.1,22.8,48.35,28.99
2021-10-30 03:21:00 +0530,458684,30.1,22.6,48.35,28.98
2021-10-30 03:21:30 +0530,458685,28.4,25.4,48.24,28.99
2021-10-30 03:22:00 +0530,458686,29.0,25.9,48.18,29.01
2021-10-30 03:22:30 +0530,458687,29.8,22.6,48.18,29.01
2021-10-30 03:23:00 +0530,458688,28.7,25.7,48.11,29.03
2021-10-30 03:23:30 +0530,458689,31.9,26.6,48.08,29.04
2021-10-30 03:24:00 +0530,458690,30.8,25.8,48.08,29.05
2021-10-30 03:24:30 +0530,458691,34.5,26.5,48.01,29.07
2021-10-30 03:25:00 +0530,458692,32.4,26.4,47.95,29.08
2021-10-30 03:25:30 +0530,458693,33.1,26.6,47.95,29.08
2021-10-30 03:26:00 +0530,458694,29.2,26.0,47.98,29.08
2021-10-30 03:26:30 +0530,458695,31.6,26.3,48.01,29.07
2021-10-30 03:27:00 +0530,458696,29.4,26.3,48.11,29.08
2021-10-30 03:27:30 +0530,458697,31.8,26.9,48.01,29.08
2021-10-30 03:28:00 +0530,458698,25.0,21.9,48.11,29.05
2021-10-30 03:28:30 +0530,458699,29.8,26.2,48.01,29.05
2021-10-30 03:29:00 +0530,458700,25.2,20.2,48.12,29.0
2021-10-30 03:29:30 +0530,458701,28.1,25.1,48.11,29.01
2021-10-30 03:30:00 +0530,458702,27.5,24.7,48.15,29.0
2021-10-30 03:30:30 +0530,458703,30.9,26.9,48.18,29.0
2021-10-30 03:31:00 +0530,458704,31.2,26.6,48.21,29.02
2021-10-30 03:31:30 +0530,458705,31.7,26.2,48.11,29.02
2021-10-30 03:32:00 +0530,458706,33.2,25.0,48.08,29.04
2021-10-30 03:32:30 +0530,458707,32.0,24.8,47.91,29.04
2021-10-30 03:33:00 +0530,458708,34.3,26.2,47.95,29.04
2021-10-30 03:33:30 +0530,458709,68.3,25.9,48.08,29.02
2021-10-30 03:34:00 +0530,458710,47.3,27.1,48.08,29.02
2021-10-30 03:34:30 +0530,458711,45.5,27.6,48.08,29.01
2021-10-30 03:35:00 +0530,458712,42.7,27.1,48.08,29.01
2021-10-30 03:35:30 +0530,458713,53.8,27.1,47.98,29.01
2021-10-30 03:36:00 +0530,458714,49.0,27.6,47.95,29.02
2021-10-30 03:36:30 +0530,458715,43.1,24.0,48.08,28.99
2021-10-30 03:37:00 +0530,458716,48.9,26.8,48.08,28.99
2021-10-30 03:37:30 +0530,458717,37.3,26.1,48.11,29.0
2021-10-30 03:38:00 +0530,458718,41.6,26.1,48.11,29.02
2021-10-30 03:38:30 +0530,458719,32.3,25.1,48.01,29.02
2021-10-30 03:39:00 +0530,458720,47.0,30.0,48.01,29.02
2021-10-30 03:39:30 +0530,458721,41.8,27.3,47.95,29.02
2021-10-30 03:40:00 +0530,458722,50.3,26.7,47.95,29.01
2021-10-30 03:40:30 +0530,458723,47.3,26.8,47.98,29.01
2021-10-30 03:41:00 +0530,458724,34.4,26.1,47.98,29.01
2021-10-30 03:41:30 +0530,458725,32.1,25.5,48.01,29.02
2021-10-30 03:42:00 +0530,458726,34.8,26.8,47.95,29.04
2021-10-30 03:42:30 +0530,458727,28.1,23.1,48.08,29.02
2021-10-30 03:43:00 +0530,458728,31.1,26.1,48.01,29.04
2021-10-30 03:43:30 +0530,458729,28.3,22.6,48.11,29.04
2021-10-30 03:44:00 +0530,458730,42.4,27.8,48.01,29.06
2021-10-30 03:44:30 +0530,458731,34.1,27.0,47.95,29.08
2021-10-30 03:45:00 +0530,458732,33.8,25.8,47.91,29.12
2021-10-30 03:45:30 +0530,458733,32.3,25.8,47.84,29.11
2021-10-30 03:46:00 +0530,458734,33.6,26.1,47.81,29.09
2021-10-30 03:46:30 +0530,458735,32.4,24.7,47.81,29.08
2021-10-30 03:47:00 +0530,458736,28.4,24.2,47.88,29.07
2021-10-30 03:47:30 +0530,458737,30.7,25.2,47.84,29.07
2021-10-30 03:48:00 +0530,458738,34.9,22.4,47.95,29.05
2021-10-30 03:48:30 +0530,458739,29.7,26.5,47.81,29.06
2021-10-30 03:49:00 +0530,458740,34.4,25.9,47.81,29.06
2021-10-30 03:49:30 +0530,458741,32.5,26.1,47.84,29.07
2021-10-30 03:50:00 +0530,458742,38.2,26.4,47.88,29.08
2021-10-30 03:50:30 +0530,458743,32.3,25.9,47.84,29.11
2021-10-30 03:51:00 +0530,458744,30.4,22.4,47.88,29.11
2021-10-30 03:51:30 +0530,458745,30.4,25.7,47.67,29.14
2021-10-30 03:52:00 +0530,458746,30.6,26.4,47.63,29.17
2021-10-30 03:52:30 +0530,458747,30.5,26.4,47.63,29.19
2021-10-30 03:53:00 +0530,458748,33.5,26.4,47.47,29.21
2021-10-30 03:53:30 +0530,458749,31.4,26.4,47.47,29.2
2021-10-30 03:54:00 +0530,458750,35.1,26.6,47.5,29.19
2021-10-30 03:54:30 +0530,458751,34.4,26.6,47.5,29.18
2021-10-30 03:55:00 +0530,458752,24.6,21.3,47.63,29.15
2021-10-30 03:55:30 +0530,458753,32.1,26.6,47.57,29.15
2021-10-30 03:56:00 +0530,458754,30.4,26.6,47.6,29.16
2021-10-30 03:56:30 +0530,458755,33.7,24.4,47.71,29.14
2021-10-30 03:57:00 +0530,458756,33.7,24.4,47.71,29.14
2021-10-30 03:57:30 +0530,458757,26.2,23.4,47.95,29.05
2021-10-30 03:58:00 +0530,458758,32.8,27.1,47.81,29.09
2021-10-30 03:58:30 +0530,458759,36.2,27.7,47.74,29.14
2021-10-30 03:59:00 +0530,458760,33.3,27.9,47.7,29.16
2021-10-30 03:59:30 +0530,458761,41.2,26.1,47.71,29.15
2021-10-30 04:00:00 +0530,458762,33.2,28.1,47.7,29.18
2021-10-30 04:00:30 +0530,458763,31.7,23.7,47.63,29.17
2021-10-30 04:01:00 +0530,458764,31.3,28.0,47.6,29.18
2021-10-30 04:01:30 +0530,458765,33.1,27.1,47.5,29.17
2021-10-30 04:02:00 +0530,458766,30.4,27.1,47.44,29.16
2021-10-30 04:02:30 +0530,458767,28.6,22.8,47.57,29.13
2021-10-30 04:03:00 +0530,458768,35.2,27.8,47.57,29.12
2021-10-30 04:03:30 +0530,458769,30.5,26.9,47.64,29.13
2021-10-30 04:04:00 +0530,458770,32.7,27.4,47.67,29.14
2021-10-30 04:04:30 +0530,458771,36.2,26.4,47.64,29.14
2021-10-30 04:05:00 +0530,458772,33.2,23.7,47.74,29.12
2021-10-30 04:05:30 +0530,458773,32.5,26.6,47.67,29.12
2021-10-30 04:06:00 +0530,458774,30.1,25.7,47.67,29.11
2021-10-30 04:06:30 +0530,458775,30.8,26.6,47.74,29.08
2021-10-30 04:07:00 +0530,458776,33.7,26.6,47.81,29.06
2021-10-30 04:07:30 +0530,458777,30.4,27.1,47.91,29.04
2021-10-30 04:08:01 +0530,458778,30.5,26.7,47.91,29.02
2021-10-30 04:08:30 +0530,458779,31.7,26.5,47.98,29.02
2021-10-30 04:09:00 +0530,458780,34.2,26.9,48.01,29.01
2021-10-30 04:09:30 +0530,458781,31.2,27.2,48.08,29.01
2021-10-30 04:10:00 +0530,458782,32.2,26.3,48.11,29.01
2021-10-30 04:10:30 +0530,458783,32.2,26.4,48.11,29.01
2021-10-30 04:11:00 +0530,458784,33.0,23.2,48.62,28.84
2021-10-30 04:11:30 +0530,458785,29.5,25.7,48.42,28.85
2021-10-30 04:12:00 +0530,458786,29.6,26.4,48.32,28.88
2021-10-30 04:12:30 +0530,458787,30.1,25.9,48.29,28.9
2021-10-30 04:13:00 +0530,458788,32.7,25.4,48.25,28.9
2021-10-30 04:13:30 +0530,458789,32.0,25.8,48.29,28.9
2021-10-30 04:14:00 +0530,458790,34.3,26.3,48.29,28.89
2021-10-30 04:14:30 +0530,458791,34.3,26.7,48.35,28.9
2021-10-30 04:15:00 +0530,458792,32.0,26.4,48.32,28.92
2021-10-30 04:15:30 +0530,458793,30.9,26.6,48.25,28.95
2021-10-30 04:16:00 +0530,458794,29.5,26.3,48.22,28.99
2021-10-30 04:16:30 +0530,458795,31.3,25.7,48.11,29.01
2021-10-30 04:17:00 +0530,458796,34.2,26.8,48.01,29.03
2021-10-30 04:17:30 +0530,458797,33.3,26.1,48.01,29.05
2021-10-30 04:18:00 +0530,458798,30.0,25.9,47.98,29.06
2021-10-30 04:18:30 +0530,458799,33.4,26.4,47.98,29.05
2021-10-30 04:19:00 +0530,458800,33.0,26.0,47.98,29.05
2021-10-30 04:19:30 +0530,458801,32.9,20.3,48.11,29.03
2021-10-30 04:20:00 +0530,458802,32.3,26.1,48.08,29.04
2021-10-30 04:20:30 +0530,458803,34.1,26.1,48.01,29.06
2021-10-30 04:21:00 +0530,458804,36.2,26.9,47.95,29.06
2021-10-30 04:21:30 +0530,458805,32.4,25.5,47.88,29.07
2021-10-30 04:22:00 +0530,458806,34.7,22.9,48.01,29.04
2021-10-30 04:22:30 +0530,458807,35.5,26.4,47.91,29.06
2021-10-30 04:23:00 +0530,458808,32.5,25.7,47.88,29.06
2021-10-30 04:23:30 +0530,458809,36.3,26.7,47.95,29.05
2021-10-30 04:24:00 +0530,458810,32.8,25.3,47.95,29.04
2021-10-30 04:24:30 +0530,458811,40.4,26.4,47.95,29.02
2021-10-30 04:25:00 +0530,458812,31.4,25.7,47.91,29.01
2021-10-30 04:25:30 +0530,458813,33.3,25.2,48.01,28.99
2021-10-30 04:26:00 +0530,458814,35.0,22.9,48.15,28.97
2021-10-30 04:26:30 +0530,458815,31.4,26.2,48.05,28.97
2021-10-30 04:27:00 +0530,458816,33.2,26.7,48.08,28.95
2021-10-30 04:27:30 +0530,458817,37.7,26.8,48.12,28.95
2021-10-30 04:28:00 +0530,458818,40.2,25.7,48.08,28.95
2021-10-30 04:28:30 +0530,458819,42.1,27.4,48.15,28.94
2021-10-30 04:29:00 +0530,458820,45.8,27.6,48.22,28.93
2021-10-30 04:29:30 +0530,458821,34.4,26.3,48.15,28.92
2021-10-30 04:30:00 +0530,458822,34.0,25.3,48.22,28.91
2021-10-30 04:30:30 +0530,458823,36.6,26.0,48.22,28.91
2021-10-30 04:31:00 +0530,458824,33.7,25.6,48.25,28.89
2021-10-30 04:31:30 +0530,458825,38.3,26.3,48.29,28.9
2021-10-30 04:32:00 +0530,458826,26.3,23.5,48.46,28.85
2021-10-30 04:32:30 +0530,458827,36.0,27.6,48.49,28.85
2021-10-30 04:33:00 +0530,458828,32.6,26.4,48.49,28.87
2021-10-30 04:33:30 +0530,458829,35.4,27.4,48.46,28.87
2021-10-30 04:34:00 +0530,458830,34.2,26.7,48.46,28.87
2021-10-30 04:34:30 +0530,458831,38.3,26.9,48.42,28.88
2021-10-30 04:35:00 +0530,458832,33.4,26.7,48.46,28.89
2021-10-30 04:35:30 +0530,458833,35.0,26.3,48.49,28.9
2021-10-30 04:36:00 +0530,458834,33.6,25.9,48.35,28.9
2021-10-30 04:36:30 +0530,458835,41.8,27.6,48.35,28.9
2021-10-30 04:37:00 +0530,458836,51.1,29.0,48.35,28.9
2021-10-30 04:37:30 +0530,458837,42.4,26.7,48.52,28.85
2021-10-30 04:38:00 +0530,458838,43.4,28.5,48.42,28.87
2021-10-30 04:38:30 +0530,458839,54.5,29.3,48.49,28.88
2021-10-30 04:39:00 +0530,458840,46.8,31.4,48.35,28.89
2021-10-30 04:39:30 +0530,458841,40.4,29.0,48.39,28.87
2021-10-30 04:40:00 +0530,458842,31.8,24.2,48.46,28.83
2021-10-30 04:40:30 +0530,458843,33.2,24.4,48.52,28.84
2021-10-30 04:41:30 +0530,458844,38.2,26.1,49.15,28.59
2021-10-30 04:42:00 +0530,458845,45.4,29.4,49.01,28.65
2021-10-30 04:42:30 +0530,458846,42.0,25.9,49.01,28.65
2021-10-30 04:43:00 +0530,458847,42.7,27.6,48.9,28.72
2021-10-30 04:43:30 +0530,458848,44.3,30.4,48.8,28.77
2021-10-30 04:44:00 +0530,458849,49.7,28.4,48.77,28.79
2021-10-30 04:44:30 +0530,458850,93.5,34.6,48.66,28.83
2021-10-30 04:45:00 +0530,458851,80.5,33.4,48.62,28.84
2021-10-30 04:45:30 +0530,458852,50.3,30.2,48.59,28.86
2021-10-30 04:46:00 +0530,458853,62.9,31.3,48.52,28.87
2021-10-30 04:46:30 +0530,458854,58.0,30.4,48.46,28.89
2021-10-30 04:47:00 +0530,458855,38.9,29.5,48.42,28.9
2021-10-30 04:47:30 +0530,458856,47.7,30.0,48.39,28.9
2021-10-30 04:48:00 +0530,458857,40.8,28.3,48.42,28.91
2021-10-30 04:48:30 +0530,458858,32.4,27.2,48.52,28.9
2021-10-30 04:49:00 +0530,458859,47.5,31.3,48.42,28.92
2021-10-30 04:49:30 +0530,458860,55.5,31.7,48.35,28.94
2021-10-30 04:50:00 +0530,458861,53.2,31.4,48.29,28.97
2021-10-30 04:50:30 +0530,458862,47.8,31.3,48.29,28.99
2021-10-30 04:51:00 +0530,458863,41.8,31.1,48.24,29.0
2021-10-30 04:51:30 +0530,458864,42.8,33.6,48.24,29.0
2021-10-30 04:52:00 +0530,458865,32.9,29.3,48.35,28.95
2021-10-30 04:52:30 +0530,458866,32.5,29.1,48.29,28.95
2021-10-30 04:53:00 +0530,458867,34.9,31.1,48.29,28.95
2021-10-30 04:53:30 +0530,458868,46.7,34.2,48.29,28.95
2021-10-30 04:54:00 +0530,458869,46.5,30.4,48.39,28.93
2021-10-30 04:54:30 +0530,458870,51.0,32.7,48.35,28.93
2021-10-30 04:55:00 +0530,458871,40.8,31.1,48.29,28.94
2021-10-30 04:55:30 +0530,458872,35.2,30.9,48.25,28.95
2021-10-30 04:56:00 +0530,458873,41.7,30.6,48.18,28.99
2021-10-30 04:56:30 +0530,458874,40.1,30.6,48.15,28.99
2021-10-30 04:57:00 +0530,458875,28.5,25.4,48.22,28.97
2021-10-30 04:57:30 +0530,458876,34.7,30.5,48.15,28.98
2021-10-30 04:58:00 +0530,458877,35.6,30.1,48.15,28.98
2021-10-30 04:58:30 +0530,458878,41.7,31.6,48.18,28.99
2021-10-30 04:59:00 +0530,458879,32.5,26.5,48.25,28.98
2021-10-30 04:59:30 +0530,458880,38.8,30.0,48.22,28.99
2021-10-30 05:00:00 +0530,458881,46.1,31.3,48.21,29.01
2021-10-30 05:00:30 +0530,458882,44.3,30.6,48.18,29.01
2021-10-30 05:01:00 +0530,458883,46.1,31.3,48.15,29.02
2021-10-30 05:01:30 +0530,458884,38.6,26.7,48.22,28.99
2021-10-30 05:02:00 +0530,458885,40.1,30.8,48.18,28.99
2021-10-30 05:02:30 +0530,458886,39.0,30.9,48.18,28.98
2021-10-30 05:03:00 +0530,458887,42.4,30.9,48.22,28.97
2021-10-30 05:03:30 +0530,458888,37.1,30.1,48.25,28.95
2021-10-30 05:04:00 +0530,458889,39.4,30.6,48.29,28.94
2021-10-30 05:04:30 +0530,458890,28.5,25.6,48.42,28.9
2021-10-30 05:05:00 +0530,458891,36.8,29.6,48.42,28.9
2021-10-30 05:05:30 +0530,458892,37.1,26.5,48.59,28.87
2021-10-30 05:06:00 +0530,458893,36.5,27.2,48.66,28.85
2021-10-30 05:06:30 +0530,458894,37.1,30.3,48.59,28.85
2021-10-30 05:07:00 +0530,458895,36.9,30.2,48.59,28.85
2021-10-30 05:07:30 +0530,458896,33.7,27.2,49.18,28.58
2021-10-30 05:08:00 +0530,458897,33.6,30.0,49.11,28.6
2021-10-30 05:08:30 +0530,458898,33.1,29.1,49.08,28.62
2021-10-30 05:09:00 +0530,458899,37.4,29.1,49.0,28.65
2021-10-30 05:09:30 +0530,458900,35.8,29.1,49.0,28.67
2021-10-30 05:10:00 +0530,458901,32.2,28.3,48.97,28.68
2021-10-30 05:10:30 +0530,458902,34.9,27.8,48.93,28.69
2021-10-30 05:11:00 +0530,458903,38.5,29.4,48.93,28.7
2021-10-30 05:11:30 +0530,458904,36.8,29.8,48.9,28.7
2021-10-30 05:12:00 +0530,458905,34.1,29.3,48.83,28.72
2021-10-30 05:12:30 +0530,458906,42.5,29.4,48.83,28.73
2021-10-30 05:13:00 +0530,458907,35.9,29.4,48.83,28.74
2021-10-30 05:13:30 +0530,458908,32.9,24.7,48.97,28.73
2021-10-30 05:14:00 +0530,458909,33.8,28.9,48.87,28.76
2021-10-30 05:14:30 +0530,458910,39.1,29.8,48.83,28.78
2021-10-30 05:15:00 +0530,458911,34.5,29.5,48.79,28.82
2021-10-30 05:15:30 +0530,458912,35.4,29.4,48.69,28.85
2021-10-30 05:16:00 +0530,458913,38.5,30.5,48.62,28.86
2021-10-30 05:16:30 +0530,458914,37.4,30.4,48.66,28.87
2021-10-30 05:17:00 +0530,458915,33.5,25.6,48.9,28.78
2021-10-30 05:17:30 +0530,458916,38.0,29.7,48.76,28.8
2021-10-30 05:18:00 +0530,458917,39.3,29.8,48.76,28.83
2021-10-30 05:18:30 +0530,458918,34.2,28.9,48.66,28.85
2021-10-30 05:19:00 +0530,458919,40.2,30.9,48.62,28.85
2021-10-30 05:19:30 +0530,458920,59.4,30.1,48.49,28.85
2021-10-30 05:20:00 +0530,458921,40.3,30.1,48.46,28.84
2021-10-30 05:20:30 +0530,458922,43.4,30.3,48.52,28.83
2021-10-30 05:21:00 +0530,458923,37.5,25.2,48.66,28.77
2021-10-30 05:21:30 +0530,458924,37.2,29.0,48.7,28.75
2021-10-30 05:22:00 +0530,458925,43.3,30.3,48.77,28.74
2021-10-30 05:22:30 +0530,458926,44.9,30.4,48.83,28.73
2021-10-30 05:23:00 +0530,458927,39.6,30.1,48.83,28.74
2021-10-30 05:23:30 +0530,458928,39.3,30.6,48.83,28.74
2021-10-30 05:24:00 +0530,458929,37.0,29.8,48.8,28.75
2021-10-30 05:24:30 +0530,458930,48.2,31.2,48.83,28.77
2021-10-30 05:25:00 +0530,458931,34.3,30.4,48.8,28.77
2021-10-30 05:25:30 +0530,458932,34.3,30.4,48.8,28.77
2021-10-30 05:26:00 +0530,458933,33.1,26.6,49.0,28.69
2021-10-30 05:26:30 +0530,458934,34.0,30.3,48.97,28.71
2021-10-30 05:27:00 +0530,458935,29.9,26.4,49.04,28.7
2021-10-30 05:27:30 +0530,458936,41.7,30.6,48.97,28.71
2021-10-30 05:28:00 +0530,458937,34.5,29.7,48.93,28.72
2021-10-30 05:28:30 +0530,458938,33.9,29.8,48.97,28.72
2021-10-30 05:29:00 +0530,458939,38.3,30.7,48.97,28.73
2021-10-30 05:29:30 +0530,458940,43.3,26.5,49.14,28.7
2021-10-30 05:30:00 +0530,458941,46.4,31.4,49.1,28.69
2021-10-30 05:30:30 +0530,458942,48.9,32.9,49.2,28.69
2021-10-30 05:31:00 +0530,458943,55.1,33.3,49.1,28.69
2021-10-30 05:31:30 +0530,458944,72.7,31.3,49.24,28.64
2021-10-30 05:32:00 +0530,458945,64.0,34.8,49.24,28.62
2021-10-30 05:32:30 +0530,458946,42.4,28.2,49.38,28.58
2021-10-30 05:33:00 +0530,458947,44.5,31.3,49.34,28.57
2021-10-30 05:33:30 +0530,458948,45.6,31.2,49.38,28.56
2021-10-30 05:34:00 +0530,458949,51.8,32.2,49.44,28.55
2021-10-30 05:34:30 +0530,458950,50.6,29.3,49.55,28.52
2021-10-30 05:35:00 +0530,458951,67.1,34.0,49.55,28.5
2021-10-30 05:35:30 +0530,458952,56.1,33.4,49.61,28.49
2021-10-30 05:36:00 +0530,458953,56.3,33.3,49.68,28.48
2021-10-30 05:36:30 +0530,458954,52.7,31.7,49.75,28.46
2021-10-30 05:37:00 +0530,458955,58.4,31.8,49.76,28.44
2021-10-30 05:37:30 +0530,458956,69.3,33.8,49.79,28.44
2021-10-30 05:38:00 +0530,458957,62.8,34.6,49.82,28.44
2021-10-30 05:38:30 +0530,458958,70.2,34.8,49.82,28.44
2021-10-30 05:39:00 +0530,458959,107.6,41.9,49.82,28.46
2021-10-30 05:39:30 +0530,458960,78.2,36.2,49.82,28.46
2021-10-30 05:40:00 +0530,458961,60.0,33.7,49.85,28.45
2021-10-30 05:40:30 +0530,458962,53.0,33.7,49.85,28.46
2021-10-30 05:41:00 +0530,458963,68.7,33.1,49.89,28.46
2021-10-30 05:41:30 +0530,458964,61.4,28.4,49.99,28.43
2021-10-30 05:42:00 +0530,458965,77.2,35.2,49.95,28.43
2021-10-30 05:42:30 +0530,458966,73.5,31.6,50.05,28.42
2021-10-30 05:43:00 +0530,458967,113.5,37.6,50.02,28.42
2021-10-30 05:43:30 +0530,458968,174.9,46.9,50.02,28.43
2021-10-30 05:44:00 +0530,458969,143.1,41.2,50.15,28.41
2021-10-30 05:44:30 +0530,458970,111.8,40.9,50.12,28.41
2021-10-30 05:45:00 +0530,458971,79.5,35.3,50.05,28.42
2021-10-30 05:45:30 +0530,458972,67.0,34.1,49.99,28.42
2021-10-30 05:46:00 +0530,458973,72.2,33.6,49.95,28.42
2021-10-30 05:46:30 +0530,458974,60.2,33.1,49.99,28.4
2021-10-30 05:47:00 +0530,458975,63.7,33.7,50.05,28.39
2021-10-30 05:47:30 +0530,458976,81.7,35.1,50.15,28.37
2021-10-30 05:48:00 +0530,458977,67.4,34.8,50.15,28.37
2021-10-30 05:48:30 +0530,458978,80.4,35.9,50.19,28.37
2021-10-30 05:49:00 +0530,458979,50.3,33.3,50.15,28.38
2021-10-30 05:49:30 +0530,458980,44.1,30.8,50.29,28.37
2021-10-30 05:50:00 +0530,458981,60.3,33.3,50.22,28.38
2021-10-30 05:50:30 +0530,458982,48.2,31.2,50.15,28.38
2021-10-30 05:51:00 +0530,458983,44.8,32.4,50.12,28.38
2021-10-30 05:51:30 +0530,458984,38.8,27.5,50.26,28.35
2021-10-30 05:52:00 +0530,458985,46.1,32.4,50.19,28.37
2021-10-30 05:52:30 +0530,458986,49.9,33.1,50.19,28.37
2021-10-30 05:53:00 +0530,458987,55.4,31.8,50.56,28.26
2021-10-30 05:53:30 +0530,458988,40.5,32.9,50.43,28.28
2021-10-30 05:54:00 +0530,458989,41.9,32.9,50.43,28.3
2021-10-30 05:54:30 +0530,458990,37.6,28.7,50.46,28.29
2021-10-30 05:55:00 +0530,458991,45.6,33.2,50.39,28.3
2021-10-30 05:55:30 +0530,458992,48.1,34.1,50.39,28.31
2021-10-30 05:56:00 +0530,458993,39.2,32.4,50.36,28.32
2021-10-30 05:56:30 +0530,458994,45.5,33.9,50.36,28.33
2021-10-30 05:57:00 +0530,458995,51.8,34.2,50.39,28.34
2021-10-30 05:57:30 +0530,458996,49.0,34.8,50.36,28.34
2021-10-30 05:58:00 +0530,458997,46.5,33.8,50.33,28.33
2021-10-30 05:58:30 +0530,458998,43.3,34.2,50.39,28.33
2021-10-30 05:59:00 +0530,458999,50.2,34.8,50.43,28.32
2021-10-30 05:59:30 +0530,459000,47.3,29.6,50.56,28.31
2021-10-30 06:00:00 +0530,459001,48.2,34.6,50.46,28.32
2021-10-30 06:00:30 +0530,459002,42.6,33.6,50.43,28.33
2021-10-30 06:01:00 +0530,459003,41.1,33.3,50.39,28.34
2021-10-30 06:01:30 +0530,459004,44.6,32.9,50.36,28.37
2021-10-30 06:02:00 +0530,459005,41.4,30.9,50.36,28.32
2021-10-30 06:02:30 +0530,459006,47.2,31.3,50.49,28.3
2021-10-30 06:03:00 +0530,459007,45.4,34.7,50.43,28.3
2021-10-30 06:03:30 +0530,459008,56.9,36.1,50.53,28.29
2021-10-30 06:04:00 +0530,459009,42.7,34.4,50.53,28.29
2021-10-30 06:04:30 +0530,459010,43.2,34.9,50.53,28.3
2021-10-30 06:05:00 +0530,459011,44.1,34.7,50.53,28.3
2021-10-30 06:05:30 +0530,459012,43.8,34.9,50.49,28.32
2021-10-30 06:06:00 +0530,459013,43.5,35.8,50.49,28.32
2021-10-30 06:06:30 +0530,459014,42.7,35.9,50.49,28.32
2021-10-30 06:07:00 +0530,459015,47.5,33.6,50.59,28.28
2021-10-30 06:07:30 +0530,459016,64.4,33.3,50.73,28.28
2021-10-30 06:08:00 +0530,459017,50.7,37.0,50.7,28.28
2021-10-30 06:08:30 +0530,459018,51.0,36.6,50.7,28.28
2021-10-30 06:09:00 +0530,459019,38.9,33.6,50.7,28.26
2021-10-30 06:09:30 +0530,459020,47.2,32.0,50.73,28.27
2021-10-30 06:10:00 +0530,459021,47.5,36.9,50.59,28.28
2021-10-30 06:10:30 +0530,459022,54.3,37.2,50.59,28.28
2021-10-30 06:11:00 +0530,459023,46.4,36.7,50.56,28.3
2021-10-30 06:11:30 +0530,459024,45.4,36.1,50.53,28.32
2021-10-30 06:12:00 +0530,459025,41.3,36.4,50.49,28.33
2021-10-30 06:12:30 +0530,459026,41.3,36.4,50.49,28.33
2021-10-30 06:13:00 +0530,459027,56.5,35.3,50.83,28.2
2021-10-30 06:13:30 +0530,459028,50.2,34.3,50.9,28.17
2021-10-30 06:14:00 +0530,459029,49.1,36.8,50.87,28.18
2021-10-30 06:14:30 +0530,459030,52.1,37.6,50.87,28.18
2021-10-30 06:15:00 +0530,459031,42.9,38.0,50.83,28.19
2021-10-30 06:15:30 +0530,459032,47.4,34.1,50.93,28.18
2021-10-30 06:16:00 +0530,459033,52.0,38.5,50.87,28.21
2021-10-30 06:16:30 +0530,459034,50.1,38.7,50.83,28.24
2021-10-30 06:17:00 +0530,459035,46.1,37.8,50.73,28.28
2021-10-30 06:17:30 +0530,459036,44.0,37.7,50.7,28.28
2021-10-30 06:18:00 +0530,459037,44.6,37.7,50.59,28.28
2021-10-30 06:18:30 +0530,459038,49.3,38.6,50.59,28.28
2021-10-30 06:19:00 +0530,459039,55.6,35.2,50.72,28.28
2021-10-30 06:19:30 +0530,459040,49.7,39.5,50.66,28.28
2021-10-30 06:20:00 +0530,459041,45.3,38.3,50.69,28.28
2021-10-30 06:20:30 +0530,459042,37.7,33.7,50.76,28.28
2021-10-30 06:21:00 +0530,459043,41.5,36.7,50.66,28.28
2021-10-30 06:21:30 +0530,459044,46.0,37.8,50.66,28.28
2021-10-30 06:22:00 +0530,459045,44.4,38.4,50.7,28.28
2021-10-30 06:22:30 +0530,459046,45.0,38.1,50.7,28.28
2021-10-30 06:23:00 +0530,459047,46.2,38.7,50.73,28.28
2021-10-30 06:23:30 +0530,459048,43.4,33.6,50.76,28.28
2021-10-30 06:24:00 +0530,459049,43.7,38.2,50.8,28.28
2021-10-30 06:24:30 +0530,459050,57.1,40.1,50.82,28.28
2021-10-30 06:25:00 +0530,459051,38.3,32.8,50.93,28.27
2021-10-30 06:25:30 +0530,459052,47.9,39.4,50.83,28.28
2021-10-30 06:26:00 +0530,459053,48.4,37.2,50.93,28.26
2021-10-30 06:26:30 +0530,459054,54.5,42.8,50.87,28.28
2021-10-30 06:27:00 +0530,459055,53.5,41.7,50.87,28.28
2021-10-30 06:27:30 +0530,459056,53.8,41.2,50.89,28.29
2021-10-30 06:28:00 +0530,459057,44.8,38.1,50.72,28.31
2021-10-30 06:28:30 +0530,459058,44.1,38.1,50.72,28.31
2021-10-30 06:29:00 +0530,459059,44.6,37.7,50.72,28.29
2021-10-30 06:29:30 +0530,459060,52.3,39.6,50.79,28.28
2021-10-30 06:30:00 +0530,459061,48.6,37.6,50.83,28.28
2021-10-30 06:30:30 +0530,459062,67.9,42.6,50.9,28.28
2021-10-30 06:31:00 +0530,459063,47.9,36.7,50.87,28.28
2021-10-30 06:31:30 +0530,459064,47.2,37.7,50.86,28.28
2021-10-30 06:32:00 +0530,459065,49.0,38.9,50.9,28.28
2021-10-30 06:32:30 +0530,459066,55.2,38.8,50.9,28.28
2021-10-30 06:33:00 +0530,459067,43.2,37.4,50.87,28.3
2021-10-30 06:33:30 +0530,459068,43.0,34.9,50.99,28.29
2021-10-30 06:34:00 +0530,459069,43.5,37.6,50.89,28.32
2021-10-30 06:34:30 +0530,459070,47.6,38.3,50.82,28.34
2021-10-30 06:35:00 +0530,459071,42.2,37.6,50.79,28.35
2021-10-30 06:35:30 +0530,459072,45.1,38.2,50.79,28.38
2021-10-30 06:36:00 +0530,459073,45.6,37.9,50.69,28.41
2021-10-30 06:37:00 +0530,459074,42.8,34.7,50.63,28.41
2021-10-30 06:37:30 +0530,459075,44.8,34.2,50.59,28.41
2021-10-30 06:38:00 +0530,459076,46.9,34.7,50.59,28.41
2021-10-30 06:39:00 +0530,459077,49.3,42.7,50.59,28.41
2021-10-30 06:39:30 +0530,459078,46.5,33.3,50.72,28.4
2021-10-30 06:40:00 +0530,459079,41.3,36.9,50.63,28.41
2021-10-30 06:40:30 +0530,459080,35.6,31.9,50.72,28.4
2021-10-30 06:41:00 +0530,459081,44.1,36.1,50.63,28.42
2021-10-30 06:41:30 +0530,459082,48.7,33.4,50.76,28.42
2021-10-30 06:42:00 +0530,459083,48.7,33.4,50.76,28.42
2021-10-30 06:42:30 +0530,459084,41.5,33.4,51.04,28.27
2021-10-30 06:43:00 +0530,459085,46.3,38.1,50.99,28.3
2021-10-30 06:43:30 +0530,459086,44.9,37.2,50.93,28.34
2021-10-30 06:44:00 +0530,459087,41.8,37.3,50.82,28.38
2021-10-30 06:44:30 +0530,459088,44.7,37.3,50.76,28.41
2021-10-30 06:45:00 +0530,459089,43.7,36.9,50.76,28.42
2021-10-30 06:45:30 +0530,459090,44.5,37.1,50.76,28.44
2021-10-30 06:46:00 +0530,459091,45.0,37.0,50.76,28.45
2021-10-30 06:46:30 +0530,459092,45.3,37.8,50.79,28.47
2021-10-30 06:47:00 +0530,459093,36.1,32.4,50.85,28.45
2021-10-30 06:47:30 +0530,459094,52.1,37.2,50.72,28.47
2021-10-30 06:48:00 +0530,459095,44.7,36.5,50.65,28.47
2021-10-30 06:48:30 +0530,459096,47.7,37.6,50.65,28.47
2021-10-30 06:49:00 +0530,459097,49.6,37.7,50.72,28.47
2021-10-30 06:49:30 +0530,459098,45.8,37.3,50.65,28.48
2021-10-30 06:50:00 +0530,459099,38.4,32.6,50.85,28.46
2021-10-30 06:50:30 +0530,459100,40.5,33.2,50.89,28.45
2021-10-30 06:51:00 +0530,459101,47.3,37.0,50.85,28.46
2021-10-30 06:51:30 +0530,459102,43.6,36.1,50.82,28.46
2021-10-30 06:52:00 +0530,459103,45.6,36.7,50.76,28.45
2021-10-30 06:52:30 +0530,459104,44.9,35.7,50.76,28.46
2021-10-30 06:53:00 +0530,459105,41.7,37.2,50.79,28.46
2021-10-30 06:53:30 +0530,459106,35.2,30.0,50.86,28.44
2021-10-30 06:54:00 +0530,459107,43.1,36.8,50.76,28.44
2021-10-30 06:54:30 +0530,459108,49.2,38.9,50.82,28.44
2021-10-30 06:55:00 +0530,459109,42.6,37.3,50.86,28.44
2021-10-30 06:55:30 +0530,459110,41.2,36.7,50.86,28.45
2021-10-30 06:56:00 +0530,459111,36.6,32.6,50.96,28.43
2021-10-30 06:56:30 +0530,459112,43.0,37.2,50.86,28.43
2021-10-30 06:57:00 +0530,459113,46.0,36.7,50.82,28.43
2021-10-30 06:57:30 +0530,459114,44.2,37.2,50.86,28.43
2021-10-30 06:58:00 +0530,459115,45.6,37.2,51.03,28.43
2021-10-30 06:58:30 +0530,459116,42.5,37.3,50.99,28.45
2021-10-30 06:59:00 +0530,459117,44.2,32.6,51.03,28.43
2021-10-30 06:59:30 +0530,459118,49.9,37.4,50.93,28.45
2021-10-30 07:00:00 +0530,459119,61.7,34.3,50.99,28.43
2021-10-30 07:00:30 +0530,459120,81.2,39.8,50.93,28.45
2021-10-30 07:01:00 +0530,459121,83.2,41.3,50.92,28.45
2021-10-30 07:01:30 +0530,459122,61.7,38.7,50.85,28.47
2021-10-30 07:02:00 +0530,459123,73.0,40.3,50.85,28.48
2021-10-30 07:02:30 +0530,459124,69.2,37.3,50.95,28.47
2021-10-30 07:03:00 +0530,459125,70.6,40.4,50.79,28.48
2021-10-30 07:03:30 +0530,459126,52.8,38.9,50.72,28.49
2021-10-30 07:04:00 +0530,459127,61.2,40.2,50.72,28.49
2021-10-30 07:04:30 +0530,459128,60.1,39.7,50.72,28.48
2021-10-30 07:05:00 +0530,459129,56.8,39.4,50.79,28.47
2021-10-30 07:05:30 +0530,459130,48.8,37.6,50.79,28.48
2021-10-30 07:06:00 +0530,459131,53.0,39.1,50.76,28.47
2021-10-30 07:06:30 +0530,459132,53.9,38.4,50.76,28.46
2021-10-30 07:07:00 +0530,459133,56.4,40.1,50.76,28.45
2021-10-30 07:07:30 +0530,459134,44.4,33.5,50.93,28.41
2021-10-30 07:08:00 +0530,459135,42.2,33.0,51.09,28.39
2021-10-30 07:08:30 +0530,459136,63.7,40.4,50.93,28.41
2021-10-30 07:09:00 +0530,459137,51.2,36.2,50.96,28.39
2021-10-30 07:09:30 +0530,459138,48.6,35.4,51.06,28.37
2021-10-30 07:10:00 +0530,459139,54.4,41.1,51.03,28.4
2021-10-30 07:10:30 +0530,459140,51.6,40.9,50.99,28.42
2021-10-30 07:11:00 +0530,459141,49.8,40.4,50.93,28.44
2021-10-30 07:11:30 +0530,459142,49.6,41.1,50.95,28.46
2021-10-30 07:12:00 +0530,459143,48.4,40.2,50.82,28.49
2021-10-30 07:12:30 +0530,459144,47.3,36.6,50.76,28.47
2021-10-30 07:13:00 +0530,459145,41.9,34.9,50.85,28.47
2021-10-30 07:13:30 +0530,459146,52.3,41.0,50.79,28.48
2021-10-30 07:14:00 +0530,459147,52.0,40.6,50.79,28.5
2021-10-30 07:14:30 +0530,459148,48.6,40.7,50.72,28.53
2021-10-30 07:15:00 +0530,459149,52.4,41.2,50.52,28.55
2021-10-30 07:15:30 +0530,459150,53.2,40.8,50.45,28.57
2021-10-30 07:16:00 +0530,459151,51.3,40.6,50.38,28.58
2021-10-30 07:16:30 +0530,459152,58.2,42.4,50.42,28.59
2021-10-30 07:17:00 +0530,459153,60.2,42.5,50.42,28.6
2021-10-30 07:17:30 +0530,459154,53.1,42.3,50.42,28.6
2021-10-30 07:18:00 +0530,459155,51.3,41.6,50.45,28.61
2021-10-30 07:18:30 +0530,459156,63.8,42.1,50.45,28.62
2021-10-30 07:19:00 +0530,459157,60.8,42.3,50.52,28.64
2021-10-30 07:19:30 +0530,459158,48.8,39.6,50.37,28.65
2021-10-30 07:20:00 +0530,459159,50.5,39.8,50.3,28.67
2021-10-30 07:20:30 +0530,459160,54.5,39.9,50.27,28.68
2021-10-30 07:21:00 +0530,459161,54.5,36.6,50.44,28.65
2021-10-30 07:21:30 +0530,459162,55.1,41.6,50.37,28.68
2021-10-30 07:22:00 +0530,459163,52.6,35.0,50.38,28.62
2021-10-30 07:22:30 +0530,459164,57.5,42.2,50.38,28.64
2021-10-30 07:23:00 +0530,459165,48.2,40.2,50.34,28.65
2021-10-30 07:23:30 +0530,459166,56.9,41.1,50.34,28.67
2021-10-30 07:24:00 +0530,459167,50.0,36.8,50.44,28.68
2021-10-30 07:24:30 +0530,459168,48.8,41.6,50.41,28.7
2021-10-30 07:25:00 +0530,459169,53.0,41.2,50.27,28.72
2021-10-30 07:25:30 +0530,459170,51.3,41.2,50.18,28.75
2021-10-30 07:26:00 +0530,459171,54.6,39.1,50.04,28.78
2021-10-30 07:26:30 +0530,459172,57.6,40.0,49.98,28.79
2021-10-30 07:27:00 +0530,459173,47.8,39.1,49.79,28.83
2021-10-30 07:27:30 +0530,459174,44.9,37.2,49.76,28.84
2021-10-30 07:28:00 +0530,459175,47.0,38.7,49.76,28.85
2021-10-30 07:28:30 +0530,459176,46.4,37.3,49.79,28.86
2021-10-30 07:29:00 +0530,459177,58.2,41.9,49.83,28.85
2021-10-30 07:29:30 +0530,459178,43.4,35.3,49.96,28.83
2021-10-30 07:30:00 +0530,459179,51.6,39.8,49.9,28.84
2021-10-30 07:30:30 +0530,459180,43.7,37.2,49.76,28.85
2021-10-30 07:31:00 +0530,459181,41.6,32.2,49.83,28.82
2021-10-30 07:31:30 +0530,459182,44.4,34.6,49.73,28.8
2021-10-30 07:32:00 +0530,459183,53.6,37.1,49.76,28.82
2021-10-30 07:32:30 +0530,459184,52.0,36.4,49.73,28.83
2021-10-30 07:33:00 +0530,459185,42.7,35.8,49.66,28.84
2021-10-30 07:33:30 +0530,459186,47.5,36.1,49.66,28.85
2021-10-30 07:34:00 +0530,459187,42.2,35.7,49.56,28.86
2021-10-30 07:34:30 +0530,459188,51.4,37.1,49.56,28.88
2021-10-30 07:35:00 +0530,459189,44.8,32.7,49.76,28.88
2021-10-30 07:35:31 +0530,459190,39.5,32.2,49.76,28.88
2021-10-30 07:36:00 +0530,459191,45.3,36.7,49.56,28.91
2021-10-30 07:36:30 +0530,459192,44.1,36.7,49.56,28.94
2021-10-30 07:37:00 +0530,459193,41.9,36.0,49.43,28.98
2021-10-30 07:37:30 +0530,459194,45.2,35.2,49.36,28.99
2021-10-30 07:38:00 +0530,459195,39.0,34.9,49.39,29.0
2021-10-30 07:38:30 +0530,459196,38.9,34.1,49.32,29.01
2021-10-30 07:39:00 +0530,459197,46.8,35.4,49.28,29.03
2021-10-30 07:39:30 +0530,459198,45.4,36.8,49.32,29.04
2021-10-30 07:40:00 +0530,459199,42.9,34.4,49.28,29.06
2021-10-30 07:40:30 +0530,459200,48.2,34.9,49.25,29.07
2021-10-30 07:41:00 +0530,459201,41.9,33.3,49.02,29.09
2021-10-30 07:41:30 +0530,459202,51.2,36.9,49.18,29.11
2021-10-30 07:42:00 +0530,459203,43.6,34.9,49.08,29.12
2021-10-30 07:42:30 +0530,459204,48.3,35.1,49.02,29.13
2021-10-30 07:43:00 +0530,459205,45.7,35.3,49.02,29.13
2021-10-30 07:43:30 +0530,459206,48.8,34.1,48.95,29.14
2021-10-30 07:44:00 +0530,459207,39.4,33.3,48.95,29.14
2021-10-30 07:44:30 +0530,459208,40.3,33.4,49.01,29.15
2021-10-30 07:45:00 +0530,459209,38.5,33.5,48.98,29.15
2021-10-30 07:45:30 +0530,459210,38.4,33.7,48.98,29.14
2021-10-30 07:46:00 +0530,459211,40.9,33.1,48.99,29.15
2021-10-30 07:46:30 +0530,459212,48.5,34.6,49.11,29.16
2021-10-30 07:47:00 +0530,459213,39.4,33.8,49.08,29.16
2021-10-30 07:47:30 +0530,459214,41.1,34.4,49.08,29.17
2021-10-30 07:48:00 +0530,459215,39.4,33.1,48.98,29.2
2021-10-30 07:48:30 +0530,459216,47.5,35.1,48.98,29.21
2021-10-30 07:49:00 +0530,459217,42.5,33.4,49.01,29.21
2021-10-30 07:49:30 +0530,459218,44.7,34.6,49.08,29.21
2021-10-30 07:50:00 +0530,459219,39.1,33.3,48.98,29.21
2021-10-30 07:50:30 +0530,459220,42.4,28.8,49.18,29.19
2021-10-30 07:51:00 +0530,459221,41.2,33.9,49.18,29.21
2021-10-30 07:51:30 +0530,459222,41.5,33.6,49.08,29.21
2021-10-30 07:52:00 +0530,459223,34.2,27.7,49.21,29.21
2021-10-30 07:52:30 +0530,459224,37.4,29.3,49.27,29.21
2021-10-30 07:53:00 +0530,459225,42.4,34.4,49.05,29.22
2021-10-30 07:53:30 +0530,459226,40.7,34.1,48.98,29.23
2021-10-30 07:54:00 +0530,459227,42.3,34.2,48.98,29.23
2021-10-30 07:54:30 +0530,459228,44.4,33.8,49.05,29.24
2021-10-30 07:55:00 +0530,459229,40.9,33.2,49.08,29.26
2021-10-30 07:55:30 +0530,459230,43.4,33.8,49.05,29.28
2021-10-30 07:56:00 +0530,459231,39.7,33.1,48.94,29.31
2021-10-30 07:56:30 +0530,459232,45.0,34.8,48.84,29.32
2021-10-30 07:57:00 +0530,459233,43.1,33.7,48.77,29.32
2021-10-30 07:57:30 +0530,459234,45.2,33.9,48.84,29.31
2021-10-30 07:58:00 +0530,459235,38.8,32.7,48.81,29.31
2021-10-30 07:58:30 +0530,459236,40.6,34.1,48.84,29.3
2021-10-30 07:59:00 +0530,459237,40.2,30.6,49.05,29.3
2021-10-30 07:59:30 +0530,459238,45.8,33.9,48.91,29.33
2021-10-30 08:00:00 +0530,459239,39.9,33.2,48.83,29.35
2021-10-30 08:00:30 +0530,459240,43.3,33.6,48.76,29.38
2021-10-30 08:01:00 +0530,459241,40.1,32.2,48.73,29.43
2021-10-30 08:01:30 +0530,459242,41.4,34.4,48.57,29.46
2021-10-30 08:02:00 +0530,459243,45.1,34.2,48.43,29.47
2021-10-30 08:02:30 +0530,459244,45.7,35.2,48.45,29.48
2021-10-30 08:03:00 +0530,459245,37.7,33.9,48.39,29.49
2021-10-30 08:03:30 +0530,459246,42.4,34.3,48.52,29.49
2021-10-30 08:04:00 +0530,459247,44.2,34.7,48.49,29.49
2021-10-30 08:04:30 +0530,459248,40.9,30.6,48.53,29.48
2021-10-30 08:05:00 +0530,459249,42.2,34.6,48.49,29.48
2021-10-30 08:05:30 +0530,459250,46.8,34.9,48.59,29.48
2021-10-30 08:06:00 +0530,459251,34.8,29.6,48.66,29.48
2021-10-30 08:06:30 +0530,459252,42.2,35.9,48.52,29.51
2021-10-30 08:07:00 +0530,459253,50.3,44.8,48.45,29.56
2021-10-30 08:07:30 +0530,459254,45.8,38.4,48.32,29.57
2021-10-30 08:08:00 +0530,459255,51.6,38.3,48.39,29.6
2021-10-30 08:08:30 +0530,459256,48.9,36.4,48.35,29.63
2021-10-30 08:09:00 +0530,459257,44.0,36.3,48.35,29.65
2021-10-30 08:09:30 +0530,459258,43.9,31.1,48.35,29.63
2021-10-30 08:10:00 +0530,459259,45.5,35.2,48.32,29.62
2021-10-30 08:10:30 +0530,459260,47.5,35.9,48.39,29.61
2021-10-30 08:11:00 +0530,459261,44.1,35.2,48.35,29.59
2021-10-30 08:11:30 +0530,459262,46.6,35.6,48.39,29.57
2021-10-30 08:12:00 +0530,459263,36.7,32.8,48.56,29.53
2021-10-30 08:12:30 +0530,459264,42.6,37.0,48.56,29.53
2021-10-30 08:13:00 +0530,459265,46.7,35.7,48.52,29.54
2021-10-30 08:13:30 +0530,459266,53.4,37.1,48.52,29.57
2021-10-30 08:14:00 +0530,459267,52.3,40.5,48.52,29.59
2021-10-30 08:14:30 +0530,459268,47.1,37.4,48.39,29.62
2021-10-30 08:15:00 +0530,459269,56.2,41.4,48.39,29.63
2021-10-30 08:15:30 +0530,459270,55.4,43.1,48.42,29.65
2021-10-30 08:16:00 +0530,459271,48.7,38.3,48.35,29.66
2021-10-30 08:16:30 +0530,459272,47.8,33.8,48.45,29.66
2021-10-30 08:17:00 +0530,459273,42.9,36.6,48.38,29.7
2021-10-30 08:17:30 +0530,459274,47.2,36.9,48.28,29.75
2021-10-30 08:18:00 +0530,459275,50.0,37.6,48.18,29.79
2021-10-30 08:18:30 +0530,459276,48.3,39.7,48.14,29.88
2021-10-30 08:19:00 +0530,459277,46.9,38.1,48.0,29.94
2021-10-30 08:19:30 +0530,459278,45.9,34.9,48.07,29.97
2021-10-30 08:20:00 +0530,459279,48.5,37.8,47.89,30.04
2021-10-30 08:20:30 +0530,459280,45.5,37.3,47.96,30.1
2021-10-30 08:21:00 +0530,459281,51.5,38.8,47.76,30.16
2021-10-30 08:21:30 +0530,459282,43.7,34.7,47.64,30.2
2021-10-30 08:22:00 +0530,459283,47.4,35.4,47.54,30.23
2021-10-30 08:22:30 +0530,459284,44.0,33.7,47.54,30.25
2021-10-30 08:23:00 +0530,459285,48.1,39.6,47.41,30.31
2021-10-30 08:23:30 +0530,459286,56.6,40.6,47.4,30.39
2021-10-30 08:24:00 +0530,459287,52.2,39.2,47.27,30.47
2021-10-30 08:24:30 +0530,459288,57.0,39.6,47.12,30.55
2021-10-30 08:25:00 +0530,459289,57.9,40.7,46.78,30.62
2021-10-30 08:25:30 +0530,459290,52.8,40.7,46.68,30.68
2021-10-30 08:26:00 +0530,459291,47.8,39.6,46.27,30.72
2021-10-30 08:26:30 +0530,459292,43.3,38.6,46.2,30.78
2021-10-30 08:27:00 +0530,459293,46.9,33.5,46.37,30.81
2021-10-30 08:27:30 +0530,459294,51.5,38.7,45.99,30.83
2021-10-30 08:28:00 +0530,459295,47.6,38.9,45.9,30.84
2021-10-30 08:28:30 +0530,459296,48.0,38.4,45.86,30.84
2021-10-30 08:29:00 +0530,459297,46.9,36.8,46.03,30.81
2021-10-30 08:29:30 +0530,459298,60.5,40.1,46.1,30.81
2021-10-30 08:30:00 +0530,459299,52.7,38.7,46.03,30.82
2021-10-30 08:30:30 +0530,459300,51.8,39.2,45.99,30.83
2021-10-30 08:31:00 +0530,459301,53.9,41.0,45.99,30.84
2021-10-30 08:31:30 +0530,459302,48.7,35.2,46.1,30.83
2021-10-30 08:32:00 +0530,459303,48.9,38.7,46.06,30.86
2021-10-30 08:32:30 +0530,459304,50.2,39.8,46.12,30.92
2021-10-30 08:33:00 +0530,459305,50.9,34.5,46.09,30.96
2021-10-30 08:33:30 +0530,459306,53.5,38.6,45.86,31.02
2021-10-30 08:34:00 +0530,459307,45.6,37.9,45.69,31.04
2021-10-30 08:34:30 +0530,459308,50.4,37.8,45.71,31.11
2021-10-30 08:35:00 +0530,459309,57.7,38.7,45.41,31.16
2021-10-30 08:35:30 +0530,459310,66.5,38.8,45.39,31.21
2021-10-30 08:36:00 +0530,459311,57.3,38.1,45.29,31.25
2021-10-30 08:36:30 +0530,459312,50.0,37.7,45.16,31.28
2021-10-30 08:37:00 +0530,459313,53.2,38.3,45.16,31.28
2021-10-30 08:37:30 +0530,459314,41.8,35.7,45.09,31.28
2021-10-30 08:38:00 +0530,459315,48.3,36.6,45.16,31.29
2021-10-30 08:38:30 +0530,459316,44.4,35.6,45.06,31.3
2021-10-30 08:39:00 +0530,459317,58.9,40.2,45.06,31.31
2021-10-30 08:39:30 +0530,459318,42.0,31.3,45.19,31.31
2021-10-30 08:40:00 +0530,459319,42.5,34.7,44.99,31.37
2021-10-30 08:40:30 +0530,459320,58.5,35.7,44.95,31.43
2021-10-30 08:41:00 +0530,459321,119.6,45.8,44.88,31.48
2021-10-30 08:41:30 +0530,459322,57.3,31.2,44.84,31.49
2021-10-30 08:42:00 +0530,459323,63.2,31.9,44.91,31.5
2021-10-30 08:42:30 +0530,459324,50.6,35.6,44.83,31.54
2021-10-30 08:43:00 +0530,459325,46.5,34.2,44.77,31.58
2021-10-30 08:43:30 +0530,459326,41.6,34.3,44.73,31.61
2021-10-30 08:44:00 +0530,459327,56.4,36.2,44.56,31.66
2021-10-30 08:44:30 +0530,459328,68.4,37.1,44.42,31.72
2021-10-30 08:45:00 +0530,459329,83.7,38.9,44.38,31.76
2021-10-30 08:45:30 +0530,459330,53.4,35.6,44.35,31.83
2021-10-30 08:46:00 +0530,459331,56.9,37.8,44.2,31.93
2021-10-30 08:46:30 +0530,459332,44.7,32.8,43.93,32.0
2021-10-30 08:47:00 +0530,459333,119.2,45.3,43.82,32.08
2021-10-30 08:47:30 +0530,459334,53.9,29.8,43.78,32.14
2021-10-30 08:48:00 +0530,459335,58.3,35.5,43.48,32.18
2021-10-30 08:48:30 +0530,459336,38.0,28.3,43.58,32.18
2021-10-30 08:49:00 +0530,459337,42.8,32.6,43.48,32.19
2021-10-30 08:49:30 +0530,459338,57.3,35.1,43.45,32.22
2021-10-30 08:50:00 +0530,459339,49.1,34.7,43.37,32.24
2021-10-30 08:50:30 +0530,459340,38.7,29.8,43.48,32.2
2021-10-30 08:51:00 +0530,459341,41.8,34.9,43.48,32.2
2021-10-30 08:51:30 +0530,459342,40.6,33.2,43.51,32.18
2021-10-30 08:52:00 +0530,459343,46.6,32.1,43.58,32.16
2021-10-30 08:52:30 +0530,459344,42.6,32.9,43.58,32.16
2021-10-30 08:53:00 +0530,459345,38.6,28.6,43.78,32.13
2021-10-30 08:53:30 +0530,459346,44.4,33.4,43.75,32.12
2021-10-30 08:54:00 +0530,459347,46.9,31.6,43.78,32.14
2021-10-30 08:54:30 +0530,459348,44.4,32.8,43.75,32.17
2021-10-30 08:55:00 +0530,459349,44.4,32.8,43.75,32.17
2021-10-30 08:55:30 +0530,459350,40.9,28.3,44.37,32.03
2021-10-30 08:56:00 +0530,459351,46.5,33.3,44.19,32.13
2021-10-30 08:56:30 +0530,459352,43.6,31.7,43.78,32.23
2021-10-30 08:57:00 +0530,459353,39.6,31.1,43.47,32.31
2021-10-30 08:57:30 +0530,459354,38.3,32.1,43.37,32.35
2021-10-30 08:58:00 +0530,459355,33.8,26.7,43.44,32.37
2021-10-30 08:58:30 +0530,459356,40.3,31.7,43.27,32.41
2021-10-30 08:59:00 +0530,459357,50.2,33.4,43.36,32.43
2021-10-30 08:59:30 +0530,459358,46.5,32.0,43.29,32.5
2021-10-30 09:00:00 +0530,459359,39.3,30.4,43.1,32.59
2021-10-30 09:00:30 +0530,459360,34.1,27.1,43.0,32.67
2021-10-30 09:01:00 +0530,459361,41.9,30.7,42.77,32.72
2021-10-30 09:01:30 +0530,459362,31.6,28.4,42.8,32.75
2021-10-30 09:02:00 +0530,459363,42.7,31.9,42.58,32.78
2021-10-30 09:02:30 +0530,459364,31.5,26.4,42.75,32.77
2021-10-30 09:03:00 +0530,459365,40.7,31.0,42.65,32.82
2021-10-30 09:03:30 +0530,459366,37.6,30.6,42.55,32.85
2021-10-30 09:04:00 +0530,459367,34.7,30.4,42.48,32.9
2021-10-30 09:04:30 +0530,459368,38.1,29.7,42.4,32.94
2021-10-30 09:05:00 +0530,459369,36.6,29.4,42.34,32.98
2021-10-30 09:05:30 +0530,459370,45.2,32.9,42.44,33.0
2021-10-30 09:06:00 +0530,459371,56.6,34.7,42.4,33.03
2021-10-30 09:06:30 +0530,459372,43.1,31.2,42.23,33.07
2021-10-30 09:07:00 +0530,459373,39.8,31.6,42.27,33.08
2021-10-30 09:07:30 +0530,459374,35.4,29.9,42.26,33.08
2021-10-30 09:08:00 +0530,459375,34.6,29.2,42.19,33.08
2021-10-30 09:08:30 +0530,459376,37.1,29.8,42.07,33.07
2021-10-30 09:09:00 +0530,459377,41.2,33.9,42.2,33.07
2021-10-30 09:09:30 +0530,459378,41.6,31.4,42.3,33.09
2021-10-30 09:10:00 +0530,459379,44.9,31.9,42.32,33.12
2021-10-30 09:10:30 +0530,459380,41.4,31.0,42.32,33.16
2021-10-30 09:11:00 +0530,459381,45.3,31.1,42.32,33.21
2021-10-30 09:11:30 +0530,459382,39.6,30.8,42.42,33.27
2021-10-30 09:12:00 +0530,459383,38.2,29.5,42.11,33.33
2021-10-30 09:12:30 +0530,459384,33.2,28.9,41.87,33.41
2021-10-30 09:13:00 +0530,459385,32.5,25.5,41.81,33.42
2021-10-30 09:13:30 +0530,459386,35.5,29.8,41.72,33.44
2021-10-30 09:14:00 +0530,459387,32.4,27.3,41.81,33.43
2021-10-30 09:14:30 +0530,459388,39.8,30.2,41.79,33.44
2021-10-30 09:15:00 +0530,459389,38.5,29.5,41.72,33.44
2021-10-30 09:15:30 +0530,459390,39.2,29.5,41.81,33.44
2021-10-30 09:16:00 +0530,459391,39.0,31.1,41.83,33.44
2021-10-30 09:16:30 +0530,459392,36.2,29.8,41.79,33.44
2021-10-30 09:17:00 +0530,459393,46.1,30.9,41.84,33.42
2021-10-30 09:17:30 +0530,459394,38.3,22.4,41.94,33.36
2021-10-30 09:18:00 +0530,459395,37.0,30.6,41.94,33.37
2021-10-30 09:18:30 +0530,459396,37.2,30.1,41.97,33.35
2021-10-30 09:19:00 +0530,459397,35.4,30.2,42.04,33.37
2021-10-30 09:19:30 +0530,459398,42.6,30.7,42.04,33.37
2021-10-30 09:20:00 +0530,459399,37.1,30.2,41.97,33.4
2021-10-30 09:20:30 +0530,459400,35.6,30.7,41.93,33.44
2021-10-30 09:21:00 +0530,459401,47.9,28.2,41.9,33.42
2021-10-30 09:21:30 +0530,459402,38.2,31.4,41.93,33.45
2021-10-30 09:22:00 +0530,459403,34.7,30.4,41.96,33.46
2021-10-30 09:22:30 +0530,459404,38.8,30.2,41.93,33.48
2021-10-30 09:23:00 +0530,459405,38.2,30.6,42.0,33.47
2021-10-30 09:23:30 +0530,459406,32.4,25.4,42.07,33.43
2021-10-30 09:24:00 +0530,459407,34.0,29.0,42.07,33.42
2021-10-30 09:24:30 +0530,459408,38.1,29.9,42.11,33.38
2021-10-30 09:25:00 +0530,459409,33.5,29.9,42.24,33.36
2021-10-30 09:25:30 +0530,459410,33.8,28.3,42.42,33.32
2021-10-30 09:26:00 +0530,459411,34.7,30.4,42.38,33.34
2021-10-30 09:26:30 +0530,459412,34.2,30.5,42.48,33.36
2021-10-30 09:27:00 +0530,459413,45.7,32.0,42.52,33.38
2021-10-30 09:27:30 +0530,459414,39.6,31.3,42.42,33.42
2021-10-30 09:28:00 +0530,459415,38.8,31.5,42.42,33.43
2021-10-30 09:28:30 +0530,459416,40.9,31.5,42.42,33.43
2021-10-30 09:29:00 +0530,459417,34.9,27.1,42.48,33.42
2021-10-30 09:29:30 +0530,459418,42.9,30.8,42.31,33.4
2021-10-30 09:30:00 +0530,459419,40.3,30.8,42.38,33.34
2021-10-30 09:30:30 +0530,459420,43.3,31.4,42.52,33.28
2021-10-30 09:31:00 +0530,459421,36.5,31.4,42.56,33.22
2021-10-30 09:31:30 +0530,459422,40.8,31.4,42.73,33.16
2021-10-30 09:32:00 +0530,459423,40.2,31.6,42.9,33.11
2021-10-30 09:32:30 +0530,459424,49.6,33.4,43.03,33.08
2021-10-30 09:33:00 +0530,459425,42.6,28.3,43.15,33.07
2021-10-30 09:33:30 +0530,459426,35.6,27.6,43.15,33.04
2021-10-30 09:34:00 +0530,459427,40.6,31.2,43.24,33.09
2021-10-30 09:34:30 +0530,459428,38.8,27.2,43.48,33.11
2021-10-30 09:35:00 +0530,459429,37.7,32.4,43.34,33.14
2021-10-30 09:35:30 +0530,459430,38.1,31.7,43.27,33.18
2021-10-30 09:36:00 +0530,459431,36.0,31.2,43.34,33.21
2021-10-30 09:36:30 +0530,459432,37.6,31.2,43.43,33.25
2021-10-30 09:37:00 +0530,459433,37.8,30.5,43.43,33.29
2021-10-30 09:37:30 +0530,459434,40.3,31.7,43.16,33.33
2021-10-30 09:38:00 +0530,459435,39.2,31.9,43.19,33.33
2021-10-30 09:38:30 +0530,459436,34.9,29.3,43.19,33.27
2021-10-30 09:39:00 +0530,459437,39.7,32.4,43.36,33.28
2021-10-30 09:39:30 +0530,459438,48.6,36.9,43.29,33.32
2021-10-30 09:40:00 +0530,459439,39.5,32.4,43.13,33.34
2021-10-30 09:40:30 +0530,459440,39.0,32.8,43.19,33.37
2021-10-30 09:41:00 +0530,459441,38.1,30.6,43.43,33.37
2021-10-30 09:41:30 +0530,459442,39.9,32.0,43.33,33.42
2021-10-30 09:42:00 +0530,459443,39.9,32.1,43.42,33.46
2021-10-30 09:42:30 +0530,459444,40.6,33.0,43.52,33.49
2021-10-30 09:43:00 +0530,459445,40.9,32.6,43.52,33.49
2021-10-30 09:43:30 +0530,459446,40.9,30.6,43.39,33.44
2021-10-30 09:44:00 +0530,459447,36.0,32.1,43.22,33.46
2021-10-30 09:44:30 +0530,459448,42.3,32.1,43.22,33.5
2021-10-30 09:45:00 +0530,459449,34.8,30.2,43.19,33.53
2021-10-30 09:45:30 +0530,459450,29.4,26.2,43.32,33.52
2021-10-30 09:46:00 +0530,459451,34.0,30.6,43.22,33.53
2021-10-30 09:46:30 +0530,459452,36.6,31.7,43.35,33.55
2021-10-30 09:47:00 +0530,459453,41.7,28.7,43.52,33.57
2021-10-30 09:47:30 +0530,459454,41.7,28.7,43.52,33.57
2021-10-30 09:48:00 +0530,459455,33.4,29.2,43.66,33.53
2021-10-30 09:48:30 +0530,459456,38.2,31.0,43.64,33.6
2021-10-30 09:49:00 +0530,459457,34.1,28.9,43.51,33.65
2021-10-30 09:49:30 +0530,459458,34.3,29.7,43.55,33.68
2021-10-30 09:50:00 +0530,459459,32.3,28.8,43.55,33.72
2021-10-30 09:50:30 +0530,459460,31.4,28.3,43.24,33.75
2021-10-30 09:51:00 +0530,459461,33.5,28.8,43.1,33.76
2021-10-30 09:51:30 +0530,459462,33.6,28.1,43.17,33.76
2021-10-30 09:52:00 +0530,459463,30.7,26.8,43.17,33.77
2021-10-30 09:52:30 +0530,459464,35.8,28.9,43.19,33.79
2021-10-30 09:53:00 +0530,459465,35.8,28.9,43.19,33.79
2021-10-30 09:53:30 +0530,459466,32.4,25.6,43.41,33.76
2021-10-30 09:54:00 +0530,459467,35.0,28.5,43.2,33.76
2021-10-30 09:54:30 +0530,459468,32.0,24.5,43.38,33.78
2021-10-30 09:55:00 +0530,459469,32.1,28.6,43.33,33.82
2021-10-30 09:55:30 +0530,459470,30.9,27.8,43.06,33.86
2021-10-30 09:56:00 +0530,459471,35.4,28.5,42.96,33.89
2021-10-30 09:56:30 +0530,459472,36.8,24.7,43.06,33.88
2021-10-30 09:57:00 +0530,459473,32.9,27.7,42.99,33.91
2021-10-30 09:57:30 +0530,459474,31.7,27.9,43.04,33.93
2021-10-30 09:58:00 +0530,459475,26.8,23.3,42.96,33.93
2021-10-30 09:58:30 +0530,459476,31.1,27.5,42.87,33.95
2021-10-30 09:59:00 +0530,459477,36.9,28.6,42.87,34.0
2021-10-30 09:59:30 +0530,459478,37.3,29.4,42.94,34.04
2021-10-30 10:00:00 +0530,459479,32.9,27.7,42.81,34.07
2021-10-30 10:00:30 +0530,459480,30.9,27.7,42.81,34.11
2021-10-30 10:01:00 +0530,459481,37.8,29.9,42.9,34.17
2021-10-30 10:01:30 +0530,459482,43.0,34.8,42.73,34.22
2021-10-30 10:02:00 +0530,459483,34.7,31.1,42.52,34.26
2021-10-30 10:02:30 +0530,459484,40.0,30.8,42.48,34.27
2021-10-30 10:03:00 +0530,459485,40.5,29.8,42.45,34.26
2021-10-30 10:03:30 +0530,459486,46.2,30.3,42.52,34.23
2021-10-30 10:04:00 +0530,459487,38.9,32.2,42.55,34.29
2021-10-30 10:04:30 +0530,459488,46.2,30.6,42.48,34.32
2021-10-30 10:05:00 +0530,459489,46.9,32.2,42.51,34.39
2021-10-30 10:05:30 +0530,459490,43.4,38.7,42.24,34.46
2021-10-30 10:06:00 +0530,459491,38.1,31.7,42.16,34.51
2021-10-30 10:06:30 +0530,459492,39.6,28.4,42.23,34.55
2021-10-30 10:07:00 +0530,459493,35.1,26.8,42.12,34.62
2021-10-30 10:07:30 +0530,459494,29.0,25.8,42.11,34.68
2021-10-30 10:08:00 +0530,459495,29.0,25.6,41.87,34.78
2021-10-30 10:08:30 +0530,459496,33.3,25.8,41.72,34.88
2021-10-30 10:09:00 +0530,459497,29.5,26.3,41.58,34.94
2021-10-30 10:09:30 +0530,459498,27.8,24.9,41.68,35.0
2021-10-30 10:10:00 +0530,459499,27.0,23.9,41.47,35.09
2021-10-30 10:10:30 +0530,459500,26.9,24.1,41.46,35.14
2021-10-30 10:11:00 +0530,459501,25.7,22.6,41.53,35.18
2021-10-30 10:11:30 +0530,459502,28.9,25.3,41.29,35.25
2021-10-30 10:12:00 +0530,459503,27.3,21.9,41.42,35.3
2021-10-30 10:12:30 +0530,459504,33.3,25.7,41.41,35.38
2021-10-30 10:13:00 +0530,459505,32.4,25.8,41.07,35.45
2021-10-30 10:13:30 +0530,459506,23.9,21.5,41.03,35.5
2021-10-30 10:14:00 +0530,459507,28.3,24.6,40.68,35.55
2021-10-30 10:14:30 +0530,459508,33.3,25.4,40.55,35.57
2021-10-30 10:15:00 +0530,459509,28.7,24.2,40.48,35.56
2021-10-30 10:15:30 +0530,459510,28.2,24.2,40.45,35.53
2021-10-30 10:16:00 +0530,459511,28.7,24.8,40.65,35.49
2021-10-30 10:16:30 +0530,459512,25.3,22.8,40.69,35.45
2021-10-30 10:17:00 +0530,459513,29.3,24.5,40.76,35.44
2021-10-30 10:17:30 +0530,459514,27.4,23.7,40.83,35.41
2021-10-30 10:18:00 +0530,459515,26.8,23.2,40.87,35.39
2021-10-30 10:18:30 +0530,459516,27.2,24.2,40.9,35.38
2021-10-30 10:19:00 +0530,459517,30.0,23.4,41.0,35.39
2021-10-30 10:19:30 +0530,459518,28.9,24.6,40.9,35.39
2021-10-30 10:20:00 +0530,459519,31.0,24.6,40.8,35.41
2021-10-30 10:20:30 +0530,459520,28.9,25.2,40.69,35.43
2021-10-30 10:21:00 +0530,459521,31.9,25.3,40.8,35.48
2021-10-30 10:21:30 +0530,459522,27.1,24.4,40.9,35.5
2021-10-30 10:22:00 +0530,459523,31.0,26.9,40.85,35.52
2021-10-30 10:22:30 +0530,459524,30.9,25.8,40.78,35.53
2021-10-30 10:23:00 +0530,459525,35.6,27.9,40.99,35.55
2021-10-30 10:23:30 +0530,459526,34.0,26.3,40.58,35.55
2021-10-30 10:24:00 +0530,459527,52.4,31.1,40.82,35.53
2021-10-30 10:24:30 +0530,459528,55.7,30.4,41.03,35.52
2021-10-30 10:25:00 +0530,459529,37.6,30.3,41.03,35.54
2021-10-30 10:25:30 +0530,459530,32.6,26.9,40.78,35.59
2021-10-30 10:26:00 +0530,459531,40.4,27.7,40.74,35.67
2021-10-30 10:26:30 +0530,459532,37.8,28.8,40.97,35.73
2021-10-30 10:27:00 +0530,459533,32.6,27.4,40.56,35.81
2021-10-30 10:27:30 +0530,459534,32.4,28.9,40.55,35.87
2021-10-30 10:28:00 +0530,459535,35.4,31.6,40.14,35.89
2021-10-30 10:28:30 +0530,459536,32.9,29.8,40.28,35.92
2021-10-30 10:29:00 +0530,459537,33.6,30.3,40.14,35.92
2021-10-30 10:29:30 +0530,459538,28.0,25.4,39.87,35.92
2021-10-30 10:30:00 +0530,459539,33.3,26.2,39.97,35.93
2021-10-30 10:30:30 +0530,459540,32.1,28.7,39.94,35.92
2021-10-30 10:31:00 +0530,459541,31.3,26.3,40.07,35.93
2021-10-30 10:31:30 +0530,459542,32.2,28.8,39.94,35.94
2021-10-30 10:32:00 +0530,459543,34.6,28.8,40.01,35.92
2021-10-30 10:32:30 +0530,459544,37.3,29.1,40.35,35.94
2021-10-30 10:33:00 +0530,459545,42.2,28.1,40.49,35.95
2021-10-30 10:33:30 +0530,459546,33.3,27.2,40.23,36.0
2021-10-30 10:34:00 +0530,459547,28.4,25.7,39.99,36.01
2021-10-30 10:34:30 +0530,459548,31.1,26.1,39.99,36.0
2021-10-30 10:35:00 +0530,459549,31.3,25.4,39.85,36.0
2021-10-30 10:35:30 +0530,459550,29.9,26.5,39.92,36.0
2021-10-30 10:36:00 +0530,459551,23.0,20.6,40.01,35.96
2021-10-30 10:36:30 +0530,459552,28.6,22.8,40.14,35.96
2021-10-30 10:37:00 +0530,459553,32.3,28.3,40.42,35.98
2021-10-30 10:37:30 +0530,459554,30.1,25.3,40.2,36.01
2021-10-30 10:38:00 +0530,459555,36.0,20.8,40.3,36.01
2021-10-30 10:38:30 +0530,459556,27.7,24.7,40.06,36.06
2021-10-30 10:39:00 +0530,459557,26.8,21.3,39.99,36.06
2021-10-30 10:39:30 +0530,459558,37.0,29.4,39.78,36.07
2021-10-30 10:40:00 +0530,459559,23.1,20.7,39.78,36.02
2021-10-30 10:40:30 +0530,459560,29.5,25.3,39.81,36.0
2021-10-30 10:41:00 +0530,459561,33.9,27.2,39.92,35.99
2021-10-30 10:41:30 +0530,459562,35.6,25.9,39.9,35.98
2021-10-30 10:42:00 +0530,459563,26.2,23.6,39.97,35.95
2021-10-30 10:42:30 +0530,459564,31.9,24.1,39.94,35.94
2021-10-30 10:43:00 +0530,459565,28.5,20.8,40.21,35.9
2021-10-30 10:43:30 +0530,459566,26.4,23.1,40.1,35.88
2021-10-30 10:44:00 +0530,459567,28.0,24.4,40.04,35.86
2021-10-30 10:44:30 +0530,459568,28.2,24.1,40.1,35.83
2021-10-30 10:45:00 +0530,459569,27.8,24.1,40.12,35.81
2021-10-30 10:45:30 +0530,459570,28.4,23.7,40.12,35.8
2021-10-30 10:46:00 +0530,459571,26.9,23.9,40.12,35.8
2021-10-30 10:46:30 +0530,459572,30.2,23.8,40.12,35.81
2021-10-30 10:47:00 +0530,459573,31.6,23.7,40.15,35.81
2021-10-30 10:47:30 +0530,459574,37.2,24.6,40.26,35.79
2021-10-30 10:48:00 +0530,459575,28.9,23.8,40.19,35.81
2021-10-30 10:48:30 +0530,459576,28.3,23.8,40.17,35.85
2021-10-30 10:49:00 +0530,459577,25.3,21.6,39.97,35.92
2021-10-30 10:49:30 +0530,459578,27.9,23.7,39.97,35.96
2021-10-30 10:50:00 +0530,459579,25.0,22.3,39.81,35.99
2021-10-30 10:50:30 +0530,459580,25.0,22.3,39.75,36.02
2021-10-30 10:51:00 +0530,459581,32.2,26.6,39.85,36.02
2021-10-30 10:51:30 +0530,459582,35.0,24.3,40.06,36.07
2021-10-30 10:52:00 +0530,459583,26.0,23.4,40.06,36.1
2021-10-30 10:52:30 +0530,459584,23.0,20.7,39.75,36.12
2021-10-30 10:53:00 +0530,459585,23.5,20.4,39.81,36.12
2021-10-30 10:53:30 +0530,459586,32.2,22.4,39.88,36.11
2021-10-30 10:54:00 +0530,459587,29.1,21.4,39.85,36.11
2021-10-30 10:54:30 +0530,459588,29.1,21.6,40.13,36.1
2021-10-30 10:55:00 +0530,459589,42.2,17.7,40.2,36.07
2021-10-30 10:55:30 +0530,459590,31.3,22.9,40.09,36.1
2021-10-30 10:56:00 +0530,459591,25.5,22.3,40.06,36.12
2021-10-30 10:56:30 +0530,459592,23.6,21.2,39.58,36.13
2021-10-30 10:57:00 +0530,459593,23.7,21.3,39.51,36.12
2021-10-30 10:57:30 +0530,459594,24.4,21.8,39.65,36.11
2021-10-30 10:58:00 +0530,459595,26.2,22.3,39.92,36.09
2021-10-30 10:58:30 +0530,459596,20.6,18.6,39.81,36.07
2021-10-30 10:59:00 +0530,459597,26.0,23.2,39.78,36.07
2021-10-30 10:59:30 +0530,459598,26.1,22.4,39.85,36.06
2021-10-30 11:00:00 +0530,459599,25.8,22.6,39.95,36.03
2021-10-30 11:00:30 +0530,459600,26.3,21.8,39.99,36.01
2021-10-30 11:01:00 +0530,459601,32.9,23.7,39.99,35.99
2021-10-30 11:01:30 +0530,459602,28.4,22.8,40.1,35.97
2021-10-30 11:02:00 +0530,459603,32.3,24.3,40.04,35.96
2021-10-30 11:02:30 +0530,459604,25.7,21.4,40.17,35.96
2021-10-30 11:03:00 +0530,459605,31.2,23.5,40.28,35.96
2021-10-30 11:03:30 +0530,459606,25.6,22.8,40.35,35.97
2021-10-30 11:04:00 +0530,459607,29.0,23.0,40.23,35.98
2021-10-30 11:04:30 +0530,459608,24.8,22.2,40.28,35.96
2021-10-30 11:05:00 +0530,459609,27.0,22.8,40.38,35.96
2021-10-30 11:05:30 +0530,459610,28.6,23.3,40.52,35.96
2021-10-30 11:06:00 +0530,459611,33.6,23.4,40.86,35.98
2021-10-30 11:06:30 +0530,459612,31.5,24.2,40.67,36.0
2021-10-30 11:07:00 +0530,459613,30.9,19.8,40.4,36.01
2021-10-30 11:07:30 +0530,459614,28.6,23.9,40.71,36.04
2021-10-30 11:08:00 +0530,459615,30.3,23.8,40.78,36.1
2021-10-30 11:08:30 +0530,459616,25.9,23.2,40.64,36.15
2021-10-30 11:09:00 +0530,459617,23.4,19.8,40.5,36.16
2021-10-30 11:09:30 +0530,459618,29.3,22.6,40.22,36.18
2021-10-30 11:10:00 +0530,459619,27.2,19.3,40.33,36.16
2021-10-30 11:10:30 +0530,459620,25.9,23.2,39.94,36.17
2021-10-30 11:11:00 +0530,459621,22.5,20.4,40.13,36.17
2021-10-30 11:11:30 +0530,459622,26.5,23.7,40.39,36.19
2021-10-30 11:12:00 +0530,459623,25.4,22.6,39.88,36.23
2021-10-30 11:12:30 +0530,459624,26.3,23.4,39.77,36.24
2021-10-30 11:13:00 +0530,459625,25.9,22.7,39.7,36.24
2021-10-30 11:13:30 +0530,459626,25.1,22.6,39.81,36.23
2021-10-30 11:14:00 +0530,459627,25.3,22.7,39.81,36.21
2021-10-30 11:14:30 +0530,459628,32.3,24.7,39.94,36.18
2021-10-30 11:15:00 +0530,459629,36.8,28.7,40.11,36.17
2021-10-30 11:15:30 +0530,459630,29.1,23.7,40.25,36.19
2021-10-30 11:16:00 +0530,459631,24.3,20.1,40.25,36.18
2021-10-30 11:16:30 +0530,459632,25.8,23.1,40.18,36.22
2021-10-30 11:17:00 +0530,459633,29.5,22.8,40.18,36.24
2021-10-30 11:17:30 +0530,459634,22.3,20.2,40.32,36.22
2021-10-30 11:18:00 +0530,459635,24.7,22.1,40.15,36.22
2021-10-30 11:18:30 +0530,459636,25.3,22.8,40.01,36.19
2021-10-30 11:19:00 +0530,459637,30.8,24.4,40.13,36.16
2021-10-30 11:19:30 +0530,459638,31.0,24.2,40.33,36.1
2021-10-30 11:20:00 +0530,459639,34.4,24.3,40.2,36.07
2021-10-30 11:20:30 +0530,459640,26.4,23.7,40.3,35.99
2021-10-30 11:21:00 +0530,459641,34.1,25.3,40.49,35.94
2021-10-30 11:21:30 +0530,459642,26.0,23.4,40.55,35.89
2021-10-30 11:22:00 +0530,459643,26.2,23.6,40.68,35.87
2021-10-30 11:22:30 +0530,459644,31.9,23.7,40.82,35.85
2021-10-30 11:23:00 +0530,459645,26.0,23.2,40.89,35.86
2021-10-30 11:23:30 +0530,459646,21.2,19.3,40.86,35.85
2021-10-30 11:24:00 +0530,459647,29.1,23.6,40.65,35.88
2021-10-30 11:24:30 +0530,459648,25.2,22.9,40.52,35.9
2021-10-30 11:25:00 +0530,459649,29.7,24.2,40.59,35.88
2021-10-30 11:25:30 +0530,459650,35.5,23.6,40.72,35.84
2021-10-30 11:26:00 +0530,459651,34.9,26.3,40.97,35.82
2021-10-30 11:26:30 +0530,459652,27.1,22.6,41.07,35.83
2021-10-30 11:27:00 +0530,459653,27.3,23.8,41.07,35.85
2021-10-30 11:27:30 +0530,459654,24.5,22.1,40.96,35.88
2021-10-30 11:28:00 +0530,459655,24.8,22.4,40.65,35.89
2021-10-30 11:28:30 +0530,459656,26.4,23.7,40.55,35.92
2021-10-30 11:29:00 +0530,459657,28.1,23.7,40.52,35.92
2021-10-30 11:29:30 +0530,459658,28.8,24.4,40.68,35.93
2021-10-30 11:30:00 +0530,459659,44.4,27.6,41.07,35.93
2021-10-30 11:30:30 +0530,459660,35.8,24.9,41.07,35.94
2021-10-30 11:31:00 +0530,459661,26.0,19.9,41.2,35.9
2021-10-30 11:31:30 +0530,459662,25.7,22.5,41.13,35.89
2021-10-30 11:32:00 +0530,459663,26.5,22.3,41.07,35.88
2021-10-30 11:32:30 +0530,459664,29.9,22.9,41.03,35.85
2021-10-30 11:33:00 +0530,459665,24.7,22.0,41.07,35.82
2021-10-30 11:33:30 +0530,459666,26.9,24.0,40.91,35.82
2021-10-30 11:34:00 +0530,459667,29.2,23.6,40.94,35.81
2021-10-30 11:34:30 +0530,459668,28.2,24.4,41.27,35.84
2021-10-30 11:35:00 +0530,459669,27.1,24.3,40.96,35.86
2021-10-30 11:35:30 +0530,459670,31.2,25.1,41.13,35.87
2021-10-30 11:36:00 +0530,459671,32.0,26.1,41.23,35.89
2021-10-30 11:36:30 +0530,459672,28.8,25.8,40.96,35.94
2021-10-30 11:37:00 +0530,459673,23.9,21.6,41.0,35.95
2021-10-30 11:37:30 +0530,459674,27.8,24.8,41.01,36.0
2021-10-30 11:38:00 +0530,459675,37.6,23.2,41.19,36.02
2021-10-30 11:38:30 +0530,459676,28.1,24.3,40.91,36.1
2021-10-30 11:39:00 +0530,459677,48.4,24.4,40.47,36.17
2021-10-30 11:39:30 +0530,459678,35.1,25.3,40.39,36.24
2021-10-30 11:40:00 +0530,459679,29.2,23.1,40.25,36.29
2021-10-30 11:40:30 +0530,459680,28.4,22.9,40.1,36.33
2021-10-30 11:41:00 +0530,459681,26.4,23.7,39.89,36.33
2021-10-30 11:41:30 +0530,459682,31.2,24.7,40.01,36.29
2021-10-30 11:42:00 +0530,459683,26.0,23.5,40.22,36.26
2021-10-30 11:42:30 +0530,459684,26.3,23.0,40.22,36.19
2021-10-30 11:43:00 +0530,459685,42.2,22.0,40.57,36.13
2021-10-30 11:43:30 +0530,459686,27.0,22.4,40.57,36.1
2021-10-30 11:44:00 +0530,459687,22.5,20.4,40.64,36.06
2021-10-30 11:44:30 +0530,459688,26.0,23.4,40.64,36.02
2021-10-30 11:45:00 +0530,459689,25.5,22.8,40.78,35.99
2021-10-30 11:45:30 +0530,459690,26.4,20.8,40.75,35.93
2021-10-30 11:46:00 +0530,459691,27.7,23.7,40.75,35.88
2021-10-30 11:46:30 +0530,459692,22.4,19.9,40.97,35.8
2021-10-30 11:47:00 +0530,459693,33.7,24.9,41.21,35.72
2021-10-30 11:47:30 +0530,459694,28.7,23.9,41.39,35.66
2021-10-30 11:48:00 +0530,459695,29.3,24.4,41.36,35.58
2021-10-30 11:48:30 +0530,459696,26.6,22.9,41.47,35.53
2021-10-30 11:49:00 +0530,459697,27.2,23.2,41.58,35.48
2021-10-30 11:49:30 +0530,459698,29.8,23.7,41.55,35.39
2021-10-30 11:50:00 +0530,459699,30.6,23.4,41.72,35.34
2021-10-30 11:50:30 +0530,459700,38.5,25.1,41.97,35.27
2021-10-30 11:51:00 +0530,459701,39.3,21.6,42.21,35.22
2021-10-30 11:51:30 +0530,459702,33.9,25.2,42.1,35.2
2021-10-30 11:52:00 +0530,459703,24.2,19.9,42.07,35.15
2021-10-30 11:52:30 +0530,459704,27.3,23.7,42.07,35.14
2021-10-30 11:53:00 +0530,459705,29.0,23.2,42.22,35.13
2021-10-30 11:53:30 +0530,459706,36.4,25.9,42.46,35.11
2021-10-30 11:54:00 +0530,459707,30.2,25.1,42.32,35.1
2021-10-30 11:54:30 +0530,459708,29.4,24.8,42.12,35.09
2021-10-30 11:55:00 +0530,459709,26.5,23.9,42.12,35.07
2021-10-30 11:55:30 +0530,459710,27.0,24.4,42.15,35.04
2021-10-30 11:56:00 +0530,459711,27.3,24.4,42.05,35.0
2021-10-30 11:56:30 +0530,459712,27.6,24.7,42.05,34.97
2021-10-30 11:57:00 +0530,459713,27.6,24.7,42.07,34.94
2021-10-30 11:57:30 +0530,459714,27.6,24.7,42.07,34.94
2021-10-30 11:58:00 +0530,459715,22.0,20.2,42.58,34.7
2021-10-30 11:58:30 +0530,459716,28.0,25.1,42.62,34.74
2021-10-30 11:59:00 +0530,459717,27.9,25.3,42.9,34.75
2021-10-30 11:59:30 +0530,459718,27.9,25.3,42.9,34.75
2021-10-30 12:00:00 +0530,459719,29.4,22.3,43.21,34.54
2021-10-30 12:00:30 +0530,459720,33.8,27.9,43.25,34.6
2021-10-30 12:01:00 +0530,459721,32.4,26.8,43.2,34.64
2021-10-30 12:01:30 +0530,459722,37.8,26.8,43.16,34.66
2021-10-30 12:02:00 +0530,459723,33.7,27.3,43.13,34.68
2021-10-30 12:02:30 +0530,459724,35.6,28.6,43.23,34.69
2021-10-30 12:03:00 +0530,459725,29.3,26.2,43.03,34.7
2021-10-30 12:03:30 +0530,459726,27.7,24.8,43.1,34.69
2021-10-30 12:04:00 +0530,459727,27.2,24.6,43.06,34.67
2021-10-30 12:04:30 +0530,459728,27.5,24.8,43.11,34.62
2021-10-30 12:05:00 +0530,459729,23.4,21.3,43.28,34.55
2021-10-30 12:05:30 +0530,459730,23.7,18.5,43.45,34.49
2021-10-30 12:06:00 +0530,459731,25.9,23.6,43.63,34.46
2021-10-30 12:06:30 +0530,459732,29.3,26.3,43.6,34.44
2021-10-30 12:07:00 +0530,459733,28.3,25.6,43.74,34.42
2021-10-30 12:07:30 +0530,459734,31.7,26.6,43.67,34.41
2021-10-30 12:08:00 +0530,459735,29.6,24.9,43.46,34.4
2021-10-30 12:08:30 +0530,459736,29.2,25.7,43.53,34.39
2021-10-30 12:09:00 +0530,459737,34.6,26.7,43.7,34.39
2021-10-30 12:09:30 +0530,459738,29.5,24.4,43.77,34.38
2021-10-30 12:10:00 +0530,459739,27.6,24.7,43.77,34.39
2021-10-30 12:10:30 +0530,459740,28.4,25.7,43.7,34.38
2021-10-30 12:11:00 +0530,459741,28.1,25.1,43.8,34.39
2021-10-30 12:11:30 +0530,459742,28.6,25.8,43.93,34.4
2021-10-30 12:12:00 +0530,459743,27.8,25.1,43.74,34.4
2021-10-30 12:12:30 +0530,459744,29.0,25.3,43.7,34.41
2021-10-30 12:13:00 +0530,459745,27.4,24.5,43.63,34.41
2021-10-30 12:13:30 +0530,459746,28.8,25.9,43.8,34.4
2021-10-30 12:14:00 +0530,459747,27.8,24.9,43.67,34.41
2021-10-30 12:14:30 +0530,459748,27.4,24.5,43.5,34.42
2021-10-30 12:15:00 +0530,459749,30.7,20.7,43.7,34.4
2021-10-30 12:15:30 +0530,459750,30.9,27.4,43.77,34.39
2021-10-30 12:16:00 +0530,459751,35.1,26.3,43.74,34.38
2021-10-30 12:16:30 +0530,459752,32.1,27.6,43.87,34.37
2021-10-30 12:17:00 +0530,459753,33.9,27.7,44.04,34.36
2021-10-30 12:17:30 +0530,459754,31.4,27.8,44.11,34.35
2021-10-30 12:18:00 +0530,459755,34.4,28.1,44.14,34.36
2021-10-30 12:18:30 +0530,459756,42.4,29.6,44.18,34.37
2021-10-30 12:19:00 +0530,459757,41.2,30.2,44.35,34.38
2021-10-30 12:19:30 +0530,459758,36.0,27.7,44.07,34.39
2021-10-30 12:20:00 +0530,459759,34.2,27.3,44.14,34.39
2021-10-30 12:20:30 +0530,459760,35.8,27.7,44.14,34.4
2021-10-30 12:21:00 +0530,459761,33.1,26.3,43.93,34.41
2021-10-30 12:21:30 +0530,459762,31.8,26.3,43.93,34.41
2021-10-30 12:22:00 +0530,459763,29.6,25.4,43.93,34.4
2021-10-30 12:22:30 +0530,459764,31.3,26.2,43.93,34.4
2021-10-30 12:23:00 +0530,459765,30.1,25.6,44.0,34.41
2021-10-30 12:23:30 +0530,459766,36.7,26.3,43.84,34.42
2021-10-30 12:24:00 +0530,459767,27.7,24.9,43.77,34.44
2021-10-30 12:24:30 +0530,459768,28.3,24.2,43.57,34.45
2021-10-30 12:25:00 +0530,459769,27.4,24.6,43.65,34.47
2021-10-30 12:25:30 +0530,459770,27.9,25.1,43.69,34.49
2021-10-30 12:26:00 +0530,459771,30.7,25.4,43.79,34.53
2021-10-30 12:26:30 +0530,459772,38.1,23.7,43.83,34.54
2021-10-30 12:27:00 +0530,459773,40.1,27.2,44.03,34.59
2021-10-30 12:27:30 +0530,459774,37.0,27.1,44.09,34.63
2021-10-30 12:28:00 +0530,459775,60.8,27.9,43.67,34.68
2021-10-30 12:28:30 +0530,459776,48.6,27.3,43.58,34.73
2021-10-30 12:29:00 +0530,459777,48.4,26.9,43.55,34.76
2021-10-30 12:29:30 +0530,459778,36.1,25.9,43.51,34.8
2021-10-30 12:30:00 +0530,459779,55.2,26.1,43.58,34.81
2021-10-30 12:30:30 +0530,459780,50.6,27.6,43.57,34.83
2021-10-30 12:31:00 +0530,459781,29.2,24.6,43.46,34.86
2021-10-30 12:31:30 +0530,459782,35.1,26.2,43.39,34.9
2021-10-30 12:32:00 +0530,459783,27.3,24.3,43.06,34.9
2021-10-30 12:32:30 +0530,459784,28.0,25.2,42.78,34.88
2021-10-30 12:33:00 +0530,459785,22.9,20.7,42.68,34.83
2021-10-30 12:33:30 +0530,459786,28.4,25.1,42.68,34.81
2021-10-30 12:34:00 +0530,459787,28.2,24.8,42.72,34.8
2021-10-30 12:34:30 +0530,459788,30.7,26.3,42.9,34.78
2021-10-30 12:35:00 +0530,459789,29.4,22.1,43.0,34.76
2021-10-30 12:35:30 +0530,459790,37.8,26.7,42.97,34.76
2021-10-30 12:36:00 +0530,459791,28.4,25.3,42.83,34.75
2021-10-30 12:37:00 +0530,462103,31.5,23.3,43.23,34.7
2021-10-30 12:37:30 +0530,462104,26.5,22.6,43.37,34.71
2021-10-30 12:38:00 +0530,462105,26.5,22.3,43.34,34.74
2021-10-30 12:38:30 +0530,462106,30.7,26.6,43.13,34.79
2021-10-30 12:39:00 +0530,462107,23.6,21.1,43.02,34.82
2021-10-30 12:39:30 +0530,462108,28.5,25.7,42.81,34.86
2021-10-30 12:40:00 +0530,459793,30.8,22.3,42.85,34.89
2021-10-30 12:40:30 +0530,459794,27.1,24.2,42.65,34.91
2021-10-30 12:41:00 +0530,459792,29.7,26.5,42.99,34.92
2021-10-30 12:41:30 +0530,459795,35.6,32.5,42.92,34.95
2021-10-30 12:42:00 +0530,459796,26.4,23.8,42.87,34.98
2021-10-30 12:42:30 +0530,459797,28.3,23.9,42.8,35.01
2021-10-30 12:43:00 +0530,459798,27.8,23.4,42.7,35.07
2021-10-30 12:43:30 +0530,459799,28.1,23.2,42.42,35.12
2021-10-30 12:44:00 +0530,459800,37.1,23.3,42.49,35.1
2021-10-30 12:44:30 +0530,459801,34.5,24.9,42.45,35.18
2021-10-30 12:45:00 +0530,459802,26.8,23.9,42.24,35.2
2021-10-30 12:45:30 +0530,459803,27.6,24.6,42.21,35.19
2021-10-30 12:46:00 +0530,459804,33.3,25.6,42.24,35.19
2021-10-30 12:46:30 +0530,459805,35.4,26.0,42.35,35.2
2021-10-30 12:47:00 +0530,459806,51.8,28.9,42.48,35.23
2021-10-30 12:47:30 +0530,459807,28.9,24.3,42.14,35.26
2021-10-30 12:48:00 +0530,459808,26.7,23.9,42.14,35.29
2021-10-30 12:48:30 +0530,459809,29.5,24.1,41.99,35.33
2021-10-30 12:49:00 +0530,459810,27.4,24.4,41.85,35.35
2021-10-30 12:49:30 +0530,459811,24.9,21.6,41.89,35.33
2021-10-30 12:50:00 +0530,459812,29.7,22.5,42.03,35.33
2021-10-30 12:50:30 +0530,459813,44.5,28.4,42.03,35.37
2021-10-30 12:51:00 +0530,459814,28.1,24.5,41.96,35.43
2021-10-30 12:51:30 +0530,459815,27.9,24.7,42.05,35.49
2021-10-30 12:52:00 +0530,459816,31.1,26.1,41.87,35.56
2021-10-30 12:52:30 +0530,459817,29.1,23.9,41.47,35.64
2021-10-30 12:53:00 +0530,459818,27.1,23.2,41.25,35.7
2021-10-30 12:53:30 +0530,459819,27.2,24.3,41.18,35.75
2021-10-30 12:54:00 +0530,459820,27.7,23.9,41.07,35.81
2021-10-30 12:54:30 +0530,459821,29.9,23.9,40.97,35.81
2021-10-30 12:55:00 +0530,459822,26.2,23.0,40.8,35.8
2021-10-30 12:55:30 +0530,459823,27.5,24.1,40.91,35.75
2021-10-30 12:56:00 +0530,459824,30.0,24.4,41.0,35.71
2021-10-30 12:56:30 +0530,459825,32.8,25.3,41.18,35.66
2021-10-30 12:57:00 +0530,459826,29.8,24.9,41.39,35.66
2021-10-30 12:57:30 +0530,459827,32.9,24.3,41.21,35.68
2021-10-30 12:58:00 +0530,459828,47.0,32.4,41.35,35.71
2021-10-30 12:58:30 +0530,459829,38.2,29.7,41.25,35.77
2021-10-30 12:59:00 +0530,459830,41.0,27.7,41.11,35.83
2021-10-30 12:59:30 +0530,459831,23.3,20.8,40.93,35.86
2021-10-30 13:00:00 +0530,459832,28.7,21.8,41.0,35.85
2021-10-30 13:00:30 +0530,459833,35.4,26.7,41.07,35.85
2021-10-30 13:01:00 +0530,459834,27.0,24.1,41.16,35.85
2021-10-30 13:01:30 +0530,459835,26.5,23.7,41.27,35.87
2021-10-30 13:02:00 +0530,459836,28.1,23.7,41.3,35.89
2021-10-30 13:02:30 +0530,459837,26.7,23.8,41.41,35.94
2021-10-30 13:03:00 +0530,459838,26.3,22.9,41.0,35.96
2021-10-30 13:03:30 +0530,459839,26.7,23.4,40.75,35.96
2021-10-30 13:04:00 +0530,459840,25.9,23.4,40.89,35.93
2021-10-30 13:04:30 +0530,459841,26.3,20.8,41.16,35.89
2021-10-30 13:05:00 +0530,459842,25.6,22.0,41.2,35.87
2021-10-30 13:05:30 +0530,459843,31.7,24.3,41.48,35.89
2021-10-30 13:06:00 +0530,459844,35.0,22.3,41.65,35.89
2021-10-30 13:06:30 +0530,459845,33.4,24.7,41.51,35.93
2021-10-30 13:07:00 +0530,459846,30.1,25.4,41.44,35.98
2021-10-30 13:07:30 +0530,459847,31.7,25.1,41.42,36.01
2021-10-30 13:08:00 +0530,459848,39.2,26.7,41.39,36.07
2021-10-30 13:08:30 +0530,459849,24.0,20.2,41.22,36.09
2021-10-30 13:09:00 +0530,459850,24.0,20.2,41.22,36.09
2021-10-30 13:09:30 +0530,459851,30.6,22.2,41.08,36.04
2021-10-30 13:10:00 +0530,459852,32.0,25.1,40.88,36.09
2021-10-30 13:10:30 +0530,459853,22.3,20.0,40.6,36.09
2021-10-30 13:11:00 +0530,459854,31.2,24.9,40.6,36.08
2021-10-30 13:11:30 +0530,459855,34.3,25.6,40.71,36.07
2021-10-30 13:12:00 +0530,459856,27.1,23.1,40.78,36.07
2021-10-30 13:12:30 +0530,459857,24.9,22.2,40.67,36.07
2021-10-30 13:13:00 +0530,459858,36.1,24.7,40.78,36.09
2021-10-30 13:13:30 +0530,459859,24.8,22.1,40.6,36.11
2021-10-30 13:14:00 +0530,459860,23.5,18.9,40.5,36.08
2021-10-30 13:14:30 +0530,459861,30.5,24.4,40.47,36.09
2021-10-30 13:15:00 +0530,459862,30.0,24.5,40.4,36.08
2021-10-30 13:15:30 +0530,459863,41.3,22.1,40.43,36.02
2021-10-30 13:16:00 +0530,459864,40.0,25.4,40.52,35.94
2021-10-30 13:16:30 +0530,459865,38.7,26.7,40.89,35.9
2021-10-30 13:17:00 +0530,459866,24.4,22.1,41.27,35.89
2021-10-30 13:17:30 +0530,459867,24.6,22.2,41.03,35.89
2021-10-30 13:18:00 +0530,459868,26.8,24.2,41.2,35.89
2021-10-30 13:18:30 +0530,459869,23.7,21.6,41.07,35.87
2021-10-30 13:19:00 +0530,459870,25.8,23.2,41.13,35.89
2021-10-30 13:19:30 +0530,459871,25.2,22.6,41.13,35.92
2021-10-30 13:20:00 +0530,459872,27.8,25.2,41.13,35.96
2021-10-30 13:20:30 +0530,459873,27.5,24.7,41.15,36.0
2021-10-30 13:21:00 +0530,459874,25.3,22.9,40.94,36.04
2021-10-30 13:21:30 +0530,459875,24.4,22.1,40.71,36.08
2021-10-30 13:22:00 +0530,459876,25.2,22.5,40.57,36.1
2021-10-30 13:22:30 +0530,459877,27.9,22.0,40.57,36.09
2021-10-30 13:23:00 +0530,459878,28.7,22.6,40.57,36.09
2021-10-30 13:23:30 +0530,459879,21.6,18.8,40.62,35.98
2021-10-30 13:24:00 +0530,459880,24.9,22.3,40.64,35.98
2021-10-30 13:24:30 +0530,459881,24.6,22.1,40.78,35.99
2021-10-30 13:25:00 +0530,459882,25.0,22.4,40.71,36.0
2021-10-30 13:25:30 +0530,459883,24.8,22.4,40.78,36.02
2021-10-30 13:26:00 +0530,459884,25.9,23.2,40.57,36.04
2021-10-30 13:26:30 +0530,459885,25.9,19.9,40.5,36.03
2021-10-30 13:27:00 +0530,459886,25.3,22.7,40.43,36.08
2021-10-30 13:27:30 +0530,459887,25.5,22.8,40.43,36.13
2021-10-30 13:28:00 +0530,459888,21.3,19.5,40.33,36.12
2021-10-30 13:28:30 +0530,459889,26.5,23.8,40.32,36.17
2021-10-30 13:29:00 +0530,459890,25.5,22.8,40.18,36.23
2021-10-30 13:29:30 +0530,459891,24.3,20.4,40.25,36.22
2021-10-30 13:30:00 +0530,459892,25.5,22.9,40.25,36.24
2021-10-30 13:30:30 +0530,459893,25.7,23.1,40.32,36.23
2021-10-30 13:31:00 +0530,459894,25.4,22.6,40.32,36.23
2021-10-30 13:31:30 +0530,459895,25.3,20.9,40.49,36.19
2021-10-30 13:32:00 +0530,459896,31.2,24.2,40.56,36.18
2021-10-30 13:32:30 +0530,459897,26.3,23.6,40.69,36.19
2021-10-30 13:33:00 +0530,459898,26.8,23.8,40.66,36.19
2021-10-30 13:33:30 +0530,459899,29.5,23.9,40.59,36.22
2021-10-30 13:34:00 +0530,459900,26.0,23.3,40.49,36.21
2021-10-30 13:34:30 +0530,459901,26.8,23.6,40.42,36.19
2021-10-30 13:35:00 +0530,459902,25.2,22.8,40.42,36.16
2021-10-30 13:35:30 +0530,459903,30.3,23.7,40.43,36.14
2021-10-30 13:36:00 +0530,459904,26.5,23.9,40.43,36.15
2021-10-30 13:36:30 +0530,459905,28.5,23.7,40.43,36.16
2021-10-30 13:37:00 +0530,459906,28.7,23.7,40.52,36.18
2021-10-30 13:37:30 +0530,459907,25.1,22.5,40.39,36.19
2021-10-30 13:38:00 +0530,459908,26.1,23.3,40.39,36.19
2021-10-30 13:38:30 +0530,459909,25.4,22.8,40.22,36.23
2021-10-30 13:39:00 +0530,459910,25.9,23.1,40.01,36.24
2021-10-30 13:39:30 +0530,459911,35.8,22.5,40.11,36.21
2021-10-30 13:40:00 +0530,459912,30.3,25.2,40.15,36.18
2021-10-30 13:40:30 +0530,459913,37.9,26.4,40.2,36.15
2021-10-30 13:41:00 +0530,459914,36.7,23.9,40.33,36.11
2021-10-30 13:41:30 +0530,459915,34.9,29.5,40.33,36.11
2021-10-30 13:42:00 +0530,459916,25.9,20.3,40.43,36.1
2021-10-30 13:42:30 +0530,459917,23.1,20.7,40.4,36.09
2021-10-30 13:43:00 +0530,459918,30.1,23.8,40.36,36.11
2021-10-30 13:43:30 +0530,459919,30.3,23.3,40.3,36.14
2021-10-30 13:44:00 +0530,459920,26.7,23.7,40.32,36.17
2021-10-30 13:44:30 +0530,459921,26.2,23.4,40.25,36.17
2021-10-30 13:45:00 +0530,459922,28.0,23.9,40.15,36.19
2021-10-30 13:45:30 +0530,459923,25.4,22.7,40.08,36.22
2021-10-30 13:46:00 +0530,459924,32.5,24.3,40.01,36.23
2021-10-30 13:46:30 +0530,459925,30.7,26.8,39.94,36.24
2021-10-30 13:47:00 +0530,459926,26.7,24.0,39.94,36.23
2021-10-30 13:47:30 +0530,459927,23.9,19.3,40.06,36.15
2021-10-30 13:48:00 +0530,459928,20.6,18.9,40.3,36.1
2021-10-30 13:48:30 +0530,459929,26.0,22.1,40.3,36.06
2021-10-30 13:49:00 +0530,459930,24.7,20.3,40.55,35.98
2021-10-30 13:49:30 +0530,459931,19.8,17.8,40.68,35.94
2021-10-30 13:50:00 +0530,459932,31.4,24.3,40.62,35.92
2021-10-30 13:50:30 +0530,459933,30.8,24.4,40.62,35.9
2021-10-30 13:51:00 +0530,459934,26.8,23.3,40.42,35.89
2021-10-30 13:51:30 +0530,459935,30.6,25.6,40.55,35.87
2021-10-30 13:52:00 +0530,459936,35.2,23.7,40.93,35.86
2021-10-30 13:52:30 +0530,459937,25.6,23.1,40.96,35.85
2021-10-30 13:53:00 +0530,459938,24.8,22.3,41.07,35.86
2021-10-30 13:53:30 +0530,459939,26.8,23.1,41.03,35.87
2021-10-30 13:54:00 +0530,459940,24.8,22.3,40.52,35.89
2021-10-30 13:54:30 +0530,459941,25.6,23.2,40.72,35.93
2021-10-30 13:55:00 +0530,459942,25.4,22.8,40.65,35.95
2021-10-30 13:55:30 +0530,459943,24.9,22.3,40.52,35.98
2021-10-30 13:56:00 +0530,459944,22.7,20.3,40.59,35.94
2021-10-30 13:56:30 +0530,459945,24.3,22.1,40.59,35.96
2021-10-30 13:57:00 +0530,459946,25.1,22.4,40.68,35.95
2021-10-30 13:57:30 +0530,459947,32.7,24.6,40.62,35.94
2021-10-30 13:58:00 +0530,459948,24.7,22.4,40.42,35.92
2021-10-30 13:58:30 +0530,459949,24.6,22.4,40.42,35.88
2021-10-30 13:59:00 +0530,459950,24.8,22.4,40.45,35.83
2021-10-30 13:59:30 +0530,459951,26.3,23.6,40.39,35.81
2021-10-30 14:00:00 +0530,459952,24.8,22.5,40.53,35.77
2021-10-30 14:00:30 +0530,459953,25.6,23.1,40.6,35.73
2021-10-30 14:01:00 +0530,459954,27.5,22.9,40.84,35.71
2021-10-30 14:01:30 +0530,459955,21.3,19.3,41.0,35.68
2021-10-30 14:02:00 +0530,459956,26.5,23.6,40.74,35.68
2021-10-30 14:02:30 +0530,459957,25.9,23.4,40.74,35.67
2021-10-30 14:03:00 +0530,459958,26.6,23.9,40.56,35.68
2021-10-30 14:03:30 +0530,459959,32.7,24.8,40.6,35.68
2021-10-30 14:04:00 +0530,459960,31.9,24.4,40.67,35.7
2021-10-30 14:04:30 +0530,459961,26.2,23.6,40.63,35.72
2021-10-30 14:05:00 +0530,459962,25.8,23.1,40.63,35.75
2021-10-30 14:05:30 +0530,459963,27.9,24.9,40.87,35.81
2021-10-30 14:06:00 +0530,459964,37.5,26.1,41.07,35.84
2021-10-30 14:06:30 +0530,459965,25.7,22.9,41.03,35.87
2021-10-30 14:07:00 +0530,459966,27.7,24.6,40.89,35.93
2021-10-30 14:07:30 +0530,459967,26.5,23.7,40.62,35.96
2021-10-30 14:08:00 +0530,459968,26.9,24.2,40.43,36.0
2021-10-30 14:08:30 +0530,459969,35.2,24.1,40.3,36.03
2021-10-30 14:09:00 +0530,459970,28.7,24.7,40.16,36.06
2021-10-30 14:09:30 +0530,459971,26.0,23.4,39.92,36.08
2021-10-30 14:10:00 +0530,459972,31.3,24.3,39.92,36.1
2021-10-30 14:10:30 +0530,459973,25.3,22.6,39.85,36.09
2021-10-30 14:11:00 +0530,459974,25.8,23.2,39.88,36.1
2021-10-30 14:11:30 +0530,459975,26.1,23.6,39.92,36.12
2021-10-30 14:12:00 +0530,459976,29.0,23.9,39.88,36.15
2021-10-30 14:12:30 +0530,459977,25.9,23.1,39.88,36.17
2021-10-30 14:13:00 +0530,459978,29.4,24.3,39.84,36.18
2021-10-30 14:13:30 +0530,459979,27.8,23.8,39.63,36.21
2021-10-30 14:14:00 +0530,459980,21.8,19.7,39.6,36.18
2021-10-30 14:14:30 +0530,459981,26.4,23.8,39.46,36.18
2021-10-30 14:15:00 +0530,459982,26.6,23.9,39.49,36.17
2021-10-30 14:15:30 +0530,459983,26.3,23.6,39.58,36.17
2021-10-30 14:16:00 +0530,459984,26.5,23.8,39.65,36.16
2021-10-30 14:16:30 +0530,459985,28.6,24.1,39.68,36.16
2021-10-30 14:17:00 +0530,459986,41.5,25.6,39.81,36.15
2021-10-30 14:17:30 +0530,459987,28.0,24.8,39.99,36.15
2021-10-30 14:18:00 +0530,459988,27.1,23.4,39.92,36.13
2021-10-30 14:18:30 +0530,459989,33.7,24.7,40.2,36.1
2021-10-30 14:19:00 +0530,459990,33.5,25.1,40.2,36.08
2021-10-30 14:19:30 +0530,459991,30.4,24.6,40.43,36.03
2021-10-30 14:20:00 +0530,459992,28.8,24.7,40.54,35.98
2021-10-30 14:20:30 +0530,459993,21.5,19.4,40.62,35.9
2021-10-30 14:21:00 +0530,459994,21.0,19.0,40.68,35.84
2021-10-30 14:21:30 +0530,459995,39.2,21.2,40.33,35.78
2021-10-30 14:22:00 +0530,459996,34.4,24.8,40.42,35.73
2021-10-30 14:22:30 +0530,459997,27.5,24.6,40.7,35.7
2021-10-30 14:23:00 +0530,459998,26.1,21.8,41.0,35.66
2021-10-30 14:23:30 +0530,459999,29.4,26.5,41.11,35.64
2021-10-30 14:24:00 +0530,460000,27.4,23.4,41.13,35.63
2021-10-30 14:24:30 +0530,460001,28.0,22.2,41.03,35.58
2021-10-30 14:25:00 +0530,460002,31.9,25.4,40.89,35.57
2021-10-30 14:25:30 +0530,460003,30.4,23.6,41.33,35.57
2021-10-30 14:26:00 +0530,460004,23.5,21.1,41.33,35.54
2021-10-30 14:26:30 +0530,460005,29.0,21.2,41.43,35.51
2021-10-30 14:27:00 +0530,460006,28.0,24.7,41.5,35.51
2021-10-30 14:27:30 +0530,460007,28.6,25.4,41.4,35.49
2021-10-30 14:28:00 +0530,460008,33.7,25.3,41.43,35.49
2021-10-30 14:28:30 +0530,460009,37.2,25.7,41.47,35.5
2021-10-30 14:29:00 +0530,460010,31.9,24.6,41.5,35.51
2021-10-30 14:29:30 +0530,460011,32.2,25.7,41.54,35.52
2021-10-30 14:30:00 +0530,460012,41.9,27.4,41.81,35.54
2021-10-30 14:30:30 +0530,460013,36.9,26.8,41.71,35.56
2021-10-30 14:31:00 +0530,460014,33.9,25.2,41.64,35.58
2021-10-30 14:31:30 +0530,460015,28.3,23.8,41.74,35.62
2021-10-30 14:32:00 +0530,460016,27.7,24.7,41.2,35.62
2021-10-30 14:32:30 +0530,460017,28.9,25.9,41.13,35.6
2021-10-30 14:33:00 +0530,460018,30.5,24.6,41.09,35.58
2021-10-30 14:33:30 +0530,460019,25.9,23.2,40.99,35.55
2021-10-30 14:34:00 +0530,460020,27.9,24.3,41.03,35.52
2021-10-30 14:34:30 +0530,460021,27.8,24.1,41.03,35.49
2021-10-30 14:35:00 +0530,460022,28.9,24.1,41.17,35.47
2021-10-30 14:35:30 +0530,460023,28.5,23.7,41.34,35.44
2021-10-30 14:36:00 +0530,460024,32.8,24.0,41.24,35.41
2021-10-30 14:36:30 +0530,460025,30.2,25.2,41.38,35.41
2021-10-30 14:37:00 +0530,460026,32.2,24.5,41.45,35.41
2021-10-30 14:37:30 +0530,460027,24.5,22.2,41.45,35.37
2021-10-30 14:38:00 +0530,460028,25.1,22.0,41.38,35.35
2021-10-30 14:38:30 +0530,460029,33.3,24.8,41.48,35.34
2021-10-30 14:39:00 +0530,460030,36.4,26.7,41.55,35.33
2021-10-30 14:39:30 +0530,460031,29.6,25.8,41.34,35.33
2021-10-30 14:40:00 +0530,460032,30.4,25.1,41.48,35.35
2021-10-30 14:40:30 +0530,460033,27.7,24.8,41.45,35.37
2021-10-30 14:41:00 +0530,460034,25.5,20.2,41.68,35.36
2021-10-30 14:42:00 +0530,460035,27.8,22.6,41.52,35.4
2021-10-30 14:42:30 +0530,460036,23.0,20.6,41.65,35.41
2021-10-30 14:43:00 +0530,460037,26.9,24.2,41.68,35.43
2021-10-30 14:43:30 +0530,460038,29.3,24.3,41.58,35.45
2021-10-30 14:44:00 +0530,460039,29.5,25.3,41.65,35.48
2021-10-30 14:44:30 +0530,460040,32.1,26.8,41.81,35.5
2021-10-30 14:45:00 +0530,460041,32.8,25.7,41.98,35.53
2021-10-30 14:45:30 +0530,460042,27.9,24.9,41.74,35.55
2021-10-30 14:46:00 +0530,460043,27.7,24.7,41.94,35.57
2021-10-30 14:46:30 +0530,460044,27.9,25.1,41.71,35.58
2021-10-30 14:47:00 +0530,460045,27.7,24.8,41.71,35.57
2021-10-30 14:47:30 +0530,460046,31.7,25.3,41.74,35.57
2021-10-30 14:48:00 +0530,460047,25.6,22.5,41.87,35.55
2021-10-30 14:48:30 +0530,460048,28.3,24.5,41.61,35.54
2021-10-30 14:49:00 +0530,460049,26.0,20.7,41.57,35.51
2021-10-30 14:49:30 +0530,460050,29.5,24.9,41.33,35.51
2021-10-30 14:50:00 +0530,460051,26.5,23.7,41.23,35.5
2021-10-30 14:50:30 +0530,460052,25.3,22.8,40.71,35.49
2021-10-30 14:51:00 +0530,460053,26.7,23.8,40.97,35.47
2021-10-30 14:51:30 +0530,460054,24.7,22.3,41.07,35.42
2021-10-30 14:52:00 +0530,460055,27.5,24.7,40.97,35.43
2021-10-30 14:52:30 +0530,460056,28.9,24.8,41.04,35.43
2021-10-30 14:53:00 +0530,460057,51.1,28.7,41.24,35.44
2021-10-30 14:53:30 +0530,460058,35.9,26.2,41.2,35.44
2021-10-30 14:54:00 +0530,460059,26.0,23.4,41.13,35.42
2021-10-30 14:54:30 +0530,460060,27.8,24.4,41.07,35.41
2021-10-30 14:55:00 +0530,460061,30.1,22.6,41.1,35.37
2021-10-30 14:55:30 +0530,460062,24.0,21.6,41.2,35.34
2021-10-30 14:56:00 +0530,460063,29.7,25.9,41.2,35.34
2021-10-30 14:56:30 +0530,460064,29.6,22.2,41.41,35.31
2021-10-30 14:57:00 +0530,460065,28.4,25.4,41.55,35.31
2021-10-30 14:57:30 +0530,460066,33.1,26.4,41.52,35.33
2021-10-30 14:58:00 +0530,460067,34.0,26.6,41.65,35.34
2021-10-30 14:58:30 +0530,460068,31.4,26.0,41.79,35.36
2021-10-30 14:59:00 +0530,460069,38.6,26.8,41.85,35.38
2021-10-30 14:59:30 +0530,460070,34.2,25.9,42.03,35.41
2021-10-30 15:00:00 +0530,460071,29.3,25.6,41.89,35.44
2021-10-30 15:00:30 +0530,460072,45.6,24.4,41.89,35.44
2021-10-30 15:01:30 +0530,460073,120.7,41.9,42.12,35.49
2021-10-30 15:02:00 +0530,460074,37.2,23.3,42.12,35.51
2021-10-30 15:02:30 +0530,460075,30.9,26.9,41.68,35.54
2021-10-30 15:03:00 +0530,460076,51.2,28.9,41.87,35.55
2021-10-30 15:03:30 +0530,460077,32.9,23.1,41.74,35.54
2021-10-30 15:04:00 +0530,460078,22.7,20.4,41.87,35.51
2021-10-30 15:04:30 +0530,460079,35.5,26.1,41.81,35.53
2021-10-30 15:05:00 +0530,460080,29.8,23.8,41.94,35.53
2021-10-30 15:05:30 +0530,460081,36.7,23.9,42.12,35.54
2021-10-30 15:06:00 +0530,460082,38.0,27.5,42.05,35.56
2021-10-30 15:06:30 +0530,460083,29.9,25.3,42.26,35.58
2021-10-30 15:07:00 +0530,460084,29.9,25.3,42.26,35.58
2021-10-30 15:08:00 +0530,460085,28.3,23.6,42.26,35.41
2021-10-30 15:08:30 +0530,460086,26.4,22.6,42.23,35.41
2021-10-30 15:09:00 +0530,460087,32.7,25.6,42.1,35.47
2021-10-30 15:09:30 +0530,460088,28.6,24.9,41.96,35.49
2021-10-30 15:10:00 +0530,460089,24.1,21.5,41.99,35.49
2021-10-30 15:10:30 +0530,460090,31.3,26.3,42.01,35.5
2021-10-30 15:11:00 +0530,460091,29.1,25.9,41.91,35.53
2021-10-30 15:11:30 +0530,460092,27.8,24.6,41.64,35.54
2021-10-30 15:12:00 +0530,460093,27.4,24.8,41.61,35.55
2021-10-30 15:12:30 +0530,460094,28.0,25.4,41.5,35.56
2021-10-30 15:13:00 +0530,460095,28.9,25.0,41.4,35.56
2021-10-30 15:13:30 +0530,460096,28.9,25.0,41.4,35.56
2021-10-30 15:14:00 +0530,460097,28.6,22.9,41.72,35.47
2021-10-30 15:14:30 +0530,460098,29.5,25.6,41.81,35.49
2021-10-30 15:15:00 +0530,460099,28.0,24.9,41.81,35.52
2021-10-30 15:15:30 +0530,460100,27.8,24.8,42.05,35.55
2021-10-30 15:16:00 +0530,460101,33.7,21.0,42.12,35.53
2021-10-30 15:16:30 +0530,460102,28.0,24.6,41.74,35.55
2021-10-30 15:17:00 +0530,460103,29.2,24.5,41.81,35.53
2021-10-30 15:17:30 +0530,460104,31.4,23.8,41.87,35.53
2021-10-30 15:18:00 +0530,460105,31.9,26.0,41.61,35.54
2021-10-30 15:18:30 +0530,460106,28.2,25.2,41.54,35.55
2021-10-30 15:19:00 +0530,460107,31.0,25.3,41.43,35.55
2021-10-30 15:19:30 +0530,460108,28.7,25.8,41.47,35.54
2021-10-30 15:20:00 +0530,460109,29.0,25.8,41.61,35.53
2021-10-30 15:20:30 +0530,460110,28.5,25.7,41.47,35.52
2021-10-30 15:21:00 +0530,460111,31.5,26.4,41.61,35.51
2021-10-30 15:21:30 +0530,460112,31.2,27.9,41.54,35.51
2021-10-30 15:22:00 +0530,460113,33.3,28.3,41.54,35.51
2021-10-30 15:22:30 +0530,460114,33.6,27.9,41.71,35.51
2021-10-30 15:23:00 +0530,460115,35.2,26.8,41.47,35.52
2021-10-30 15:23:30 +0530,460116,70.0,36.2,41.78,35.54
2021-10-30 15:24:00 +0530,460117,53.5,29.4,41.78,35.55
2021-10-30 15:24:30 +0530,460118,41.8,28.8,41.81,35.57
2021-10-30 15:25:00 +0530,460119,34.3,26.6,41.91,35.58
2021-10-30 15:25:30 +0530,460120,39.2,27.4,41.87,35.58
2021-10-30 15:26:00 +0530,460121,36.2,27.6,41.81,35.58
2021-10-30 15:26:30 +0530,460122,28.5,25.3,41.78,35.58
2021-10-30 15:27:00 +0530,460123,28.5,25.1,41.87,35.57
2021-10-30 15:27:30 +0530,460124,32.8,26.5,41.91,35.56
2021-10-30 15:28:00 +0530,460125,32.8,26.5,41.91,35.56
2021-10-30 15:28:30 +0530,460126,27.1,23.6,42.03,35.44
2021-10-30 15:29:00 +0530,460127,31.5,25.8,41.96,35.44
2021-10-30 15:29:30 +0530,460128,28.3,25.4,41.79,35.44
2021-10-30 15:30:00 +0530,460129,33.2,26.4,41.79,35.44
2021-10-30 15:30:30 +0530,460130,29.0,26.1,41.79,35.44
2021-10-30 15:31:00 +0530,460131,29.8,25.4,41.79,35.47
2021-10-30 15:31:30 +0530,460132,31.1,26.3,41.79,35.49
2021-10-30 15:32:00 +0530,460133,56.6,29.7,41.61,35.52
2021-10-30 15:32:30 +0530,460134,33.6,27.8,41.54,35.56
2021-10-30 15:33:00 +0530,460135,30.4,27.2,41.47,35.6
2021-10-30 15:33:30 +0530,460136,25.1,22.1,41.33,35.64
2021-10-30 15:34:00 +0530,460137,29.8,25.4,41.21,35.68
2021-10-30 15:34:30 +0530,460138,27.3,24.7,41.18,35.71
2021-10-30 15:35:00 +0530,460139,31.1,25.2,41.25,35.75
2021-10-30 15:35:30 +0530,460140,39.0,26.8,41.18,35.79
2021-10-30 15:36:00 +0530,460141,35.9,23.3,41.25,35.78
2021-10-30 15:36:30 +0530,460142,33.0,26.4,41.14,35.79
2021-10-30 15:37:00 +0530,460143,29.8,25.2,40.91,35.79
2021-10-30 15:37:30 +0530,460144,42.3,27.4,40.87,35.8
2021-10-30 15:38:00 +0530,460145,33.7,25.9,41.21,35.8
2021-10-30 15:38:30 +0530,460146,28.9,25.8,41.52,35.8
2021-10-30 15:39:00 +0530,460147,28.2,25.3,41.25,35.79
2021-10-30 15:39:30 +0530,460148,29.6,26.2,41.11,35.77
2021-10-30 15:40:00 +0530,460149,29.0,25.9,41.25,35.73
2021-10-30 15:40:30 +0530,460150,33.7,27.4,41.18,35.72
2021-10-30 15:41:00 +0530,460151,36.0,27.6,41.21,35.71
2021-10-30 15:41:30 +0530,460152,38.9,30.6,41.39,35.71
2021-10-30 15:42:00 +0530,460153,30.0,26.2,41.62,35.71
2021-10-30 15:42:30 +0530,460154,26.4,21.6,41.65,35.66
2021-10-30 15:43:00 +0530,460155,28.2,25.0,41.23,35.65
2021-10-30 15:43:30 +0530,460156,34.0,27.8,41.33,35.63
2021-10-30 15:44:00 +0530,460157,38.4,27.9,41.33,35.62
2021-10-30 15:44:30 +0530,460158,31.9,26.2,41.2,35.6
2021-10-30 15:45:00 +0530,460159,34.1,25.3,41.09,35.58
2021-10-30 15:45:30 +0530,460160,38.6,26.3,41.23,35.56
2021-10-30 15:46:00 +0530,460161,30.2,26.2,41.2,35.54
2021-10-30 15:46:30 +0530,460162,27.1,24.1,41.5,35.51
2021-10-30 15:47:00 +0530,460163,27.7,25.1,41.31,35.48
2021-10-30 15:47:30 +0530,460164,27.9,24.9,41.58,35.43
2021-10-30 15:48:00 +0530,460165,28.2,25.4,41.45,35.39
2021-10-30 15:48:30 +0530,460166,27.5,24.7,41.48,35.33
2021-10-30 15:49:00 +0530,460167,30.2,27.0,41.66,35.27
2021-10-30 15:49:30 +0530,460168,30.6,27.3,41.84,35.22
2021-10-30 15:50:00 +0530,460169,32.2,28.7,41.94,35.18
2021-10-30 15:50:30 +0530,460170,38.0,33.8,42.15,35.11
2021-10-30 15:51:00 +0530,460171,29.7,26.6,42.12,35.07
2021-10-30 15:51:30 +0530,460172,43.4,37.9,42.05,35.05
2021-10-30 15:52:00 +0530,460173,47.7,41.3,42.19,35.04
2021-10-30 15:52:30 +0530,460174,43.0,35.2,42.29,35.03
2021-10-30 15:53:00 +0530,460175,42.2,37.3,42.42,35.01
2021-10-30 15:53:30 +0530,460176,35.2,27.4,42.53,35.01
2021-10-30 15:54:00 +0530,460177,35.7,27.8,42.56,35.0
2021-10-30 15:54:30 +0530,460178,37.4,27.9,42.56,34.99
2021-10-30 15:55:00 +0530,460179,35.9,26.8,42.6,34.97
2021-10-30 15:55:30 +0530,460180,32.0,27.2,42.63,34.96
2021-10-30 15:56:00 +0530,460181,33.6,27.3,42.66,34.96
2021-10-30 15:56:30 +0530,460182,30.4,27.2,42.63,34.96
2021-10-30 15:57:00 +0530,460183,36.1,27.3,42.78,34.95
2021-10-30 15:57:30 +0530,460184,32.7,27.2,42.92,34.94
2021-10-30 15:58:00 +0530,460185,32.9,27.1,42.92,34.94
2021-10-30 15:58:30 +0530,460186,33.0,26.2,42.92,34.94
2021-10-30 15:59:00 +0530,460187,30.1,25.4,42.99,34.96
2021-10-30 15:59:30 +0530,460188,56.4,29.3,42.77,34.97
2021-10-30 16:00:00 +0530,460189,38.8,27.1,42.84,34.98
2021-10-30 16:00:30 +0530,460190,34.0,27.7,42.8,34.98
2021-10-30 16:01:00 +0530,460191,28.1,22.5,42.93,34.96
2021-10-30 16:01:30 +0530,460192,41.3,30.7,42.97,34.96
2021-10-30 16:02:00 +0530,460193,43.1,28.9,42.99,34.96
2021-10-30 16:02:30 +0530,460194,28.7,25.2,42.95,34.93
2021-10-30 16:03:00 +0530,460195,29.4,24.8,43.06,34.91
2021-10-30 16:03:30 +0530,460196,31.0,27.2,42.85,34.92
2021-10-30 16:04:00 +0530,460197,33.6,27.2,42.85,34.93
2021-10-30 16:04:30 +0530,460198,35.0,27.3,42.81,34.94
2021-10-30 16:05:00 +0530,460199,32.3,26.9,42.56,34.96
2021-10-30 16:05:30 +0530,460200,27.9,25.1,42.41,34.95
2021-10-30 16:06:00 +0530,460201,35.4,28.4,42.19,34.96
2021-10-30 16:06:30 +0530,460202,34.2,26.7,42.07,34.96
2021-10-30 16:07:00 +0530,460203,43.9,27.2,42.0,34.94
2021-10-30 16:07:30 +0530,460204,36.6,26.6,41.97,34.9
2021-10-30 16:08:00 +0530,460205,38.7,27.1,42.13,34.88
2021-10-30 16:08:30 +0530,460206,36.1,22.8,42.41,34.83
2021-10-30 16:09:00 +0530,460207,33.4,26.8,42.37,34.84
2021-10-30 16:09:30 +0530,460208,37.7,28.3,42.51,34.85
2021-10-30 16:10:00 +0530,460209,35.4,28.4,42.48,34.86
2021-10-30 16:10:30 +0530,460210,33.9,26.6,42.44,34.89
2021-10-30 16:11:00 +0530,460211,35.5,27.1,42.3,34.9
2021-10-30 16:11:30 +0530,460212,29.6,26.6,42.03,34.9
2021-10-30 16:12:00 +0530,460213,34.5,27.2,42.1,34.89
2021-10-30 16:12:30 +0530,460214,31.9,27.3,42.13,34.88
2021-10-30 16:13:00 +0530,460215,31.2,26.3,42.0,34.84
2021-10-30 16:13:30 +0530,460216,36.5,28.2,42.27,34.8
2021-10-30 16:14:00 +0530,460217,30.9,27.6,42.28,34.78
2021-10-30 16:14:30 +0530,460218,32.2,27.5,42.28,34.77
2021-10-30 16:15:00 +0530,460219,36.0,28.2,42.39,34.77
2021-10-30 16:15:30 +0530,460220,25.5,22.8,42.39,34.75
2021-10-30 16:16:00 +0530,460221,39.2,29.1,42.35,34.75
2021-10-30 16:16:30 +0530,460222,35.0,27.1,42.25,34.75
2021-10-30 16:17:00 +0530,460223,38.1,25.4,42.45,34.73
2021-10-30 16:17:30 +0530,460224,46.4,29.2,42.58,34.73
2021-10-30 16:18:00 +0530,460225,37.0,30.6,42.28,34.74
2021-10-30 16:18:30 +0530,460226,29.2,26.3,42.52,34.7
2021-10-30 16:19:00 +0530,460227,33.8,27.2,42.62,34.74
2021-10-30 16:19:30 +0530,460228,34.8,23.9,42.48,34.71
2021-10-30 16:20:00 +0530,460229,35.3,28.8,42.65,34.73
2021-10-30 16:20:30 +0530,460230,38.9,27.7,42.62,34.75
2021-10-30 16:21:00 +0530,460231,45.3,29.8,42.69,34.77
2021-10-30 16:21:30 +0530,460232,53.2,29.8,42.79,34.78
2021-10-30 16:22:00 +0530,460233,30.0,24.9,42.79,34.78
2021-10-30 16:22:30 +0530,460234,31.1,27.9,42.69,34.79
2021-10-30 16:23:00 +0530,460235,31.7,27.2,42.65,34.8
2021-10-30 16:23:30 +0530,460236,32.4,27.1,42.65,34.8
2021-10-30 16:24:00 +0530,460237,36.7,28.1,42.61,34.8
2021-10-30 16:24:30 +0530,460238,29.3,26.1,42.65,34.8
2021-10-30 16:25:00 +0530,460239,30.6,27.3,42.65,34.8
2021-10-30 16:25:30 +0530,460240,31.1,27.8,42.69,34.8
2021-10-30 16:26:00 +0530,460241,28.3,25.5,42.62,34.81
2021-10-30 16:26:30 +0530,460242,33.2,26.4,42.55,34.79
2021-10-30 16:27:00 +0530,460243,35.1,27.5,42.65,34.79
2021-10-30 16:27:30 +0530,460244,28.6,25.6,42.58,34.77
2021-10-30 16:28:00 +0530,460245,29.8,26.7,42.65,34.76
2021-10-30 16:28:30 +0530,460246,29.3,26.1,42.79,34.75
2021-10-30 16:29:00 +0530,460247,28.9,21.4,42.97,34.7
2021-10-30 16:29:30 +0530,460248,28.9,25.9,43.0,34.7
2021-10-30 16:30:00 +0530,460249,29.2,26.1,43.03,34.69
2021-10-30 16:30:30 +0530,460250,31.3,27.8,43.1,34.68
2021-10-30 16:31:00 +0530,460251,29.8,26.7,43.13,34.68
2021-10-30 16:31:30 +0530,460252,28.6,25.7,43.13,34.68
2021-10-30 16:32:00 +0530,460253,29.1,26.0,43.1,34.68
2021-10-30 16:32:30 +0530,460254,28.8,26.0,43.13,34.68
2021-10-30 16:33:00 +0530,460255,29.5,25.9,43.13,34.67
2021-10-30 16:33:30 +0530,460256,29.6,26.6,43.27,34.66
2021-10-30 16:34:00 +0530,460257,29.4,26.4,43.23,34.66
2021-10-30 16:34:30 +0530,460258,37.4,24.5,43.34,34.63
2021-10-30 16:35:00 +0530,460259,33.4,28.1,43.23,34.64
2021-10-30 16:35:30 +0530,460260,31.7,28.3,43.1,34.64
2021-10-30 16:36:00 +0530,460261,40.5,33.4,43.16,34.64
2021-10-30 16:36:30 +0530,460262,33.4,28.9,43.13,34.63
2021-10-30 16:37:00 +0530,460263,33.4,23.3,43.21,34.59
2021-10-30 16:37:30 +0530,460264,29.4,26.4,43.32,34.57
2021-10-30 16:38:00 +0530,460265,25.6,22.9,43.48,34.53
2021-10-30 16:38:30 +0530,460266,29.8,26.6,43.52,34.5
2021-10-30 16:39:00 +0530,460267,26.6,22.8,43.59,34.47
2021-10-30 16:39:30 +0530,460268,28.1,23.6,43.67,34.44
2021-10-30 16:40:00 +0530,460269,30.5,27.2,43.74,34.41
2021-10-30 16:40:30 +0530,460270,35.6,27.3,43.77,34.41
2021-10-30 16:41:00 +0530,460271,34.4,27.7,43.74,34.41
2021-10-30 16:41:30 +0530,460272,37.0,33.3,43.8,34.38
2021-10-30 16:42:00 +0530,460273,33.4,27.9,43.84,34.38
2021-10-30 16:42:30 +0530,460274,31.9,27.4,43.8,34.38
2021-10-30 16:43:00 +0530,460275,30.3,27.0,43.87,34.38
2021-10-30 16:43:30 +0530,460276,41.6,24.6,44.0,34.37
2021-10-30 16:44:00 +0530,460277,27.1,24.2,44.04,34.36
2021-10-30 16:44:30 +0530,460278,29.7,26.7,43.74,34.36
2021-10-30 16:45:00 +0530,460279,28.5,23.7,43.74,34.32
2021-10-30 16:45:30 +0530,460280,32.8,27.9,44.06,34.25
2021-10-30 16:46:00 +0530,460281,29.8,26.7,44.32,34.18
2021-10-30 16:46:30 +0530,460282,40.4,30.9,44.64,34.08
2021-10-30 16:47:00 +0530,460283,34.3,30.1,44.81,34.0
2021-10-30 16:47:30 +0530,460284,33.4,27.3,45.03,33.9
2021-10-30 16:48:00 +0530,460285,33.0,28.8,45.23,33.8
2021-10-30 16:48:30 +0530,460286,33.9,28.5,45.35,33.72
2021-10-30 16:49:00 +0530,460287,32.9,28.4,45.35,33.72
2021-10-30 16:49:30 +0530,460288,29.2,24.2,45.8,33.5
2021-10-30 16:50:00 +0530,460289,39.0,29.8,45.93,33.49
2021-10-30 16:50:30 +0530,460290,35.7,25.2,46.1,33.48
2021-10-30 16:51:00 +0530,460291,32.9,29.3,46.0,33.5
2021-10-30 16:51:30 +0530,460292,40.2,30.4,46.1,33.53
2021-10-30 16:52:00 +0530,460293,36.0,29.4,46.07,33.55
2021-10-30 16:52:30 +0530,460294,32.2,28.7,45.93,33.58
2021-10-30 16:53:00 +0530,460295,26.8,23.9,46.0,33.58
2021-10-30 16:53:30 +0530,460296,34.2,28.6,45.93,33.6
2021-10-30 16:54:00 +0530,460297,31.4,25.4,45.96,33.6
2021-10-30 16:54:30 +0530,460298,34.1,28.2,45.75,33.62
2021-10-30 16:55:00 +0530,460299,38.5,30.7,45.75,33.64
2021-10-30 16:55:30 +0530,460300,38.5,26.4,45.93,33.64
2021-10-30 16:56:00 +0530,460301,38.9,28.9,45.69,33.66
2021-10-30 16:56:30 +0530,460302,40.8,29.9,45.75,33.68
2021-10-30 16:57:00 +0530,460303,34.0,29.1,45.69,33.71
2021-10-30 16:57:30 +0530,460304,38.5,29.3,45.51,33.72
2021-10-30 16:58:00 +0530,460305,35.4,29.4,45.72,33.68
2021-10-30 16:58:30 +0530,460306,44.0,33.8,45.65,33.7
2021-10-30 16:59:00 +0530,460307,42.5,35.4,45.55,33.73
2021-10-30 16:59:30 +0530,460308,32.3,28.8,45.41,33.73
2021-10-30 17:00:00 +0530,460309,33.5,29.9,45.51,33.76
2021-10-30 17:00:30 +0530,460310,33.5,29.8,45.48,33.76
2021-10-30 17:01:00 +0530,460311,31.9,28.2,45.07,33.76
2021-10-30 17:01:30 +0530,460312,33.6,29.2,45.07,33.76
2021-10-30 17:02:00 +0530,460313,32.9,29.4,45.14,33.76
2021-10-30 17:02:30 +0530,460314,32.0,27.9,44.93,33.76
2021-10-30 17:03:00 +0530,460315,31.3,27.9,44.93,33.76
2021-10-30 17:03:30 +0530,460316,29.6,26.6,44.83,33.76
2021-10-30 17:04:00 +0530,460317,31.2,27.8,44.97,33.76
2021-10-30 17:04:30 +0530,460318,30.6,27.4,44.87,33.76
2021-10-30 17:05:00 +0530,460319,34.1,30.4,44.93,33.76
2021-10-30 17:05:30 +0530,460320,32.1,28.6,45.0,33.76
2021-10-30 17:06:00 +0530,460321,35.2,28.9,44.93,33.76
2021-10-30 17:06:30 +0530,460322,33.3,28.1,44.97,33.74
2021-10-30 17:07:00 +0530,460323,31.3,27.9,44.87,33.76
2021-10-30 17:07:30 +0530,460324,26.6,23.9,44.87,33.72
2021-10-30 17:08:00 +0530,460325,32.8,29.4,44.8,33.74
2021-10-30 17:08:30 +0530,460326,37.4,31.9,44.93,33.72
2021-10-30 17:09:00 +0530,460327,51.7,37.4,45.0,33.74
2021-10-30 17:09:30 +0530,460328,38.0,32.1,44.93,33.76
2021-10-30 17:10:00 +0530,460329,40.4,26.3,44.97,33.75
2021-10-30 17:10:30 +0530,460330,35.1,31.3,44.87,33.76
2021-10-30 17:11:00 +0530,460331,33.0,29.6,44.8,33.76
2021-10-30 17:11:30 +0530,460332,33.8,30.2,44.83,33.76
2021-10-30 17:12:00 +0530,460333,55.0,34.1,44.97,33.76
2021-10-30 17:12:30 +0530,460334,29.6,26.4,45.07,33.73
2021-10-30 17:13:00 +0530,460335,47.5,32.3,45.25,33.73
2021-10-30 17:13:30 +0530,460336,35.7,29.8,45.14,33.74
2021-10-30 17:14:00 +0530,460337,33.5,29.6,45.11,33.76
2021-10-30 17:14:30 +0530,460338,39.1,30.4,45.14,33.76
2021-10-30 17:15:00 +0530,460339,40.4,31.4,45.07,33.76
2021-10-30 17:15:30 +0530,460340,49.9,30.3,45.11,33.76
2021-10-30 17:16:00 +0530,460341,38.5,29.5,45.11,33.76
2021-10-30 17:16:30 +0530,460342,36.5,29.2,44.97,33.76
2021-10-30 17:17:00 +0530,460343,47.4,30.8,45.04,33.76
2021-10-30 17:17:30 +0530,460344,37.0,29.1,44.87,33.75
2021-10-30 17:18:00 +0530,460345,43.7,29.8,44.93,33.71
2021-10-30 17:18:30 +0530,460346,58.4,30.7,45.21,33.63
2021-10-30 17:19:00 +0530,460347,40.5,30.3,45.21,33.6
2021-10-30 17:19:30 +0530,460348,38.9,28.9,45.22,33.58
2021-10-30 17:20:00 +0530,460349,38.1,29.3,45.25,33.55
2021-10-30 17:20:30 +0530,460350,37.1,28.3,45.22,33.53
2021-10-30 17:21:00 +0530,460351,33.1,29.7,45.25,33.52
2021-10-30 17:21:30 +0530,460352,33.1,29.7,45.25,33.52
2021-10-30 17:22:00 +0530,460353,53.2,25.5,45.7,33.31
2021-10-30 17:22:30 +0530,460354,42.1,28.1,45.81,33.33
2021-10-30 17:23:00 +0530,460355,40.1,29.9,45.7,33.34
2021-10-30 17:23:30 +0530,460356,48.7,32.7,45.81,33.37
2021-10-30 17:24:00 +0530,460357,46.3,32.6,45.81,33.38
2021-10-30 17:24:30 +0530,460358,46.9,31.4,45.74,33.4
2021-10-30 17:25:00 +0530,460359,43.0,30.2,45.67,33.4
2021-10-30 17:25:30 +0530,460360,27.8,25.0,45.67,33.36
2021-10-30 17:26:00 +0530,460361,36.9,31.1,45.67,33.38
2021-10-30 17:26:30 +0530,460362,44.5,28.2,45.81,33.37
2021-10-30 17:27:00 +0530,460363,47.1,32.6,45.84,33.37
2021-10-30 17:27:30 +0530,460364,45.3,31.2,45.74,33.38
2021-10-30 17:28:00 +0530,460365,51.0,33.7,45.81,33.4
2021-10-30 17:28:30 +0530,460366,61.0,38.1,45.81,33.38
2021-10-30 17:29:00 +0530,460367,47.5,33.2,45.77,33.37
2021-10-30 17:29:30 +0530,460368,44.7,33.6,45.77,33.37
2021-10-30 17:30:00 +0530,460369,29.4,25.6,45.81,33.33
2021-10-30 17:30:30 +0530,460370,47.1,33.2,45.91,33.33
2021-10-30 17:31:00 +0530,460371,44.3,31.9,46.08,33.31
2021-10-30 17:31:30 +0530,460372,37.4,30.2,46.08,33.33
2021-10-30 17:32:00 +0530,460373,43.7,31.3,46.08,33.34
2021-10-30 17:32:30 +0530,460374,33.8,30.1,46.01,33.35
2021-10-30 17:33:00 +0530,460375,41.5,31.2,46.12,33.37
2021-10-30 17:33:30 +0530,460376,32.9,27.6,46.15,33.37
2021-10-30 17:34:00 +0530,460377,35.5,30.7,45.98,33.38
2021-10-30 17:34:30 +0530,460378,39.2,30.9,45.88,33.4
2021-10-30 17:35:00 +0530,460379,40.0,32.3,45.91,33.42
2021-10-30 17:35:30 +0530,460380,41.3,32.6,45.91,33.42
2021-10-30 17:36:00 +0530,460381,34.1,28.2,46.26,33.22
2021-10-30 17:36:30 +0530,460382,39.5,33.8,46.12,33.27
2021-10-30 17:37:00 +0530,460383,34.2,30.5,46.15,33.29
2021-10-30 17:37:30 +0530,460384,43.6,37.8,46.12,33.31
2021-10-30 17:38:00 +0530,460385,43.7,39.1,46.08,33.33
2021-10-30 17:38:30 +0530,460386,47.3,38.8,46.05,33.34
2021-10-30 17:39:00 +0530,460387,45.3,38.9,46.12,33.34
2021-10-30 17:39:30 +0530,460388,44.5,35.4,46.19,33.31
2021-10-30 17:40:00 +0530,460389,49.6,38.2,46.19,33.3
2021-10-30 17:40:30 +0530,460390,49.7,38.8,46.22,33.31
2021-10-30 17:41:00 +0530,460391,56.7,39.7,46.35,33.32
2021-10-30 17:41:30 +0530,460392,50.0,42.8,46.52,33.31
2021-10-30 17:42:00 +0530,460393,44.7,34.4,46.19,33.33
2021-10-30 17:42:30 +0530,460394,43.5,33.6,46.25,33.29
2021-10-30 17:43:00 +0530,460395,49.7,36.3,46.22,33.28
2021-10-30 17:43:30 +0530,460396,34.7,30.7,46.32,33.25
2021-10-30 17:44:00 +0530,460397,47.1,36.4,46.36,33.23
2021-10-30 17:44:30 +0530,460398,57.6,37.8,46.5,33.22
2021-10-30 17:45:00 +0530,460399,44.4,29.8,46.43,33.18
2021-10-30 17:45:30 +0530,460400,47.4,36.0,46.6,33.18
2021-10-30 17:46:00 +0530,460401,66.6,39.8,46.7,33.19
2021-10-30 17:46:30 +0530,460402,56.1,37.2,46.67,33.19
2021-10-30 17:47:00 +0530,460403,59.7,37.3,46.53,33.2
2021-10-30 17:47:30 +0530,460404,53.2,36.6,46.43,33.21
2021-10-30 17:48:00 +0530,460405,52.7,36.6,46.43,33.21
2021-10-30 17:48:30 +0530,460406,55.1,36.1,46.43,33.21
2021-10-30 17:49:00 +0530,460407,54.5,35.9,46.36,33.22
2021-10-30 17:49:30 +0530,460408,50.7,36.1,46.36,33.23
2021-10-30 17:50:00 +0530,460409,51.6,37.9,46.5,33.25
2021-10-30 17:50:30 +0530,460410,43.5,35.1,46.26,33.26
2021-10-30 17:51:00 +0530,460411,46.4,35.7,46.31,33.26
2021-10-30 17:51:30 +0530,460412,51.0,37.4,46.31,33.26
2021-10-30 17:52:00 +0530,460413,45.8,32.3,46.43,33.25
2021-10-30 17:52:30 +0530,460414,52.5,31.3,46.5,33.25
2021-10-30 17:53:00 +0530,460415,189.5,60.8,46.52,33.27
2021-10-30 17:53:30 +0530,460416,72.4,41.9,46.55,33.29
2021-10-30 17:54:00 +0530,460417,147.3,53.2,46.73,33.32
2021-10-30 17:54:30 +0530,460418,151.4,53.7,46.73,33.32
2021-10-30 17:55:00 +0530,460419,66.3,37.4,46.83,33.23
2021-10-30 17:55:30 +0530,460420,68.9,39.1,46.86,33.28
2021-10-30 17:56:00 +0530,460421,55.9,38.7,46.55,33.32
2021-10-30 17:56:30 +0530,460422,59.9,37.9,46.55,33.35
2021-10-30 17:57:00 +0530,460423,47.0,36.6,46.25,33.38
2021-10-30 17:57:30 +0530,460424,40.4,35.2,46.19,33.41
2021-10-30 17:58:00 +0530,460425,46.4,34.9,46.15,33.43
2021-10-30 17:58:30 +0530,460426,43.7,35.7,46.1,33.45
2021-10-30 17:59:01 +0530,460427,43.7,35.7,46.1,33.45
2021-10-30 17:59:30 +0530,460428,50.9,32.4,46.19,33.36
2021-10-30 18:00:00 +0530,460429,41.6,35.2,46.19,33.38
2021-10-30 18:00:30 +0530,460430,51.6,36.6,46.25,33.41
2021-10-30 18:01:00 +0530,460431,44.2,34.8,46.15,33.43
2021-10-30 18:01:30 +0530,460432,41.3,33.9,46.07,33.44
2021-10-30 18:02:00 +0530,460433,54.9,35.8,46.17,33.45
2021-10-30 18:02:30 +0530,460434,43.5,34.7,46.07,33.46
2021-10-30 18:03:00 +0530,460435,43.1,34.4,45.9,33.45
2021-10-30 18:03:30 +0530,460436,47.2,35.5,45.8,33.44
2021-10-30 18:04:00 +0530,460437,44.7,35.6,45.86,33.44
2021-10-30 18:04:30 +0530,460438,61.0,40.8,45.93,33.44
2021-10-30 18:05:00 +0530,460439,57.7,40.0,46.07,33.44
2021-10-30 18:05:30 +0530,460440,47.9,35.8,46.03,33.45
2021-10-30 18:06:00 +0530,460441,43.5,36.1,46.1,33.45
2021-10-30 18:06:30 +0530,460442,43.4,35.2,46.0,33.45
2021-10-30 18:07:00 +0530,460443,40.3,35.9,46.1,33.43
2021-10-30 18:07:30 +0530,460444,40.0,33.8,46.19,33.4
2021-10-30 18:08:00 +0530,460445,61.4,37.6,46.22,33.4
2021-10-30 18:08:30 +0530,460446,47.5,32.9,46.22,33.37
2021-10-30 18:09:00 +0530,460447,44.3,33.9,46.28,33.35
2021-10-30 18:09:30 +0530,460448,52.2,38.8,46.28,33.35
2021-10-30 18:10:00 +0530,460449,55.0,41.1,46.31,33.35
2021-10-30 18:10:30 +0530,460450,53.6,38.3,46.22,33.37
2021-10-30 18:11:00 +0530,460451,53.6,37.7,46.19,33.37
2021-10-30 18:11:30 +0530,460452,48.9,38.2,46.25,33.37
2021-10-30 18:12:00 +0530,460453,51.9,39.1,46.25,33.38
2021-10-30 18:12:30 +0530,460454,49.3,31.1,46.31,33.35
2021-10-30 18:13:00 +0530,460455,56.0,34.4,46.38,33.35
2021-10-30 18:13:30 +0530,460456,55.3,37.8,46.31,33.35
2021-10-30 18:14:00 +0530,460457,50.1,37.6,46.28,33.34
2021-10-30 18:14:30 +0530,460458,46.8,36.8,46.35,33.32
2021-10-30 18:15:00 +0530,460459,48.2,35.8,46.35,33.3
2021-10-30 18:15:30 +0530,460460,46.4,36.2,46.38,33.28
2021-10-30 18:16:00 +0530,460461,49.6,32.9,46.53,33.23
2021-10-30 18:16:30 +0530,460462,46.4,37.0,46.53,33.21
2021-10-30 18:17:00 +0530,460463,52.6,37.7,46.6,33.19
2021-10-30 18:17:30 +0530,460464,48.4,35.7,46.76,33.16
2021-10-30 18:18:00 +0530,460465,67.2,41.1,46.87,33.16
2021-10-30 18:18:30 +0530,460466,57.6,38.4,46.76,33.17
2021-10-30 18:19:00 +0530,460467,64.7,39.7,46.76,33.18
2021-10-30 18:19:30 +0530,460468,34.0,30.1,46.83,33.14
2021-10-30 18:20:00 +0530,460469,50.8,37.3,46.73,33.15
2021-10-30 18:20:30 +0530,460470,52.3,37.7,46.7,33.15
2021-10-30 18:21:00 +0530,460471,56.1,36.9,46.7,33.15
2021-10-30 18:22:00 +0530,460472,69.0,42.2,47.11,33.16
2021-10-30 18:22:30 +0530,460473,56.0,39.8,47.11,33.17
2021-10-30 18:23:00 +0530,460474,57.5,39.1,46.9,33.18
2021-10-30 18:23:30 +0530,460475,80.6,42.3,47.07,33.18
2021-10-30 18:24:00 +0530,460476,71.9,39.7,47.11,33.18
2021-10-30 18:24:30 +0530,460477,79.0,43.0,46.97,33.21
2021-10-30 18:25:00 +0530,460478,64.1,38.6,46.64,33.25
2021-10-30 18:25:30 +0530,460479,56.4,38.8,46.57,33.26
2021-10-30 18:26:00 +0530,460480,59.9,37.0,46.6,33.22
2021-10-30 18:26:30 +0530,460481,56.9,39.8,46.5,33.22
2021-10-30 18:27:00 +0530,460482,72.6,43.2,46.6,33.21
2021-10-30 18:27:30 +0530,460483,80.8,46.2,46.73,33.21
2021-10-30 18:28:00 +0530,460484,72.4,43.2,46.76,33.22
2021-10-30 18:28:30 +0530,460485,106.0,45.4,46.8,33.23
2021-10-30 18:29:00 +0530,460486,63.1,38.2,46.55,33.26
2021-10-30 18:29:30 +0530,460487,41.6,35.7,46.29,33.25
2021-10-30 18:30:00 +0530,460488,46.1,36.2,46.32,33.23
2021-10-30 18:30:30 +0530,460489,48.0,37.0,46.43,33.22
2021-10-30 18:31:00 +0530,460490,68.1,39.2,46.73,33.22
2021-10-30 18:31:30 +0530,460491,43.9,35.3,46.36,33.21
2021-10-30 18:32:00 +0530,460492,58.3,37.8,46.53,33.19
2021-10-30 18:32:30 +0530,460493,58.7,38.2,46.6,33.18
2021-10-30 18:33:00 +0530,460494,70.0,40.3,46.7,33.17
2021-10-30 18:33:30 +0530,460495,56.0,37.7,46.64,33.17
2021-10-30 18:34:00 +0530,460496,48.6,37.7,46.6,33.16
2021-10-30 18:34:30 +0530,460497,52.2,38.1,46.6,33.15
2021-10-30 18:35:00 +0530,460498,74.4,38.3,46.9,33.12
2021-10-30 18:35:30 +0530,460499,55.9,35.1,46.9,33.09
2021-10-30 18:36:00 +0530,460500,91.5,42.2,46.97,33.12
2021-10-30 18:36:30 +0530,460501,50.2,36.4,46.94,33.12
2021-10-30 18:37:01 +0530,460502,50.2,36.4,46.94,33.12
2021-10-30 18:37:30 +0530,460503,50.5,34.0,47.25,32.97
2021-10-30 18:38:00 +0530,460504,55.0,39.6,46.95,33.0
2021-10-30 18:38:30 +0530,460505,45.4,35.3,46.92,33.0
2021-10-30 18:39:00 +0530,462110,55.2,41.9,46.85,33.03
2021-10-30 18:39:30 +0530,462111,64.4,37.4,47.02,33.0
2021-10-30 18:40:00 +0530,462112,64.2,40.0,47.05,33.02
2021-10-30 18:40:30 +0530,462113,48.2,36.6,46.95,33.03
2021-10-30 18:42:00 +0530,462114,63.8,38.7,47.05,33.01
2021-10-30 18:42:30 +0530,462115,52.8,39.4,47.05,33.02
2021-10-30 18:43:00 +0530,460506,51.5,37.4,47.05,33.02
2021-10-30 18:43:30 +0530,460507,49.8,39.8,46.92,33.0
2021-10-30 18:44:00 +0530,460508,47.5,42.3,47.02,32.97
2021-10-30 18:44:30 +0530,460509,59.4,38.5,47.15,32.96
2021-10-30 18:45:00 +0530,460510,52.5,39.7,47.28,32.92
2021-10-30 18:45:30 +0530,460511,61.2,40.2,47.26,32.91
2021-10-30 18:46:00 +0530,460512,59.4,37.7,47.26,32.91
2021-10-30 18:46:30 +0530,460513,51.3,36.3,47.57,32.77
2021-10-30 18:47:00 +0530,460514,58.5,35.9,47.67,32.75
2021-10-30 18:47:30 +0530,460515,60.2,52.0,47.6,32.77
2021-10-30 18:48:00 +0530,460516,75.9,43.9,47.81,32.78
2021-10-30 18:48:30 +0530,460517,63.8,41.7,47.57,32.82
2021-10-30 18:49:00 +0530,460518,71.7,40.3,47.6,32.79
2021-10-30 18:49:30 +0530,460519,60.2,42.1,47.57,32.83
2021-10-30 18:50:00 +0530,460520,58.2,41.8,47.54,32.84
2021-10-30 18:50:30 +0530,460521,70.7,54.3,47.44,32.85
2021-10-30 18:51:00 +0530,460522,68.1,42.3,47.63,32.85
2021-10-30 18:51:30 +0530,460523,54.2,38.7,47.47,32.85
2021-10-30 18:52:00 +0530,460524,59.6,41.7,47.54,32.84
2021-10-30 18:52:30 +0530,460525,64.0,43.1,47.57,32.84
2021-10-30 18:53:00 +0530,460526,61.7,53.1,47.47,32.84
2021-10-30 18:53:30 +0530,460527,48.8,37.8,47.44,32.84
2021-10-30 18:54:00 +0530,460528,53.2,39.3,47.47,32.85
2021-10-30 18:54:31 +0530,460529,53.2,38.6,47.47,32.85
2021-10-30 18:55:00 +0530,460530,50.7,37.7,47.47,32.85
2021-10-30 18:55:30 +0530,460531,53.0,36.7,47.37,32.85
2021-10-30 18:56:00 +0530,460532,42.0,32.4,47.47,32.79
2021-10-30 18:56:30 +0530,460533,46.7,38.8,47.47,32.77
2021-10-30 18:57:00 +0530,460534,45.4,33.2,47.65,32.72
2021-10-30 18:57:30 +0530,460535,54.3,46.9,47.65,32.72
2021-10-30 18:58:00 +0530,460536,51.9,38.6,47.72,32.71
2021-10-30 18:58:30 +0530,460537,52.0,38.2,47.68,32.73
2021-10-30 18:59:00 +0530,460538,47.0,38.9,47.65,32.73
2021-10-30 18:59:30 +0530,460539,51.8,42.2,47.61,32.74
2021-10-30 19:00:00 +0530,460540,54.9,45.6,47.57,32.75
2021-10-30 19:00:30 +0530,460541,48.7,33.3,47.78,32.63
2021-10-30 19:01:00 +0530,460542,60.2,39.7,47.85,32.66
2021-10-30 19:01:30 +0530,460543,50.3,39.2,47.89,32.66
2021-10-30 19:02:00 +0530,460544,45.8,37.8,47.78,32.67
2021-10-30 19:02:30 +0530,460545,42.1,33.4,47.99,32.66
2021-10-30 19:03:00 +0530,460546,35.0,31.3,47.96,32.62
2021-10-30 19:03:30 +0530,460547,49.5,40.5,47.96,32.64
2021-10-30 19:04:00 +0530,460548,49.9,37.4,47.89,32.67
2021-10-30 19:04:30 +0530,460549,47.3,36.9,47.85,32.69
2021-10-30 19:05:00 +0530,460550,38.8,32.3,47.92,32.68
2021-10-30 19:05:30 +0530,460551,51.4,37.1,47.75,32.71
2021-10-30 19:06:00 +0530,460552,50.2,38.2,47.78,32.71
2021-10-30 19:06:30 +0530,460553,49.7,39.4,47.75,32.73
2021-10-30 19:07:00 +0530,460554,48.3,39.1,47.81,32.75
2021-10-30 19:07:30 +0530,460555,45.2,38.3,47.74,32.78
2021-10-30 19:08:00 +0530,460556,53.8,39.4,47.74,32.79
2021-10-30 19:08:30 +0530,460557,54.4,48.6,47.7,32.81
2021-10-30 19:09:00 +0530,460558,46.9,40.5,47.67,32.82
2021-10-30 19:09:30 +0530,460559,53.1,41.4,47.63,32.84
2021-10-30 19:10:00 +0530,460560,45.0,39.0,47.57,32.85
2021-10-30 19:10:30 +0530,460561,54.4,41.1,47.6,32.85
2021-10-30 19:11:00 +0530,460562,54.1,48.3,47.57,32.85
2021-10-30 19:11:30 +0530,460563,44.3,37.3,47.57,32.85
2021-10-30 19:12:00 +0530,460564,44.5,33.4,47.6,32.84
2021-10-30 19:12:30 +0530,460565,43.4,37.8,47.57,32.85
2021-10-30 19:13:00 +0530,460566,41.2,34.5,47.67,32.82
2021-10-30 19:14:00 +0530,460567,57.9,51.4,47.67,32.82
2021-10-30 19:15:00 +0530,460568,45.5,36.4,47.96,32.71
2021-10-30 19:15:30 +0530,460569,48.9,38.4,47.85,32.73
2021-10-30 19:16:30 +0530,460570,58.1,41.8,47.82,32.75
2021-10-30 19:17:00 +0530,460571,68.2,45.3,47.98,32.75
2021-10-30 19:17:30 +0530,460572,49.5,40.2,47.98,32.76
2021-10-30 19:18:00 +0530,460573,48.9,35.3,47.89,32.74
2021-10-30 19:18:30 +0530,460574,55.8,42.9,47.88,32.77
2021-10-30 19:19:00 +0530,460575,53.6,41.7,47.84,32.78
2021-10-30 19:19:30 +0530,460576,39.8,34.1,47.84,32.77
2021-10-30 19:20:00 +0530,460577,61.4,55.1,47.7,32.77
2021-10-30 19:20:30 +0530,460578,61.4,55.1,47.7,32.77
2021-10-30 19:21:00 +0530,460579,43.5,31.9,48.2,32.56
2021-10-30 19:21:30 +0530,460580,54.6,38.7,48.22,32.61
2021-10-30 19:22:00 +0530,460581,54.0,38.7,48.12,32.66
2021-10-30 19:22:30 +0530,460582,51.5,38.4,48.08,32.66
2021-10-30 19:23:00 +0530,460583,44.0,33.7,48.37,32.49
2021-10-30 19:23:30 +0530,460584,50.0,41.8,48.36,32.57
2021-10-30 19:24:00 +0530,460585,52.2,38.7,48.15,32.61
2021-10-30 19:24:30 +0530,460586,47.2,39.7,48.08,32.67
2021-10-30 19:25:00 +0530,460587,43.0,34.1,48.15,32.63
2021-10-30 19:25:30 +0530,460588,48.3,39.4,48.08,32.68
2021-10-30 19:26:00 +0530,460589,44.9,39.3,48.05,32.7
2021-10-30 19:26:30 +0530,460590,43.6,38.7,48.05,32.72
2021-10-30 19:27:00 +0530,460591,53.5,46.4,47.94,32.75
2021-10-30 19:27:30 +0530,460592,53.8,47.2,48.05,32.73
2021-10-30 19:28:00 +0530,460593,54.3,48.7,48.01,32.75
2021-10-30 19:28:30 +0530,460594,54.7,49.1,48.08,32.76
2021-10-30 19:29:00 +0530,460595,65.4,59.2,48.22,32.67
2021-10-30 19:29:30 +0530,460596,45.3,34.3,48.5,32.57
2021-10-30 19:30:00 +0530,460597,58.3,43.2,48.26,32.64
2021-10-30 19:30:30 +0530,460598,64.3,38.6,48.26,32.69
2021-10-30 19:31:00 +0530,460599,98.5,46.2,48.19,32.73
2021-10-30 19:31:30 +0530,460600,51.6,42.6,48.01,32.78
2021-10-30 19:32:00 +0530,460601,39.3,35.2,47.94,32.78
2021-10-30 19:32:30 +0530,460602,61.5,52.9,47.91,32.85
2021-10-30 19:33:00 +0530,460603,56.9,44.9,47.84,32.86
2021-10-30 19:33:30 +0530,460604,61.6,44.1,47.7,32.89
2021-10-30 19:34:00 +0530,460605,51.1,40.7,47.67,32.91
2021-10-30 19:34:30 +0530,460606,55.1,49.1,47.66,32.93
2021-10-30 19:35:00 +0530,460607,41.0,36.1,47.77,32.9
2021-10-30 19:35:30 +0530,460608,61.2,46.2,47.73,32.93
2021-10-30 19:36:00 +0530,460609,50.9,40.7,47.59,32.97
2021-10-30 19:36:30 +0530,460610,58.1,41.3,47.59,32.98
2021-10-30 19:37:00 +0530,460611,53.5,40.8,47.46,32.99
2021-10-30 19:37:30 +0530,460612,47.6,42.2,47.42,33.0
2021-10-30 19:38:00 +0530,460613,50.3,42.7,47.42,32.99
2021-10-30 19:38:30 +0530,460614,63.7,57.4,47.59,32.92
2021-10-30 19:39:00 +0530,460615,53.1,42.4,47.63,32.93
2021-10-30 19:39:30 +0530,460616,52.8,41.6,47.49,32.94
2021-10-30 19:40:00 +0530,460617,53.9,43.4,47.49,32.93
2021-10-30 19:40:30 +0530,460618,60.8,43.9,47.56,32.92
2021-10-30 19:41:00 +0530,460619,59.1,48.9,47.63,32.89
2021-10-30 19:41:30 +0530,460620,53.3,42.3,47.63,32.89
2021-10-30 19:42:00 +0530,460621,49.5,41.7,47.7,32.88
2021-10-30 19:42:30 +0530,460622,51.1,41.9,47.7,32.88
2021-10-30 19:43:00 +0530,460623,56.3,50.4,47.6,32.9
2021-10-30 19:43:30 +0530,460624,48.5,41.5,47.77,32.86
2021-10-30 19:44:00 +0530,460625,38.1,33.2,47.7,32.85
2021-10-30 19:44:30 +0530,460626,65.7,58.1,47.7,32.85
2021-10-30 19:45:00 +0530,460627,60.5,43.1,47.74,32.85
2021-10-30 19:45:30 +0530,460628,52.3,36.2,47.77,32.82
2021-10-30 19:46:00 +0530,460629,49.4,38.7,47.84,32.84
2021-10-30 19:46:30 +0530,460630,50.3,40.2,48.08,32.71
2021-10-30 19:47:00 +0530,460631,53.7,40.2,48.08,32.71
2021-10-30 19:47:30 +0530,460632,57.9,51.9,48.26,32.68
2021-10-30 19:48:00 +0530,460633,57.9,51.9,48.26,32.69
2021-10-30 19:49:00 +0530,460634,57.6,40.6,48.46,32.58
2021-10-30 19:49:30 +0530,460635,65.2,45.6,48.39,32.63
2021-10-30 19:50:00 +0530,460636,55.4,42.9,48.22,32.68
2021-10-30 19:50:30 +0530,460637,51.0,36.4,48.19,32.66
2021-10-30 19:51:00 +0530,460638,53.7,42.7,48.12,32.69
2021-10-30 19:51:30 +0530,460639,59.7,51.8,48.05,32.72
2021-10-30 19:52:00 +0530,460640,59.7,51.8,48.05,32.72
2021-10-30 19:52:30 +0530,460641,58.1,44.1,48.6,32.41
2021-10-30 19:53:00 +0530,460642,55.1,44.1,48.67,32.45
2021-10-30 19:53:30 +0530,460643,53.5,43.6,48.64,32.5
2021-10-30 19:54:00 +0530,460644,58.8,52.9,48.5,32.54
2021-10-30 19:55:00 +0530,460645,62.4,56.2,48.43,32.58
2021-10-30 19:55:30 +0530,460646,54.5,36.6,48.6,32.55
2021-10-30 19:56:00 +0530,460647,52.5,42.1,48.5,32.58
2021-10-30 19:56:30 +0530,460648,57.2,43.2,48.46,32.6
2021-10-30 19:57:00 +0530,460649,55.5,42.4,48.36,32.63
2021-10-30 19:57:30 +0530,460650,48.9,42.4,48.32,32.64
2021-10-30 19:58:00 +0530,460651,50.3,42.5,48.29,32.64
2021-10-30 19:58:30 +0530,460652,86.2,46.9,48.36,32.64
2021-10-30 19:59:00 +0530,460653,41.5,37.1,48.36,32.62
2021-10-30 19:59:30 +0530,460654,51.0,41.2,48.15,32.61
2021-10-30 20:00:00 +0530,460655,50.2,42.7,48.19,32.62
2021-10-30 20:00:30 +0530,460656,50.2,42.7,48.19,32.62
2021-10-30 20:01:00 +0530,460657,57.9,41.3,48.84,32.41
2021-10-30 20:01:30 +0530,460658,48.4,42.8,48.64,32.45
2021-10-30 20:02:00 +0530,460659,90.8,73.6,48.67,32.5
2021-10-30 20:02:30 +0530,460660,74.9,61.4,48.71,32.54
2021-10-30 20:03:30 +0530,460661,63.6,57.2,48.64,32.53
2021-10-30 20:04:30 +0530,460662,44.7,35.8,48.79,32.41
2021-10-30 20:05:00 +0530,460663,44.7,35.8,48.79,32.41
2021-10-30 20:06:00 +0530,460664,64.0,56.9,49.36,32.28
2021-10-30 20:07:00 +0530,460665,39.0,35.4,49.02,32.29
2021-10-30 20:07:30 +0530,460666,65.1,58.6,48.95,32.38
2021-10-30 20:08:00 +0530,460667,69.7,63.0,48.91,32.43
2021-10-30 20:08:30 +0530,460668,65.0,58.1,48.81,32.43
2021-10-30 20:09:00 +0530,460669,66.6,58.0,48.74,32.47
2021-10-30 20:09:30 +0530,460670,64.7,57.9,48.67,32.5
2021-10-30 20:10:00 +0530,460671,62.7,56.4,48.6,32.53
2021-10-30 20:10:30 +0530,460672,62.7,56.1,48.47,32.55
2021-10-30 20:11:00 +0530,460673,63.9,57.0,48.53,32.59
2021-10-30 20:11:30 +0530,460674,61.3,55.1,48.39,32.59
2021-10-30 20:12:00 +0530,460675,62.7,56.3,48.5,32.59
2021-10-30 20:12:30 +0530,460676,61.3,55.2,48.39,32.61
2021-10-30 20:13:00 +0530,460677,61.9,55.8,48.29,32.62
2021-10-30 20:13:30 +0530,460678,61.9,55.8,48.29,32.62
2021-10-30 20:14:00 +0530,460679,61.9,55.8,48.29,32.62
2021-10-30 20:14:30 +0530,460680,71.1,64.8,48.82,32.41
2021-10-30 20:15:00 +0530,460681,71.1,64.8,48.82,32.41
2021-10-30 20:15:30 +0530,460682,58.1,51.8,49.27,32.24
2021-10-30 20:16:00 +0530,460683,59.9,54.3,49.09,32.26
2021-10-30 20:16:30 +0530,460684,58.0,52.6,48.86,32.32
2021-10-30 20:17:00 +0530,460685,59.2,53.6,48.82,32.35
2021-10-30 20:17:30 +0530,460686,66.9,60.7,48.79,32.4
2021-10-30 20:18:00 +0530,460687,66.9,60.7,48.79,32.4
2021-10-30 20:18:30 +0530,460688,60.0,54.6,48.99,32.26
2021-10-30 20:19:00 +0530,460689,59.6,54.3,48.95,32.28
2021-10-30 20:19:30 +0530,460690,57.0,51.3,49.16,32.2
2021-10-30 20:20:00 +0530,460691,52.6,47.2,49.13,32.2
2021-10-30 20:20:30 +0530,460692,58.6,53.0,49.09,32.23
2021-10-30 20:21:00 +0530,460693,57.2,51.5,49.02,32.27
2021-10-30 20:21:30 +0530,460694,57.2,51.5,49.02,32.27
2021-10-30 20:22:30 +0530,460695,63.1,56.8,49.27,32.12
2021-10-30 20:23:00 +0530,460696,56.6,50.8,49.13,32.19
2021-10-30 20:23:30 +0530,460697,56.9,50.8,49.13,32.19
2021-10-30 20:24:00 +0530,460698,56.7,51.3,48.89,32.23
2021-10-30 20:24:30 +0530,460699,54.6,48.8,48.75,32.29
2021-10-30 20:25:00 +0530,460700,53.2,47.9,48.62,32.33
2021-10-30 20:25:30 +0530,460701,59.6,54.2,48.62,32.34
2021-10-30 20:26:00 +0530,460702,60.9,55.1,48.48,32.38
2021-10-30 20:26:30 +0530,460703,61.9,56.0,48.5,32.41
2021-10-30 20:27:30 +0530,460704,56.9,51.3,48.41,32.41
2021-10-30 20:28:00 +0530,460705,56.9,51.3,48.44,32.42
2021-10-30 20:29:30 +0530,460706,60.2,54.2,49.27,32.13
2021-10-30 20:30:30 +0530,460707,39.8,33.3,49.27,32.09
2021-10-30 20:31:30 +0530,460708,57.4,52.1,49.41,32.07
2021-10-30 20:32:00 +0530,460709,57.0,51.7,49.4,32.08
2021-10-30 20:32:30 +0530,460710,61.0,55.2,49.37,32.1
2021-10-30 20:33:00 +0530,460711,61.0,55.2,49.37,32.1
2021-10-30 20:33:31 +0530,460712,61.0,55.2,49.37,32.1
2021-10-30 20:34:00 +0530,460713,61.0,55.2,49.37,32.1
2021-10-30 20:34:30 +0530,460714,61.0,55.2,49.37,32.1
2021-10-30 20:35:00 +0530,460715,64.3,58.5,50.16,31.81
2021-10-30 20:35:30 +0530,460716,61.7,56.1,50.16,31.81
2021-10-30 20:36:00 +0530,460717,61.7,56.1,50.16,31.81
2021-10-30 20:36:30 +0530,460718,62.5,56.2,50.2,31.82
2021-10-30 20:38:00 +0530,460719,57.3,51.5,49.82,32.02
2021-10-30 20:38:30 +0530,460720,55.7,50.4,49.47,32.1
2021-10-30 20:39:00 +0530,460721,55.1,49.6,49.23,32.16
2021-10-30 20:40:00 +0530,460722,55.5,50.1,49.19,32.22
2021-10-30 20:40:30 +0530,460723,57.6,52.6,48.95,32.27
2021-10-30 20:41:00 +0530,460724,57.7,52.6,48.92,32.27
2021-10-30 20:41:30 +0530,460725,51.8,47.1,48.92,32.23
2021-10-30 20:42:00 +0530,460726,56.0,50.9,48.86,32.27
2021-10-30 20:42:30 +0530,460727,51.4,46.9,48.82,32.29
2021-10-30 20:43:00 +0530,460728,51.3,46.7,48.82,32.29
2021-10-30 20:43:30 +0530,460729,51.3,46.7,48.82,32.29
2021-10-30 20:44:00 +0530,460730,51.3,46.7,48.82,32.29
2021-10-30 20:45:00 +0530,460731,57.2,51.6,49.82,31.93
2021-10-30 20:46:00 +0530,460732,54.6,48.8,49.48,32.0
2021-10-30 20:46:30 +0530,460733,56.5,50.8,49.37,32.05
2021-10-30 20:47:00 +0530,460734,56.5,50.8,49.37,32.05
2021-10-30 20:47:30 +0530,460735,56.5,50.8,49.37,32.05
2021-10-30 20:48:00 +0530,460736,16.0,14.6,50.21,31.71
2021-10-30 20:48:30 +0530,460737,53.3,48.7,50.16,31.84
2021-10-30 20:49:00 +0530,460738,53.3,48.7,50.16,31.84
2021-10-30 20:49:30 +0530,460739,43.8,39.2,50.4,31.74
2021-10-30 20:50:30 +0530,460740,37.4,31.2,50.03,31.81
2021-10-30 20:51:00 +0530,460741,37.4,31.2,50.03,31.81
2021-10-30 20:51:30 +0530,460742,60.3,55.4,50.3,31.7
2021-10-30 20:52:00 +0530,460743,58.7,53.5,50.09,31.86
2021-10-30 20:52:30 +0530,460744,57.2,51.9,49.98,31.92
2021-10-30 20:53:30 +0530,460745,50.1,45.3,49.75,31.96
2021-10-30 20:54:00 +0530,460746,49.9,45.2,49.68,31.96
2021-10-30 20:54:30 +0530,460747,59.2,53.8,49.65,31.99
2021-10-30 20:55:00 +0530,460748,58.1,52.8,49.48,32.04
2021-10-30 20:55:30 +0530,460749,63.1,57.3,49.4,32.08
2021-10-30 20:56:00 +0530,460750,63.9,58.4,49.34,32.11
2021-10-30 20:56:30 +0530,460751,63.0,57.6,49.34,32.14
2021-10-30 20:57:00 +0530,460752,58.7,49.9,49.3,32.14
2021-10-30 20:58:00 +0530,460753,43.1,38.7,49.37,32.09
2021-10-30 20:58:30 +0530,460754,43.3,38.8,49.37,32.09
2021-10-30 20:59:30 +0530,460755,37.0,31.7,49.89,31.88
2021-10-30 21:00:30 +0530,460756,52.6,47.6,49.96,31.84
2021-10-30 21:01:00 +0530,460757,49.3,44.8,49.82,31.92
2021-10-30 21:01:30 +0530,460758,52.6,47.8,49.44,31.98
2021-10-30 21:02:00 +0530,460759,54.8,49.6,49.37,32.01
2021-10-30 21:02:30 +0530,460760,28.7,25.8,49.37,31.99
2021-10-30 21:03:00 +0530,460761,54.7,49.6,49.41,32.03
2021-10-30 21:03:30 +0530,460762,54.7,49.6,49.34,32.05
2021-10-30 21:04:00 +0530,460763,34.5,31.2,49.34,32.03
2021-10-30 21:04:30 +0530,460764,54.1,49.2,49.34,32.05
2021-10-30 21:05:00 +0530,460765,54.0,49.1,49.27,32.08
2021-10-30 21:05:30 +0530,460766,53.7,48.8,49.27,32.09
2021-10-30 21:06:00 +0530,460767,53.5,48.8,49.23,32.11
2021-10-30 21:06:30 +0530,460768,53.5,48.8,49.23,32.11
2021-10-30 21:07:00 +0530,460769,55.4,50.4,49.41,32.01
2021-10-30 21:07:30 +0530,460770,56.2,50.7,49.31,32.03
2021-10-30 21:08:00 +0530,460771,54.0,49.1,49.27,32.03
2021-10-30 21:08:30 +0530,460772,55.5,50.3,49.24,32.05
2021-10-30 21:09:00 +0530,460773,53.6,48.8,49.21,32.07
2021-10-30 21:09:30 +0530,460774,55.2,50.1,49.2,32.09
2021-10-30 21:10:00 +0530,460775,33.9,30.3,49.61,31.94
2021-10-30 21:10:30 +0530,460776,47.6,43.2,49.65,31.96
2021-10-30 21:11:00 +0530,460777,52.8,48.7,49.73,31.84
2021-10-30 21:11:30 +0530,460778,52.8,48.7,49.73,31.84
2021-10-30 21:12:00 +0530,460779,50.3,45.7,50.21,31.68
2021-10-30 21:13:00 +0530,460780,39.0,35.8,50.27,31.64
2021-10-30 21:13:30 +0530,460781,39.0,35.8,50.27,31.64
2021-10-30 21:14:00 +0530,460782,39.0,35.8,50.27,31.64
2021-10-30 21:14:30 +0530,460783,58.3,53.4,50.62,31.48
2021-10-30 21:15:00 +0530,460784,53.2,47.8,50.47,31.56
2021-10-30 21:15:30 +0530,460785,36.6,28.6,50.27,31.63
2021-10-30 21:16:00 +0530,460786,60.0,54.4,50.2,31.72
2021-10-30 21:16:30 +0530,460787,60.9,55.3,50.09,31.82
2021-10-30 21:17:00 +0530,460788,60.9,55.3,49.99,31.8
2021-10-30 21:17:30 +0530,460789,62.4,57.1,49.99,31.82
2021-10-30 21:18:00 +0530,460790,44.4,32.3,49.85,31.82
2021-10-30 21:18:30 +0530,460791,46.1,41.4,49.89,31.85
2021-10-30 21:19:00 +0530,460792,46.1,41.4,49.89,31.85
2021-10-30 21:19:30 +0530,460793,63.0,57.0,50.13,31.76
2021-10-30 21:20:00 +0530,460794,60.7,54.4,49.96,31.85
2021-10-30 21:20:30 +0530,460795,66.3,60.1,49.85,31.93
2021-10-30 21:21:01 +0530,460796,66.3,60.1,49.85,31.93
2021-10-30 21:22:00 +0530,460797,60.4,54.7,49.92,31.85
2021-10-30 21:23:00 +0530,460798,22.5,20.9,49.72,31.93
2021-10-30 21:23:30 +0530,460799,51.0,42.5,49.79,31.96
2021-10-30 21:24:00 +0530,460800,51.0,42.5,49.79,31.96
2021-10-30 21:25:00 +0530,460801,58.2,52.4,49.82,31.89
2021-10-30 21:25:30 +0530,460802,58.1,52.4,49.72,31.96
2021-10-30 21:26:00 +0530,460803,58.1,52.4,49.72,31.96
2021-10-30 21:26:30 +0530,460804,58.1,52.4,49.72,31.96
2021-10-30 21:27:30 +0530,460805,37.9,34.6,50.54,31.59
2021-10-30 21:28:00 +0530,460806,37.9,34.6,50.54,31.59
2021-10-30 21:28:30 +0530,460807,37.9,34.6,50.54,31.59
2021-10-30 21:29:00 +0530,460808,54.4,49.7,50.96,31.4
2021-10-30 21:29:30 +0530,460809,64.5,59.1,50.61,31.61
2021-10-30 21:30:00 +0530,460810,59.0,53.8,50.54,31.67
2021-10-30 21:30:30 +0530,460811,57.2,51.9,50.54,31.66
2021-10-30 21:31:00 +0530,460812,68.2,61.8,50.2,31.76
2021-10-30 21:31:30 +0530,460813,68.2,61.8,50.2,31.76
2021-10-30 21:32:30 +0530,460814,56.4,51.3,50.37,31.67
2021-10-30 21:33:00 +0530,460815,51.3,46.3,50.3,31.73
2021-10-30 21:33:30 +0530,460816,49.5,44.6,50.3,31.73
2021-10-30 21:34:00 +0530,460817,49.5,44.6,50.3,31.73
2021-10-30 21:34:30 +0530,460818,63.6,58.2,50.71,31.6
2021-10-30 21:35:30 +0530,460819,54.4,48.4,50.64,31.59
2021-10-30 21:36:00 +0530,460820,62.8,56.7,50.3,31.72
2021-10-30 21:36:30 +0530,460821,60.4,54.9,50.03,31.81
2021-10-30 21:37:00 +0530,460822,60.6,54.9,49.92,31.83
2021-10-30 21:37:30 +0530,460823,60.6,54.9,49.92,31.83
2021-10-30 21:38:00 +0530,460824,60.6,54.9,49.92,31.83
2021-10-30 21:38:30 +0530,460825,60.6,54.9,49.92,31.83
2021-10-30 21:39:30 +0530,460826,63.1,57.1,50.82,31.45
2021-10-30 21:40:00 +0530,460827,60.2,54.5,50.82,31.48
2021-10-30 21:40:30 +0530,460828,60.2,54.5,50.82,31.48
2021-10-30 21:42:00 +0530,460829,47.4,42.5,50.82,31.51
2021-10-30 21:42:30 +0530,460830,47.4,42.5,50.82,31.51
2021-10-30 21:43:00 +0530,460831,47.8,36.8,50.93,31.36
2021-10-30 21:44:00 +0530,460832,19.6,17.9,50.96,31.36
2021-10-30 21:45:00 +0530,460833,59.8,54.3,50.85,31.45
2021-10-30 21:45:30 +0530,460834,62.9,56.7,50.71,31.53
2021-10-30 21:46:00 +0530,460835,62.1,56.1,50.68,31.57
2021-10-30 21:46:30 +0530,460836,52.5,47.3,50.85,31.49
2021-10-30 21:47:00 +0530,460837,63.9,58.3,50.64,31.55
2021-10-30 21:47:30 +0530,460838,65.8,59.9,50.61,31.59
2021-10-30 21:48:00 +0530,460839,41.7,37.8,50.85,31.48
2021-10-30 21:48:30 +0530,460840,53.1,47.3,50.92,31.52
2021-10-30 21:49:00 +0530,460841,53.1,47.3,50.92,31.52
2021-10-30 21:50:00 +0530,460842,18.3,16.9,51.38,31.21
2021-10-30 21:50:30 +0530,460843,52.3,47.3,51.54,31.27
2021-10-30 21:51:00 +0530,460844,52.3,47.3,51.54,31.27
2021-10-30 21:51:30 +0530,460845,62.5,56.8,51.43,31.24
2021-10-30 21:52:00 +0530,460846,60.4,54.8,51.37,31.26
2021-10-30 21:52:30 +0530,460847,62.3,56.6,51.06,31.33
2021-10-30 21:53:00 +0530,460848,62.3,56.6,51.06,31.33
2021-10-30 21:53:30 +0530,460849,62.3,56.6,51.06,31.33
2021-10-30 21:54:00 +0530,460850,68.5,62.5,51.37,31.25
2021-10-30 21:54:30 +0530,460851,62.5,56.6,51.2,31.31
2021-10-30 21:55:00 +0530,460852,65.2,59.5,50.92,31.4
2021-10-30 21:55:30 +0530,460853,62.7,57.2,50.76,31.46
2021-10-30 21:56:00 +0530,460854,60.8,55.1,50.66,31.52
2021-10-30 21:56:30 +0530,460855,59.4,54.2,50.59,31.54
2021-10-30 21:58:00 +0530,460856,69.2,62.8,50.76,31.44
2021-10-30 21:58:30 +0530,460857,65.5,59.8,50.72,31.48
2021-10-30 21:59:00 +0530,460858,65.5,59.8,50.72,31.48
2021-10-30 21:59:30 +0530,460859,65.5,59.8,50.72,31.48
2021-10-30 22:00:00 +0530,460860,65.5,59.8,50.72,31.48
2021-10-30 22:00:30 +0530,460861,72.2,64.8,51.91,31.02
2021-10-30 22:01:00 +0530,460862,72.2,64.8,51.91,31.02
2021-10-30 22:01:30 +0530,460863,72.2,64.8,51.91,31.02
2021-10-30 22:02:00 +0530,460864,53.5,37.8,52.3,30.81
2021-10-30 22:02:30 +0530,460865,56.3,50.3,52.38,30.87
2021-10-30 22:03:00 +0530,460866,70.5,64.2,52.27,30.92
2021-10-30 22:03:30 +0530,460867,61.1,55.0,52.11,31.02
2021-10-30 22:04:00 +0530,460868,63.4,56.9,52.11,31.02
2021-10-30 22:04:30 +0530,460869,67.5,60.9,51.91,31.11
2021-10-30 22:05:00 +0530,460870,72.3,65.2,51.75,31.18
2021-10-30 22:05:30 +0530,460871,67.8,60.8,51.43,31.25
2021-10-30 22:06:00 +0530,460872,65.7,58.8,51.43,31.27
2021-10-30 22:06:30 +0530,460873,65.7,58.8,51.43,31.27
2021-10-30 22:07:00 +0530,460874,56.9,46.9,52.0,31.02
2021-10-30 22:07:30 +0530,460875,57.4,44.7,52.0,31.02
2021-10-30 22:08:00 +0530,460876,57.4,44.7,52.0,31.02
2021-10-30 22:10:30 +0530,460877,46.0,41.1,52.71,30.71
2021-10-30 22:11:00 +0530,460878,46.0,41.1,52.71,30.71
2021-10-30 22:11:30 +0530,460879,56.2,50.6,52.85,30.64
2021-10-30 22:12:00 +0530,460880,56.8,51.4,52.76,30.66
2021-10-30 22:13:00 +0530,460881,59.9,53.8,52.5,30.77
2021-10-30 22:13:30 +0530,460882,63.1,56.6,52.41,30.81
2021-10-30 22:14:30 +0530,460883,64.0,57.2,52.59,30.82
2021-10-30 22:15:00 +0530,460884,65.9,58.9,52.44,30.94
2021-10-30 22:15:30 +0530,460885,61.7,55.3,52.03,31.02
2021-10-30 22:16:00 +0530,460886,62.0,55.4,52.03,31.02
2021-10-30 22:17:00 +0530,460887,59.8,54.1,52.11,30.97
2021-10-30 22:17:30 +0530,460888,62.5,56.3,51.91,31.02
2021-10-30 22:18:00 +0530,460889,64.0,57.3,51.85,31.04
2021-10-30 22:18:30 +0530,460890,64.0,57.3,51.85,31.04
2021-10-30 22:19:00 +0530,460891,64.0,57.3,51.85,31.04
2021-10-30 22:20:00 +0530,460892,46.6,35.2,52.71,30.59
2021-10-30 22:22:00 +0530,460893,42.6,36.6,52.88,30.61
2021-10-30 22:22:30 +0530,460894,42.6,36.6,52.88,30.61
2021-10-30 22:23:30 +0530,460895,38.3,35.1,52.91,30.53
2021-10-30 22:24:00 +0530,460896,38.3,35.1,52.91,30.53
2021-10-30 22:24:30 +0530,460897,38.3,35.1,52.91,30.53
2021-10-30 22:25:00 +0530,460898,38.3,35.1,52.91,30.53
2021-10-30 22:25:30 +0530,460899,59.3,53.6,53.18,30.4
2021-10-30 22:26:00 +0530,460900,59.3,53.6,53.18,30.4
2021-10-30 22:26:30 +0530,460901,59.3,53.6,53.18,30.4
2021-10-30 22:27:00 +0530,460902,61.6,56.1,53.3,30.36
2021-10-30 22:27:30 +0530,460903,60.0,54.0,53.18,30.45
2021-10-30 22:28:00 +0530,460904,50.5,46.3,53.12,30.49
2021-10-30 22:28:30 +0530,460905,50.5,46.3,53.12,30.49
2021-10-30 22:29:30 +0530,460906,58.4,52.6,53.09,30.5
2021-10-30 22:30:00 +0530,460907,58.2,52.2,52.88,30.62
2021-10-30 22:30:30 +0530,460908,59.1,53.4,52.71,30.69
2021-10-30 22:31:00 +0530,460909,59.1,53.4,52.71,30.69
2021-10-30 22:31:30 +0530,460910,59.1,53.4,52.71,30.69
2021-10-30 22:32:00 +0530,460911,59.1,53.4,52.71,30.69
2021-10-30 22:33:30 +0530,460912,57.9,52.8,53.18,30.44
2021-10-30 22:34:00 +0530,460913,57.9,52.8,53.18,30.44
2021-10-30 22:34:30 +0530,460914,36.3,32.4,53.42,30.3
2021-10-30 22:35:00 +0530,460915,46.1,41.3,53.45,30.35
2021-10-30 22:35:30 +0530,460916,67.7,61.6,53.33,30.33
2021-10-30 22:36:00 +0530,460917,67.7,61.6,53.33,30.33
2021-10-30 22:36:30 +0530,460918,67.7,61.6,53.33,30.33
2021-10-30 22:37:30 +0530,460919,52.1,47.3,53.65,30.19
2021-10-30 22:38:00 +0530,460920,50.0,45.2,53.56,30.22
2021-10-30 22:39:30 +0530,460921,46.4,39.8,53.12,30.41
2021-10-30 22:40:30 +0530,460922,55.5,50.3,53.04,30.45
2021-10-30 22:41:00 +0530,460923,55.2,50.3,52.82,30.52
2021-10-30 22:41:30 +0530,460924,48.9,43.9,52.85,30.49
2021-10-30 22:42:00 +0530,460925,50.8,46.1,52.85,30.53
2021-10-30 22:42:30 +0530,460926,50.8,46.1,52.85,30.53
2021-10-30 22:43:00 +0530,460927,50.8,46.1,52.85,30.53
2021-10-30 22:44:00 +0530,460928,54.8,50.1,53.12,30.35
2021-10-30 22:44:30 +0530,460929,52.2,47.8,53.01,30.44
2021-10-30 22:45:00 +0530,460930,30.8,27.8,52.98,30.34
2021-10-30 22:45:30 +0530,460931,43.4,39.7,53.07,30.36
2021-10-30 22:46:00 +0530,460932,50.9,46.8,53.15,30.35
2021-10-30 22:47:30 +0530,460933,52.2,47.6,52.71,30.53
2021-10-30 22:48:30 +0530,460934,32.3,29.0,52.59,30.54
2021-10-30 22:49:00 +0530,460935,51.1,46.6,52.56,30.59
2021-10-30 22:49:30 +0530,460936,59.0,54.1,52.59,30.61
2021-10-30 22:51:00 +0530,460937,33.4,30.3,52.85,30.4
2021-10-30 22:51:30 +0530,460938,33.4,30.3,52.85,30.4
2021-10-30 22:52:00 +0530,460939,33.4,30.3,52.85,30.4
2021-10-30 22:53:00 +0530,460940,33.8,30.4,53.48,30.13
2021-10-30 22:53:30 +0530,460941,33.8,30.4,53.48,30.13
2021-10-30 22:54:00 +0530,460942,26.0,23.3,53.51,30.12
2021-10-30 22:54:30 +0530,460943,45.5,40.9,53.57,30.19
2021-10-30 22:55:00 +0530,460944,45.5,40.9,53.57,30.19
2021-10-30 22:55:30 +0530,460945,59.3,53.9,53.68,30.08
2021-10-30 22:56:00 +0530,460946,60.7,54.9,53.65,30.18
2021-10-30 22:56:30 +0530,460947,60.7,54.9,53.65,30.18
2021-10-30 22:57:00 +0530,460948,60.7,54.9,53.65,30.18
2021-10-30 22:57:30 +0530,460949,31.6,28.7,54.19,29.89
2021-10-30 22:58:00 +0530,460950,31.6,28.7,54.19,29.89
2021-10-30 22:58:30 +0530,460951,31.6,28.7,54.19,29.89
2021-10-30 22:59:00 +0530,460952,31.6,28.7,54.19,29.89
2021-10-30 22:59:30 +0530,460953,57.9,52.9,54.22,29.92
2021-10-30 23:00:30 +0530,460954,44.1,40.2,53.65,30.1
2021-10-30 23:01:00 +0530,460955,45.2,40.6,53.72,30.13
2021-10-30 23:01:30 +0530,460956,58.9,54.4,53.68,30.19
2021-10-30 23:02:00 +0530,460957,56.0,51.4,53.45,30.26
2021-10-30 23:02:30 +0530,460958,54.5,50.0,53.24,30.35
2021-10-30 23:03:00 +0530,460959,54.6,50.1,53.24,30.35
2021-10-30 23:03:30 +0530,460960,60.0,54.7,53.36,30.38
2021-10-30 23:05:00 +0530,460961,60.5,54.8,53.51,30.25
2021-10-30 23:05:30 +0530,460962,53.1,48.0,53.33,30.35
2021-10-30 23:06:00 +0530,460963,52.6,47.5,53.27,30.36
2021-10-30 23:06:30 +0530,460964,21.7,19.9,53.42,30.24
2021-10-30 23:07:00 +0530,460965,63.1,57.4,53.27,30.34
2021-10-30 23:07:30 +0530,460966,62.8,57.3,53.24,30.36
2021-10-30 23:08:00 +0530,460967,62.8,57.3,53.24,30.36
2021-10-30 23:08:30 +0530,460968,65.2,59.6,53.45,30.27
2021-10-30 23:09:00 +0530,460969,45.6,17.8,53.21,30.3
2021-10-30 23:09:30 +0530,460970,57.3,52.2,53.15,30.4
2021-10-30 23:10:00 +0530,460971,45.3,28.6,53.01,30.4
2021-10-30 23:10:30 +0530,460972,54.4,49.5,52.91,30.46
2021-10-30 23:11:00 +0530,460973,54.3,49.5,52.91,30.46
2021-10-30 23:11:30 +0530,460974,43.8,39.3,53.04,30.36
2021-10-30 23:12:30 +0530,460975,54.0,49.2,52.91,30.44
2021-10-30 23:13:30 +0530,460976,51.5,46.6,53.15,30.4
2021-10-30 23:14:00 +0530,460977,51.5,46.6,53.15,30.4
2021-10-30 23:14:30 +0530,460978,51.5,46.6,53.15,30.4
2021-10-30 23:15:00 +0530,460979,51.5,46.6,53.15,30.4
2021-10-30 23:15:30 +0530,460980,21.1,19.0,53.62,30.11
2021-10-30 23:16:00 +0530,460981,55.2,49.8,53.45,30.24
2021-10-30 23:16:30 +0530,460982,55.2,49.8,53.36,30.25
2021-10-30 23:17:00 +0530,460983,55.2,49.8,53.36,30.25
2021-10-30 23:17:30 +0530,460984,51.1,40.8,53.75,30.06
2021-10-30 23:18:00 +0530,460985,35.4,27.3,53.6,30.16
2021-10-30 23:18:30 +0530,460986,52.8,48.2,53.33,30.28
2021-10-30 23:19:00 +0530,460987,52.8,48.1,53.15,30.37
2021-10-30 23:19:30 +0530,460988,52.8,48.1,53.15,30.37
2021-10-30 23:20:00 +0530,460989,40.2,14.3,53.15,30.32
2021-10-30 23:20:30 +0530,460990,53.0,48.1,53.01,30.42
2021-10-30 23:21:00 +0530,460991,53.2,48.4,53.01,30.42
2021-10-30 23:21:30 +0530,460992,53.2,48.4,53.01,30.42
2021-10-30 23:22:00 +0530,460993,58.9,53.7,53.33,30.28
2021-10-30 23:22:30 +0530,460994,52.9,48.2,53.21,30.3
2021-10-30 23:23:30 +0530,460995,40.6,35.4,53.36,30.24
2021-10-30 23:24:00 +0530,460996,18.7,16.9,53.51,30.15
2021-10-30 23:24:30 +0530,460997,49.7,45.3,53.53,30.21
2021-10-30 23:25:00 +0530,460998,52.5,47.9,53.27,30.27
2021-10-30 23:25:30 +0530,460999,43.5,39.1,53.15,30.35
2021-10-30 23:26:00 +0530,461000,53.4,48.8,53.04,30.4
2021-10-30 23:26:30 +0530,461001,54.6,49.8,53.01,30.46
2021-10-30 23:27:00 +0530,461002,54.6,49.8,53.01,30.46
2021-10-30 23:28:00 +0530,461003,45.0,40.8,53.3,30.31
2021-10-30 23:28:30 +0530,461004,54.6,49.7,53.15,30.37
2021-10-30 23:29:00 +0530,461005,54.3,49.6,53.01,30.41
2021-10-30 23:29:30 +0530,461006,54.3,49.6,53.01,30.42
2021-10-30 23:30:00 +0530,461007,54.3,49.6,53.01,30.42
2021-10-30 23:30:30 +0530,461008,38.8,33.6,53.59,30.2
2021-10-30 23:32:30 +0530,461009,47.4,29.7,53.42,30.27
2021-10-30 23:33:00 +0530,461010,47.4,29.7,53.42,30.27
2021-10-30 23:33:30 +0530,461011,61.8,55.3,53.77,30.15
2021-10-30 23:34:00 +0530,461012,56.3,50.8,53.71,30.19
2021-10-30 23:34:30 +0530,461013,50.3,32.8,53.53,30.2
2021-10-30 23:35:00 +0530,461014,50.9,33.7,53.53,30.2
2021-10-30 23:38:00 +0530,461015,59.6,53.1,54.19,30.0
2021-10-30 23:38:30 +0530,461016,58.6,52.8,53.95,30.1
2021-10-30 23:39:30 +0530,461017,45.7,40.8,54.01,30.12
2021-10-30 23:40:30 +0530,461018,42.5,32.4,54.13,29.96
2021-10-30 23:42:00 +0530,461019,36.0,32.1,54.36,29.93
2021-10-30 23:43:00 +0530,461020,40.6,32.7,54.48,29.82
2021-10-30 23:43:30 +0530,461021,40.6,32.7,54.48,29.82
2021-10-30 23:44:00 +0530,461022,40.6,32.7,54.48,29.82
2021-10-30 23:44:30 +0530,461023,40.6,32.7,54.48,29.82
2021-10-30 23:45:00 +0530,461024,40.6,32.7,54.48,29.82
2021-10-30 23:45:30 +0530,461025,38.8,32.2,54.98,29.66
2021-10-30 23:46:00 +0530,461026,58.1,51.4,54.95,29.77
2021-10-30 23:46:30 +0530,461027,67.0,60.3,54.78,29.86
2021-10-30 23:47:00 +0530,461028,67.0,60.3,54.78,29.86
2021-10-30 23:47:30 +0530,461029,62.1,56.0,54.71,29.85
2021-10-30 23:48:00 +0530,461030,59.6,53.7,54.71,29.87
2021-10-30 23:48:30 +0530,461031,59.6,53.7,54.71,29.87
2021-10-30 23:49:00 +0530,461032,59.6,53.7,54.71,29.87
2021-10-30 23:50:00 +0530,461033,52.9,48.1,54.84,29.77
2021-10-30 23:51:00 +0530,461034,49.7,32.4,54.63,29.83
2021-10-30 23:52:00 +0530,461035,60.4,51.1,54.48,29.94
2021-10-30 23:52:30 +0530,461036,75.7,54.6,54.33,30.04
2021-10-30 23:53:00 +0530,461037,73.8,55.1,54.19,30.09
2021-10-30 23:53:30 +0530,461038,73.8,55.1,54.19,30.09
2021-10-30 23:54:00 +0530,461039,73.8,55.1,54.19,30.09
2021-10-30 23:54:30 +0530,461040,73.8,55.1,54.19,30.09
2021-10-30 23:55:00 +0530,461041,73.8,55.1,54.19,30.09
2021-10-30 23:55:30 +0530,461042,59.4,53.8,55.13,29.72
2021-10-30 23:56:00 +0530,461043,57.3,51.7,54.98,29.78
2021-10-30 23:58:30 +0530,461044,38.3,29.1,55.28,29.63
2021-10-30 23:59:30 +0530,461045,44.9,38.8,55.01,29.83
2021-10-31 00:00:30 +0530,461046,40.3,36.1,55.04,29.76
2021-10-31 00:01:30 +0530,461047,17.5,16.2,55.07,29.73
2021-10-31 00:02:30 +0530,461048,56.5,51.1,54.89,29.83
2021-10-31 00:03:00 +0530,461049,54.4,49.1,54.89,29.83
2021-10-31 00:03:30 +0530,461050,54.4,49.1,54.89,29.83
2021-10-31 00:04:30 +0530,461051,55.4,49.6,54.95,29.83
2021-10-31 00:05:00 +0530,461052,54.4,48.8,54.92,29.86
2021-10-31 00:05:30 +0530,461053,63.5,58.3,54.83,29.93
2021-10-31 00:06:00 +0530,461054,59.5,54.1,54.51,30.04
2021-10-31 00:06:30 +0530,461055,59.5,54.1,54.48,30.05
2021-10-31 00:07:00 +0530,461056,59.5,54.1,54.48,30.05
2021-10-31 00:07:30 +0530,461057,59.5,54.1,54.48,30.05
2021-10-31 00:08:00 +0530,461058,59.5,54.1,54.48,30.05
2021-10-31 00:08:30 +0530,461059,59.5,54.1,54.48,30.05
2021-10-31 00:09:00 +0530,461060,59.5,54.1,54.48,30.05
2021-10-31 00:09:30 +0530,461061,59.5,54.1,54.48,30.05
2021-10-31 00:10:00 +0530,461062,59.5,54.1,54.48,30.05
2021-10-31 00:10:30 +0530,461063,43.4,30.6,55.98,29.33
2021-10-31 00:11:00 +0530,461064,43.0,31.6,55.98,29.33
2021-10-31 00:11:30 +0530,461065,50.7,46.5,55.84,29.47
2021-10-31 00:12:00 +0530,461066,56.7,51.4,55.36,29.66
2021-10-31 00:12:30 +0530,461067,54.6,49.4,55.36,29.68
2021-10-31 00:13:30 +0530,461068,32.3,29.1,55.48,29.62
2021-10-31 00:14:00 +0530,461069,62.8,57.3,55.36,29.65
2021-10-31 00:14:30 +0530,461070,62.8,57.3,55.36,29.65
2021-10-31 00:16:00 +0530,461071,33.7,30.4,55.69,29.5
2021-10-31 00:16:30 +0530,461072,38.0,33.6,55.69,29.5
2021-10-31 00:17:00 +0530,461073,36.3,32.7,55.36,29.66
2021-10-31 00:17:30 +0530,461074,55.9,50.9,55.22,29.79
2021-10-31 00:18:00 +0530,461075,55.9,50.9,55.22,29.79
2021-10-31 00:19:30 +0530,461076,58.8,53.4,55.16,29.85
2021-10-31 00:20:00 +0530,461077,58.8,53.4,55.16,29.85
2021-10-31 00:20:30 +0530,461078,58.8,53.4,55.16,29.85
2021-10-31 00:21:30 +0530,461079,58.1,50.8,55.42,29.71
2021-10-31 00:22:00 +0530,461080,56.5,51.2,55.07,29.87
2021-10-31 00:22:30 +0530,461081,56.5,51.2,55.04,29.89
2021-10-31 00:23:00 +0530,461082,56.5,51.2,55.04,29.89
2021-10-31 00:23:30 +0530,461083,60.3,54.4,55.0,29.89
2021-10-31 00:24:00 +0530,461084,57.1,51.6,54.68,30.01
2021-10-31 00:24:30 +0530,461085,57.1,51.7,54.65,30.03
2021-10-31 00:25:00 +0530,461086,53.8,49.4,54.51,30.08
2021-10-31 00:25:30 +0530,461087,54.8,49.9,54.39,30.15
2021-10-31 00:26:00 +0530,461088,48.4,43.9,54.3,30.17
2021-10-31 00:26:30 +0530,461089,46.9,42.2,54.21,30.21
2021-10-31 00:27:00 +0530,461090,46.9,42.2,54.21,30.21
2021-10-31 00:27:30 +0530,461091,46.9,42.2,54.21,30.21
2021-10-31 00:28:30 +0530,461092,53.6,48.1,55.04,29.89
2021-10-31 00:29:30 +0530,461093,59.2,53.6,54.86,29.93
2021-10-31 00:30:00 +0530,461094,56.6,51.2,54.45,30.08
2021-10-31 00:30:30 +0530,461095,56.7,51.4,54.39,30.15
2021-10-31 00:31:00 +0530,461096,56.7,51.4,54.39,30.15
2021-10-31 00:31:30 +0530,461097,58.0,52.7,54.24,30.17
2021-10-31 00:32:00 +0530,461098,57.1,51.8,54.24,30.17
2021-10-31 00:34:00 +0530,461099,56.3,51.2,54.6,30.01
2021-10-31 00:34:30 +0530,461100,57.4,52.4,54.39,30.09
2021-10-31 00:35:00 +0530,461101,58.2,52.9,54.21,30.17
2021-10-31 00:35:30 +0530,461102,57.9,52.9,54.21,30.2
2021-10-31 00:36:00 +0530,461103,57.9,52.9,54.21,30.2
2021-10-31 00:36:30 +0530,461104,62.5,57.1,54.51,30.09
2021-10-31 00:37:30 +0530,461105,35.3,31.8,54.63,29.98
2021-10-31 00:39:00 +0530,461106,48.6,43.7,54.54,30.03
2021-10-31 00:39:30 +0530,461107,48.6,43.7,54.54,30.03
2021-10-31 00:40:00 +0530,461108,60.1,54.9,54.83,30.01
2021-10-31 00:40:30 +0530,461109,60.1,54.9,54.83,30.01
2021-10-31 00:41:00 +0530,461110,60.1,54.9,54.83,30.01
2021-10-31 00:43:30 +0530,461111,48.2,43.1,54.45,30.1
2021-10-31 00:44:00 +0530,461112,54.8,49.7,54.24,30.2
2021-10-31 00:44:30 +0530,461113,65.0,59.2,54.15,30.24
2021-10-31 00:45:00 +0530,461114,53.2,49.3,54.12,30.23
2021-10-31 00:45:30 +0530,461115,53.2,49.3,54.12,30.23
2021-10-31 00:46:00 +0530,461116,53.2,49.3,54.12,30.23
2021-10-31 00:46:30 +0530,461117,63.3,58.0,54.54,30.08
2021-10-31 00:47:00 +0530,461118,63.3,58.0,54.54,30.08
2021-10-31 00:48:00 +0530,461119,53.4,48.6,54.92,29.97
2021-10-31 00:48:30 +0530,461120,47.8,42.8,54.65,30.05
2021-10-31 00:49:00 +0530,461121,55.9,50.7,54.45,30.12
2021-10-31 00:50:00 +0530,461122,32.7,29.3,54.57,30.04
2021-10-31 00:50:30 +0530,461123,64.0,58.7,54.54,30.05
2021-10-31 00:51:00 +0530,461124,64.0,58.7,54.54,30.05
2021-10-31 00:51:30 +0530,461125,58.9,53.6,54.57,30.02
2021-10-31 00:52:00 +0530,461126,55.8,50.7,54.45,30.07
2021-10-31 00:53:30 +0530,461127,58.9,53.5,54.39,30.11
2021-10-31 00:56:30 +0530,461128,57.9,52.7,54.86,29.9
2021-10-31 00:57:00 +0530,461129,57.4,52.3,54.63,30.01
2021-10-31 00:57:30 +0530,461130,42.5,32.6,54.71,29.95
2021-10-31 00:58:00 +0530,461131,39.8,34.9,54.71,29.95
2021-10-31 00:59:00 +0530,461132,60.3,54.9,54.6,30.05
2021-10-31 00:59:30 +0530,461133,36.0,32.2,54.48,30.09
2021-10-31 01:00:00 +0530,461134,46.3,41.3,54.51,30.13
2021-10-31 01:00:30 +0530,461135,61.1,55.5,54.36,30.17
2021-10-31 01:01:00 +0530,461136,57.6,51.8,54.18,30.24
2021-10-31 01:01:30 +0530,461137,59.7,54.4,53.97,30.32
2021-10-31 01:02:30 +0530,461138,35.2,32.1,54.12,30.26
2021-10-31 01:03:00 +0530,461139,35.2,32.1,54.12,30.26
2021-10-31 01:04:00 +0530,461140,50.2,45.7,54.51,30.1
2021-10-31 01:04:30 +0530,461141,50.2,45.7,54.51,30.1
2021-10-31 01:05:00 +0530,461142,50.2,45.7,54.51,30.1
2021-10-31 01:05:30 +0530,461143,66.4,60.6,54.51,30.11
2021-10-31 01:06:30 +0530,461144,38.2,34.4,54.48,30.05
2021-10-31 01:07:00 +0530,461145,38.2,34.4,54.48,30.05
2021-10-31 01:07:30 +0530,461146,38.2,34.4,54.48,30.05
2021-10-31 01:08:00 +0530,461147,34.6,31.1,55.13,29.78
2021-10-31 01:08:30 +0530,461148,58.6,53.3,54.78,29.95
2021-10-31 01:09:00 +0530,461149,58.5,53.4,54.54,30.07
2021-10-31 01:09:30 +0530,461150,65.0,58.7,54.42,30.1
2021-10-31 01:10:00 +0530,461151,63.4,57.6,54.39,30.2
2021-10-31 01:10:30 +0530,461152,63.4,57.6,54.39,30.2
2021-10-31 01:11:00 +0530,461153,63.4,57.6,54.39,30.2
2021-10-31 01:11:30 +0530,461154,63.4,57.6,54.39,30.2
2021-10-31 01:12:00 +0530,461155,63.4,57.6,54.39,30.2
2021-10-31 01:12:30 +0530,461156,63.4,57.6,54.39,30.2
2021-10-31 01:13:00 +0530,461157,63.4,57.6,54.39,30.2
2021-10-31 01:13:30 +0530,461158,63.4,57.6,54.39,30.2
2021-10-31 01:14:00 +0530,461159,63.4,57.6,54.39,30.2
2021-10-31 01:15:00 +0530,461160,41.8,37.6,56.13,29.48
2021-10-31 01:15:30 +0530,461161,41.8,37.6,56.13,29.48
2021-10-31 01:16:00 +0530,461162,41.8,37.6,56.13,29.48
2021-10-31 01:16:30 +0530,461163,41.8,37.6,56.13,29.48
2021-10-31 01:17:00 +0530,461164,41.8,37.6,56.13,29.48
2021-10-31 01:18:00 +0530,461165,39.1,35.2,56.04,29.44
2021-10-31 01:18:30 +0530,461166,40.1,35.8,56.04,29.44
2021-10-31 01:19:00 +0530,461167,61.0,55.9,55.57,29.7
2021-10-31 01:19:30 +0530,461168,61.0,55.9,55.51,29.71
2021-10-31 01:20:00 +0530,461169,61.0,55.9,55.51,29.71
2021-10-31 01:21:00 +0530,461170,44.9,38.9,55.86,29.61
2021-10-31 01:21:30 +0530,461171,44.9,38.9,55.86,29.61
2021-10-31 01:22:00 +0530,461172,56.3,51.4,55.89,29.58
2021-10-31 01:22:30 +0530,461173,56.3,51.4,55.89,29.58
2021-10-31 01:24:30 +0530,461174,59.6,53.9,55.54,29.66
2021-10-31 01:25:00 +0530,461175,58.9,53.1,55.54,29.71
2021-10-31 01:25:30 +0530,461176,57.5,52.4,55.45,29.77
2021-10-31 01:26:00 +0530,461177,54.7,49.7,55.33,29.78
2021-10-31 01:26:30 +0530,461178,54.7,49.7,55.33,29.78
2021-10-31 01:27:00 +0530,461179,50.3,46.2,55.45,29.67
2021-10-31 01:27:30 +0530,461180,63.5,57.5,55.1,29.85
2021-10-31 01:28:30 +0530,461181,56.5,51.5,54.51,30.02
2021-10-31 01:29:00 +0530,461182,41.6,33.4,54.39,30.06
2021-10-31 01:29:30 +0530,461183,47.0,42.1,54.51,30.11
2021-10-31 01:30:00 +0530,461184,61.4,55.8,54.42,30.1
2021-10-31 01:30:30 +0530,461185,59.7,54.2,54.42,30.1
2021-10-31 01:31:00 +0530,461186,59.1,54.3,54.51,30.06
2021-10-31 01:31:30 +0530,461187,59.2,53.9,54.24,30.13
2021-10-31 01:32:00 +0530,461188,60.0,54.9,54.21,30.18
2021-10-31 01:32:30 +0530,461189,60.0,54.9,54.21,30.18
2021-10-31 01:33:30 +0530,461190,59.5,54.2,54.6,30.0
2021-10-31 01:34:00 +0530,461191,61.8,55.9,54.45,30.08
2021-10-31 01:34:30 +0530,461192,61.5,55.6,54.42,30.09
2021-10-31 01:35:00 +0530,461193,61.5,55.6,54.42,30.09
2021-10-31 01:36:00 +0530,461194,84.9,52.1,55.22,29.85
2021-10-31 01:37:00 +0530,461195,35.0,31.8,55.3,29.73
2021-10-31 01:37:30 +0530,461196,27.9,18.9,55.33,29.67
2021-10-31 01:38:00 +0530,461197,61.4,55.8,55.22,29.79
2021-10-31 01:39:00 +0530,461198,59.1,53.6,54.95,29.9
2021-10-31 01:39:30 +0530,461199,61.1,55.8,54.86,29.95
2021-10-31 01:40:00 +0530,461200,61.1,55.8,54.86,29.95
2021-10-31 01:42:00 +0530,461201,59.5,54.1,55.36,29.75
2021-10-31 01:42:30 +0530,461202,58.3,53.0,55.33,29.79
2021-10-31 01:43:00 +0530,461203,58.3,53.0,55.33,29.79
2021-10-31 01:46:00 +0530,461204,65.3,59.1,56.22,29.43
2021-10-31 01:46:30 +0530,461205,62.5,56.5,55.81,29.62
2021-10-31 01:47:00 +0530,461206,63.2,57.2,55.78,29.65
2021-10-31 01:47:30 +0530,461207,45.2,36.2,55.74,29.63
2021-10-31 01:48:00 +0530,461208,62.5,56.4,55.51,29.78
2021-10-31 01:48:30 +0530,461209,64.8,57.9,55.27,29.9
2021-10-31 01:49:00 +0530,461210,67.3,57.7,55.0,30.0
2021-10-31 01:49:31 +0530,461211,67.3,57.7,55.0,30.0
2021-10-31 01:50:00 +0530,461212,67.3,57.7,55.0,30.0
2021-10-31 01:50:30 +0530,461213,67.3,57.7,55.0,30.0
2021-10-31 01:51:30 +0530,461214,59.2,53.2,55.68,29.76
2021-10-31 01:52:00 +0530,461215,59.2,53.2,55.68,29.76
2021-10-31 01:52:30 +0530,461216,59.2,53.2,55.68,29.76
2021-10-31 01:54:00 +0530,461217,59.9,53.6,55.71,29.74
2021-10-31 01:54:30 +0530,461218,59.9,53.6,55.71,29.74
2021-10-31 01:55:00 +0530,461219,59.9,53.6,55.71,29.74
2021-10-31 01:55:30 +0530,461220,59.9,53.6,55.71,29.74
2021-10-31 01:56:00 +0530,461221,39.4,35.7,55.78,29.66
2021-10-31 01:56:30 +0530,461222,60.3,54.7,55.45,29.81
2021-10-31 01:57:30 +0530,461223,62.8,57.2,55.33,29.89
2021-10-31 01:58:00 +0530,461224,43.7,35.8,55.1,29.95
2021-10-31 01:58:30 +0530,461225,55.8,49.9,55.04,30.04
2021-10-31 01:59:00 +0530,461226,63.1,57.1,54.92,30.07
2021-10-31 01:59:30 +0530,461227,60.5,54.7,54.92,30.1
2021-10-31 02:00:00 +0530,461228,58.8,52.5,55.07,30.06
2021-10-31 02:00:30 +0530,461229,58.8,52.5,55.07,30.06
2021-10-31 02:01:00 +0530,461230,63.6,58.3,55.21,30.05
2021-10-31 02:01:30 +0530,461231,57.0,51.3,54.98,30.11
2021-10-31 02:02:00 +0530,461232,57.0,51.3,54.98,30.12
2021-10-31 02:04:00 +0530,461233,66.1,59.9,55.6,29.85
2021-10-31 02:04:30 +0530,461234,66.1,59.9,55.6,29.85
2021-10-31 02:05:00 +0530,461235,66.1,59.9,55.6,29.85
2021-10-31 02:05:30 +0530,461236,66.1,59.9,55.6,29.85
2021-10-31 02:06:00 +0530,461237,35.6,31.8,55.81,29.78
2021-10-31 02:06:30 +0530,461238,49.1,44.1,55.65,29.88
2021-10-31 02:07:00 +0530,461239,59.4,54.1,55.33,30.0
2021-10-31 02:07:30 +0530,461240,58.2,52.9,55.3,30.04
2021-10-31 02:08:00 +0530,461241,58.2,52.9,55.3,30.04
2021-10-31 02:08:30 +0530,461242,58.2,52.9,55.3,30.04
2021-10-31 02:09:00 +0530,461243,58.2,52.9,55.3,30.04
2021-10-31 02:09:30 +0530,461244,58.2,52.9,55.3,30.04
2021-10-31 02:10:00 +0530,461245,63.3,58.2,56.42,29.67
2021-10-31 02:10:30 +0530,461246,63.3,58.2,56.42,29.67
2021-10-31 02:11:00 +0530,461247,63.3,58.2,56.42,29.67
2021-10-31 02:12:00 +0530,461248,38.3,34.4,56.42,29.6
2021-10-31 02:12:30 +0530,461249,38.3,34.4,56.42,29.6
2021-10-31 02:14:30 +0530,461250,61.9,56.1,56.03,29.8
2021-10-31 02:15:00 +0530,461251,59.4,53.8,56.03,29.8
2021-10-31 02:15:30 +0530,461252,59.4,53.8,56.03,29.8
2021-10-31 02:16:00 +0530,461253,19.6,18.1,56.24,29.71
2021-10-31 02:16:30 +0530,461254,58.2,38.1,56.24,29.71
2021-10-31 02:17:30 +0530,461255,41.3,34.9,56.27,29.73
2021-10-31 02:18:00 +0530,461256,64.0,57.3,55.83,29.95
2021-10-31 02:18:30 +0530,461257,64.0,57.3,55.78,29.96
2021-10-31 02:19:00 +0530,461258,64.0,57.3,55.78,29.96
2021-10-31 02:19:30 +0530,461259,64.0,57.3,55.78,29.96
2021-10-31 02:20:30 +0530,461260,117.7,69.1,55.83,30.03
2021-10-31 02:21:30 +0530,461261,59.1,52.9,55.57,30.15
2021-10-31 02:22:00 +0530,461262,65.7,59.7,55.3,30.21
2021-10-31 02:24:30 +0530,461263,56.0,50.8,55.0,30.3
2021-10-31 02:25:00 +0530,461264,58.5,53.1,54.94,30.37
2021-10-31 02:25:30 +0530,461265,63.0,57.7,54.71,30.45
2021-10-31 02:26:00 +0530,461266,63.0,57.7,54.71,30.45
2021-10-31 02:27:00 +0530,461267,56.5,51.3,55.04,30.33
2021-10-31 02:27:30 +0530,461268,58.4,53.2,54.89,30.4
2021-10-31 02:28:30 +0530,461269,57.2,52.3,54.53,30.52
2021-10-31 02:29:00 +0530,461270,60.0,54.8,54.5,30.57
2021-10-31 02:30:00 +0530,461271,58.3,53.3,54.09,30.7
2021-10-31 02:30:30 +0530,461272,59.2,54.1,53.82,30.75
2021-10-31 02:31:00 +0530,461273,59.4,54.1,53.82,30.78
2021-10-31 02:32:00 +0530,461274,59.2,54.1,54.26,30.62
2021-10-31 02:32:30 +0530,461275,58.4,53.4,54.23,30.67
2021-10-31 02:33:00 +0530,461276,61.1,55.7,54.03,30.72
2021-10-31 02:33:30 +0530,461277,59.5,54.1,54.01,30.72
2021-10-31 02:34:30 +0530,461278,58.2,53.2,54.06,30.71
2021-10-31 02:35:00 +0530,461279,61.9,56.3,53.74,30.8
2021-10-31 02:35:30 +0530,461280,61.3,55.4,53.59,30.85
2021-10-31 02:36:00 +0530,461281,61.2,55.4,53.59,30.85
2021-10-31 02:36:30 +0530,461282,59.1,54.1,53.71,30.82
2021-10-31 02:37:00 +0530,461283,55.2,50.6,53.97,30.77
2021-10-31 02:38:00 +0530,461284,57.6,51.8,53.85,30.78
2021-10-31 02:38:30 +0530,461285,64.6,58.7,53.82,30.83
2021-10-31 02:39:00 +0530,461286,64.6,58.7,53.82,30.83
2021-10-31 02:39:30 +0530,461287,34.5,31.4,54.21,30.57
2021-10-31 02:40:00 +0530,461288,59.1,53.3,54.09,30.67
2021-10-31 02:40:30 +0530,461289,59.0,53.1,54.09,30.67
2021-10-31 02:41:00 +0530,461290,18.0,16.6,54.09,30.67
2021-10-31 02:41:30 +0530,461291,57.4,52.0,54.06,30.75
2021-10-31 02:42:00 +0530,461292,57.4,52.0,54.06,30.75
2021-10-31 02:42:30 +0530,461293,35.4,32.1,54.15,30.64
2021-10-31 02:43:00 +0530,461294,45.7,41.4,54.18,30.69
2021-10-31 02:43:30 +0530,461295,61.6,56.4,54.18,30.72
2021-10-31 02:47:00 +0530,461296,64.8,59.1,55.56,30.19
2021-10-31 02:48:00 +0530,461297,59.9,54.8,54.8,30.42
2021-10-31 02:48:30 +0530,461298,59.5,54.3,54.5,30.56
2021-10-31 02:49:00 +0530,461299,58.9,53.4,54.26,30.63
2021-10-31 02:49:30 +0530,461300,60.1,54.8,54.23,30.65
2021-10-31 02:50:00 +0530,461301,60.1,54.8,54.23,30.65
2021-10-31 02:50:30 +0530,461302,60.5,55.9,54.36,30.61
2021-10-31 02:51:00 +0530,461303,60.5,55.9,54.36,30.61
2021-10-31 02:51:30 +0530,461304,65.3,59.6,54.77,30.52
2021-10-31 02:52:00 +0530,461305,23.5,21.8,54.33,30.57
2021-10-31 02:52:30 +0530,461306,36.3,33.0,54.33,30.57
2021-10-31 02:53:00 +0530,461307,65.0,58.5,54.12,30.68
2021-10-31 02:53:30 +0530,461308,62.8,56.3,54.03,30.76
2021-10-31 02:54:30 +0530,461309,58.7,52.6,54.06,30.72
2021-10-31 02:55:30 +0530,461310,60.8,55.3,53.88,30.78
2021-10-31 02:56:00 +0530,461311,60.4,54.7,53.82,30.81
2021-10-31 02:56:30 +0530,461312,61.0,55.4,53.74,30.83
2021-10-31 02:57:30 +0530,461313,38.1,34.5,53.77,30.81
2021-10-31 02:59:00 +0530,461314,24.9,21.0,54.01,30.74
2021-10-31 02:59:30 +0530,461315,24.9,21.0,54.01,30.74
2021-10-31 03:00:30 +0530,461316,57.2,51.9,54.53,30.54
2021-10-31 03:01:00 +0530,461317,59.1,53.8,54.26,30.64
2021-10-31 03:02:30 +0530,461318,58.8,53.4,54.09,30.75
2021-10-31 03:03:00 +0530,461319,58.8,53.4,54.09,30.75
2021-10-31 03:03:30 +0530,461320,58.8,53.4,54.09,30.75
2021-10-31 03:05:30 +0530,461321,37.2,33.3,54.59,30.54
2021-10-31 03:06:00 +0530,461322,37.2,33.3,54.59,30.54
2021-10-31 03:07:00 +0530,461323,54.2,49.5,55.15,30.37
2021-10-31 03:07:30 +0530,461324,67.1,61.2,55.0,30.38
2021-10-31 03:08:30 +0530,461325,46.7,36.9,55.07,30.36
2021-10-31 03:09:00 +0530,461326,46.0,41.4,54.97,30.42
2021-10-31 03:09:30 +0530,461327,48.7,43.3,55.04,30.45
2021-10-31 03:10:30 +0530,461328,48.9,43.8,55.21,30.34
2021-10-31 03:11:00 +0530,461329,48.9,43.8,55.21,30.34
2021-10-31 03:11:30 +0530,461330,48.9,43.8,55.21,30.34
2021-10-31 03:12:00 +0530,461331,63.9,58.2,55.59,30.25
2021-10-31 03:12:30 +0530,461332,60.0,54.6,55.36,30.37
2021-10-31 03:13:00 +0530,461333,60.9,55.4,55.33,30.41
2021-10-31 03:13:30 +0530,461334,60.9,55.4,55.33,30.41
2021-10-31 03:14:00 +0530,461335,66.8,61.2,55.42,30.34
2021-10-31 03:14:30 +0530,461336,66.8,61.2,55.42,30.34
2021-10-31 03:15:00 +0530,461337,66.8,61.2,55.42,30.34
2021-10-31 03:15:30 +0530,461338,66.8,61.2,55.42,30.34
2021-10-31 03:16:00 +0530,461339,66.8,61.2,55.42,30.34
2021-10-31 03:16:30 +0530,461340,58.9,54.6,56.39,29.87
2021-10-31 03:17:30 +0530,461341,39.6,36.1,56.03,30.03
2021-10-31 03:18:00 +0530,461342,39.6,36.1,56.03,30.03
2021-10-31 03:19:00 +0530,461343,47.9,43.8,56.48,29.96
2021-10-31 03:20:00 +0530,461344,60.8,55.8,56.3,30.01
2021-10-31 03:20:30 +0530,461345,60.8,55.8,56.3,30.01
2021-10-31 03:21:00 +0530,461346,60.8,55.8,56.3,30.01
2021-10-31 03:23:30 +0530,461347,63.0,57.1,56.48,29.93
2021-10-31 03:24:00 +0530,461348,63.0,57.2,56.45,29.97
2021-10-31 03:24:30 +0530,461349,59.0,53.6,56.36,30.01
2021-10-31 03:25:00 +0530,461350,57.1,51.8,56.24,30.02
2021-10-31 03:25:30 +0530,461351,57.1,51.8,56.24,30.02
2021-10-31 03:26:00 +0530,461352,57.1,51.8,56.24,30.02
2021-10-31 03:26:30 +0530,461353,65.5,59.3,56.68,29.86
2021-10-31 03:27:00 +0530,461354,59.8,53.8,56.59,29.88
2021-10-31 03:27:30 +0530,461355,62.1,57.0,56.54,29.96
2021-10-31 03:28:00 +0530,461356,62.1,57.0,56.54,29.96
2021-10-31 03:29:00 +0530,461357,65.3,59.5,56.59,29.93
2021-10-31 03:30:00 +0530,461358,62.5,56.7,56.0,30.13
2021-10-31 03:30:30 +0530,461359,65.8,59.9,55.8,30.22
2021-10-31 03:31:01 +0530,461360,65.8,59.9,55.8,30.22
2021-10-31 03:31:30 +0530,461361,65.8,59.9,55.8,30.22
2021-10-31 03:32:00 +0530,461362,65.8,59.9,55.8,30.22
2021-10-31 03:35:00 +0530,461363,51.5,45.8,57.39,29.61
2021-10-31 03:35:30 +0530,461364,51.5,45.8,57.39,29.61
2021-10-31 03:36:00 +0530,461365,51.5,45.8,57.39,29.61
2021-10-31 03:37:00 +0530,461366,60.1,54.9,57.53,29.63
2021-10-31 03:37:30 +0530,461367,41.5,37.8,57.27,29.65
2021-10-31 03:38:00 +0530,461368,57.2,52.5,57.19,29.76
2021-10-31 03:39:30 +0530,461369,39.3,35.8,56.97,29.9
2021-10-31 03:40:00 +0530,461370,39.3,35.8,56.97,29.9
2021-10-31 03:41:30 +0530,461371,62.1,56.8,56.92,30.0
2021-10-31 03:42:00 +0530,461372,64.2,58.6,56.83,30.08
2021-10-31 03:43:00 +0530,461373,40.9,37.1,56.86,30.02
2021-10-31 03:43:30 +0530,461374,40.9,37.1,56.86,30.02
2021-10-31 03:44:00 +0530,461375,40.9,37.1,56.86,30.02
2021-10-31 03:44:30 +0530,461376,43.4,37.6,57.33,29.83
2021-10-31 03:45:00 +0530,461377,63.5,57.9,57.3,29.92
2021-10-31 03:45:30 +0530,461378,47.4,42.7,57.06,29.94
2021-10-31 03:46:30 +0530,461379,45.6,41.5,57.06,30.04
2021-10-31 03:47:30 +0530,461380,64.5,59.0,57.16,29.97
2021-10-31 03:48:00 +0530,461381,64.5,58.9,57.18,29.98
2021-10-31 03:48:30 +0530,461382,64.5,58.9,57.18,29.98
2021-10-31 03:49:00 +0530,461383,64.5,58.9,57.18,29.98
2021-10-31 03:50:00 +0530,461384,64.7,59.1,57.83,29.73
2021-10-31 03:50:30 +0530,461385,69.1,62.9,57.62,29.85
2021-10-31 03:51:00 +0530,461386,42.6,38.7,57.42,29.89
2021-10-31 03:51:30 +0530,461387,52.5,47.4,57.51,29.94
2021-10-31 03:52:00 +0530,461388,52.5,47.4,57.51,29.94
2021-10-31 03:52:30 +0530,461389,59.5,54.4,57.95,29.72
2021-10-31 03:53:00 +0530,461390,59.5,54.2,57.95,29.74
2021-10-31 03:53:30 +0530,461391,68.7,61.2,57.86,29.7
2021-10-31 03:54:00 +0530,461392,46.3,41.3,58.03,29.63
2021-10-31 03:54:30 +0530,461393,57.3,51.6,58.18,29.68
2021-10-31 03:56:00 +0530,461394,65.6,59.8,57.68,29.81
2021-10-31 03:56:30 +0530,461395,66.4,60.8,57.48,29.92
2021-10-31 03:57:00 +0530,461396,66.2,60.5,57.42,29.91
2021-10-31 03:57:30 +0530,461397,71.0,65.2,57.48,29.93
2021-10-31 03:58:00 +0530,461398,64.5,59.3,57.24,29.95
2021-10-31 03:59:30 +0530,461399,60.8,55.7,56.89,30.02
2021-10-31 04:00:00 +0530,461400,60.8,55.7,56.89,30.02
2021-10-31 04:00:30 +0530,461401,60.8,55.7,56.89,30.02
2021-10-31 04:01:00 +0530,461402,60.8,55.7,56.89,30.02
2021-10-31 04:01:30 +0530,461403,60.8,55.7,56.89,30.02
2021-10-31 04:02:00 +0530,461404,60.8,55.7,56.89,30.02
2021-10-31 04:02:30 +0530,461405,60.8,55.7,56.89,30.02
2021-10-31 04:03:00 +0530,461406,56.8,51.8,58.15,29.5
2021-10-31 04:03:30 +0530,461407,61.6,56.0,57.35,29.63
2021-10-31 04:04:30 +0530,461408,42.6,38.7,56.3,29.81
2021-10-31 04:05:00 +0530,461409,51.8,47.2,56.18,29.89
2021-10-31 04:06:30 +0530,461410,60.5,55.1,55.98,29.9
2021-10-31 04:07:00 +0530,461411,60.5,55.1,55.98,29.9
2021-10-31 04:08:00 +0530,461412,58.3,53.0,55.81,29.86
2021-10-31 04:08:30 +0530,461413,61.6,55.7,55.51,29.95
2021-10-31 04:09:00 +0530,461414,61.1,55.2,55.51,29.95
2021-10-31 04:09:30 +0530,461415,61.1,55.2,55.51,29.95
2021-10-31 04:10:00 +0530,461416,63.3,58.2,55.89,29.8
2021-10-31 04:11:00 +0530,461417,55.4,50.6,55.95,29.74
2021-10-31 04:11:30 +0530,461418,55.4,50.6,55.95,29.74
2021-10-31 04:12:00 +0530,461419,55.4,50.6,55.95,29.74
2021-10-31 04:12:30 +0530,461420,55.4,50.6,55.95,29.74
2021-10-31 04:13:30 +0530,461421,38.0,34.3,56.19,29.45
2021-10-31 04:14:30 +0530,461422,16.9,15.6,55.95,29.52
2021-10-31 04:15:00 +0530,461423,16.9,15.6,55.95,29.52
2021-10-31 04:15:30 +0530,461424,35.8,32.3,56.42,29.35
2021-10-31 04:16:00 +0530,461425,38.0,34.4,56.42,29.35
2021-10-31 04:16:30 +0530,461426,38.0,34.4,56.42,29.35
2021-10-31 04:17:30 +0530,461427,67.4,61.2,56.13,29.43
2021-10-31 04:18:00 +0530,461428,67.4,61.2,56.13,29.43
2021-10-31 04:18:30 +0530,461429,67.4,61.2,56.13,29.43
2021-10-31 04:19:00 +0530,461430,57.1,39.8,55.55,29.46
2021-10-31 04:19:30 +0530,461431,67.6,61.9,55.13,29.62
2021-10-31 04:20:00 +0530,461432,67.9,62.4,55.01,29.67
2021-10-31 04:20:30 +0530,461433,68.8,62.9,54.66,29.78
2021-10-31 04:21:00 +0530,461434,77.7,70.8,54.46,29.86
2021-10-31 04:21:30 +0530,461435,78.7,71.8,54.24,29.9
2021-10-31 04:22:00 +0530,461436,67.9,61.1,54.3,29.91
2021-10-31 04:23:00 +0530,461437,28.0,24.8,54.42,29.83
2021-10-31 04:24:00 +0530,461438,45.3,40.7,54.42,29.87
2021-10-31 04:25:00 +0530,461439,48.9,44.2,54.75,29.77
2021-10-31 04:25:30 +0530,461440,75.4,68.7,54.54,29.81
2021-10-31 04:27:00 +0530,461441,74.0,67.7,54.19,29.95
2021-10-31 04:27:30 +0530,461442,75.9,69.6,54.19,30.0
2021-10-31 04:28:30 +0530,461443,79.8,72.5,54.46,29.94
2021-10-31 04:29:00 +0530,461444,79.8,72.5,54.46,29.94
2021-10-31 04:29:30 +0530,461445,94.9,86.3,54.54,29.93
2021-10-31 04:30:00 +0530,461446,94.9,86.3,54.54,29.93
2021-10-31 04:31:00 +0530,461447,78.4,70.2,55.01,29.71
2021-10-31 04:31:30 +0530,461448,88.4,80.3,54.68,29.78
2021-10-31 04:32:00 +0530,461449,88.7,80.6,54.57,29.86
2021-10-31 04:33:00 +0530,461450,49.7,44.7,54.1,29.93
2021-10-31 04:34:00 +0530,461451,72.9,66.4,53.86,30.03
2021-10-31 04:34:30 +0530,461452,70.2,63.8,53.86,30.03
2021-10-31 04:35:00 +0530,461453,77.0,70.2,54.07,30.01
2021-10-31 04:35:30 +0530,461454,73.7,66.2,53.75,30.02
2021-10-31 04:36:00 +0530,461455,76.2,42.3,53.68,30.02
2021-10-31 04:36:30 +0530,461456,89.6,60.9,53.81,30.04
2021-10-31 04:37:00 +0530,461457,78.2,62.4,53.92,29.98
2021-10-31 04:37:30 +0530,461458,69.8,63.2,53.65,30.03
2021-10-31 04:38:00 +0530,461459,68.7,62.7,53.62,30.07
2021-10-31 04:39:00 +0530,461460,66.2,59.9,53.89,29.94
2021-10-31 04:39:30 +0530,461461,63.5,57.4,53.89,29.94
2021-10-31 04:40:00 +0530,461462,63.5,57.4,53.89,29.94
2021-10-31 04:40:30 +0530,461463,21.3,19.6,54.39,29.75
2021-10-31 04:41:00 +0530,461464,39.5,36.2,54.39,29.75
2021-10-31 04:41:30 +0530,461465,64.1,58.8,54.13,29.87
2021-10-31 04:42:00 +0530,461466,64.2,58.8,54.1,29.9
2021-10-31 04:42:30 +0530,461467,64.2,58.8,54.1,29.9
2021-10-31 04:43:00 +0530,461468,62.5,57.6,54.6,29.75
2021-10-31 04:43:30 +0530,461469,65.9,51.7,54.27,29.8
2021-10-31 04:44:00 +0530,461470,57.0,49.3,54.33,29.82
2021-10-31 04:44:30 +0530,461471,57.0,49.3,54.33,29.82
2021-10-31 04:45:00 +0530,461472,57.0,49.3,54.33,29.82
2021-10-31 04:46:30 +0530,461473,37.8,34.3,54.51,29.68
2021-10-31 04:47:30 +0530,461474,51.5,46.6,54.57,29.76
2021-10-31 04:48:30 +0530,461475,54.0,48.8,54.46,29.82
2021-10-31 04:49:30 +0530,461476,56.2,51.5,54.46,29.79
2021-10-31 04:50:00 +0530,461477,59.1,54.2,54.39,29.81
2021-10-31 04:50:30 +0530,461478,44.3,31.9,54.51,29.73
2021-10-31 04:51:00 +0530,461479,58.2,53.1,54.36,29.83
2021-10-31 04:51:30 +0530,461480,57.9,52.9,54.19,29.9
2021-10-31 04:52:00 +0530,461481,60.3,55.5,54.22,29.9
2021-10-31 04:53:00 +0530,461482,32.6,29.6,54.46,29.78
2021-10-31 04:53:30 +0530,461483,43.6,39.7,54.48,29.81
2021-10-31 04:54:30 +0530,461484,36.1,31.9,54.46,29.78
2021-10-31 04:55:30 +0530,461485,53.0,48.3,54.54,29.77
2021-10-31 04:56:00 +0530,461486,53.0,48.3,54.54,29.77
2021-10-31 04:56:30 +0530,461487,53.0,48.3,54.54,29.77
2021-10-31 04:57:00 +0530,461488,53.0,48.3,54.54,29.77
2021-10-31 04:57:30 +0530,461489,62.2,57.0,55.28,29.51
2021-10-31 04:58:00 +0530,461490,58.7,53.6,55.04,29.6
2021-10-31 04:58:30 +0530,461491,58.7,53.6,55.04,29.6
2021-10-31 04:59:00 +0530,461492,58.7,53.6,55.04,29.6
2021-10-31 04:59:30 +0530,461493,58.0,53.4,55.39,29.47
2021-10-31 05:00:30 +0530,461494,57.2,51.9,54.81,29.65
2021-10-31 05:01:00 +0530,461495,57.2,51.9,54.78,29.66
2021-10-31 05:02:00 +0530,461496,41.7,35.7,55.19,29.52
2021-10-31 05:03:30 +0530,461497,56.7,51.7,54.46,29.76
2021-10-31 05:04:00 +0530,461498,56.4,51.4,54.46,29.78
2021-10-31 05:05:00 +0530,461499,35.8,32.3,54.84,29.62
2021-10-31 05:06:00 +0530,461500,33.7,30.1,55.07,29.5
2021-10-31 05:06:30 +0530,461501,65.7,60.6,54.81,29.58
2021-10-31 05:07:00 +0530,461502,65.7,60.6,54.81,29.58
2021-10-31 05:07:30 +0530,461503,65.7,60.6,54.81,29.58
2021-10-31 05:08:30 +0530,461504,56.4,51.1,55.07,29.41
2021-10-31 05:09:00 +0530,461505,57.8,52.8,54.81,29.53
2021-10-31 05:09:30 +0530,461506,61.4,56.5,54.63,29.54
2021-10-31 05:10:00 +0530,461507,66.3,61.1,54.51,29.61
2021-10-31 05:11:30 +0530,461508,62.7,54.4,54.6,29.53
2021-10-31 05:12:00 +0530,461509,61.7,55.0,54.6,29.57
2021-10-31 05:12:30 +0530,461510,61.7,55.0,54.6,29.57
2021-10-31 05:13:00 +0530,461511,61.9,56.3,54.78,29.46
2021-10-31 05:13:30 +0530,461512,58.0,52.9,54.54,29.56
2021-10-31 05:14:00 +0530,461513,57.9,52.7,54.51,29.58
2021-10-31 05:15:00 +0530,461514,54.5,49.5,54.6,29.51
2021-10-31 05:15:30 +0530,461515,54.5,49.5,54.6,29.51
2021-10-31 05:16:01 +0530,461516,54.5,49.5,54.6,29.51
2021-10-31 05:16:32 +0530,461517,54.5,49.5,54.6,29.51
2021-10-31 05:17:01 +0530,461518,54.5,49.5,54.6,29.51
2021-10-31 05:17:31 +0530,461519,36.0,32.8,55.84,29.08
2021-10-31 05:18:01 +0530,461520,54.6,49.7,55.45,29.21
2021-10-31 05:18:31 +0530,461521,61.9,56.2,55.28,29.33
2021-10-31 05:19:01 +0530,461522,61.9,56.2,55.28,29.33
2021-10-31 05:19:31 +0530,461523,33.3,30.1,55.52,29.18
2021-10-31 05:20:31 +0530,461524,40.4,34.3,55.16,29.28
2021-10-31 05:21:01 +0530,461525,40.4,34.3,55.16,29.28
2021-10-31 05:23:31 +0530,461526,57.4,52.4,55.87,29.04
2021-10-31 05:24:01 +0530,461527,58.2,53.3,55.49,29.19
2021-10-31 05:24:31 +0530,461528,57.3,52.1,55.19,29.31
2021-10-31 05:25:01 +0530,461529,56.6,51.8,55.07,29.36
2021-10-31 05:25:31 +0530,461530,56.6,51.8,55.07,29.36
2021-10-31 05:26:01 +0530,461531,56.6,51.8,55.07,29.36
2021-10-31 05:26:31 +0530,461532,56.6,51.8,55.07,29.36
2021-10-31 05:27:01 +0530,461533,56.6,51.8,55.07,29.36
2021-10-31 05:27:31 +0530,461534,56.6,51.8,55.07,29.36
2021-10-31 05:28:01 +0530,461535,59.9,54.8,56.13,29.0
2021-10-31 05:28:31 +0530,461536,55.4,50.6,56.07,29.02
2021-10-31 05:29:01 +0530,461537,55.4,50.6,56.07,29.02
2021-10-31 05:29:31 +0530,461538,55.4,50.6,56.07,29.02
2021-10-31 05:31:01 +0530,461539,48.7,43.9,55.98,29.08
2021-10-31 05:32:01 +0530,461540,21.7,19.6,55.96,29.07
2021-10-31 05:32:31 +0530,461541,21.7,19.6,55.96,29.07
2021-10-31 05:33:01 +0530,461542,21.7,19.6,55.96,29.07
2021-10-31 05:33:31 +0530,461543,21.7,19.6,55.96,29.07
2021-10-31 05:34:01 +0530,461544,21.7,19.6,55.96,29.07
2021-10-31 05:34:31 +0530,461545,61.1,56.0,56.39,28.85
2021-10-31 05:35:01 +0530,461546,58.4,53.4,56.13,28.97
2021-10-31 05:35:31 +0530,461547,58.4,53.4,56.13,28.97
2021-10-31 05:36:01 +0530,461548,58.4,53.4,56.13,28.97
2021-10-31 05:36:31 +0530,461549,58.4,53.4,56.13,28.97
2021-10-31 05:37:31 +0530,461550,35.2,32.0,56.77,28.69
2021-10-31 05:38:01 +0530,461551,55.0,50.3,56.48,28.84
2021-10-31 05:38:31 +0530,461552,54.7,49.9,56.36,28.88
2021-10-31 05:39:01 +0530,461553,54.7,49.9,56.36,28.88
2021-10-31 05:39:31 +0530,461554,63.4,57.7,56.39,28.8
2021-10-31 05:40:01 +0530,461555,63.4,57.7,56.39,28.8
2021-10-31 05:40:31 +0530,461556,63.4,57.7,56.39,28.8
2021-10-31 05:41:01 +0530,461557,63.4,57.7,56.39,28.8
2021-10-31 05:41:31 +0530,461558,63.8,58.3,56.69,28.76
2021-10-31 05:42:01 +0530,461559,60.5,55.3,56.48,28.89
2021-10-31 05:42:31 +0530,461560,38.1,34.6,56.42,28.88
2021-10-31 05:43:01 +0530,461561,49.3,36.8,56.42,28.88
2021-10-31 05:43:31 +0530,461562,65.7,61.1,56.25,28.93
2021-10-31 05:44:01 +0530,461563,65.7,61.1,56.25,28.93
2021-10-31 05:44:31 +0530,461564,56.6,51.9,56.52,28.88
2021-10-31 05:45:01 +0530,461565,50.8,46.5,56.31,28.91
2021-10-31 05:45:31 +0530,461566,63.0,57.9,56.04,29.04
2021-10-31 05:46:01 +0530,461567,62.3,56.9,55.69,29.16
2021-10-31 05:47:01 +0530,461568,58.5,53.6,55.31,29.29
2021-10-31 05:47:31 +0530,461569,61.5,56.0,55.16,29.35
2021-10-31 05:48:31 +0530,461570,62.8,56.7,55.19,29.36
2021-10-31 05:49:31 +0530,461571,62.8,56.5,54.92,29.47
2021-10-31 05:50:01 +0530,461572,62.7,56.8,54.75,29.52
2021-10-31 05:50:31 +0530,461573,63.7,57.3,54.66,29.54
2021-10-31 05:51:01 +0530,461574,63.2,56.9,54.66,29.54
2021-10-31 05:51:31 +0530,461575,63.2,56.9,54.66,29.54
2021-10-31 05:52:01 +0530,461576,63.2,56.9,54.66,29.54
2021-10-31 05:53:01 +0530,461577,59.7,37.0,56.04,28.95
2021-10-31 05:53:31 +0530,461578,73.9,67.4,56.22,29.03
2021-10-31 05:54:01 +0530,461579,145.4,75.6,55.84,29.16
2021-10-31 05:55:01 +0530,461580,103.4,68.4,55.72,29.3
2021-10-31 05:55:31 +0530,461581,92.6,66.9,55.52,29.31
2021-10-31 05:56:31 +0530,461582,75.1,45.8,55.78,29.2
2021-10-31 05:57:01 +0530,461583,75.1,45.8,55.78,29.2
2021-10-31 05:58:01 +0530,461584,72.6,64.9,55.84,29.21
2021-10-31 05:58:31 +0530,461585,68.6,61.1,55.81,29.24
2021-10-31 05:59:01 +0530,461586,68.6,61.1,55.81,29.24
2021-10-31 05:59:31 +0530,461587,68.6,61.1,55.81,29.24
2021-10-31 06:01:01 +0530,461588,68.7,62.4,55.9,29.24
2021-10-31 06:01:31 +0530,461589,73.4,65.4,55.57,29.37
2021-10-31 06:02:31 +0530,461590,57.6,42.2,55.25,29.46
2021-10-31 06:03:31 +0530,461591,76.1,61.1,54.92,29.58
2021-10-31 06:04:31 +0530,461592,78.9,48.8,55.07,29.51
2021-10-31 06:05:01 +0530,461593,78.9,48.8,55.07,29.51
2021-10-31 06:06:01 +0530,461594,54.9,39.2,55.72,29.28
2021-10-31 06:06:31 +0530,461595,54.9,39.2,55.72,29.28
2021-10-31 06:07:01 +0530,461596,76.8,61.9,55.87,29.28
2021-10-31 06:07:31 +0530,461597,76.8,61.9,55.87,29.28
2021-10-31 06:08:01 +0530,461598,76.8,61.9,55.87,29.28
2021-10-31 06:11:01 +0530,461599,65.4,56.9,56.57,28.99
2021-10-31 06:11:31 +0530,461600,64.3,57.8,56.1,29.15
2021-10-31 06:12:01 +0530,461601,62.4,56.3,55.75,29.28
2021-10-31 06:12:31 +0530,461602,64.1,57.9,55.49,29.38
2021-10-31 06:13:01 +0530,461603,63.2,56.7,55.28,29.46
2021-10-31 06:13:31 +0530,461604,63.2,56.8,55.28,29.46
2021-10-31 06:14:01 +0530,461605,70.1,62.6,55.52,29.43
2021-10-31 06:14:31 +0530,461606,70.1,62.6,55.52,29.43
2021-10-31 06:15:01 +0530,461607,70.1,62.6,55.52,29.43
2021-10-31 06:15:31 +0530,461608,70.1,62.6,55.52,29.43
2021-10-31 06:16:31 +0530,461609,60.4,54.5,56.07,29.23
2021-10-31 06:17:01 +0530,461610,60.4,54.5,56.07,29.23
2021-10-31 06:17:31 +0530,461611,60.4,54.5,56.07,29.23
2021-10-31 06:18:31 +0530,461612,57.4,37.3,56.39,29.0
2021-10-31 06:19:01 +0530,461613,57.4,37.3,56.39,29.0
2021-10-31 06:19:31 +0530,461614,60.2,54.2,56.39,29.03
2021-10-31 06:20:01 +0530,461615,55.0,49.3,55.98,29.17
2021-10-31 06:20:31 +0530,461616,56.4,50.2,55.93,29.21
2021-10-31 06:21:01 +0530,461617,56.4,50.2,55.93,29.21
2021-10-31 06:22:31 +0530,461618,63.1,56.2,55.75,29.26
2021-10-31 06:23:01 +0530,461619,63.0,55.2,55.75,29.26
2021-10-31 06:23:31 +0530,461620,63.0,55.2,55.75,29.26
2021-10-31 06:24:01 +0530,461621,57.2,39.3,56.13,29.06
2021-10-31 06:24:31 +0530,461622,64.4,51.9,56.01,29.17
2021-10-31 06:25:01 +0530,461623,64.8,58.1,55.69,29.27
2021-10-31 06:25:31 +0530,461624,61.7,55.7,55.42,29.37
2021-10-31 06:26:01 +0530,461625,61.6,55.2,55.28,29.45
2021-10-31 06:26:31 +0530,461626,61.6,55.2,55.28,29.45
2021-10-31 06:27:01 +0530,461627,61.6,55.2,55.28,29.45
2021-10-31 06:27:31 +0530,461628,61.6,55.2,55.28,29.45
2021-10-31 06:28:01 +0530,461629,61.6,55.2,55.28,29.45
2021-10-31 06:28:31 +0530,461630,64.7,57.2,56.36,29.09
2021-10-31 06:29:01 +0530,461631,64.5,53.8,56.28,29.12
2021-10-31 06:30:01 +0530,461632,54.9,49.7,56.33,29.14
2021-10-31 06:30:31 +0530,461633,53.0,47.6,56.25,29.16
2021-10-31 06:31:01 +0530,461634,59.0,53.5,55.93,29.24
2021-10-31 06:31:31 +0530,461635,59.0,53.5,55.93,29.24
2021-10-31 06:32:01 +0530,461636,59.0,53.5,55.93,29.24
2021-10-31 06:32:31 +0530,461637,63.9,58.2,56.07,29.19
2021-10-31 06:33:01 +0530,461638,39.4,35.2,55.69,29.27
2021-10-31 06:34:01 +0530,461639,43.5,38.8,55.52,29.39
2021-10-31 06:34:31 +0530,461640,43.5,38.8,55.52,29.39
2021-10-31 06:35:31 +0530,461641,58.7,53.1,55.66,29.3
2021-10-31 06:36:01 +0530,461642,57.2,51.6,55.55,29.33
2021-10-31 06:37:01 +0530,461643,21.5,19.3,55.87,29.21
2021-10-31 06:37:31 +0530,461644,21.5,19.3,55.87,29.21
2021-10-31 06:38:01 +0530,461645,21.5,19.3,55.87,29.21
2021-10-31 06:38:31 +0530,461646,21.5,19.3,55.87,29.21
2021-10-31 06:39:01 +0530,461647,21.5,19.3,55.87,29.21
2021-10-31 06:39:31 +0530,461648,21.5,19.3,55.87,29.21
2021-10-31 06:40:01 +0530,461649,63.9,57.8,57.16,28.79
2021-10-31 06:42:00 +0530,461651,,,,
2021-10-31 06:42:30 +0530,461652,43.5,37.1,57.01,28.82
2021-10-31 06:43:00 +0530,461653,44.4,39.6,56.57,28.98
2021-10-31 06:43:30 +0530,461654,44.3,39.6,56.28,29.09
2021-10-31 06:44:00 +0530,461650,43.3,38.9,56.19,29.17
2021-10-31 06:44:30 +0530,461655,56.5,50.9,55.98,29.21
2021-10-31 06:45:00 +0530,461656,76.5,69.1,56.04,29.2
2021-10-31 06:45:30 +0530,461657,62.9,57.3,55.9,29.24
2021-10-31 06:46:30 +0530,461658,59.0,53.7,55.72,29.32
2021-10-31 06:47:30 +0530,461659,60.1,54.8,55.93,29.26
2021-10-31 06:48:00 +0530,461660,60.1,54.8,55.93,29.26
2021-10-31 06:50:00 +0530,461661,21.7,19.8,56.87,28.78
2021-10-31 06:50:30 +0530,461662,21.7,19.8,56.87,28.78
2021-10-31 06:51:00 +0530,461663,40.9,36.8,57.1,28.72
2021-10-31 06:51:30 +0530,461664,51.8,47.0,57.19,28.78
2021-10-31 06:52:00 +0530,461665,67.2,61.3,56.95,28.88
2021-10-31 06:52:30 +0530,461666,65.2,59.2,56.9,28.89
2021-10-31 06:53:30 +0530,461667,65.8,59.9,56.95,28.9
2021-10-31 06:54:00 +0530,461668,65.8,59.9,56.95,28.9
2021-10-31 06:54:30 +0530,461669,65.8,59.9,56.95,28.9
2021-10-31 06:55:00 +0530,461670,65.8,59.9,56.95,28.9
2021-10-31 06:56:30 +0530,461671,68.1,61.6,57.57,28.72
2021-10-31 06:57:00 +0530,461672,68.9,62.4,57.22,28.87
2021-10-31 06:57:30 +0530,461673,69.0,62.7,56.92,29.0
2021-10-31 06:58:01 +0530,461674,69.0,62.7,56.92,29.0
2021-10-31 06:58:30 +0530,461675,69.0,62.7,56.92,29.0
2021-10-31 06:59:00 +0530,461676,69.0,62.7,56.92,29.0
2021-10-31 06:59:30 +0530,461677,68.2,62.3,57.51,28.83
2021-10-31 07:00:00 +0530,461678,67.0,60.9,57.1,28.94
2021-10-31 07:00:30 +0530,461679,59.5,53.7,57.07,28.99
2021-10-31 07:01:00 +0530,461680,68.8,62.5,56.63,29.08
2021-10-31 07:01:30 +0530,461681,69.1,62.4,56.36,29.19
2021-10-31 07:02:00 +0530,461682,68.9,62.2,56.16,29.28
2021-10-31 07:03:00 +0530,461683,67.8,61.1,55.92,29.37
2021-10-31 07:03:30 +0530,461684,70.6,63.7,55.9,29.42
2021-10-31 07:04:00 +0530,461685,61.4,55.8,56.16,29.33
2021-10-31 07:04:30 +0530,461686,59.5,53.9,55.95,29.35
2021-10-31 07:05:00 +0530,461687,59.5,53.9,55.95,29.35
2021-10-31 07:05:30 +0530,461688,59.5,53.9,55.95,29.35
2021-10-31 07:06:00 +0530,461689,59.5,53.9,55.95,29.35
2021-10-31 07:06:30 +0530,461690,64.4,58.4,57.01,29.01
2021-10-31 07:07:00 +0530,461691,68.0,61.8,56.6,29.12
2021-10-31 07:07:30 +0530,461692,44.7,40.3,56.51,29.08
2021-10-31 07:08:00 +0530,461693,70.1,63.4,56.19,29.21
2021-10-31 07:08:30 +0530,461694,70.1,64.0,55.9,29.32
2021-10-31 07:09:00 +0530,461695,70.3,64.2,55.9,29.32
2021-10-31 07:09:30 +0530,461696,70.3,64.2,55.9,29.32
2021-10-31 07:10:00 +0530,461697,74.0,67.4,56.3,29.21
2021-10-31 07:10:30 +0530,461698,74.0,67.4,56.3,29.21
2021-10-31 07:11:00 +0530,461699,26.3,23.9,56.28,29.12
2021-10-31 07:11:30 +0530,461700,44.0,28.2,56.01,29.18
2021-10-31 07:12:00 +0530,461701,69.1,62.5,55.84,29.28
2021-10-31 07:12:30 +0530,461702,68.9,62.2,55.84,29.31
2021-10-31 07:13:00 +0530,461703,75.0,67.5,55.84,29.33
2021-10-31 07:14:00 +0530,461704,70.1,63.1,55.74,29.37
2021-10-31 07:15:00 +0530,461705,63.2,57.1,55.78,29.43
2021-10-31 07:15:30 +0530,461706,67.1,61.1,55.54,29.5
2021-10-31 07:16:00 +0530,461707,67.1,61.1,55.54,29.5
2021-10-31 07:16:30 +0530,461708,70.6,64.1,55.54,29.52
2021-10-31 07:17:00 +0530,461709,69.2,63.1,55.48,29.56
2021-10-31 07:18:00 +0530,461710,21.9,20.1,55.55,29.49
2021-10-31 07:18:30 +0530,461711,65.1,59.1,55.39,29.58
2021-10-31 07:19:00 +0530,461712,68.6,63.1,55.39,29.63
2021-10-31 07:19:30 +0530,461713,68.6,63.1,55.39,29.63
2021-10-31 07:20:00 +0530,461714,37.9,34.1,55.25,29.6
2021-10-31 07:20:30 +0530,461715,49.2,44.8,55.33,29.65
2021-10-31 07:21:00 +0530,461716,59.3,53.5,55.3,29.63
2021-10-31 07:21:30 +0530,461717,59.3,53.5,55.3,29.63
2021-10-31 07:22:00 +0530,461718,64.5,58.9,55.19,29.63
2021-10-31 07:22:30 +0530,461719,51.9,46.6,54.89,29.74
2021-10-31 07:23:00 +0530,461720,51.4,46.1,54.75,29.78
2021-10-31 07:23:30 +0530,461721,51.4,46.1,54.75,29.78
2021-10-31 07:24:00 +0530,461722,52.8,48.5,55.04,29.66
2021-10-31 07:24:30 +0530,461723,52.8,48.5,55.04,29.66
2021-10-31 07:25:30 +0530,461724,42.1,38.1,55.66,29.49
2021-10-31 07:26:00 +0530,461725,59.1,53.7,55.3,29.63
2021-10-31 07:26:30 +0530,461726,60.5,54.9,55.1,29.72
2021-10-31 07:27:00 +0530,461727,60.5,54.9,55.1,29.72
2021-10-31 07:27:30 +0530,461728,60.5,54.9,55.1,29.72
2021-10-31 07:28:00 +0530,461729,17.4,15.7,55.72,29.44
2021-10-31 07:28:30 +0530,461730,58.7,53.4,55.45,29.57
2021-10-31 07:29:00 +0530,461731,58.9,53.5,55.36,29.62
2021-10-31 07:30:00 +0530,461732,58.4,52.9,55.25,29.67
2021-10-31 07:31:00 +0530,461733,58.4,52.7,54.81,29.8
2021-10-31 07:31:30 +0530,461734,60.0,54.2,54.63,29.87
2021-10-31 07:32:00 +0530,461735,60.0,54.2,54.63,29.87
2021-10-31 07:32:30 +0530,461736,60.0,54.2,54.63,29.87
2021-10-31 07:35:00 +0530,461737,59.1,53.7,55.84,29.37
2021-10-31 07:35:30 +0530,461738,59.7,54.2,55.42,29.52
2021-10-31 07:36:00 +0530,461739,59.8,54.2,55.04,29.61
2021-10-31 07:37:00 +0530,461740,58.3,52.8,54.89,29.72
2021-10-31 07:37:30 +0530,461741,58.3,52.8,54.89,29.72
2021-10-31 07:38:00 +0530,461742,61.9,55.8,54.95,29.68
2021-10-31 07:38:30 +0530,461743,59.2,53.2,54.89,29.68
2021-10-31 07:39:00 +0530,461744,62.8,56.6,54.75,29.72
2021-10-31 07:39:30 +0530,461745,60.2,54.8,54.48,29.8
2021-10-31 07:40:00 +0530,461746,58.9,53.1,54.33,29.88
2021-10-31 07:41:00 +0530,461747,44.5,32.9,54.3,29.89
2021-10-31 07:41:30 +0530,461748,44.5,32.9,54.3,29.89
2021-10-31 07:42:30 +0530,461749,45.7,40.9,55.28,29.66
2021-10-31 07:43:30 +0530,461750,58.5,52.9,54.68,29.68
2021-10-31 07:44:00 +0530,461751,58.5,52.8,54.66,29.7
2021-10-31 07:44:30 +0530,461752,58.5,52.8,54.66,29.7
2021-10-31 07:45:30 +0530,461753,45.9,41.0,55.07,29.63
2021-10-31 07:46:30 +0530,461754,43.3,36.6,55.07,29.56
2021-10-31 07:47:00 +0530,461755,63.1,57.2,54.95,29.65
2021-10-31 07:47:30 +0530,461756,56.8,51.3,54.75,29.7
2021-10-31 07:48:00 +0530,461757,56.8,51.3,54.75,29.7
2021-10-31 07:48:30 +0530,461758,64.9,59.4,54.81,29.66
2021-10-31 07:49:00 +0530,461759,64.9,59.4,54.81,29.66
2021-10-31 07:50:00 +0530,461760,43.7,34.6,55.1,29.6
2021-10-31 07:50:30 +0530,461761,57.5,51.6,54.84,29.66
2021-10-31 07:51:00 +0530,461762,54.2,48.4,54.6,29.72
2021-10-31 07:51:30 +0530,461763,62.6,57.0,54.46,29.78
2021-10-31 07:52:00 +0530,461764,58.3,53.0,54.33,29.8
2021-10-31 07:52:30 +0530,461765,58.3,53.0,54.33,29.8
2021-10-31 07:53:00 +0530,461766,58.3,53.0,54.33,29.8
2021-10-31 07:53:30 +0530,461767,48.0,43.2,54.98,29.54
2021-10-31 07:54:00 +0530,461768,18.7,17.2,54.25,29.67
2021-10-31 07:54:30 +0530,461769,36.1,32.8,54.25,29.67
2021-10-31 07:55:00 +0530,461770,61.6,55.4,54.1,29.88
2021-10-31 07:55:30 +0530,461771,61.3,55.2,54.1,29.88
2021-10-31 07:56:00 +0530,461772,19.4,17.7,54.42,29.87
2021-10-31 07:56:30 +0530,461773,39.0,34.8,54.42,29.87
2021-10-31 07:57:00 +0530,461774,39.0,34.8,54.42,29.87
2021-10-31 07:57:30 +0530,461775,39.0,34.8,54.42,29.87
2021-10-31 07:58:30 +0530,461776,64.8,49.6,54.36,29.94
2021-10-31 07:59:00 +0530,461777,64.8,49.6,54.36,29.94
2021-10-31 07:59:30 +0530,461778,57.6,52.6,52.83,30.19
2021-10-31 08:00:30 +0530,461779,28.7,25.8,52.3,30.33
2021-10-31 08:01:00 +0530,461780,53.2,48.3,51.74,30.4
2021-10-31 08:01:30 +0530,461781,50.2,45.6,51.74,30.4
2021-10-31 08:02:00 +0530,461782,50.2,45.6,51.74,30.4
2021-10-31 08:03:00 +0530,461783,54.9,50.1,51.4,30.44
2021-10-31 08:04:00 +0530,461784,51.4,46.6,50.72,30.57
2021-10-31 08:04:30 +0530,461785,54.2,49.4,50.46,30.66
2021-10-31 08:05:00 +0530,461786,56.7,51.4,50.14,30.78
2021-10-31 08:05:30 +0530,461787,52.6,47.8,49.66,30.87
2021-10-31 08:06:30 +0530,461788,39.3,28.8,50.01,30.85
2021-10-31 08:07:00 +0530,461789,39.3,28.8,50.01,30.85
2021-10-31 08:07:30 +0530,461790,47.6,43.6,50.59,30.72
2021-10-31 08:08:00 +0530,461791,47.6,43.6,50.59,30.72
2021-10-31 08:08:30 +0530,461792,37.2,33.6,50.21,30.76
2021-10-31 08:09:00 +0530,461793,52.7,47.9,49.6,30.93
2021-10-31 08:09:30 +0530,461794,52.2,47.6,49.18,31.04
2021-10-31 08:10:00 +0530,461795,53.2,48.3,48.82,31.16
2021-10-31 08:10:30 +0530,461796,34.6,31.1,48.67,31.23
2021-10-31 08:11:30 +0530,461797,16.7,15.6,48.4,31.29
2021-10-31 08:12:00 +0530,461798,53.8,48.8,47.96,31.4
2021-10-31 08:12:30 +0530,461799,56.6,50.8,47.71,31.44
2021-10-31 08:13:00 +0530,461800,53.9,48.6,47.44,31.46
2021-10-31 08:13:30 +0530,461801,53.9,48.6,47.44,31.46
2021-10-31 08:14:30 +0530,461802,52.0,47.1,47.49,31.36
2021-10-31 08:15:30 +0530,461803,32.1,28.7,47.86,31.28
2021-10-31 08:16:00 +0530,461804,58.6,53.4,47.99,31.28
2021-10-31 08:17:00 +0530,461805,50.6,45.6,47.55,31.44
2021-10-31 08:17:30 +0530,461806,53.0,47.9,47.25,31.52
2021-10-31 08:18:30 +0530,461807,54.0,48.7,47.48,31.52
2021-10-31 08:19:30 +0530,461808,45.1,28.3,47.34,31.53
2021-10-31 08:20:30 +0530,461809,51.8,46.2,47.61,31.43
2021-10-31 08:21:30 +0530,461810,53.8,34.3,47.51,31.5
2021-10-31 08:22:30 +0530,461811,16.9,13.7,47.78,31.52
2021-10-31 08:23:00 +0530,461812,46.8,42.5,47.6,31.61
2021-10-31 08:24:30 +0530,461813,50.3,45.3,47.09,31.8
2021-10-31 08:25:00 +0530,461814,52.0,46.9,46.64,31.97
2021-10-31 08:26:00 +0530,461815,17.6,15.8,46.09,32.18
2021-10-31 08:27:00 +0530,461816,50.1,45.2,45.63,32.41
2021-10-31 08:28:00 +0530,461817,50.4,46.1,45.35,32.54
2021-10-31 08:28:30 +0530,461818,52.3,47.4,45.1,32.62
2021-10-31 08:29:00 +0530,461819,52.3,47.4,45.1,32.62
2021-10-31 08:30:00 +0530,461820,28.6,26.1,45.63,32.45
2021-10-31 08:30:30 +0530,461821,28.6,26.1,45.63,32.45
2021-10-31 08:31:00 +0530,461822,28.6,26.1,45.63,32.45
2021-10-31 08:33:30 +0530,461823,31.2,27.9,46.43,32.02
2021-10-31 08:34:30 +0530,461824,48.3,43.8,45.64,32.16
2021-10-31 08:35:00 +0530,461825,48.1,43.6,45.51,32.2
2021-10-31 08:35:30 +0530,461826,55.0,50.0,45.16,32.35
2021-10-31 08:36:30 +0530,461827,54.1,49.2,45.32,32.46
2021-10-31 08:37:00 +0530,461828,53.0,48.1,45.03,32.58
2021-10-31 08:37:30 +0530,461829,52.9,47.9,45.03,32.58
2021-10-31 08:38:00 +0530,461830,52.9,47.9,45.03,32.58
2021-10-31 08:38:30 +0530,461831,52.9,47.9,45.03,32.58
2021-10-31 08:39:00 +0530,461832,54.7,49.8,45.25,32.45
2021-10-31 08:39:30 +0530,461833,54.2,49.4,44.87,32.6
2021-10-31 08:40:00 +0530,461834,53.6,48.8,44.7,32.64
2021-10-31 08:40:30 +0530,461835,53.6,48.8,44.7,32.64
2021-10-31 08:41:00 +0530,461836,53.9,49.4,44.49,32.72
2021-10-31 08:42:00 +0530,461837,50.0,45.6,43.96,32.92
2021-10-31 08:42:30 +0530,461838,52.8,47.7,43.62,33.03
2021-10-31 08:43:00 +0530,461839,52.9,48.2,43.58,33.13
2021-10-31 08:43:30 +0530,461840,48.2,43.8,43.38,33.2
2021-10-31 08:44:00 +0530,461841,50.8,46.2,43.1,33.29
2021-10-31 08:44:30 +0530,461842,47.2,42.7,42.96,33.34
2021-10-31 08:45:00 +0530,461843,50.7,46.1,42.93,33.37
2021-10-31 08:45:30 +0530,461844,50.7,46.1,42.93,33.37
2021-10-31 08:46:00 +0530,461845,50.7,46.1,42.93,33.37
2021-10-31 08:46:30 +0530,461846,50.7,46.1,42.93,33.37
2021-10-31 08:47:30 +0530,461847,41.0,36.8,44.48,32.94
2021-10-31 08:48:00 +0530,461848,42.4,38.3,44.23,32.93
2021-10-31 08:48:30 +0530,461849,39.9,36.0,44.1,32.96
2021-10-31 08:49:00 +0530,461850,39.9,36.0,44.1,32.96
2021-10-31 08:50:00 +0530,461851,53.3,48.4,44.51,32.9
2021-10-31 08:50:30 +0530,461852,53.3,48.4,44.51,32.9
2021-10-31 08:51:00 +0530,461853,46.2,41.4,44.1,32.99
2021-10-31 08:51:30 +0530,461854,45.1,40.6,44.0,33.01
2021-10-31 08:52:00 +0530,461855,35.5,25.8,44.34,32.97
2021-10-31 08:52:30 +0530,461856,50.6,46.0,43.96,33.08
2021-10-31 08:53:30 +0530,461857,49.7,44.6,43.95,33.23
2021-10-31 08:54:00 +0530,461858,53.1,47.8,43.71,33.34
2021-10-31 08:54:30 +0530,461859,36.7,33.2,43.08,33.48
2021-10-31 08:55:00 +0530,461860,50.7,45.6,42.63,33.63
2021-10-31 08:55:30 +0530,461861,49.9,45.2,42.41,33.77
2021-10-31 08:56:30 +0530,461862,38.7,35.1,41.97,33.9
2021-10-31 08:57:00 +0530,461863,38.7,35.1,41.97,33.9
2021-10-31 08:58:00 +0530,461864,40.9,36.9,42.17,33.92
2021-10-31 08:58:30 +0530,461865,40.9,36.9,42.17,33.92
2021-10-31 08:59:00 +0530,461866,40.9,36.9,42.17,33.92
2021-10-31 08:59:30 +0530,461867,50.8,46.6,42.48,33.85
2021-10-31 09:00:30 +0530,461868,43.8,39.6,42.27,33.85
2021-10-31 09:01:00 +0530,461869,40.5,25.3,42.34,33.86
2021-10-31 09:01:30 +0530,461870,47.8,43.3,41.78,34.02
2021-10-31 09:02:00 +0530,461871,48.3,43.5,41.57,34.16
2021-10-31 09:02:30 +0530,461872,48.4,43.8,41.37,34.22
2021-10-31 09:03:00 +0530,461873,48.4,43.8,41.37,34.22
2021-10-31 09:03:30 +0530,461874,48.4,43.8,41.37,34.22
2021-10-31 09:04:00 +0530,461875,48.4,43.8,41.37,34.22
2021-10-31 09:04:30 +0530,461876,48.4,43.8,41.37,34.22
2021-10-31 09:05:00 +0530,461877,49.8,44.8,42.26,34.11
2021-10-31 09:05:30 +0530,461878,48.8,44.2,41.08,34.32
2021-10-31 09:06:00 +0530,461879,50.2,45.2,40.53,34.45
2021-10-31 09:06:30 +0530,461880,49.4,44.3,40.39,34.55
2021-10-31 09:07:00 +0530,461881,48.8,43.8,40.39,34.55
2021-10-31 09:07:30 +0530,461882,48.8,43.8,40.39,34.55
2021-10-31 09:08:00 +0530,461883,48.8,43.8,40.39,34.55
2021-10-31 09:08:30 +0530,461884,48.8,43.8,40.39,34.55
2021-10-31 09:09:30 +0530,461885,29.1,23.3,41.74,34.26
2021-10-31 09:10:00 +0530,461886,55.7,51.2,41.37,34.32
2021-10-31 09:10:30 +0530,461887,45.5,40.9,40.32,34.47
2021-10-31 09:11:00 +0530,461888,46.1,39.5,40.29,34.5
2021-10-31 09:11:30 +0530,461889,31.5,24.3,40.5,34.48
2021-10-31 09:12:00 +0530,461890,46.1,41.6,40.04,34.61
2021-10-31 09:13:00 +0530,461891,28.4,25.4,40.18,34.6
2021-10-31 09:13:30 +0530,461892,28.4,25.4,40.18,34.6
2021-10-31 09:14:00 +0530,461893,50.9,46.6,40.04,34.62
2021-10-31 09:14:30 +0530,461894,50.9,46.6,40.04,34.62
2021-10-31 09:15:00 +0530,461895,50.9,46.6,40.04,34.62
2021-10-31 09:15:30 +0530,461896,46.2,41.7,39.89,34.62
2021-10-31 09:16:30 +0530,461897,40.4,31.8,39.94,34.64
2021-10-31 09:17:00 +0530,461898,40.4,31.8,39.94,34.64
2021-10-31 09:17:30 +0530,461899,40.4,31.8,39.94,34.64
2021-10-31 09:18:30 +0530,461900,44.0,40.3,39.74,34.63
2021-10-31 09:19:00 +0530,461901,45.7,41.5,39.49,34.75
2021-10-31 09:19:30 +0530,461902,34.4,30.7,39.51,34.82
2021-10-31 09:20:00 +0530,461903,44.2,39.8,38.69,34.95
2021-10-31 09:20:30 +0530,461904,44.1,39.4,38.54,35.07
2021-10-31 09:21:30 +0530,461905,55.8,38.4,38.28,35.23
2021-10-31 09:22:30 +0530,461906,14.9,12.0,39.04,35.2
2021-10-31 09:23:00 +0530,461907,14.9,12.0,39.04,35.2
2021-10-31 09:24:00 +0530,461908,24.8,21.1,38.71,35.11
2021-10-31 09:24:30 +0530,461909,51.3,46.9,38.73,35.19
2021-10-31 09:25:30 +0530,461910,49.4,44.1,38.82,35.4
2021-10-31 09:26:00 +0530,461911,51.4,42.2,38.82,35.48
2021-10-31 09:26:30 +0530,461912,44.2,39.6,38.27,35.68
2021-10-31 09:27:00 +0530,461913,42.3,38.3,37.4,35.83
2021-10-31 09:27:30 +0530,461914,43.4,39.3,37.37,35.86
2021-10-31 09:28:00 +0530,461915,47.3,43.3,37.47,35.86
2021-10-31 09:28:30 +0530,461916,47.3,43.3,37.47,35.86
2021-10-31 09:29:00 +0530,461917,42.5,38.8,37.1,35.92
2021-10-31 09:29:30 +0530,461918,41.0,37.3,37.0,35.93
2021-10-31 09:31:00 +0530,461919,42.6,38.8,36.84,35.98
2021-10-31 09:31:30 +0530,461920,43.0,38.8,36.3,36.04
2021-10-31 09:32:00 +0530,461921,43.5,39.4,36.26,36.04
2021-10-31 09:32:30 +0530,461922,24.7,22.2,36.93,35.89
2021-10-31 09:33:00 +0530,461923,45.4,41.0,36.72,35.94
2021-10-31 09:33:30 +0530,461924,43.7,39.5,36.77,35.99
2021-10-31 09:34:00 +0530,461925,45.1,40.7,36.88,36.04
2021-10-31 09:34:30 +0530,461926,45.9,41.2,36.88,36.04
2021-10-31 09:35:00 +0530,461927,45.9,41.2,36.88,36.04
2021-10-31 09:36:00 +0530,461928,34.3,23.9,37.54,35.88
2021-10-31 09:37:00 +0530,461929,43.9,40.2,36.45,35.95
2021-10-31 09:37:30 +0530,461930,43.1,39.1,36.37,35.98
2021-10-31 09:38:00 +0530,461931,43.6,39.8,36.5,36.04
2021-10-31 09:38:30 +0530,461932,40.3,36.8,36.4,36.12
2021-10-31 09:39:00 +0530,461933,40.5,36.9,36.37,36.14
2021-10-31 09:39:30 +0530,461934,40.5,36.9,36.37,36.14
2021-10-31 09:40:00 +0530,461935,40.5,36.9,36.37,36.14
2021-10-31 09:40:30 +0530,461936,51.7,47.2,37.0,35.98
2021-10-31 09:41:00 +0530,461937,47.9,42.7,36.69,36.01
2021-10-31 09:41:30 +0530,461938,47.9,42.7,36.69,36.01
2021-10-31 09:42:00 +0530,461939,47.9,42.7,36.69,36.01
2021-10-31 09:42:30 +0530,461940,50.4,46.2,37.07,35.89
2021-10-31 09:43:00 +0530,461941,51.4,46.2,36.86,35.98
2021-10-31 09:43:30 +0530,461942,47.8,43.4,36.64,36.09
2021-10-31 09:44:00 +0530,461943,47.8,43.4,36.64,36.09
2021-10-31 09:44:30 +0530,461944,47.8,43.4,36.64,36.09
2021-10-31 09:45:30 +0530,461945,37.3,33.2,37.21,35.79
2021-10-31 09:46:30 +0530,461946,21.3,19.2,37.57,35.68
2021-10-31 09:47:00 +0530,461947,21.3,19.2,37.57,35.68
2021-10-31 09:47:30 +0530,461948,21.3,19.2,37.57,35.68
2021-10-31 09:48:00 +0530,461949,45.8,41.7,37.39,35.66
2021-10-31 09:49:30 +0530,461950,48.0,40.5,36.87,35.74
2021-10-31 09:50:00 +0530,461951,44.7,36.7,36.59,35.82
2021-10-31 09:50:30 +0530,461952,40.0,36.7,36.66,35.89
2021-10-31 09:51:00 +0530,461953,39.8,36.1,36.57,35.98
2021-10-31 09:51:30 +0530,461954,40.2,36.2,36.57,35.98
2021-10-31 09:52:00 +0530,461955,40.2,36.2,36.57,35.98
2021-10-31 09:52:30 +0530,461956,40.2,36.2,36.57,35.98
2021-10-31 09:53:00 +0530,461957,10.3,8.9,36.87,35.78
2021-10-31 09:53:30 +0530,461958,40.0,36.7,36.59,35.93
2021-10-31 09:54:00 +0530,461959,39.2,35.9,36.4,35.99
2021-10-31 09:54:30 +0530,461960,44.1,40.4,36.19,36.08
2021-10-31 09:55:00 +0530,461961,44.1,40.4,36.19,36.08
2021-10-31 09:55:30 +0530,461962,43.7,40.1,36.34,35.98
2021-10-31 09:56:00 +0530,461963,40.8,37.9,36.24,35.98
2021-10-31 09:57:00 +0530,461964,20.4,18.7,36.53,35.84
2021-10-31 09:58:00 +0530,461965,41.5,37.1,36.7,35.78
2021-10-31 09:58:30 +0530,461966,41.5,37.1,36.7,35.78
2021-10-31 09:59:00 +0530,461967,41.5,37.1,36.7,35.78
2021-10-31 09:59:30 +0530,461968,22.3,19.4,37.17,35.65
2021-10-31 10:00:30 +0530,461969,36.9,33.8,36.24,35.9
2021-10-31 10:01:00 +0530,461970,38.0,35.0,35.98,35.99
2021-10-31 10:01:30 +0530,461971,40.9,37.0,36.02,36.04
2021-10-31 10:02:00 +0530,461972,37.3,33.6,35.92,36.06
2021-10-31 10:02:30 +0530,461973,37.3,33.6,35.92,36.06
2021-10-31 10:03:00 +0530,461974,46.0,41.8,36.27,35.96
2021-10-31 10:03:30 +0530,461975,19.5,17.8,36.26,36.01
2021-10-31 10:04:30 +0530,461976,40.6,36.7,36.16,36.1
2021-10-31 10:05:00 +0530,461977,40.6,36.7,36.16,36.1
2021-10-31 10:05:30 +0530,461978,42.5,38.9,35.98,36.12
2021-10-31 10:06:00 +0530,461979,28.8,20.9,35.85,36.16
2021-10-31 10:07:00 +0530,461980,39.8,35.7,35.53,36.26
2021-10-31 10:07:30 +0530,461981,39.8,35.7,35.53,36.26
2021-10-31 10:08:00 +0530,461982,39.8,35.7,35.53,36.26
2021-10-31 10:08:30 +0530,461983,39.8,35.7,35.53,36.26
2021-10-31 10:09:30 +0530,461984,28.8,20.3,36.77,35.81
2021-10-31 10:10:00 +0530,461985,37.0,33.3,36.62,35.86
2021-10-31 10:10:30 +0530,461986,37.0,33.3,36.62,35.86
2021-10-31 10:11:30 +0530,461987,30.7,26.8,36.69,35.97
2021-10-31 10:12:30 +0530,461988,42.2,38.2,36.47,36.08
2021-10-31 10:13:00 +0530,461989,42.2,38.2,36.47,36.08
2021-10-31 10:13:30 +0530,461990,42.2,38.2,36.47,36.08
2021-10-31 10:14:30 +0530,461991,25.2,19.7,36.89,35.96
2021-10-31 10:15:00 +0530,461992,46.7,42.9,36.5,36.07
2021-10-31 10:15:30 +0530,461993,46.7,42.9,36.5,36.07
2021-10-31 10:16:00 +0530,461994,46.7,42.9,36.5,36.07
2021-10-31 10:16:30 +0530,461995,45.6,40.9,36.57,36.11
2021-10-31 10:17:30 +0530,461996,39.5,36.2,35.94,36.33
2021-10-31 10:18:00 +0530,461997,40.5,37.0,35.85,36.37
2021-10-31 10:18:30 +0530,461998,27.8,19.3,36.31,36.33
2021-10-31 10:19:00 +0530,461999,22.8,20.4,36.13,36.44
2021-10-31 10:19:30 +0530,462000,36.1,32.7,35.98,36.56
2021-10-31 10:20:00 +0530,462001,36.6,33.4,35.5,36.63
2021-10-31 10:21:00 +0530,462002,35.7,32.2,35.63,36.58
2021-10-31 10:21:30 +0530,462003,35.7,32.2,35.63,36.58
2021-10-31 10:22:00 +0530,462004,41.6,37.8,35.84,36.54
2021-10-31 10:22:30 +0530,462005,40.8,36.8,35.24,36.68
2021-10-31 10:23:30 +0530,462006,39.3,35.3,35.1,36.73
2021-10-31 10:24:00 +0530,462007,24.3,17.7,35.43,36.64
2021-10-31 10:24:30 +0530,462008,40.6,36.4,35.02,36.73
2021-10-31 10:25:00 +0530,462009,40.3,36.4,34.86,36.82
2021-10-31 10:25:30 +0530,462010,41.0,36.7,34.67,36.88
2021-10-31 10:26:00 +0530,462011,39.9,35.6,34.63,36.92
2021-10-31 10:26:30 +0530,462012,55.1,43.4,34.79,36.95
2021-10-31 10:27:00 +0530,462013,55.1,43.4,34.79,36.95
2021-10-31 10:27:30 +0530,462014,41.3,36.9,34.89,36.84
2021-10-31 10:28:00 +0530,462015,40.6,36.3,34.89,36.84
2021-10-31 10:29:00 +0530,462016,39.3,35.0,34.47,36.96
2021-10-31 10:29:30 +0530,462017,37.1,26.4,34.47,37.0
2021-10-31 10:30:00 +0530,462018,36.2,24.3,34.59,37.02
2021-10-31 10:30:30 +0530,462019,36.2,24.3,34.59,37.02
2021-10-31 10:31:00 +0530,462020,44.9,40.4,34.99,36.91
2021-10-31 10:31:30 +0530,462021,38.4,34.3,34.99,36.91
2021-10-31 10:32:00 +0530,462022,42.1,37.8,34.6,37.06
2021-10-31 10:32:30 +0530,462023,46.0,36.6,34.6,37.07
2021-10-31 10:33:00 +0530,462024,41.4,37.1,34.1,37.26
2021-10-31 10:33:30 +0530,462025,43.9,35.2,33.86,37.35
2021-10-31 10:34:00 +0530,462026,19.2,15.6,33.77,37.35
2021-10-31 10:34:30 +0530,462027,18.1,16.1,33.77,37.35
2021-10-31 10:35:00 +0530,462028,26.4,20.6,34.44,37.1
2021-10-31 10:35:30 +0530,462029,40.9,36.6,34.08,37.12
2021-10-31 10:36:00 +0530,462030,40.1,35.8,34.0,37.16
2021-10-31 10:36:30 +0530,462031,38.4,34.4,33.98,37.2
2021-10-31 10:37:00 +0530,462032,38.6,34.6,33.96,37.19
2021-10-31 10:37:30 +0530,462033,38.6,34.6,33.96,37.19
2021-10-31 10:38:00 +0530,462034,38.6,34.6,33.96,37.19
2021-10-31 10:38:30 +0530,462035,38.6,34.6,33.96,37.19
2021-10-31 10:39:30 +0530,462036,36.0,32.4,35.47,36.52
2021-10-31 10:40:00 +0530,462037,36.0,32.4,35.47,36.52
2021-10-31 10:41:30 +0530,462038,23.5,16.4,35.58,36.37
2021-10-31 10:42:30 +0530,462039,47.7,24.9,36.01,36.28
2021-10-31 10:43:00 +0530,462040,47.7,24.9,36.01,36.28
2021-10-31 10:44:00 +0530,462041,26.5,23.4,35.75,36.49
2021-10-31 10:44:30 +0530,462042,47.8,38.7,35.44,36.67
2021-10-31 10:45:00 +0530,462043,48.1,39.2,35.44,36.7
2021-10-31 10:45:30 +0530,462044,44.7,40.8,35.37,36.74
2021-10-31 10:46:30 +0530,462045,29.5,21.3,35.5,36.64
2021-10-31 10:47:00 +0530,462046,43.1,38.7,35.47,36.61
2021-10-31 10:47:30 +0530,462047,64.6,49.5,35.28,36.71
2021-10-31 10:48:00 +0530,462048,82.2,39.8,35.05,36.8
2021-10-31 10:48:30 +0530,462049,82.2,39.8,35.05,36.8
2021-10-31 10:49:00 +0530,462050,21.2,19.4,34.96,36.64
2021-10-31 10:49:30 +0530,462051,33.4,30.1,34.96,36.69
2021-10-31 10:50:00 +0530,462052,33.4,30.1,34.96,36.69
2021-10-31 10:50:30 +0530,462053,33.4,30.1,34.96,36.69
2021-10-31 10:51:00 +0530,462054,42.3,38.7,35.56,36.18
2021-10-31 10:51:30 +0530,462055,48.2,19.8,35.46,36.19
2021-10-31 10:52:00 +0530,462056,34.6,19.4,35.46,36.19
2021-10-31 10:52:30 +0530,462057,34.6,19.4,35.46,36.19
2021-10-31 10:57:00 +0530,462058,24.5,21.8,36.33,36.04
2021-10-31 10:57:30 +0530,462059,24.7,21.1,36.26,36.12
2021-10-31 10:58:00 +0530,462060,24.7,21.1,36.26,36.12
2021-10-31 10:58:30 +0530,462061,42.6,38.2,36.16,36.37
2021-10-31 10:59:00 +0530,462062,42.6,38.2,36.16,36.37
2021-10-31 10:59:30 +0530,462063,42.6,38.2,36.16,36.37
2021-10-31 11:00:00 +0530,462064,42.6,38.2,36.16,36.37
2021-10-31 11:00:30 +0530,462065,42.6,38.2,36.16,36.37
2021-10-31 11:01:00 +0530,462066,43.7,39.5,35.29,36.67
2021-10-31 11:01:30 +0530,462067,40.7,36.6,35.29,36.67
2021-10-31 11:02:00 +0530,462068,40.7,36.6,35.29,36.67
2021-10-31 11:02:30 +0530,462069,40.7,36.6,35.29,36.67
2021-10-31 11:03:30 +0530,462070,43.0,38.8,34.79,36.95
2021-10-31 11:04:00 +0530,462071,35.5,31.9,34.25,37.17
2021-10-31 11:04:30 +0530,462072,20.1,18.3,33.86,37.32
2021-10-31 11:05:00 +0530,462073,34.7,31.4,33.51,37.42
2021-10-31 11:06:30 +0530,462074,37.2,33.9,33.14,37.72
2021-10-31 11:07:00 +0530,462075,37.2,33.9,33.05,37.73
2021-10-31 11:08:00 +0530,462076,12.8,8.2,33.04,37.62
2021-10-31 11:08:30 +0530,462077,12.8,8.2,33.04,37.62
2021-10-31 11:09:30 +0530,462078,38.4,35.2,33.87,37.37
2021-10-31 11:10:00 +0530,462079,35.1,32.1,33.87,37.37
2021-10-31 11:10:30 +0530,462080,35.1,32.1,33.87,37.37
2021-10-31 11:11:30 +0530,462081,21.6,17.6,34.65,37.15
2021-10-31 11:13:00 +0530,462082,8.5,7.8,33.63,37.2
2021-10-31 11:13:30 +0530,462083,37.8,34.7,33.49,37.29
2021-10-31 11:14:00 +0530,462084,37.1,34.1,33.25,37.34
2021-10-31 11:14:30 +0530,462085,36.9,33.8,33.38,37.42
2021-10-31 11:15:00 +0530,462086,37.1,33.7,33.43,37.4
2021-10-31 11:15:30 +0530,462087,37.1,33.7,33.43,37.4
2021-10-31 11:16:00 +0530,462088,37.1,33.7,33.43,37.4
2021-10-31 11:16:30 +0530,462095,37.1,33.7,33.43,37.4
2021-10-31 11:17:00 +0530,462102,21.5,16.6,34.86,36.87
2021-10-31 11:17:30 +0530,462109,44.0,35.7,34.77,37.07
2021-10-31 11:18:30 +0530,462116,27.0,19.8,34.38,37.22
2021-10-31 11:19:00 +0530,462117,28.5,20.8,34.02,37.35
2021-10-31 11:19:30 +0530,462118,23.4,20.2,33.79,37.45
2021-10-31 11:20:00 +0530,462119,20.4,16.7,33.47,37.48
2021-10-31 11:20:30 +0530,462120,21.5,19.4,33.18,37.51
2021-10-31 11:21:00 +0530,462121,22.0,19.8,33.14,37.51
2021-10-31 11:21:30 +0530,462122,21.6,19.4,33.31,37.5
2021-10-31 11:22:00 +0530,462123,22.5,20.1,33.43,37.48
2021-10-31 11:22:30 +0530,462124,22.9,20.4,33.67,37.5
2021-10-31 11:23:00 +0530,462125,37.6,21.3,33.71,37.51
2021-10-31 11:23:30 +0530,462126,34.1,19.5,33.34,37.5
2021-10-31 11:24:00 +0530,462127,22.9,20.4,33.18,37.52
2021-10-31 11:24:30 +0530,462128,23.8,19.6,33.06,37.5
2021-10-31 11:25:00 +0530,462129,26.7,20.2,33.18,37.42
2021-10-31 11:25:30 +0530,462130,26.3,20.4,33.28,37.31
2021-10-31 11:26:00 +0530,462131,23.5,20.4,33.41,37.2
2021-10-31 11:26:30 +0530,462132,20.9,17.6,33.76,37.08
2021-10-31 11:27:00 +0530,462133,27.7,21.1,33.96,37.02
2021-10-31 11:27:30 +0530,462134,30.4,22.2,34.22,37.0
2021-10-31 11:28:00 +0530,462135,32.3,22.8,34.39,37.0
2021-10-31 11:28:30 +0530,462136,30.5,20.6,34.02,37.02
2021-10-31 11:29:00 +0530,462137,32.7,22.3,34.08,37.04
2021-10-31 11:29:30 +0530,462138,22.8,20.2,33.9,37.0
2021-10-31 11:30:00 +0530,462139,29.8,20.7,33.9,36.95
2021-10-31 11:30:30 +0530,462140,26.4,21.2,34.06,36.91
2021-10-31 11:31:00 +0530,462141,26.6,21.3,33.98,36.88
2021-10-31 11:31:30 +0530,462142,22.6,19.7,34.1,36.86
2021-10-31 11:32:00 +0530,462143,29.2,21.7,34.33,36.8
2021-10-31 11:32:30 +0530,462144,31.3,20.8,34.37,36.77
2021-10-31 11:33:00 +0530,462145,30.2,19.9,34.21,36.76
2021-10-31 11:33:30 +0530,462146,20.0,16.6,34.37,36.73
2021-10-31 11:34:00 +0530,462147,22.9,20.4,34.37,36.74
2021-10-31 11:34:30 +0530,462148,37.0,18.2,34.45,36.73
2021-10-31 11:35:00 +0530,462149,24.8,21.0,34.37,36.76
2021-10-31 11:35:30 +0530,462150,26.1,21.4,34.25,36.81
2021-10-31 11:36:00 +0530,462151,33.8,22.2,34.37,36.85
2021-10-31 11:36:30 +0530,462152,43.9,24.6,34.67,36.92
2021-10-31 11:37:00 +0530,462153,39.1,22.1,34.39,36.99
2021-10-31 11:37:30 +0530,462154,22.1,19.9,34.37,37.05
2021-10-31 11:38:00 +0530,462155,21.5,19.3,33.79,37.07
2021-10-31 11:38:30 +0530,462156,21.5,19.2,33.92,37.07
2021-10-31 11:39:00 +0530,462157,18.6,16.6,34.37,37.05
2021-10-31 11:39:30 +0530,462158,21.5,19.2,33.92,37.06
2021-10-31 11:40:00 +0530,462159,26.6,22.2,33.76,37.08
2021-10-31 11:40:30 +0530,462160,19.2,17.1,34.04,37.11
2021-10-31 11:41:00 +0530,462161,26.1,20.4,34.16,37.17
2021-10-31 11:41:30 +0530,462162,21.7,19.3,33.86,37.23
2021-10-31 11:42:00 +0530,462163,24.4,15.9,33.73,37.25
2021-10-31 11:42:30 +0530,462164,30.9,21.3,33.61,37.3
2021-10-31 11:43:00 +0530,462165,28.3,22.4,33.49,37.29
2021-10-31 11:43:30 +0530,462166,22.0,19.7,33.69,37.21
2021-10-31 11:44:00 +0530,462167,28.4,21.5,33.79,37.17
2021-10-31 11:44:30 +0530,462168,31.5,22.4,33.83,37.16
2021-10-31 11:45:00 +0530,462169,36.7,25.7,33.92,37.17
2021-10-31 11:45:30 +0530,462170,29.1,23.3,33.72,37.19
2021-10-31 11:46:00 +0530,462171,26.2,20.9,33.69,37.23
2021-10-31 11:46:30 +0530,462172,26.4,20.7,33.65,37.28
2021-10-31 11:47:00 +0530,462173,28.3,20.7,33.93,37.33
2021-10-31 11:47:30 +0530,462174,17.1,15.4,33.86,37.3
2021-10-31 11:48:00 +0530,462175,26.3,20.0,33.86,37.33
2021-10-31 11:48:30 +0530,462176,23.8,20.2,33.89,37.34
2021-10-31 11:49:00 +0530,462177,21.8,19.5,33.93,37.32
2021-10-31 11:49:30 +0530,462178,22.3,20.0,33.89,37.31
2021-10-31 11:50:00 +0530,462179,25.1,20.9,33.77,37.31
2021-10-31 11:50:30 +0530,462180,35.4,19.3,33.93,37.27
2021-10-31 11:51:00 +0530,462181,26.6,21.1,33.81,37.27
2021-10-31 11:51:30 +0530,462182,27.0,18.9,33.86,37.22
2021-10-31 11:52:00 +0530,462183,27.1,16.9,33.76,37.19
2021-10-31 11:52:30 +0530,462184,27.0,20.6,33.6,37.15
2021-10-31 11:53:00 +0530,462185,22.9,18.8,33.39,37.08
2021-10-31 11:53:30 +0530,462186,26.9,21.3,33.41,37.01
2021-10-31 11:54:00 +0530,462187,21.7,19.1,33.45,36.93
2021-10-31 11:54:30 +0530,462188,25.5,17.4,33.68,36.78
2021-10-31 11:55:00 +0530,462189,27.7,20.6,33.72,36.72
2021-10-31 11:55:30 +0530,462190,23.6,21.1,33.78,36.66
2021-10-31 11:56:00 +0530,462191,21.9,19.7,33.78,36.61
2021-10-31 11:56:30 +0530,462192,28.9,20.9,33.95,36.58
2021-10-31 11:57:00 +0530,462193,29.9,21.3,34.19,36.57
2021-10-31 11:57:30 +0530,462194,29.0,21.0,34.23,36.55
2021-10-31 11:58:00 +0530,462195,39.9,22.7,34.31,36.55
2021-10-31 11:58:30 +0530,462196,36.9,21.6,34.43,36.54
2021-10-31 11:59:00 +0530,462197,33.4,21.6,34.43,36.54
2021-10-31 11:59:30 +0530,462198,27.2,20.8,34.39,36.52
2021-10-31 12:00:00 +0530,462199,29.8,20.6,34.37,36.49
2021-10-31 12:00:30 +0530,462200,32.0,20.7,34.41,36.41
2021-10-31 12:01:00 +0530,462201,26.0,20.6,34.45,36.38
2021-10-31 12:01:30 +0530,462202,31.7,22.2,34.62,36.33
2021-10-31 12:02:00 +0530,462203,25.8,21.3,34.56,36.29
2021-10-31 12:02:30 +0530,462204,30.7,23.1,34.72,36.24
2021-10-31 12:03:00 +0530,462205,47.9,24.4,35.05,36.19
2021-10-31 12:03:30 +0530,462206,59.3,25.8,35.11,36.17
2021-10-31 12:04:00 +0530,462207,27.0,20.7,35.13,36.16
2021-10-31 12:04:30 +0530,462208,26.7,21.2,35.17,36.15
2021-10-31 12:05:00 +0530,462209,32.0,21.9,35.24,36.12
2021-10-31 12:05:30 +0530,462210,34.4,19.6,35.4,36.08
2021-10-31 12:06:00 +0530,462211,33.8,25.2,35.64,36.1
2021-10-31 12:06:30 +0530,462212,34.9,24.2,35.61,36.13
2021-10-31 12:07:00 +0530,462213,25.8,23.1,35.54,36.16
2021-10-31 12:07:30 +0530,462214,29.2,23.2,35.6,36.19
2021-10-31 12:08:00 +0530,462215,25.6,22.3,35.53,36.22
2021-10-31 12:08:30 +0530,462216,31.0,23.0,35.43,36.24
2021-10-31 12:09:00 +0530,462217,34.2,24.0,35.22,36.28
2021-10-31 12:09:30 +0530,462218,39.1,23.8,35.11,36.29
2021-10-31 12:10:00 +0530,462219,39.3,25.9,35.08,36.31
2021-10-31 12:10:30 +0530,462220,39.8,23.4,34.98,36.32
2021-10-31 12:11:00 +0530,462221,23.7,21.2,34.5,36.33
2021-10-31 12:11:30 +0530,462222,28.0,22.3,34.62,36.32
2021-10-31 12:12:00 +0530,462223,25.1,21.2,34.94,36.34
2021-10-31 12:12:30 +0530,462224,25.3,20.3,34.62,36.38
2021-10-31 12:13:00 +0530,462225,33.3,22.6,34.62,36.43
2021-10-31 12:13:30 +0530,462226,27.1,18.7,34.73,36.46
2021-10-31 12:14:00 +0530,462227,24.7,20.7,34.31,36.51
2021-10-31 12:14:30 +0530,462228,25.1,20.8,34.11,36.59
2021-10-31 12:15:00 +0530,462229,35.6,21.3,33.92,36.68
2021-10-31 12:15:30 +0530,462230,28.8,22.2,33.88,36.72
2021-10-31 12:16:00 +0530,462231,33.7,21.7,33.88,36.74
2021-10-31 12:16:30 +0530,462232,31.0,23.3,33.88,36.75
2021-10-31 12:17:00 +0530,462233,29.8,21.8,34.08,36.78
2021-10-31 12:17:30 +0530,462234,31.6,21.6,34.28,36.8
2021-10-31 12:18:00 +0530,462235,46.3,21.3,34.41,36.81
2021-10-31 12:18:30 +0530,462236,27.2,21.9,34.45,36.85
2021-10-31 12:19:00 +0530,462237,22.1,19.9,34.59,36.87
2021-10-31 12:19:30 +0530,462238,18.3,16.3,34.53,36.85
2021-10-31 12:20:00 +0530,462239,25.6,21.6,34.65,36.86
2021-10-31 12:20:30 +0530,462240,24.9,22.3,34.75,36.86
2021-10-31 12:21:00 +0530,462241,24.2,20.9,34.75,36.86
2021-10-31 12:21:30 +0530,462242,23.1,20.7,34.75,36.86
2021-10-31 12:22:00 +0530,462243,25.2,18.5,34.77,36.83
2021-10-31 12:22:30 +0530,462244,25.1,20.7,34.98,36.82
2021-10-31 12:23:00 +0530,462245,25.3,19.6,35.1,36.78
2021-10-31 12:23:30 +0530,462246,28.1,21.9,34.86,36.77
2021-10-31 12:24:00 +0530,462247,27.0,23.0,34.7,36.77
2021-10-31 12:24:30 +0530,462248,28.3,21.2,34.7,36.77
2021-10-31 12:25:00 +0530,462249,26.2,22.4,34.49,36.77
2021-10-31 12:25:30 +0530,462250,32.9,22.1,34.37,36.78
2021-10-31 12:26:00 +0530,462251,27.2,21.8,34.41,36.76
2021-10-31 12:26:30 +0530,462252,25.1,21.7,34.21,36.74
2021-10-31 12:27:00 +0530,462253,25.6,21.8,34.12,36.73
2021-10-31 12:27:30 +0530,462254,34.3,21.8,34.21,36.73
2021-10-31 12:28:00 +0530,462255,31.7,22.1,34.28,36.68
2021-10-31 12:28:30 +0530,462256,34.0,18.7,34.47,36.6
2021-10-31 12:29:00 +0530,462257,32.8,21.7,34.55,36.56
2021-10-31 12:29:30 +0530,462258,30.7,19.7,34.51,36.51
2021-10-31 12:30:00 +0530,462259,40.6,23.6,34.67,36.51
2021-10-31 12:30:30 +0530,462260,33.8,23.2,34.76,36.51
2021-10-31 12:31:00 +0530,462261,32.5,20.2,34.86,36.51
2021-10-31 12:31:30 +0530,462262,25.5,18.6,34.5,36.45
2021-10-31 12:32:00 +0530,462263,30.2,21.8,34.5,36.42
2021-10-31 12:32:30 +0530,462264,33.5,22.1,34.62,36.42
2021-10-31 12:33:00 +0530,462265,33.3,22.1,34.86,36.44
2021-10-31 12:33:30 +0530,462266,24.7,19.1,34.57,36.41
2021-10-31 12:34:00 +0530,462267,23.8,20.9,34.37,36.44
2021-10-31 12:34:30 +0530,462268,27.4,21.6,34.5,36.45
2021-10-31 12:35:00 +0530,462269,32.2,21.7,34.57,36.44
2021-10-31 12:35:30 +0530,462270,30.3,19.6,34.45,36.37
2021-10-31 12:36:00 +0530,462271,29.0,21.6,34.37,36.31
2021-10-31 12:36:30 +0530,462272,26.4,21.2,34.4,36.24
2021-10-31 12:37:00 +0530,462273,25.9,21.8,34.46,36.15
2021-10-31 12:37:30 +0530,462274,28.7,21.3,34.53,36.09
2021-10-31 12:38:00 +0530,462275,52.2,25.7,34.66,36.04
2021-10-31 12:38:30 +0530,462276,51.3,26.8,35.1,36.02
2021-10-31 12:39:00 +0530,462277,43.1,25.4,34.99,36.06
2021-10-31 12:39:30 +0530,462278,35.0,23.7,35.2,36.1
2021-10-31 12:40:00 +0530,462279,38.3,24.2,35.13,36.16
2021-10-31 12:40:30 +0530,462280,28.4,22.1,34.84,36.25
2021-10-31 12:41:00 +0530,462281,30.2,23.1,34.68,36.31
2021-10-31 12:41:30 +0530,462282,30.3,22.7,34.86,36.4
2021-10-31 12:42:00 +0530,462283,25.9,21.8,34.94,36.46
2021-10-31 12:43:00 +0530,462285,28.4,20.1,35.0,36.59
2021-10-31 12:43:30 +0530,462286,34.8,20.6,34.63,36.67
2021-10-31 12:44:00 +0530,462284,30.3,27.2,34.33,36.76
2021-10-31 12:44:30 +0530,462287,44.2,29.7,34.49,36.81
2021-10-31 12:45:00 +0530,462288,39.1,28.3,34.22,36.87
2021-10-31 12:45:30 +0530,462289,26.2,20.8,33.57,36.91
2021-10-31 12:46:00 +0530,462290,29.8,19.4,33.74,36.88
2021-10-31 12:46:30 +0530,462291,31.3,22.6,33.78,36.88
2021-10-31 12:47:00 +0530,462292,31.9,21.7,33.94,36.88
2021-10-31 12:47:30 +0530,462293,32.9,23.3,34.1,36.93
2021-10-31 12:48:00 +0530,462294,31.8,24.4,33.74,36.97
2021-10-31 12:48:30 +0530,462295,29.2,22.9,33.45,36.99
2021-10-31 12:49:00 +0530,462296,24.8,20.4,33.57,36.93
2021-10-31 12:49:30 +0530,462297,36.1,22.9,33.78,36.92
2021-10-31 12:50:00 +0530,462298,23.6,19.7,34.06,36.87
2021-10-31 12:50:30 +0530,462299,34.1,22.2,34.06,36.89
2021-10-31 12:51:00 +0530,462300,38.2,23.9,33.94,36.95
2021-10-31 12:51:30 +0530,462301,38.5,23.8,33.66,36.98
2021-10-31 12:52:00 +0530,462302,31.2,21.6,33.47,37.02
2021-10-31 12:52:30 +0530,462303,26.8,17.9,33.39,37.04
2021-10-31 12:53:00 +0530,462304,26.7,21.7,33.11,37.05
2021-10-31 12:53:30 +0530,462305,39.2,22.6,33.15,37.06
2021-10-31 12:54:00 +0530,462306,29.2,20.6,33.02,37.13
2021-10-31 12:54:30 +0530,462307,37.5,19.9,33.07,37.15
2021-10-31 12:55:00 +0530,462308,34.6,22.3,32.99,37.2
2021-10-31 12:55:30 +0530,462309,60.0,24.7,32.84,37.26
2021-10-31 12:56:00 +0530,462310,18.1,15.6,32.56,37.29
2021-10-31 12:56:30 +0530,462311,23.2,20.0,32.28,37.32
2021-10-31 12:57:00 +0530,462312,28.6,20.5,32.31,37.36
2021-10-31 12:57:30 +0530,462313,36.2,21.7,32.33,37.41
2021-10-31 12:58:00 +0530,462314,28.6,20.1,32.45,37.42
2021-10-31 12:58:30 +0530,462315,25.7,17.6,32.41,37.35
2021-10-31 12:59:00 +0530,462316,30.4,21.4,32.31,37.31
2021-10-31 12:59:30 +0530,462317,31.5,19.3,32.56,37.26
2021-10-31 13:00:00 +0530,462318,29.3,21.7,32.51,37.22
2021-10-31 13:00:30 +0530,462319,26.4,17.8,32.7,37.15
2021-10-31 13:01:00 +0530,462320,28.6,22.5,32.78,37.08
2021-10-31 13:01:30 +0530,462321,28.1,21.2,32.74,37.04
2021-10-31 13:02:00 +0530,462322,19.6,17.6,32.97,36.96
2021-10-31 13:02:30 +0530,462323,30.8,22.3,33.01,36.89
2021-10-31 13:03:00 +0530,462324,32.1,22.4,33.07,36.85
2021-10-31 13:03:30 +0530,462325,31.2,19.9,33.28,36.81
2021-10-31 13:04:00 +0530,462326,28.7,22.0,33.03,36.82
2021-10-31 13:04:30 +0530,462327,25.5,18.8,33.19,36.82
2021-10-31 13:05:00 +0530,462328,28.8,18.7,33.11,36.84
2021-10-31 13:05:30 +0530,462329,29.3,23.3,33.11,36.85
2021-10-31 13:06:00 +0530,462330,39.8,24.7,33.22,36.87
2021-10-31 13:06:30 +0530,462331,41.5,25.4,33.22,36.92
2021-10-31 13:07:00 +0530,462332,31.1,21.7,33.09,36.95
2021-10-31 13:07:30 +0530,462333,38.2,22.1,33.05,36.95
2021-10-31 13:08:00 +0530,462334,33.2,18.4,33.09,36.89
2021-10-31 13:08:30 +0530,462335,27.3,21.5,32.93,36.86
2021-10-31 13:09:00 +0530,462336,23.1,18.3,33.11,36.8
2021-10-31 13:09:30 +0530,462337,25.2,21.2,33.19,36.74
2021-10-31 13:10:00 +0530,462338,30.8,21.8,33.35,36.7
2021-10-31 13:10:30 +0530,462339,25.6,21.5,33.28,36.66
2021-10-31 13:11:00 +0530,462340,31.2,22.5,33.42,36.61
2021-10-31 13:11:30 +0530,462341,33.5,23.1,33.54,36.55
2021-10-31 13:12:00 +0530,462342,26.6,18.7,33.73,36.49
2021-10-31 13:12:30 +0530,462343,40.4,23.6,34.08,36.44
2021-10-31 13:13:00 +0530,462344,30.2,22.5,34.17,36.47
2021-10-31 13:13:30 +0530,462345,30.1,22.3,33.97,36.49
2021-10-31 13:14:00 +0530,462346,28.3,21.8,33.85,36.51
2021-10-31 13:14:30 +0530,462347,27.8,22.2,33.97,36.49
2021-10-31 13:15:00 +0530,462348,30.8,23.0,34.17,36.49
2021-10-31 13:15:30 +0530,462349,26.3,22.7,34.37,36.49
2021-10-31 13:16:00 +0530,462350,30.8,22.4,34.39,36.51
2021-10-31 13:16:30 +0530,462351,28.8,22.6,34.11,36.52
2021-10-31 13:17:00 +0530,462352,30.1,23.2,34.11,36.59
2021-10-31 13:17:30 +0530,462353,24.0,20.4,33.86,36.62
2021-10-31 13:18:00 +0530,462354,25.6,18.4,34.19,36.63
2021-10-31 13:18:30 +0530,462355,27.0,21.6,34.12,36.67
2021-10-31 13:19:00 +0530,462356,23.8,21.3,34.28,36.69
2021-10-31 13:19:30 +0530,462357,24.1,21.1,34.0,36.69
2021-10-31 13:20:00 +0530,462358,20.5,17.0,34.27,36.53
2021-10-31 13:20:30 +0530,462359,26.8,21.9,33.99,36.57
2021-10-31 13:21:00 +0530,462360,33.2,22.2,34.11,36.63
2021-10-31 13:21:30 +0530,462361,30.5,21.6,34.05,36.7
2021-10-31 13:22:00 +0530,462362,22.5,20.1,33.96,36.75
2021-10-31 13:22:30 +0530,462363,25.8,21.6,34.0,36.81
2021-10-31 13:23:00 +0530,462364,63.2,27.3,33.96,36.85
2021-10-31 13:23:30 +0530,462365,44.9,23.9,33.98,36.88
2021-10-31 13:24:00 +0530,462366,27.8,21.5,33.66,36.89
2021-10-31 13:24:30 +0530,462367,25.4,21.6,33.45,36.92
2021-10-31 13:25:00 +0530,462368,25.0,21.6,33.33,36.92
2021-10-31 13:25:30 +0530,462369,30.4,21.8,33.5,36.96
2021-10-31 13:26:00 +0530,462370,26.3,19.9,33.45,36.95
2021-10-31 13:26:30 +0530,462371,32.4,22.2,33.05,36.93
2021-10-31 13:27:00 +0530,462372,37.4,25.6,33.17,36.88
2021-10-31 13:27:30 +0530,462373,34.5,21.8,33.35,36.82
2021-10-31 13:28:00 +0530,462374,38.8,24.8,33.56,36.8
2021-10-31 13:28:30 +0530,462375,49.0,25.3,33.63,36.81
2021-10-31 13:29:00 +0530,462376,23.8,17.4,33.63,36.8
2021-10-31 13:29:30 +0530,462377,39.1,23.2,33.6,36.8
2021-10-31 13:30:00 +0530,462378,35.5,19.2,33.72,36.76
2021-10-31 13:30:30 +0530,462379,33.7,23.7,33.35,36.77
2021-10-31 13:31:00 +0530,462380,35.1,23.1,33.11,36.75
2021-10-31 13:31:30 +0530,462381,26.9,20.7,33.03,36.73
2021-10-31 13:32:00 +0530,462382,32.5,21.7,33.11,36.7
2021-10-31 13:32:30 +0530,462383,30.8,22.0,33.02,36.66
2021-10-31 13:33:00 +0530,462384,28.3,22.5,33.18,36.56
2021-10-31 13:33:30 +0530,462385,26.4,17.4,33.32,36.49
2021-10-31 13:34:00 +0530,462386,24.4,20.2,33.24,36.38
2021-10-31 13:34:30 +0530,462387,22.5,17.0,33.51,36.3
2021-10-31 13:35:00 +0530,462388,23.8,21.2,33.42,36.27
2021-10-31 13:35:30 +0530,462389,27.8,22.1,33.63,36.24
2021-10-31 13:36:00 +0530,462390,30.2,22.9,33.71,36.22
2021-10-31 13:36:30 +0530,462391,31.0,23.5,33.71,36.22
2021-10-31 13:37:00 +0530,462392,44.2,26.4,33.67,36.23
2021-10-31 13:37:30 +0530,462393,43.3,25.7,33.67,36.25
2021-10-31 13:38:00 +0530,462394,45.9,24.5,33.67,36.28
2021-10-31 13:38:30 +0530,462395,41.0,24.8,33.69,36.32
2021-10-31 13:39:00 +0530,462396,39.1,23.2,33.69,36.39
2021-10-31 13:39:30 +0530,462397,28.2,21.1,33.4,36.42
2021-10-31 13:40:00 +0530,462398,23.8,21.1,33.24,36.42
2021-10-31 13:40:30 +0530,462399,23.8,21.2,33.24,36.42
2021-10-31 13:41:00 +0530,462400,40.4,22.5,33.71,36.25
2021-10-31 13:41:30 +0530,462401,39.4,23.8,33.51,36.27
2021-10-31 13:42:00 +0530,462402,38.9,22.6,33.38,36.3
2021-10-31 13:42:30 +0530,462403,31.0,21.3,33.32,36.37
2021-10-31 13:43:00 +0530,462404,38.1,24.7,33.36,36.41
2021-10-31 13:43:30 +0530,462405,23.5,20.6,33.24,36.42
2021-10-31 13:44:00 +0530,462406,31.4,21.7,33.28,36.4
2021-10-31 13:44:30 +0530,462407,33.0,22.8,33.36,36.38
2021-10-31 13:45:00 +0530,462408,30.0,21.3,33.52,36.31
2021-10-31 13:45:30 +0530,462409,35.9,22.4,33.54,36.3
2021-10-31 13:46:00 +0530,462410,30.6,21.1,33.38,36.26
2021-10-31 13:46:30 +0530,462411,35.1,20.6,33.31,36.22
2021-10-31 13:47:00 +0530,462412,31.3,21.6,33.59,36.18
2021-10-31 13:47:30 +0530,462413,29.9,20.7,33.59,36.17
2021-10-31 13:48:00 +0530,462414,26.9,21.6,33.59,36.17
2021-10-31 13:48:30 +0530,462415,28.2,20.8,33.71,36.17
2021-10-31 13:49:00 +0530,462416,36.6,21.9,33.75,36.19
2021-10-31 13:49:30 +0530,462417,23.2,20.1,33.63,36.22
2021-10-31 13:50:00 +0530,462418,28.3,20.8,33.59,36.21
2021-10-31 13:50:30 +0530,462419,30.0,21.9,33.75,36.19
2021-10-31 13:51:00 +0530,462420,29.0,20.8,33.67,36.21
2021-10-31 13:51:30 +0530,462421,29.4,17.7,33.79,36.18
2021-10-31 13:52:00 +0530,462422,27.8,21.3,33.71,36.21
2021-10-31 13:52:30 +0530,462423,21.9,18.7,33.71,36.22
2021-10-31 13:53:00 +0530,462424,31.5,21.9,33.67,36.23
2021-10-31 13:53:30 +0530,462425,26.8,21.1,33.51,36.24
2021-10-31 13:54:00 +0530,462426,27.3,20.6,33.34,36.26
2021-10-31 13:54:30 +0530,462427,28.2,22.8,33.31,36.28
2021-10-31 13:55:00 +0530,462428,30.6,21.6,33.31,36.3
2021-10-31 13:55:30 +0530,462429,33.2,20.4,33.59,36.3
2021-10-31 13:56:00 +0530,462430,33.3,21.7,33.57,36.34
2021-10-31 13:56:30 +0530,462431,29.8,22.2,33.69,36.41
2021-10-31 13:57:00 +0530,462432,35.3,22.8,33.73,36.49
2021-10-31 13:57:30 +0530,462433,33.2,23.4,33.38,36.52
2021-10-31 13:58:00 +0530,462434,34.0,19.7,33.13,36.56
2021-10-31 13:58:30 +0530,462435,51.8,23.7,33.05,36.62
2021-10-31 13:59:00 +0530,462436,29.5,20.2,32.7,36.68
2021-10-31 13:59:30 +0530,462437,24.8,20.2,32.54,36.71
2021-10-31 14:00:00 +0530,462438,28.3,17.9,32.59,36.72
2021-10-31 14:00:30 +0530,462439,27.1,19.6,32.54,36.73
2021-10-31 14:01:00 +0530,462440,33.6,21.6,32.38,36.76
2021-10-31 14:01:30 +0530,462441,24.0,19.7,32.38,36.8
2021-10-31 14:02:00 +0530,462442,34.0,21.2,32.38,36.81
2021-10-31 14:02:30 +0530,462443,26.1,21.3,32.38,36.82
2021-10-31 14:03:00 +0530,462444,34.2,22.2,32.35,36.82
2021-10-31 14:03:31 +0530,462445,41.1,25.1,32.38,36.82
2021-10-31 14:04:00 +0530,462446,25.5,21.7,32.3,36.82
2021-10-31 14:04:30 +0530,462447,34.2,22.1,32.47,36.82
2021-10-31 14:05:00 +0530,462448,26.2,20.0,32.35,36.82
2021-10-31 14:05:30 +0530,462449,24.7,20.1,32.26,36.8
2021-10-31 14:06:00 +0530,462450,30.8,21.5,32.26,36.78
2021-10-31 14:06:30 +0530,462451,37.5,17.6,32.38,36.75
2021-10-31 14:07:00 +0530,462452,30.6,22.0,32.83,36.76
2021-10-31 14:07:30 +0530,462453,39.2,25.2,33.15,36.76
2021-10-31 14:08:00 +0530,462454,34.7,24.3,33.28,36.74
2021-10-31 14:08:30 +0530,462455,31.8,22.6,33.35,36.72
2021-10-31 14:09:00 +0530,462456,32.8,22.6,33.35,36.7
2021-10-31 14:09:30 +0530,462457,21.8,19.3,33.34,36.62
2021-10-31 14:10:00 +0530,462458,31.5,21.0,33.25,36.58
2021-10-31 14:10:30 +0530,462459,44.8,25.7,33.62,36.54
2021-10-31 14:11:00 +0530,462460,38.9,21.9,33.69,36.51
2021-10-31 14:11:30 +0530,462461,40.3,24.9,33.85,36.51
2021-10-31 14:12:00 +0530,462462,27.5,22.3,34.07,36.51
2021-10-31 14:12:30 +0530,462463,28.2,21.3,33.4,36.49
2021-10-31 14:13:00 +0530,462464,34.6,23.7,33.44,36.47
2021-10-31 14:13:30 +0530,462465,32.9,21.9,33.4,36.37
2021-10-31 14:14:00 +0530,462466,34.3,21.3,33.59,36.31
2021-10-31 14:14:30 +0530,462467,29.2,19.4,33.75,36.27
2021-10-31 14:15:00 +0530,462468,42.1,23.3,33.87,36.29
2021-10-31 14:15:30 +0530,462469,37.3,22.8,33.87,36.32
2021-10-31 14:16:00 +0530,462470,25.3,17.1,33.85,36.33
2021-10-31 14:16:30 +0530,462471,32.0,22.2,33.6,36.38
2021-10-31 14:17:00 +0530,462472,31.5,21.9,33.52,36.41
2021-10-31 14:17:30 +0530,462473,19.3,17.4,33.36,36.43
2021-10-31 14:18:00 +0530,462474,26.7,21.5,33.08,36.49
2021-10-31 14:18:30 +0530,462475,27.6,21.2,33.04,36.51
2021-10-31 14:19:00 +0530,462476,91.2,27.7,32.77,36.51
2021-10-31 14:19:30 +0530,462477,27.2,21.8,32.77,36.52
2021-10-31 14:20:00 +0530,462478,22.7,17.6,32.53,36.51
2021-10-31 14:20:30 +0530,462479,23.8,16.7,32.53,36.51
2021-10-31 14:21:00 +0530,462480,21.7,18.7,32.73,36.51
2021-10-31 14:21:30 +0530,462481,20.7,18.0,32.81,36.51
2021-10-31 14:22:00 +0530,462482,33.4,24.2,32.97,36.54
2021-10-31 14:22:30 +0530,462483,26.5,21.2,33.13,36.58
2021-10-31 14:23:00 +0530,462484,26.0,21.2,33.18,36.62
2021-10-31 14:23:30 +0530,462485,24.8,21.4,33.22,36.66
2021-10-31 14:24:00 +0530,462486,22.7,20.2,33.11,36.7
2021-10-31 14:24:30 +0530,462487,29.3,22.1,33.19,36.72
2021-10-31 14:25:00 +0530,462488,21.9,19.6,32.59,36.75
2021-10-31 14:25:30 +0530,462489,25.5,20.3,32.59,36.78
2021-10-31 14:26:00 +0530,462490,19.8,17.9,32.95,36.8
2021-10-31 14:26:30 +0530,462491,27.9,21.8,33.11,36.81
2021-10-31 14:27:00 +0530,462492,33.3,22.7,33.19,36.83
2021-10-31 14:27:30 +0530,462493,32.4,22.1,32.95,36.84
2021-10-31 14:28:00 +0530,462494,24.1,21.5,33.05,36.86
2021-10-31 14:28:30 +0530,462495,31.5,21.1,32.91,36.84
2021-10-31 14:29:00 +0530,462496,27.2,21.3,32.75,36.84
2021-10-31 14:29:30 +0530,462497,26.0,21.6,32.59,36.82
2021-10-31 14:30:00 +0530,462498,24.6,20.2,32.51,36.81
2021-10-31 14:30:30 +0530,462499,25.2,20.9,32.51,36.8
2021-10-31 14:31:00 +0530,462500,24.6,21.2,32.67,36.77
2021-10-31 14:31:30 +0530,462501,22.8,20.4,32.95,36.75
2021-10-31 14:32:00 +0530,462502,23.9,21.3,33.23,36.72
2021-10-31 14:32:30 +0530,462503,27.9,21.2,33.31,36.68
2021-10-31 14:33:00 +0530,462504,27.6,21.1,33.38,36.64
2021-10-31 14:33:30 +0530,462505,22.9,20.5,33.42,36.62
2021-10-31 14:34:00 +0530,462506,27.4,21.2,33.58,36.59
2021-10-31 14:34:30 +0530,462507,22.0,19.7,33.7,36.55
2021-10-31 14:35:00 +0530,462508,25.1,22.4,33.46,36.52
2021-10-31 14:35:30 +0530,462509,20.6,17.0,33.58,36.51
2021-10-31 14:36:00 +0530,462510,24.2,21.6,32.92,36.49
2021-10-31 14:36:30 +0530,462511,27.8,19.7,33.12,36.41
2021-10-31 14:37:00 +0530,462512,32.3,23.4,33.36,36.37
2021-10-31 14:37:30 +0530,462513,23.8,21.2,33.32,36.36
2021-10-31 14:38:00 +0530,462514,26.4,23.5,33.4,36.36
2021-10-31 14:38:30 +0530,462515,26.0,22.3,33.28,36.33
2021-10-31 14:39:00 +0530,462516,27.8,22.9,33.38,36.31
2021-10-31 14:39:30 +0530,462517,26.8,23.8,33.51,36.3
2021-10-31 14:40:00 +0530,462518,26.8,24.1,33.42,36.29
2021-10-31 14:40:30 +0530,462519,25.8,22.3,33.26,36.28
2021-10-31 14:41:00 +0530,462520,26.3,22.9,33.26,36.24
2021-10-31 14:41:30 +0530,462521,33.3,23.3,33.38,36.19
2021-10-31 14:42:00 +0530,462522,40.8,22.1,33.61,36.14
2021-10-31 14:42:30 +0530,462523,32.7,23.7,33.57,36.11
2021-10-31 14:43:00 +0530,462524,39.7,22.4,33.61,36.06
2021-10-31 14:43:30 +0530,462525,34.6,24.7,33.61,36.04
2021-10-31 14:44:00 +0530,462526,41.9,24.1,33.73,36.04
2021-10-31 14:44:30 +0530,462527,35.6,23.9,33.73,36.06
2021-10-31 14:45:00 +0530,462528,29.6,24.7,33.49,36.04
2021-10-31 14:45:30 +0530,462529,32.0,23.3,33.61,36.02
2021-10-31 14:46:00 +0530,462530,28.7,21.9,34.18,36.01
2021-10-31 14:46:30 +0530,462531,29.4,21.9,34.53,36.02
2021-10-31 14:47:00 +0530,462532,24.5,21.4,34.42,36.04
2021-10-31 14:47:30 +0530,462533,25.4,21.4,34.18,36.04
2021-10-31 14:48:00 +0530,462534,22.7,20.6,33.81,36.04
2021-10-31 14:48:30 +0530,462535,23.2,20.8,33.81,36.07
2021-10-31 14:49:00 +0530,462536,24.3,21.6,33.85,36.07
2021-10-31 14:49:30 +0530,462537,23.5,21.0,33.89,36.07
2021-10-31 14:50:00 +0530,462538,20.6,17.8,33.77,36.06
2021-10-31 14:50:30 +0530,462539,23.4,21.1,33.89,36.07
2021-10-31 14:51:00 +0530,462540,24.1,21.4,33.93,36.09
2021-10-31 14:51:30 +0530,462541,23.5,20.9,33.89,36.1
2021-10-31 14:52:00 +0530,462542,24.5,21.9,33.73,36.13
2021-10-31 14:52:30 +0530,462543,25.7,20.7,33.32,36.14
2021-10-31 14:53:00 +0530,462544,27.8,22.7,33.41,36.13
2021-10-31 14:53:30 +0530,462545,26.8,20.0,33.73,36.11
2021-10-31 14:54:00 +0530,462546,22.6,20.4,34.13,36.13
2021-10-31 14:54:30 +0530,462547,29.5,21.1,34.18,36.14
2021-10-31 14:55:00 +0530,462548,21.9,19.8,33.89,36.15
2021-10-31 14:55:30 +0530,462549,23.5,20.3,34.34,36.16
2021-10-31 14:56:00 +0530,462550,21.6,17.9,34.62,36.13
2021-10-31 14:56:30 +0530,462551,23.6,20.5,34.53,36.13
2021-10-31 14:57:00 +0530,462552,22.5,20.1,33.89,36.12
2021-10-31 14:57:30 +0530,462553,22.3,19.9,33.69,36.12
2021-10-31 14:58:00 +0530,462554,24.8,20.7,33.85,36.11
2021-10-31 14:58:30 +0530,462555,22.8,20.4,33.28,36.11
2021-10-31 14:59:00 +0530,462556,23.5,18.4,33.25,36.04
2021-10-31 14:59:30 +0530,462557,26.6,23.9,33.65,36.04
2021-10-31 15:00:00 +0530,462558,31.5,24.8,33.69,36.03
2021-10-31 15:00:30 +0530,462560,27.3,24.7,33.77,36.01
2021-10-31 15:01:00 +0530,462559,28.3,25.6,33.65,36.0
2021-10-31 15:01:30 +0530,462561,23.5,18.6,33.76,35.88
2021-10-31 15:02:00 +0530,462562,27.8,21.6,33.87,35.89
2021-10-31 15:02:30 +0530,462563,22.8,18.1,33.39,35.88
2021-10-31 15:03:00 +0530,462564,23.3,20.8,33.47,35.89
2021-10-31 15:03:30 +0530,462565,22.3,20.0,33.59,35.89
2021-10-31 15:04:00 +0530,462566,22.5,20.2,33.83,35.88
2021-10-31 15:04:30 +0530,462567,20.6,16.8,33.27,35.84
2021-10-31 15:05:00 +0530,462568,21.9,19.9,33.27,35.83
2021-10-31 15:05:30 +0530,462569,24.8,21.1,33.51,35.83
2021-10-31 15:06:00 +0530,462570,23.9,21.3,33.55,35.83
2021-10-31 15:06:30 +0530,462571,23.4,20.8,33.59,35.85
2021-10-31 15:07:00 +0530,462572,25.0,21.1,33.71,35.85
2021-10-31 15:07:30 +0530,462573,38.4,23.1,33.63,35.85
2021-10-31 15:08:00 +0530,462574,27.6,21.1,33.63,35.86
2021-10-31 15:08:30 +0530,462575,23.0,20.2,33.39,35.85
2021-10-31 15:09:00 +0530,462576,33.2,21.9,33.59,35.83
2021-10-31 15:09:30 +0530,462577,28.4,22.2,33.73,35.81
2021-10-31 15:10:00 +0530,462578,36.1,23.4,33.86,35.81
2021-10-31 15:10:30 +0530,462579,28.8,22.1,33.82,35.82
2021-10-31 15:11:00 +0530,462580,30.7,22.2,33.96,35.82
2021-10-31 15:11:30 +0530,462581,33.4,22.0,33.96,35.84
2021-10-31 15:12:00 +0530,462582,30.1,21.3,34.03,35.87
2021-10-31 15:12:30 +0530,462583,32.0,21.3,33.79,35.88
2021-10-31 15:13:00 +0530,462584,33.1,21.8,33.79,35.89
2021-10-31 15:13:30 +0530,462585,43.6,22.9,33.63,35.9
2021-10-31 15:14:00 +0530,462586,30.9,22.5,33.63,35.93
2021-10-31 15:14:30 +0530,462587,29.9,20.8,33.39,35.96
2021-10-31 15:15:00 +0530,462588,67.0,54.6,33.76,35.95
2021-10-31 15:15:30 +0530,462589,53.9,37.4,33.79,35.97
2021-10-31 15:16:00 +0530,462590,37.3,27.9,33.41,36.0
2021-10-31 15:16:30 +0530,462591,45.4,26.3,33.28,36.04
2021-10-31 15:17:00 +0530,462592,40.0,27.6,33.28,36.08
2021-10-31 15:17:30 +0530,462593,27.1,23.9,33.21,36.1
2021-10-31 15:18:00 +0530,462594,23.5,18.8,33.21,36.08
2021-10-31 15:18:30 +0530,462595,24.2,21.7,33.04,36.09
2021-10-31 15:19:00 +0530,462596,23.8,20.8,33.25,36.09
2021-10-31 15:19:30 +0530,462597,23.4,20.6,33.21,36.07
2021-10-31 15:20:00 +0530,462598,23.9,20.5,33.21,36.03
2021-10-31 15:20:30 +0530,462599,23.0,20.7,33.04,36.02
2021-10-31 15:21:00 +0530,462600,22.9,20.3,33.21,36.0
2021-10-31 15:21:30 +0530,462601,28.9,22.4,33.41,36.0
2021-10-31 15:22:00 +0530,462602,52.5,21.6,33.63,35.98
2021-10-31 15:22:30 +0530,462603,29.3,22.7,33.71,35.98
2021-10-31 15:23:00 +0530,462604,23.7,20.6,33.76,35.97
2021-10-31 15:23:30 +0530,462605,28.7,22.6,33.71,35.96
2021-10-31 15:24:00 +0530,462606,23.6,21.1,33.79,35.95
2021-10-31 15:24:30 +0530,462607,27.6,21.7,34.15,35.94
2021-10-31 15:25:00 +0530,462608,22.9,18.1,34.36,35.9
2021-10-31 15:25:30 +0530,462609,25.1,21.1,34.57,35.9
2021-10-31 15:26:00 +0530,462610,28.2,23.4,34.64,35.9
2021-10-31 15:26:30 +0530,462611,28.5,22.1,34.76,35.89
2021-10-31 15:27:00 +0530,462612,39.8,23.4,34.4,35.89
2021-10-31 15:27:30 +0530,462613,32.2,21.6,34.28,35.89
2021-10-31 15:28:00 +0530,462614,37.4,23.9,34.57,35.87
2021-10-31 15:28:30 +0530,462615,26.6,23.8,34.24,35.87
2021-10-31 15:29:00 +0530,462616,45.6,24.8,34.36,35.87
2021-10-31 15:29:30 +0530,462617,29.3,17.8,34.4,35.84
2021-10-31 15:30:00 +0530,462618,29.0,20.3,33.92,35.83
2021-10-31 15:30:30 +0530,462619,28.1,20.1,33.94,35.79
2021-10-31 15:31:00 +0530,462620,25.3,18.9,34.14,35.73
2021-10-31 15:31:30 +0530,462621,29.0,21.8,34.22,35.72
2021-10-31 15:32:00 +0530,462622,32.2,23.7,34.3,35.72
2021-10-31 15:32:30 +0530,462623,28.2,22.5,34.02,35.74
2021-10-31 15:33:00 +0530,462624,29.8,21.9,33.61,35.75
2021-10-31 15:33:30 +0530,462625,36.0,22.0,33.45,35.74
2021-10-31 15:34:00 +0530,462626,32.9,22.2,33.49,35.71
2021-10-31 15:34:30 +0530,462627,43.4,23.3,33.45,35.7
2021-10-31 15:35:00 +0530,462628,42.2,24.3,33.7,35.7
2021-10-31 15:35:30 +0530,462629,48.7,24.1,33.73,35.71
2021-10-31 15:36:00 +0530,462630,34.5,21.8,33.89,35.72
2021-10-31 15:36:30 +0530,462631,25.8,20.1,33.78,35.74
2021-10-31 15:37:00 +0530,462632,22.4,20.0,33.7,35.77
2021-10-31 15:37:30 +0530,462633,23.3,20.8,34.02,35.75
2021-10-31 15:38:00 +0530,462634,25.3,21.9,34.3,35.77
2021-10-31 15:38:30 +0530,462635,26.5,18.9,34.82,35.73
2021-10-31 15:39:00 +0530,462636,29.0,25.5,34.63,35.74
2021-10-31 15:39:30 +0530,462637,26.9,24.1,34.42,35.75
2021-10-31 15:40:00 +0530,462638,32.8,26.9,34.3,35.77
2021-10-31 15:40:30 +0530,462639,31.6,23.1,34.18,35.75
2021-10-31 15:41:00 +0530,462640,22.5,19.7,34.1,35.74
2021-10-31 15:41:30 +0530,462641,27.8,21.1,34.14,35.74
2021-10-31 15:42:00 +0530,462642,25.0,19.9,33.57,35.74
2021-10-31 15:42:30 +0530,462643,23.3,19.9,33.73,35.73
2021-10-31 15:43:00 +0530,462644,25.8,21.1,33.66,35.7
2021-10-31 15:43:30 +0530,462645,26.2,22.6,33.61,35.66
2021-10-31 15:44:00 +0530,462646,25.5,20.3,33.66,35.64
2021-10-31 15:44:30 +0530,462647,26.7,21.7,33.92,35.62
2021-10-31 15:45:00 +0530,462648,32.3,24.3,34.28,35.59
2021-10-31 15:45:30 +0530,462649,18.1,16.2,34.37,35.56
2021-10-31 15:46:00 +0530,462650,24.5,20.4,34.16,35.54
2021-10-31 15:46:30 +0530,462651,24.8,20.3,34.16,35.53
2021-10-31 15:47:00 +0530,462652,23.2,19.8,34.0,35.51
2021-10-31 15:47:30 +0530,462653,21.0,18.8,33.64,35.5
2021-10-31 15:48:00 +0530,462654,22.3,19.9,33.72,35.49
2021-10-31 15:48:30 +0530,462655,22.8,19.3,34.12,35.5
2021-10-31 15:49:00 +0530,462656,22.5,19.5,34.25,35.49
2021-10-31 15:49:30 +0530,462657,30.0,21.1,34.08,35.5
2021-10-31 15:50:00 +0530,462658,34.7,23.8,33.99,35.48
2021-10-31 15:50:30 +0530,462659,27.8,21.2,34.06,35.44
2021-10-31 15:51:00 +0530,462660,30.3,20.9,34.06,35.42
2021-10-31 15:51:30 +0530,462661,28.7,20.7,34.47,35.41
2021-10-31 15:52:00 +0530,462662,23.9,19.7,34.35,35.42
2021-10-31 15:52:30 +0530,462663,23.1,19.7,34.27,35.43
2021-10-31 15:53:00 +0530,462664,23.9,19.6,33.99,35.44
2021-10-31 15:53:30 +0530,462665,27.5,21.7,33.99,35.42
2021-10-31 15:54:00 +0530,462666,21.2,15.7,34.27,35.4
2021-10-31 15:54:30 +0530,462667,26.1,20.3,34.23,35.39
2021-10-31 15:55:00 +0530,462668,27.3,20.6,34.11,35.41
2021-10-31 15:55:30 +0530,462669,22.4,19.3,33.9,35.41
2021-10-31 15:56:00 +0530,462670,23.9,19.5,33.74,35.43
2021-10-31 15:56:30 +0530,462671,22.6,18.6,33.74,35.44
2021-10-31 15:57:00 +0530,462672,25.5,20.2,33.78,35.45
2021-10-31 15:57:30 +0530,462673,44.5,23.7,33.86,35.48
2021-10-31 15:58:00 +0530,462674,23.9,19.9,33.52,35.49
2021-10-31 15:58:30 +0530,462675,23.8,19.8,33.44,35.51
2021-10-31 15:59:00 +0530,462676,52.0,19.9,33.6,35.51
2021-10-31 15:59:30 +0530,462677,55.4,25.1,33.6,35.54
2021-10-31 16:00:00 +0530,462678,47.6,23.6,33.6,35.56
2021-10-31 16:00:30 +0530,462679,51.1,23.7,33.56,35.59
2021-10-31 16:01:00 +0530,462680,24.4,20.2,33.35,35.62
2021-10-31 16:01:30 +0530,462681,37.0,17.1,33.35,35.58
2021-10-31 16:02:00 +0530,462682,33.4,21.2,33.47,35.57
2021-10-31 16:02:30 +0530,462683,43.8,24.1,33.76,35.57
2021-10-31 16:03:00 +0530,462684,48.2,24.1,34.0,35.57
2021-10-31 16:03:30 +0530,462685,18.5,16.6,34.28,35.56
2021-10-31 16:04:00 +0530,462686,20.2,15.6,34.12,35.54
2021-10-31 16:04:30 +0530,462687,26.0,20.6,34.37,35.54
2021-10-31 16:05:00 +0530,462688,23.6,19.7,34.53,35.54
2021-10-31 16:05:30 +0530,462689,22.5,20.1,34.65,35.55
2021-10-31 16:06:00 +0530,462690,26.5,20.9,34.61,35.53
2021-10-31 16:06:30 +0530,462691,22.8,19.4,33.96,35.52
2021-10-31 16:07:00 +0530,462692,25.4,20.6,34.21,35.5
2021-10-31 16:07:30 +0530,462693,22.7,20.6,34.41,35.49
2021-10-31 16:08:00 +0530,462694,23.3,21.0,34.35,35.48
2021-10-31 16:08:30 +0530,462695,24.9,21.8,34.51,35.45
2021-10-31 16:09:00 +0530,462696,24.3,21.7,34.43,35.45
2021-10-31 16:09:30 +0530,462697,25.4,21.8,34.63,35.44
2021-10-31 16:10:00 +0530,462698,25.2,20.8,34.63,35.43
2021-10-31 16:10:30 +0530,462699,26.0,18.3,34.71,35.41
2021-10-31 16:11:00 +0530,462700,25.3,20.8,34.31,35.41
2021-10-31 16:11:30 +0530,462701,30.5,21.9,34.27,35.41
2021-10-31 16:12:00 +0530,462702,29.0,18.6,34.11,35.39
2021-10-31 16:12:30 +0530,462703,30.2,21.4,33.86,35.41
2021-10-31 16:13:00 +0530,462704,28.1,21.4,33.83,35.41
2021-10-31 16:13:30 +0530,462705,26.6,20.2,33.94,35.43
2021-10-31 16:14:00 +0530,462706,29.4,21.6,33.94,35.45
2021-10-31 16:14:30 +0530,462707,31.3,22.1,34.11,35.48
2021-10-31 16:15:00 +0530,462708,35.3,23.4,34.15,35.47
2021-10-31 16:15:30 +0530,462709,28.3,22.4,33.99,35.49
2021-10-31 16:16:00 +0530,462710,26.2,18.0,34.18,35.47
2021-10-31 16:16:30 +0530,462711,23.7,19.6,33.74,35.47
2021-10-31 16:17:00 +0530,462712,26.2,17.9,33.9,35.43
2021-10-31 16:17:30 +0530,462713,29.9,20.9,33.99,35.42
2021-10-31 16:18:00 +0530,462714,30.7,20.7,33.94,35.42
2021-10-31 16:18:30 +0530,462715,37.2,26.6,34.35,35.41
2021-10-31 16:19:00 +0530,462716,31.5,24.4,34.51,35.41
2021-10-31 16:19:30 +0530,462717,30.6,25.6,34.75,35.42
2021-10-31 16:20:00 +0530,462718,27.8,22.9,34.59,35.41
2021-10-31 16:20:30 +0530,462719,25.3,22.3,34.71,35.41
2021-10-31 16:21:00 +0530,462720,29.4,21.9,34.75,35.41
2021-10-31 16:21:30 +0530,462721,29.9,21.6,34.87,35.4
2021-10-31 16:22:00 +0530,462722,37.5,23.3,35.03,35.41
2021-10-31 16:22:30 +0530,462723,33.2,24.1,34.92,35.4
2021-10-31 16:23:00 +0530,462724,27.3,21.4,34.75,35.4
2021-10-31 16:23:30 +0530,462725,27.4,21.1,34.87,35.39
2021-10-31 16:24:00 +0530,462726,30.1,21.5,35.03,35.38
2021-10-31 16:24:30 +0530,462727,31.5,18.6,35.34,35.34
2021-10-31 16:25:00 +0530,462728,40.8,24.2,35.17,35.33
2021-10-31 16:25:30 +0530,462729,40.8,23.9,35.24,35.31
2021-10-31 16:26:00 +0530,462730,36.0,26.1,35.17,35.3
2021-10-31 16:26:30 +0530,462731,24.9,19.4,35.08,35.28
2021-10-31 16:27:00 +0530,462732,35.4,22.7,34.98,35.28
2021-10-31 16:27:30 +0530,462733,24.4,20.9,34.89,35.27
2021-10-31 16:28:00 +0530,462734,24.1,20.2,34.77,35.25
2021-10-31 16:28:30 +0530,462735,23.9,20.2,34.37,35.22
2021-10-31 16:29:00 +0530,462736,23.7,20.2,34.45,35.2
2021-10-31 16:29:30 +0530,462737,21.0,15.8,34.86,35.14
2021-10-31 16:30:00 +0530,462738,23.5,21.2,35.13,35.13
2021-10-31 16:30:30 +0530,462739,22.4,20.1,35.09,35.1
2021-10-31 16:31:00 +0530,462740,24.2,21.4,35.27,35.08
2021-10-31 16:31:30 +0530,462741,24.5,21.2,35.27,35.07
2021-10-31 16:32:00 +0530,462742,31.7,22.4,35.3,35.05
2021-10-31 16:32:30 +0530,462743,34.5,25.2,35.2,35.03
2021-10-31 16:33:00 +0530,462744,34.6,25.6,35.2,35.0
2021-10-31 16:33:30 +0530,462745,21.9,17.3,35.16,34.97
2021-10-31 16:34:00 +0530,462746,28.6,21.4,35.27,34.96
2021-10-31 16:34:30 +0530,462747,30.6,22.1,35.37,34.96
2021-10-31 16:35:00 +0530,462748,28.5,22.7,35.45,34.96
2021-10-31 16:35:30 +0530,462749,31.6,23.3,35.53,34.96
2021-10-31 16:36:00 +0530,462750,44.8,24.2,35.67,34.98
2021-10-31 16:36:30 +0530,462751,29.0,22.3,35.37,34.99
2021-10-31 16:37:00 +0530,462752,38.4,23.2,35.37,35.01
2021-10-31 16:37:30 +0530,462753,31.4,21.3,35.47,35.03
2021-10-31 16:38:00 +0530,462754,27.7,21.3,35.47,35.04
2021-10-31 16:38:30 +0530,462755,24.8,21.2,35.4,35.05
2021-10-31 16:39:00 +0530,462756,29.9,21.0,35.37,35.06
2021-10-31 16:39:30 +0530,462757,25.2,20.3,35.13,35.06
2021-10-31 16:40:00 +0530,462758,23.8,20.3,34.99,35.05
2021-10-31 16:40:30 +0530,462759,24.4,20.6,35.16,35.05
2021-10-31 16:41:00 +0530,462760,22.9,20.4,35.13,35.04
2021-10-31 16:41:30 +0530,462761,23.4,19.9,35.06,35.01
2021-10-31 16:42:00 +0530,462762,17.8,16.3,35.15,34.97
2021-10-31 16:42:30 +0530,462763,22.2,19.7,35.27,34.96
2021-10-31 16:43:00 +0530,462764,28.1,20.8,35.42,34.94
2021-10-31 16:43:30 +0530,462765,24.7,20.8,35.42,34.93
2021-10-31 16:44:00 +0530,462766,25.4,21.2,35.42,34.91
2021-10-31 16:44:30 +0530,462767,24.0,19.7,35.38,34.89
2021-10-31 16:45:00 +0530,462768,26.8,23.9,35.52,34.86
2021-10-31 16:45:30 +0530,462769,31.3,21.6,35.69,34.84
2021-10-31 16:46:00 +0530,462770,25.8,20.8,35.66,34.83
2021-10-31 16:46:30 +0530,462771,28.0,19.9,35.79,34.82
2021-10-31 16:47:00 +0530,462772,28.2,18.0,35.81,34.8
2021-10-31 16:47:30 +0530,462773,24.6,21.1,35.91,34.8
2021-10-31 16:48:00 +0530,462774,26.6,21.6,35.91,34.79
2021-10-31 16:48:30 +0530,462775,25.7,20.4,36.05,34.78
2021-10-31 16:49:00 +0530,462776,26.2,19.9,35.88,34.78
2021-10-31 16:49:30 +0530,462777,30.2,23.1,35.98,34.79
2021-10-31 16:50:00 +0530,462778,35.3,21.4,36.02,34.78
2021-10-31 16:50:30 +0530,462779,29.3,21.2,35.77,34.78
2021-10-31 16:51:00 +0530,462780,30.2,20.6,35.53,34.77
2021-10-31 16:51:30 +0530,462781,33.1,17.6,35.67,34.73
2021-10-31 16:52:00 +0530,462782,36.6,22.2,35.81,34.73
2021-10-31 16:52:30 +0530,462783,40.8,22.7,35.98,34.73
2021-10-31 16:53:00 +0530,462784,37.3,22.7,35.98,34.74
2021-10-31 16:53:30 +0530,462785,31.7,21.2,35.7,34.75
2021-10-31 16:54:00 +0530,462786,30.6,20.7,35.67,34.75
2021-10-31 16:54:30 +0530,462787,25.3,18.9,35.96,34.6
2021-10-31 16:55:00 +0530,462788,31.9,21.3,35.88,34.63
2021-10-31 16:55:30 +0530,462789,31.3,21.1,35.67,34.66
2021-10-31 16:56:00 +0530,462790,31.4,20.9,35.67,34.68
2021-10-31 16:56:30 +0530,462791,29.2,21.7,35.7,34.68
2021-10-31 16:57:00 +0530,462792,25.0,18.2,35.91,34.68
2021-10-31 16:57:30 +0530,462793,35.0,22.1,35.91,34.68
2021-10-31 16:58:00 +0530,462794,34.4,22.4,35.88,34.7
2021-10-31 16:58:30 +0530,462795,32.3,21.4,35.84,34.73
2021-10-31 16:59:00 +0530,462796,28.2,21.0,35.6,34.74
2021-10-31 16:59:30 +0530,462797,26.6,20.8,35.56,34.73
2021-10-31 17:00:00 +0530,462798,30.5,21.0,35.53,34.71
2021-10-31 17:00:30 +0530,462799,30.6,21.3,35.6,34.68
2021-10-31 17:01:00 +0530,462800,33.5,21.3,35.56,34.65
2021-10-31 17:01:30 +0530,462801,30.5,20.7,35.63,34.61
2021-10-31 17:02:00 +0530,462802,35.1,23.4,35.66,34.59
2021-10-31 17:02:30 +0530,462803,39.0,24.2,35.66,34.55
2021-10-31 17:03:00 +0530,462804,51.7,25.2,35.79,34.53
2021-10-31 17:03:30 +0530,462805,41.1,20.1,35.99,34.51
2021-10-31 17:04:00 +0530,462806,54.7,22.5,36.06,34.49
2021-10-31 17:04:30 +0530,462807,49.2,25.0,35.96,34.5
2021-10-31 17:05:00 +0530,462808,47.7,25.3,35.96,34.51
2021-10-31 17:05:30 +0530,462809,49.8,24.7,35.96,34.52
2021-10-31 17:06:00 +0530,462810,37.1,22.9,36.16,34.52
2021-10-31 17:06:30 +0530,462811,37.1,24.1,36.2,34.54
2021-10-31 17:07:00 +0530,462812,77.4,29.1,36.3,34.55
2021-10-31 17:07:30 +0530,462813,55.8,24.9,36.2,34.57
2021-10-31 17:08:00 +0530,462814,38.6,22.5,36.16,34.57
2021-10-31 17:08:30 +0530,462815,170.8,40.8,36.34,34.59
2021-10-31 17:09:00 +0530,462816,52.5,25.8,36.16,34.59
2021-10-31 17:09:30 +0530,462817,33.8,22.9,36.06,34.6
2021-10-31 17:10:00 +0530,462818,37.6,23.0,36.13,34.61
2021-10-31 17:10:30 +0530,462819,33.7,21.1,36.1,34.61
2021-10-31 17:11:00 +0530,462820,33.4,22.1,36.1,34.62
2021-10-31 17:11:30 +0530,462821,30.3,17.8,36.16,34.57
2021-10-31 17:12:00 +0530,462822,28.5,22.3,36.16,34.6
2021-10-31 17:12:30 +0530,462823,31.3,18.0,36.37,34.59
2021-10-31 17:13:00 +0530,462824,38.5,23.0,35.89,34.6
2021-10-31 17:13:30 +0530,462825,43.1,20.6,35.96,34.55
2021-10-31 17:14:00 +0530,462826,65.7,23.7,35.96,34.52
2021-10-31 17:14:30 +0530,462827,48.3,23.3,35.89,34.51
2021-10-31 17:15:00 +0530,462828,37.8,22.8,35.82,34.48
2021-10-31 17:15:30 +0530,462829,42.4,22.7,35.89,34.47
2021-10-31 17:16:00 +0530,462830,26.4,20.3,35.98,34.42
2021-10-31 17:16:30 +0530,462831,48.8,21.5,36.08,34.39
2021-10-31 17:17:00 +0530,462832,51.6,26.7,36.14,34.36
2021-10-31 17:17:30 +0530,462833,84.9,30.0,36.31,34.35
2021-10-31 17:18:00 +0530,462834,69.0,28.8,36.49,34.34
2021-10-31 17:18:30 +0530,462835,77.2,32.7,36.66,34.35
2021-10-31 17:19:00 +0530,462836,53.1,25.1,36.62,34.33
2021-10-31 17:19:30 +0530,462837,79.5,31.9,36.59,34.33
2021-10-31 17:20:00 +0530,462838,29.8,20.1,36.35,34.32
2021-10-31 17:20:30 +0530,462839,56.0,24.4,36.21,34.32
2021-10-31 17:21:00 +0530,462840,39.6,23.4,36.11,34.3
2021-10-31 17:21:30 +0530,462841,50.6,26.7,36.56,34.26
2021-10-31 17:22:00 +0530,462842,38.0,22.5,36.26,34.25
2021-10-31 17:22:30 +0530,462843,41.9,21.9,36.3,34.22
2021-10-31 17:23:00 +0530,462844,36.8,22.6,36.37,34.2
2021-10-31 17:23:30 +0530,462845,47.8,24.2,36.43,34.18
2021-10-31 17:24:00 +0530,462846,38.8,22.6,36.3,34.16
2021-10-31 17:24:30 +0530,462847,45.9,22.3,36.5,34.11
2021-10-31 17:25:00 +0530,462848,44.4,25.9,36.51,34.11
2021-10-31 17:25:30 +0530,462849,41.3,25.2,36.85,34.11
2021-10-31 17:26:00 +0530,462850,49.0,28.7,36.92,34.11
2021-10-31 17:26:30 +0530,462851,67.3,47.8,36.98,34.11
2021-10-31 17:27:00 +0530,462852,83.5,60.1,36.95,34.12
2021-10-31 17:27:30 +0530,462853,54.8,39.7,36.95,34.14
2021-10-31 17:28:00 +0530,462854,40.8,27.2,36.5,34.16
2021-10-31 17:28:30 +0530,462855,40.1,25.8,36.4,34.16
2021-10-31 17:29:00 +0530,462856,50.7,21.9,36.99,33.99
2021-10-31 17:29:30 +0530,462857,46.6,25.3,37.37,34.03
2021-10-31 17:30:00 +0530,462858,40.3,28.3,37.43,34.06
2021-10-31 17:30:30 +0530,462859,41.9,26.2,37.2,34.07
2021-10-31 17:31:00 +0530,462860,33.2,21.7,36.99,34.06
2021-10-31 17:31:30 +0530,462861,36.5,26.0,36.99,34.07
2021-10-31 17:32:00 +0530,462862,40.8,27.4,36.96,34.07
2021-10-31 17:32:30 +0530,462863,39.0,25.2,36.99,34.07
2021-10-31 17:33:00 +0530,462864,39.9,30.9,37.03,34.08
2021-10-31 17:33:30 +0530,462865,40.9,28.9,36.89,34.08
2021-10-31 17:34:00 +0530,462866,47.4,28.4,37.13,34.08
2021-10-31 17:34:30 +0530,462867,69.3,47.1,37.09,34.06
2021-10-31 17:35:00 +0530,462868,40.8,29.9,36.79,34.06
2021-10-31 17:35:30 +0530,462869,45.7,35.2,36.85,34.04
2021-10-31 17:36:00 +0530,462870,39.6,30.7,36.96,34.03
2021-10-31 17:36:30 +0530,462871,42.8,34.4,37.09,34.02
2021-10-31 17:37:00 +0530,462872,43.1,31.4,37.13,34.02
2021-10-31 17:37:30 +0530,462873,62.6,41.6,37.16,34.01
2021-10-31 17:38:00 +0530,462874,51.6,31.9,37.2,34.01
2021-10-31 17:38:30 +0530,462875,43.2,30.2,37.2,34.01
2021-10-31 17:39:00 +0530,462876,56.7,29.4,37.4,34.01
2021-10-31 17:39:30 +0530,462877,61.8,28.1,37.46,34.01
2021-10-31 17:40:00 +0530,462878,57.0,31.3,37.5,34.01
2021-10-31 17:40:30 +0530,462879,47.8,30.6,37.46,34.01
2021-10-31 17:41:00 +0530,462880,49.8,27.5,37.03,34.01
2021-10-31 17:41:30 +0530,462881,43.7,24.8,36.79,33.99
2021-10-31 17:42:00 +0530,462882,47.9,27.6,36.89,33.95
2021-10-31 17:42:30 +0530,462883,53.7,29.2,36.89,33.93
2021-10-31 17:43:00 +0530,462884,65.7,29.4,36.98,33.91
2021-10-31 17:43:30 +0530,462885,85.1,32.5,37.75,33.91
2021-10-31 17:44:00 +0530,462886,93.9,31.7,38.1,33.9
2021-10-31 17:44:30 +0530,462887,76.1,33.7,37.89,33.89
2021-10-31 17:45:00 +0530,462888,84.0,34.3,38.06,33.89
2021-10-31 17:45:30 +0530,462889,69.4,30.7,37.99,33.89
2021-10-31 17:46:00 +0530,462890,80.6,34.4,38.2,33.88
2021-10-31 17:46:30 +0530,462891,37.0,22.9,38.4,33.83
2021-10-31 17:47:00 +0530,462892,44.7,27.1,37.55,33.83
2021-10-31 17:47:30 +0530,462893,48.6,26.9,37.24,33.82
2021-10-31 17:48:00 +0530,462894,62.3,25.1,37.5,33.76
2021-10-31 17:48:30 +0530,462895,52.6,26.6,37.43,33.76
2021-10-31 17:49:00 +0530,462896,44.8,28.4,37.29,33.76
2021-10-31 17:49:30 +0530,462897,43.6,26.2,37.23,33.76
2021-10-31 17:50:00 +0530,462898,42.3,21.4,37.5,33.72
2021-10-31 17:50:30 +0530,462899,56.4,28.0,37.73,33.72
2021-10-31 17:51:00 +0530,462900,59.0,29.1,37.98,33.72
2021-10-31 17:51:30 +0530,462901,63.4,29.4,38.31,33.73
2021-10-31 17:52:00 +0530,462902,35.9,24.8,38.21,33.7
2021-10-31 17:52:30 +0530,462903,54.6,23.1,38.41,33.66
2021-10-31 17:53:00 +0530,462904,43.5,26.5,37.73,33.66
2021-10-31 17:53:30 +0530,462905,51.4,27.8,37.53,33.65
2021-10-31 17:54:00 +0530,462906,51.0,27.9,37.53,33.65
2021-10-31 17:54:30 +0530,462907,42.3,23.8,37.9,33.43
2021-10-31 17:55:00 +0530,462908,46.9,26.7,37.88,33.47
2021-10-31 17:55:30 +0530,462909,39.1,22.5,37.92,33.46
2021-10-31 17:56:00 +0530,462910,66.6,30.4,38.02,33.46
2021-10-31 17:56:30 +0530,462911,76.0,30.1,38.4,33.48
2021-10-31 17:57:00 +0530,462912,61.0,28.6,38.67,33.49
2021-10-31 17:57:30 +0530,462913,58.1,25.1,38.43,33.46
2021-10-31 17:58:00 +0530,462914,66.1,29.8,38.6,33.48
2021-10-31 17:58:30 +0530,462915,48.6,26.3,38.26,33.49
2021-10-31 17:59:00 +0530,462916,47.1,25.8,37.95,33.5
2021-10-31 17:59:30 +0530,462917,51.5,27.1,38.09,33.5
2021-10-31 18:00:00 +0530,462918,60.4,29.3,38.46,33.5
2021-10-31 18:00:30 +0530,462919,62.3,29.9,38.8,33.5
2021-10-31 18:01:00 +0530,462920,74.3,29.9,38.84,33.51
2021-10-31 18:01:30 +0530,462921,36.0,21.3,38.8,33.49
2021-10-31 18:02:00 +0530,462922,57.9,27.0,38.23,33.5
2021-10-31 18:02:30 +0530,462923,71.1,28.8,38.3,33.51
2021-10-31 18:03:00 +0530,462924,62.2,28.3,38.67,33.5
2021-10-31 18:03:30 +0530,462925,65.3,28.8,38.7,33.5
2021-10-31 18:04:00 +0530,462926,51.9,26.4,38.09,33.49
2021-10-31 18:04:30 +0530,462927,49.4,25.7,37.85,33.48
2021-10-31 18:05:00 +0530,462928,79.5,31.9,38.19,33.47
2021-10-31 18:05:30 +0530,462929,68.8,32.1,38.94,33.46
2021-10-31 18:06:00 +0530,462930,61.5,31.8,39.17,33.46
2021-10-31 18:06:30 +0530,462931,58.6,30.9,38.8,33.46
2021-10-31 18:07:00 +0530,462932,88.6,35.0,39.38,33.45
2021-10-31 18:07:30 +0530,462933,63.8,28.1,39.26,33.42
2021-10-31 18:08:00 +0530,462934,89.6,33.6,39.16,33.42
2021-10-31 18:08:30 +0530,462935,73.5,31.0,38.75,33.42
2021-10-31 18:09:00 +0530,462936,48.5,27.8,38.17,33.41
2021-10-31 18:09:30 +0530,462937,62.5,27.9,38.48,33.4
2021-10-31 18:10:00 +0530,462938,73.8,30.2,39.09,33.4
2021-10-31 18:10:30 +0530,462939,73.8,30.8,39.46,33.38
2021-10-31 18:11:00 +0530,462940,56.7,29.6,39.16,33.37
2021-10-31 18:11:30 +0530,462941,58.4,28.0,38.72,33.37
2021-10-31 18:12:00 +0530,462942,43.4,26.9,38.48,33.36
2021-10-31 18:12:30 +0530,462943,38.3,23.1,38.72,33.32
2021-10-31 18:13:00 +0530,462944,43.8,22.6,38.88,33.29
2021-10-31 18:13:30 +0530,462945,43.3,26.5,38.58,33.29
2021-10-31 18:14:00 +0530,462946,60.4,24.0,38.75,33.26
2021-10-31 18:14:30 +0530,462947,65.6,30.3,39.27,33.25
2021-10-31 18:15:00 +0530,462948,83.1,32.5,39.66,33.26
2021-10-31 18:15:30 +0530,462949,64.9,30.9,39.7,33.26
2021-10-31 18:16:00 +0530,462950,41.1,25.2,38.62,33.26
2021-10-31 18:16:30 +0530,462951,49.8,25.4,38.46,33.22
2021-10-31 18:17:00 +0530,462952,48.0,25.6,38.46,33.22
2021-10-31 18:17:30 +0530,462953,43.9,23.4,38.94,33.04
2021-10-31 18:18:00 +0530,462954,35.5,22.7,39.01,33.04
2021-10-31 18:18:30 +0530,462955,39.3,25.6,38.98,33.08
2021-10-31 18:19:00 +0530,462956,52.5,28.1,39.23,33.12
2021-10-31 18:19:30 +0530,462957,48.5,26.6,38.86,33.14
2021-10-31 18:20:00 +0530,462958,60.9,29.7,39.4,33.15
2021-10-31 18:20:30 +0530,462959,60.9,29.7,39.4,33.15
2021-10-31 18:21:00 +0530,462960,73.3,31.6,39.96,33.07
2021-10-31 18:21:30 +0530,462961,69.6,31.2,39.96,33.08
2021-10-31 18:22:00 +0530,462962,47.7,26.4,39.22,33.07
2021-10-31 18:22:30 +0530,462963,43.8,22.6,39.28,33.05
2021-10-31 18:23:00 +0530,462964,40.6,26.0,38.98,33.07
2021-10-31 18:23:30 +0530,462965,43.7,26.5,38.98,33.07
2021-10-31 18:24:00 +0530,462966,58.8,27.8,39.15,33.07
2021-10-31 18:24:30 +0530,462967,47.3,26.7,39.25,33.06
2021-10-31 18:25:00 +0530,462968,34.0,11.7,39.65,33.02
2021-10-31 18:25:30 +0530,462969,54.1,28.2,39.49,33.04
2021-10-31 18:26:00 +0530,462970,43.3,22.5,39.39,33.02
2021-10-31 18:26:30 +0530,462971,41.7,25.7,39.15,33.01
2021-10-31 18:27:00 +0530,462972,51.0,28.4,39.18,33.01
2021-10-31 18:27:30 +0530,462973,42.9,27.2,39.22,33.02
2021-10-31 18:28:00 +0530,462974,42.7,26.7,39.04,33.03
2021-10-31 18:28:30 +0530,462975,43.6,20.9,39.04,33.01
2021-10-31 18:29:00 +0530,462976,42.3,26.2,39.11,33.02
2021-10-31 18:29:30 +0530,462977,41.7,25.4,38.94,33.02
2021-10-31 18:30:00 +0530,462978,49.2,26.1,38.91,33.02
2021-10-31 18:30:30 +0530,462979,48.5,26.6,39.01,33.01
2021-10-31 18:31:00 +0530,462980,47.6,27.2,39.04,33.0
2021-10-31 18:31:30 +0530,462981,42.4,26.8,39.04,33.0
2021-10-31 18:32:00 +0530,462982,41.7,25.8,39.04,33.0
2021-10-31 18:32:30 +0530,462983,39.9,25.2,38.91,32.99
2021-10-31 18:33:00 +0530,462984,47.6,26.0,38.98,32.97
2021-10-31 18:33:30 +0530,462985,49.5,28.3,39.08,32.94
2021-10-31 18:34:00 +0530,462986,39.2,25.2,38.98,32.93
2021-10-31 18:34:30 +0530,462987,65.3,31.9,39.22,32.91
2021-10-31 18:35:00 +0530,462988,54.1,29.1,39.18,32.92
2021-10-31 18:35:30 +0530,462989,44.8,29.2,39.15,32.92
2021-10-31 18:36:00 +0530,462990,45.7,29.7,39.11,32.93
2021-10-31 18:36:30 +0530,462991,51.2,33.8,39.04,32.93
2021-10-31 18:37:00 +0530,462992,47.4,32.4,39.11,32.92
2021-10-31 18:37:30 +0530,462993,48.0,32.6,39.11,32.92
2021-10-31 18:38:30 +0530,462994,48.3,29.7,39.53,32.76
2021-10-31 18:39:00 +0530,462995,39.0,26.3,39.28,32.76
2021-10-31 18:39:30 +0530,462996,43.4,29.8,39.4,32.82
2021-10-31 18:40:00 +0530,462997,43.9,23.3,39.36,32.82
2021-10-31 18:40:30 +0530,462998,34.1,23.9,39.4,32.82
2021-10-31 18:41:00 +0530,462999,49.2,28.0,39.47,32.85
2021-10-31 18:41:30 +0530,463000,44.0,27.1,39.3,32.85
2021-10-31 18:42:00 +0530,463001,42.2,28.2,39.36,32.85
2021-10-31 18:43:00 +0530,463003,37.7,24.7,39.3,32.87
2021-10-31 18:43:30 +0530,463004,36.6,23.9,39.2,32.86
2021-10-31 18:44:00 +0530,463005,45.5,25.1,39.23,32.85
2021-10-31 18:44:30 +0530,463002,47.4,23.9,39.57,32.77
2021-10-31 18:45:00 +0530,463006,53.1,32.1,39.5,32.78
2021-10-31 18:45:30 +0530,463007,42.1,24.3,39.65,32.67
2021-10-31 18:46:00 +0530,463008,42.3,26.3,39.45,32.7
2021-10-31 18:46:30 +0530,463009,47.3,27.1,39.48,32.71
2021-10-31 18:47:00 +0530,463010,55.2,25.8,39.52,32.7
2021-10-31 18:47:30 +0530,463011,42.9,28.2,39.52,32.72
2021-10-31 18:48:00 +0530,463012,45.7,27.7,39.52,32.74
2021-10-31 18:48:30 +0530,463013,39.3,26.7,39.5,32.76
2021-10-31 18:49:00 +0530,463014,49.8,28.4,39.3,32.77
2021-10-31 18:49:30 +0530,463015,50.5,31.1,39.4,32.77
2021-10-31 18:50:00 +0530,463016,49.4,30.1,39.47,32.77
2021-10-31 18:50:30 +0530,463017,185.5,43.2,39.67,32.78
2021-10-31 18:51:00 +0530,463018,45.0,23.9,39.67,32.77
2021-10-31 18:51:30 +0530,463019,61.0,28.7,39.74,32.77
2021-10-31 18:52:00 +0530,463020,41.8,27.4,39.47,32.78
2021-10-31 18:52:30 +0530,463021,51.2,29.7,39.5,32.78
2021-10-31 18:53:00 +0530,463022,65.5,31.2,39.84,32.78
2021-10-31 18:53:30 +0530,463023,81.6,36.1,40.11,32.78
2021-10-31 18:54:00 +0530,463024,51.6,29.7,39.77,32.79
2021-10-31 18:54:30 +0530,463025,32.6,22.8,39.67,32.78
2021-10-31 18:55:00 +0530,463026,43.4,27.9,39.57,32.77
2021-10-31 18:55:30 +0530,463027,54.9,31.1,39.6,32.78
2021-10-31 18:56:00 +0530,463028,54.5,30.2,39.67,32.81
2021-10-31 18:56:30 +0530,463029,51.4,28.2,39.47,32.81
2021-10-31 18:57:00 +0530,463030,54.8,30.4,39.4,32.81
2021-10-31 18:57:30 +0530,463031,55.2,30.4,39.43,32.79
2021-10-31 18:58:00 +0530,463032,43.2,24.6,39.52,32.75
2021-10-31 18:58:30 +0530,463033,46.9,29.6,39.53,32.75
2021-10-31 18:59:00 +0530,463034,78.7,34.8,40.01,32.76
2021-10-31 18:59:30 +0530,463035,60.2,30.8,39.74,32.76
2021-10-31 19:00:00 +0530,463036,59.3,31.4,39.71,32.76
2021-10-31 19:00:30 +0530,463037,50.5,31.6,39.81,32.76
2021-10-31 19:01:00 +0530,463038,54.5,29.7,39.81,32.76
2021-10-31 19:01:30 +0530,463039,50.2,30.3,39.71,32.77
2021-10-31 19:02:00 +0530,463040,48.2,29.9,39.64,32.78
2021-10-31 19:02:30 +0530,463041,49.5,30.2,39.64,32.77
2021-10-31 19:03:00 +0530,463042,48.1,28.4,39.47,32.77
2021-10-31 19:03:30 +0530,463043,54.3,29.1,39.47,32.77
2021-10-31 19:04:00 +0530,463044,111.7,38.6,39.92,32.73
2021-10-31 19:04:30 +0530,463045,53.4,25.6,39.95,32.7
2021-10-31 19:05:00 +0530,463046,71.3,32.1,39.88,32.7
2021-10-31 19:05:30 +0530,463047,72.8,35.7,39.92,32.7
2021-10-31 19:06:00 +0530,463048,55.7,29.8,39.65,32.7
2021-10-31 19:06:30 +0530,463049,41.4,27.9,39.48,32.7
2021-10-31 19:07:00 +0530,463050,58.7,30.8,39.65,32.68
2021-10-31 19:07:30 +0530,463051,68.1,33.1,39.72,32.66
2021-10-31 19:08:00 +0530,463052,57.2,32.3,40.23,32.6
2021-10-31 19:08:30 +0530,463053,67.0,36.8,40.6,32.61
2021-10-31 19:09:00 +0530,463054,57.0,31.3,40.19,32.61
2021-10-31 19:09:30 +0530,463055,54.6,30.3,39.88,32.6
2021-10-31 19:10:00 +0530,463056,71.2,35.3,40.46,32.59
2021-10-31 19:10:30 +0530,463057,74.2,29.8,40.56,32.58
2021-10-31 19:11:00 +0530,463058,84.1,42.2,40.87,32.59
2021-10-31 19:11:30 +0530,463059,102.0,36.0,41.0,32.58
2021-10-31 19:12:00 +0530,463060,56.6,32.9,40.53,32.59
2021-10-31 19:12:30 +0530,463061,48.5,30.0,40.02,32.59
2021-10-31 19:13:00 +0530,463062,56.5,31.3,40.02,32.58
2021-10-31 19:13:30 +0530,463063,33.9,21.9,40.24,32.54
2021-10-31 19:14:00 +0530,463064,48.8,29.9,39.94,32.55
2021-10-31 19:14:30 +0530,463065,56.7,29.9,39.94,32.55
2021-10-31 19:15:00 +0530,463066,40.7,23.3,40.01,32.49
2021-10-31 19:15:30 +0530,463067,44.7,27.9,39.87,32.49
2021-10-31 19:16:00 +0530,463068,51.6,29.6,39.91,32.47
2021-10-31 19:16:30 +0530,463069,53.1,28.8,39.97,32.47
2021-10-31 19:17:00 +0530,463070,49.6,26.7,40.04,32.44
2021-10-31 19:17:30 +0530,463071,54.5,29.6,40.01,32.44
2021-10-31 19:18:00 +0530,463072,50.1,29.3,39.91,32.45
2021-10-31 19:18:30 +0530,463073,76.3,33.3,40.31,32.45
2021-10-31 19:19:00 +0530,463074,52.1,31.2,40.21,32.45
2021-10-31 19:19:30 +0530,463075,43.3,24.7,40.17,32.43
2021-10-31 19:20:00 +0530,463076,46.0,28.8,40.1,32.44
2021-10-31 19:20:30 +0530,463077,40.4,28.4,40.01,32.45
2021-10-31 19:21:00 +0530,463078,54.5,31.7,40.21,32.46
2021-10-31 19:21:30 +0530,463079,39.6,27.9,40.07,32.44
2021-10-31 19:22:00 +0530,463080,42.6,28.0,39.87,32.44
2021-10-31 19:22:30 +0530,463081,73.0,33.6,40.24,32.43
2021-10-31 19:23:01 +0530,463082,63.4,35.2,40.52,32.42
2021-10-31 19:23:30 +0530,463083,70.1,34.4,40.71,32.42
2021-10-31 19:24:00 +0530,463084,77.3,34.1,40.48,32.43
2021-10-31 19:24:30 +0530,463085,44.4,27.6,40.14,32.42
2021-10-31 19:25:00 +0530,463086,55.1,30.2,40.07,32.42
2021-10-31 19:25:30 +0530,463087,55.4,30.1,40.14,32.41
2021-10-31 19:26:00 +0530,463088,54.2,31.7,40.27,32.42
2021-10-31 19:26:30 +0530,463089,60.9,33.4,40.41,32.42
2021-10-31 19:27:00 +0530,463090,57.6,31.5,40.27,32.43
2021-10-31 19:27:30 +0530,463091,48.2,30.3,40.14,32.43
2021-10-31 19:28:00 +0530,463092,53.5,26.1,40.12,32.41
2021-10-31 19:28:30 +0530,463093,56.8,32.1,40.33,32.41
2021-10-31 19:29:00 +0530,463094,59.8,32.1,40.26,32.41
2021-10-31 19:29:30 +0530,463095,55.3,29.3,39.95,32.41
2021-10-31 19:30:00 +0530,463096,53.4,29.6,39.95,32.41
2021-10-31 19:30:30 +0530,463097,38.7,25.8,40.15,32.35
2021-10-31 19:31:00 +0530,463098,58.4,30.2,40.12,32.34
2021-10-31 19:31:30 +0530,463099,48.9,29.2,40.19,32.34
2021-10-31 19:32:00 +0530,463100,85.7,35.7,40.63,32.35
2021-10-31 19:32:30 +0530,463101,44.7,26.2,40.56,32.33
2021-10-31 19:33:00 +0530,463102,53.1,31.1,40.33,32.33
2021-10-31 19:33:30 +0530,463103,51.9,30.6,40.33,32.33
2021-10-31 19:34:00 +0530,463104,47.9,29.4,40.26,32.33
2021-10-31 19:34:30 +0530,463105,43.9,27.7,40.19,32.34
2021-10-31 19:35:00 +0530,463106,42.9,26.2,40.22,32.31
2021-10-31 19:35:30 +0530,463107,85.7,35.9,40.56,32.31
2021-10-31 19:36:00 +0530,463108,63.6,32.2,40.52,32.31
2021-10-31 19:36:30 +0530,463109,68.1,34.4,40.49,32.33
2021-10-31 19:37:00 +0530,463110,51.8,31.1,40.49,32.34
2021-10-31 19:37:30 +0530,463111,46.4,24.5,40.33,32.32
2021-10-31 19:38:00 +0530,463112,52.6,32.7,40.26,32.33
2021-10-31 19:38:30 +0530,463113,50.7,30.2,40.29,32.32
2021-10-31 19:39:00 +0530,463114,45.5,29.3,40.19,32.33
2021-10-31 19:39:30 +0530,463115,54.9,29.8,40.12,32.32
2021-10-31 19:40:00 +0530,463116,47.8,29.6,40.15,32.31
2021-10-31 19:40:30 +0530,463117,51.5,30.1,40.19,32.3
2021-10-31 19:41:00 +0530,463118,46.1,30.3,40.19,32.3
2021-10-31 19:41:30 +0530,463119,56.0,27.1,40.22,32.26
2021-10-31 19:42:00 +0530,463120,50.0,30.9,40.26,32.26
2021-10-31 19:42:30 +0530,463121,48.8,28.8,40.29,32.26
2021-10-31 19:43:00 +0530,463122,53.6,31.1,40.33,32.26
2021-10-31 19:43:30 +0530,463123,64.8,32.8,40.39,32.25
2021-10-31 19:44:00 +0530,463124,64.5,33.9,40.39,32.24
2021-10-31 19:44:30 +0530,463125,46.5,24.8,40.44,32.2
2021-10-31 19:45:00 +0530,463126,49.0,30.0,40.4,32.2
2021-10-31 19:46:00 +0530,463127,48.9,27.6,40.61,32.1
2021-10-31 19:46:30 +0530,463128,50.7,29.8,40.54,32.13
2021-10-31 19:47:00 +0530,463129,43.2,26.2,40.61,32.11
2021-10-31 19:47:30 +0530,463130,58.9,31.2,40.54,32.12
2021-10-31 19:48:00 +0530,463131,46.1,30.9,40.47,32.12
2021-10-31 19:48:30 +0530,463132,54.0,27.4,40.61,32.08
2021-10-31 19:49:00 +0530,463133,60.0,31.5,40.71,32.08
2021-10-31 19:49:30 +0530,463134,59.4,31.7,40.75,32.08
2021-10-31 19:50:00 +0530,463135,54.7,31.1,40.71,32.08
2021-10-31 19:50:30 +0530,463136,50.7,30.2,40.68,32.08
2021-10-31 19:51:00 +0530,463137,54.8,29.8,40.61,32.08
2021-10-31 19:51:30 +0530,463138,53.5,29.8,40.61,32.09
2021-10-31 19:52:00 +0530,463139,47.7,26.6,40.62,32.04
2021-10-31 19:52:30 +0530,463140,55.6,30.9,40.62,32.03
2021-10-31 19:53:00 +0530,463141,68.9,36.0,41.02,32.01
2021-10-31 19:53:30 +0530,463142,81.4,37.0,41.16,32.02
2021-10-31 19:54:00 +0530,463143,53.8,31.5,40.78,32.04
2021-10-31 19:54:30 +0530,463144,53.3,30.1,40.78,32.07
2021-10-31 19:55:00 +0530,463145,59.3,31.6,40.72,32.08
2021-10-31 19:55:30 +0530,463146,56.0,31.8,40.75,32.08
2021-10-31 19:56:00 +0530,463147,57.1,34.1,40.91,32.09
2021-10-31 19:56:30 +0530,463148,53.6,31.5,40.54,32.1
2021-10-31 19:57:00 +0530,463149,77.7,37.1,40.61,32.1
2021-10-31 19:57:30 +0530,463150,53.4,32.4,40.61,32.1
2021-10-31 19:58:00 +0530,463151,61.1,32.4,40.54,32.1
2021-10-31 19:58:30 +0530,463152,59.1,37.9,40.64,32.09
2021-10-31 19:59:00 +0530,463153,60.6,34.9,40.61,32.09
2021-10-31 19:59:30 +0530,463154,56.2,30.2,40.65,32.05
2021-10-31 20:00:00 +0530,463155,56.2,30.6,40.65,32.05
2021-10-31 20:00:30 +0530,463156,40.8,28.9,41.0,31.85
2021-10-31 20:01:00 +0530,463157,45.5,30.3,40.75,31.9
2021-10-31 20:01:30 +0530,463158,46.7,30.2,40.72,31.93
2021-10-31 20:02:00 +0530,463159,46.7,29.8,40.45,31.95
2021-10-31 20:02:30 +0530,463160,46.8,29.4,40.35,31.96
2021-10-31 20:03:00 +0530,463161,43.4,29.7,40.45,31.97
2021-10-31 20:03:30 +0530,463162,66.7,32.4,40.65,31.97
2021-10-31 20:04:00 +0530,463163,53.1,27.8,40.65,31.95
2021-10-31 20:04:30 +0530,463164,46.7,26.6,40.42,31.94
2021-10-31 20:05:00 +0530,463165,49.2,29.2,40.38,31.94
2021-10-31 20:05:30 +0530,463166,51.4,32.8,40.38,31.93
2021-10-31 20:06:00 +0530,463167,46.1,28.8,40.38,31.93
2021-10-31 20:06:30 +0530,463168,45.2,29.1,40.45,31.92
2021-10-31 20:07:00 +0530,463169,45.2,29.1,40.45,31.92
2021-10-31 20:07:30 +0530,463170,45.6,26.2,40.87,31.74
2021-10-31 20:08:00 +0530,463171,46.7,30.0,40.7,31.79
2021-10-31 20:08:30 +0530,463172,41.2,29.8,40.63,31.82
2021-10-31 20:09:00 +0530,463173,48.4,30.4,40.6,31.84
2021-10-31 20:09:30 +0530,463174,46.2,31.4,40.53,31.86
2021-10-31 20:10:00 +0530,463175,47.4,29.0,40.36,31.87
2021-10-31 20:10:30 +0530,463176,43.8,28.6,40.36,31.86
2021-10-31 20:11:00 +0530,463177,43.6,28.2,40.23,31.85
2021-10-31 20:11:30 +0530,463178,36.6,26.9,40.39,31.81
2021-10-31 20:12:00 +0530,463179,50.3,29.6,40.43,31.82
2021-10-31 20:12:30 +0530,463180,50.2,29.8,40.43,31.82
2021-10-31 20:13:00 +0530,463181,35.8,25.3,40.03,31.82
2021-10-31 20:13:30 +0530,463182,40.5,27.1,40.06,31.8
2021-10-31 20:14:00 +0530,463183,46.7,29.4,40.13,31.78
2021-10-31 20:14:30 +0530,463184,47.2,29.3,40.26,31.75
2021-10-31 20:15:00 +0530,463185,43.3,23.1,40.23,31.71
2021-10-31 20:15:30 +0530,463186,46.6,29.1,40.34,31.7
2021-10-31 20:16:00 +0530,463187,43.9,28.7,40.34,31.7
2021-10-31 20:16:30 +0530,463188,42.0,28.4,40.23,31.7
2021-10-31 20:17:00 +0530,463189,46.6,28.1,40.1,31.69
2021-10-31 20:17:30 +0530,463190,44.3,28.7,40.17,31.69
2021-10-31 20:18:00 +0530,463191,35.2,24.1,40.2,31.66
2021-10-31 20:18:30 +0530,463192,45.0,28.5,40.13,31.64
2021-10-31 20:19:00 +0530,463193,47.8,28.3,40.17,31.64
2021-10-31 20:19:30 +0530,463194,53.1,29.9,40.34,31.64
2021-10-31 20:20:00 +0530,463195,38.1,24.1,40.37,31.63
2021-10-31 20:20:30 +0530,463196,46.6,28.4,40.1,31.63
2021-10-31 20:21:00 +0530,463197,46.7,28.4,40.1,31.63
2021-10-31 20:22:00 +0530,463198,40.9,25.7,40.52,31.43
2021-10-31 20:22:30 +0530,463199,42.1,28.2,40.46,31.48
2021-10-31 20:23:00 +0530,463200,38.1,24.8,40.39,31.5
2021-10-31 20:23:30 +0530,463201,42.7,28.8,40.32,31.53
2021-10-31 20:24:00 +0530,463202,45.9,29.7,40.54,31.56
2021-10-31 20:24:30 +0530,463203,56.6,31.9,40.51,31.57
2021-10-31 20:25:00 +0530,463204,51.9,30.1,40.47,31.59
2021-10-31 20:25:30 +0530,463205,43.8,28.6,40.2,31.61
2021-10-31 20:26:00 +0530,463206,46.8,31.4,40.23,31.58
2021-10-31 20:26:30 +0530,463207,42.9,33.6,40.17,31.6
2021-10-31 20:27:00 +0530,463208,52.0,36.8,40.3,31.61
2021-10-31 20:27:30 +0530,463209,77.5,63.2,40.2,31.61
2021-10-31 20:28:00 +0530,463210,92.3,78.1,40.23,31.6
2021-10-31 20:28:30 +0530,463211,92.6,79.8,40.47,31.59
2021-10-31 20:29:00 +0530,463212,103.8,92.4,40.47,31.59
2021-10-31 20:29:30 +0530,463213,98.3,86.4,40.51,31.58
2021-10-31 20:30:00 +0530,463214,54.7,43.1,40.41,31.57
2021-10-31 20:30:30 +0530,463215,51.4,38.4,40.34,31.56
2021-10-31 20:31:00 +0530,463216,51.0,40.1,40.44,31.55
2021-10-31 20:31:30 +0530,463217,89.3,52.0,40.36,31.51
2021-10-31 20:32:00 +0530,463218,60.0,36.6,40.46,31.5
2021-10-31 20:32:30 +0530,463219,39.0,29.5,40.49,31.49
2021-10-31 20:33:00 +0530,463220,42.6,29.7,40.52,31.48
2021-10-31 20:33:30 +0530,463221,43.7,29.1,40.42,31.46
2021-10-31 20:34:00 +0530,463222,61.1,35.1,40.39,31.45
2021-10-31 20:34:30 +0530,463223,41.5,29.5,40.42,31.43
2021-10-31 20:35:00 +0530,463224,47.0,30.7,40.46,31.43
2021-10-31 20:35:30 +0530,463225,44.6,28.8,40.52,31.43
2021-10-31 20:36:00 +0530,463226,42.2,29.1,40.39,31.41
2021-10-31 20:36:30 +0530,463227,42.7,29.8,40.42,31.4
2021-10-31 20:37:00 +0530,463228,37.7,29.3,40.46,31.4
2021-10-31 20:37:30 +0530,463229,42.4,29.7,40.42,31.38
2021-10-31 20:38:00 +0530,463230,41.7,30.3,40.36,31.37
2021-10-31 20:38:30 +0530,463231,41.1,30.4,40.36,31.36
2021-10-31 20:39:00 +0530,463232,40.7,30.2,40.43,31.34
2021-10-31 20:39:30 +0530,463233,41.3,30.2,40.43,31.33
2021-10-31 20:40:00 +0530,463234,42.0,31.4,40.4,31.3
2021-10-31 20:40:30 +0530,463235,39.3,30.2,40.3,31.28
2021-10-31 20:41:00 +0530,463236,42.6,31.9,40.36,31.26
2021-10-31 20:41:30 +0530,463237,41.7,32.0,40.4,31.25
2021-10-31 20:42:00 +0530,463238,47.5,31.3,40.4,31.23
2021-10-31 20:42:30 +0530,463239,38.5,28.4,40.49,31.18
2021-10-31 20:43:00 +0530,463240,42.1,31.4,40.55,31.18
2021-10-31 20:43:30 +0530,463241,47.1,32.7,40.59,31.16
2021-10-31 20:44:00 +0530,463242,45.8,31.8,40.62,31.14
2021-10-31 20:44:30 +0530,463243,44.5,30.9,40.71,31.12
2021-10-31 20:45:00 +0530,463244,42.2,31.0,40.62,31.11
2021-10-31 20:45:30 +0530,463245,37.7,27.7,40.8,31.02
2021-10-31 20:46:00 +0530,463246,46.8,32.1,40.69,31.02
2021-10-31 20:46:30 +0530,463247,37.2,28.1,40.66,31.02
2021-10-31 20:47:00 +0530,463248,45.2,34.9,40.83,31.02
2021-10-31 20:47:30 +0530,463249,44.1,32.6,40.93,31.02
2021-10-31 20:48:00 +0530,463250,38.6,31.7,40.83,31.02
2021-10-31 20:48:30 +0530,463251,40.6,31.4,40.76,31.02
2021-10-31 20:49:00 +0530,463252,41.8,32.4,40.69,31.02
2021-10-31 20:49:30 +0530,463253,34.3,30.4,40.8,30.97
2021-10-31 20:50:00 +0530,463254,46.3,34.7,40.76,30.96
2021-10-31 20:50:30 +0530,463255,51.2,27.9,40.69,30.94
2021-10-31 20:51:00 +0530,463256,39.7,27.6,40.69,30.91
2021-10-31 20:51:30 +0530,463257,63.9,41.6,40.62,30.91
2021-10-31 20:52:00 +0530,463258,34.6,27.1,40.76,30.89
2021-10-31 20:52:30 +0530,463259,48.3,32.7,40.83,30.89
2021-10-31 20:53:00 +0530,463260,42.9,31.6,40.76,30.9
2021-10-31 20:53:30 +0530,463261,42.2,30.2,40.8,30.9
2021-10-31 20:54:00 +0530,463262,38.7,30.9,40.8,30.9
2021-10-31 20:54:30 +0530,463263,42.3,31.2,40.8,30.9
2021-10-31 20:55:00 +0530,463264,39.9,30.6,40.66,30.9
2021-10-31 20:55:30 +0530,463265,27.9,24.9,40.76,30.87
2021-10-31 20:56:00 +0530,463266,37.7,29.7,40.62,30.87
2021-10-31 20:56:30 +0530,463267,42.9,31.4,40.59,30.87
2021-10-31 20:57:00 +0530,463268,43.3,30.4,40.59,30.87
2021-10-31 20:57:30 +0530,463269,34.3,28.7,40.58,30.84
2021-10-31 20:58:00 +0530,463270,43.2,32.9,40.47,30.83
2021-10-31 20:58:30 +0530,463271,44.2,33.8,40.64,30.83
2021-10-31 20:59:00 +0530,463272,42.2,33.3,40.68,30.82
2021-10-31 20:59:30 +0530,463273,40.9,31.1,40.78,30.82
2021-10-31 21:00:00 +0530,463274,40.1,25.7,40.88,30.79
2021-10-31 21:00:30 +0530,463275,40.7,30.5,40.88,30.78
2021-10-31 21:01:00 +0530,463276,41.3,35.8,40.91,30.78
2021-10-31 21:01:30 +0530,463277,44.6,35.2,41.01,30.78
2021-10-31 21:02:00 +0530,463278,42.7,29.1,41.08,30.76
2021-10-31 21:02:30 +0530,463279,39.9,30.5,41.01,30.76
2021-10-31 21:03:00 +0530,463280,43.3,32.6,41.08,30.76
2021-10-31 21:03:30 +0530,463281,40.0,31.2,41.15,30.75
2021-10-31 21:04:00 +0530,463282,43.2,30.9,41.01,30.75
2021-10-31 21:04:30 +0530,463283,44.4,32.1,40.98,30.75
2021-10-31 21:05:00 +0530,463284,49.4,31.6,41.01,30.74
2021-10-31 21:05:30 +0530,463285,52.8,31.6,41.01,30.74
2021-10-31 21:06:00 +0530,463286,41.5,31.7,41.05,30.74
2021-10-31 21:06:30 +0530,463287,43.8,31.3,41.11,30.75
2021-10-31 21:07:00 +0530,463288,40.3,31.3,41.15,30.75
2021-10-31 21:07:30 +0530,463289,43.6,32.2,41.11,30.75
2021-10-31 21:08:00 +0530,463290,50.7,32.0,41.01,30.75
2021-10-31 21:08:30 +0530,463291,42.9,31.3,41.08,30.76
2021-10-31 21:09:00 +0530,463292,42.6,31.2,41.08,30.76
2021-10-31 21:09:30 +0530,463293,41.8,27.9,41.42,30.6
2021-10-31 21:10:00 +0530,463294,43.1,31.8,41.2,30.62
2021-10-31 21:10:30 +0530,463295,37.3,26.7,41.26,30.61
2021-10-31 21:11:00 +0530,463296,41.4,32.1,41.26,30.63
2021-10-31 21:11:30 +0530,463297,44.0,32.3,41.26,30.64
2021-10-31 21:12:00 +0530,463298,46.2,32.1,41.33,30.66
2021-10-31 21:12:30 +0530,463299,43.0,31.2,41.29,30.67
2021-10-31 21:13:00 +0530,463300,47.0,32.7,41.2,30.68
2021-10-31 21:13:30 +0530,463301,43.2,31.2,41.13,30.68
2021-10-31 21:14:00 +0530,463302,36.1,27.1,41.2,30.67
2021-10-31 21:14:30 +0530,463303,46.3,32.6,41.2,30.68
2021-10-31 21:15:00 +0530,463304,47.4,32.8,41.2,30.68
2021-10-31 21:15:30 +0530,463305,48.9,27.7,41.48,30.5
2021-10-31 21:16:00 +0530,463306,49.7,37.1,41.39,30.55
2021-10-31 21:16:30 +0530,463307,42.7,31.7,41.16,30.6
2021-10-31 21:17:00 +0530,463308,39.0,28.5,41.13,30.6
2021-10-31 21:17:30 +0530,463309,43.3,32.4,40.99,30.63
2021-10-31 21:18:00 +0530,463310,44.1,26.9,41.13,30.62
2021-10-31 21:18:30 +0530,463311,40.3,29.7,40.99,30.63
2021-10-31 21:19:00 +0530,463312,42.5,31.0,40.99,30.64
2021-10-31 21:19:30 +0530,463313,44.4,30.3,40.99,30.64
2021-10-31 21:20:00 +0530,463314,43.7,31.9,41.03,30.64
2021-10-31 21:20:30 +0530,463315,44.5,31.2,40.96,30.64
2021-10-31 21:21:00 +0530,463316,42.2,30.6,40.92,30.63
2021-10-31 21:21:30 +0530,463317,40.6,31.7,40.92,30.63
2021-10-31 21:22:00 +0530,463318,45.4,31.7,41.03,30.62
2021-10-31 21:22:30 +0530,463319,43.2,32.3,40.89,30.62
2021-10-31 21:23:00 +0530,463320,42.8,30.3,40.99,30.61
2021-10-31 21:23:30 +0530,463321,42.9,31.8,41.13,30.61
2021-10-31 21:24:00 +0530,463322,43.6,31.8,41.2,30.6
2021-10-31 21:24:30 +0530,463323,44.3,32.1,41.09,30.57
2021-10-31 21:25:00 +0530,463324,38.5,31.3,41.06,30.57
2021-10-31 21:25:30 +0530,463325,38.0,30.9,41.13,30.56
2021-10-31 21:26:00 +0530,463326,40.1,31.5,41.09,30.55
2021-10-31 21:26:30 +0530,463327,44.1,31.1,41.2,30.54
2021-10-31 21:27:00 +0530,463328,40.5,31.1,41.2,30.53
2021-10-31 21:27:30 +0530,463329,40.6,32.9,41.26,30.53
2021-10-31 21:28:00 +0530,463330,39.8,32.6,41.26,30.51
2021-10-31 21:28:30 +0530,463331,42.1,32.6,41.17,30.49
2021-10-31 21:29:00 +0530,463332,45.1,32.4,41.27,30.48
2021-10-31 21:29:30 +0530,463333,33.3,26.2,41.27,30.42
2021-10-31 21:30:00 +0530,463334,35.8,31.1,41.27,30.45
2021-10-31 21:30:30 +0530,463335,42.4,32.2,41.27,30.45
2021-10-31 21:31:00 +0530,463336,37.7,29.1,41.34,30.41
2021-10-31 21:31:30 +0530,463337,43.8,32.6,41.37,30.41
2021-10-31 21:32:00 +0530,463338,36.5,28.0,41.37,30.4
2021-10-31 21:32:30 +0530,463339,58.8,52.4,41.3,30.41
2021-10-31 21:33:00 +0530,463340,64.2,57.7,41.27,30.4
2021-10-31 21:33:30 +0530,463341,81.0,51.8,41.27,30.42
2021-10-31 21:34:00 +0530,463342,49.5,36.7,41.27,30.41
2021-10-31 21:34:30 +0530,463343,40.8,33.1,41.3,30.41
2021-10-31 21:35:00 +0530,463344,43.2,34.9,41.27,30.42
2021-10-31 21:35:30 +0530,463345,44.8,33.6,41.34,30.42
2021-10-31 21:36:00 +0530,463346,44.8,32.4,41.41,30.42
2021-10-31 21:36:30 +0530,463347,44.9,31.9,41.3,30.42
2021-10-31 21:37:00 +0530,463348,38.8,32.7,41.37,30.42
2021-10-31 21:37:30 +0530,463349,47.5,33.7,41.37,30.42
2021-10-31 21:38:00 +0530,463350,34.9,27.6,41.41,30.41
2021-10-31 21:38:30 +0530,463351,35.5,28.6,41.44,30.39
2021-10-31 21:39:00 +0530,463352,41.7,29.0,41.44,30.39
2021-10-31 21:40:00 +0530,463353,43.1,32.9,41.79,30.24
2021-10-31 21:40:30 +0530,463354,44.4,29.5,41.79,30.25
2021-10-31 21:41:00 +0530,463355,36.1,29.6,41.82,30.26
2021-10-31 21:41:30 +0530,463356,50.6,34.4,41.62,30.3
2021-10-31 21:42:00 +0530,463357,45.9,33.1,41.65,30.32
2021-10-31 21:42:30 +0530,463358,36.3,28.9,41.58,30.32
2021-10-31 21:43:00 +0530,463359,45.9,33.1,41.55,30.33
2021-10-31 21:43:30 +0530,463360,42.2,33.1,41.52,30.34
2021-10-31 21:44:00 +0530,463361,40.1,28.6,41.58,30.32
2021-10-31 21:44:30 +0530,463362,40.7,32.1,41.42,30.33
2021-10-31 21:45:00 +0530,463363,42.5,27.7,41.52,30.28
2021-10-31 21:45:30 +0530,463364,34.8,27.3,41.69,30.22
2021-10-31 21:46:00 +0530,463365,48.7,33.7,41.72,30.25
2021-10-31 21:46:30 +0530,463366,41.1,31.6,41.65,30.27
2021-10-31 21:47:00 +0530,463367,36.4,27.5,41.72,30.26
2021-10-31 21:47:30 +0530,463368,46.3,33.4,41.69,30.27
2021-10-31 21:48:00 +0530,463369,44.0,33.2,41.65,30.28
2021-10-31 21:48:30 +0530,463370,39.1,32.2,41.65,30.3
2021-10-31 21:49:00 +0530,463371,40.5,33.1,41.65,30.3
2021-10-31 21:49:30 +0530,463372,46.2,32.8,41.58,30.3
2021-10-31 21:50:00 +0530,463373,48.3,32.9,41.62,30.3
2021-10-31 21:50:30 +0530,463374,42.3,32.5,41.69,30.3
2021-10-31 21:51:00 +0530,463375,30.2,27.1,41.79,30.27
2021-10-31 21:51:30 +0530,463376,41.4,32.9,41.72,30.27
2021-10-31 21:52:00 +0530,463377,37.8,31.1,41.65,30.28
2021-10-31 21:52:30 +0530,463378,43.7,33.9,41.65,30.28
2021-10-31 21:53:00 +0530,463379,45.7,33.8,41.69,30.27
2021-10-31 21:53:30 +0530,463380,49.7,32.7,41.65,30.25
2021-10-31 21:54:00 +0530,463381,41.5,33.4,41.72,30.25
2021-10-31 21:54:30 +0530,463382,34.6,29.8,41.86,30.22
2021-10-31 21:55:00 +0530,463383,40.9,33.9,41.89,30.22
2021-10-31 21:55:30 +0530,463384,46.6,33.6,41.89,30.22
2021-10-31 21:56:00 +0530,463385,46.9,34.1,41.96,30.21
2021-10-31 21:56:30 +0530,463386,48.7,35.5,41.99,30.21
2021-10-31 21:57:00 +0530,463387,55.2,35.2,42.16,30.2
2021-10-31 21:57:30 +0530,463388,54.4,37.7,42.16,30.19
2021-10-31 21:58:00 +0530,463389,53.4,35.0,42.23,30.18
2021-10-31 21:58:30 +0530,463390,46.8,34.9,42.19,30.17
2021-10-31 21:59:00 +0530,463391,52.3,35.0,42.17,30.15
2021-10-31 21:59:30 +0530,463392,59.8,36.9,42.17,30.13
2021-10-31 22:00:00 +0530,463393,53.9,36.4,42.2,30.11
2021-10-31 22:00:30 +0530,463394,54.3,36.9,42.31,30.1
2021-10-31 22:01:00 +0530,463395,46.1,35.4,42.44,30.09
2021-10-31 22:01:30 +0530,463396,54.2,39.6,42.65,30.08
2021-10-31 22:02:00 +0530,463397,54.6,46.8,42.48,30.07
2021-10-31 22:02:30 +0530,463398,57.3,33.1,42.58,30.04
2021-10-31 22:03:00 +0530,463399,56.1,37.1,42.58,30.03
2021-10-31 22:03:30 +0530,463400,60.5,37.8,42.65,30.0
2021-10-31 22:04:00 +0530,463401,52.9,35.3,42.76,29.98
2021-10-31 22:04:30 +0530,463402,57.3,31.8,42.86,29.96
2021-10-31 22:05:00 +0530,463403,48.5,35.1,42.82,29.97
2021-10-31 22:05:30 +0530,463404,48.9,34.6,42.62,29.96
2021-10-31 22:06:00 +0530,463405,54.2,34.8,42.62,29.96
2021-10-31 22:06:30 +0530,463406,43.6,32.7,42.48,29.94
2021-10-31 22:07:00 +0530,463407,49.6,29.2,42.55,29.91
2021-10-31 22:07:30 +0530,463408,53.2,31.7,42.76,29.87
2021-10-31 22:08:00 +0530,463409,55.0,36.0,42.65,29.87
2021-10-31 22:08:30 +0530,463410,51.9,35.7,42.58,29.87
2021-10-31 22:09:00 +0530,463411,55.0,34.1,42.65,29.86
2021-10-31 22:09:30 +0530,463412,55.0,32.8,42.65,29.85
2021-10-31 22:10:00 +0530,463413,57.7,33.2,42.62,29.82
2021-10-31 22:10:30 +0530,463414,51.3,32.2,42.6,29.81
2021-10-31 22:11:00 +0530,463415,59.4,32.3,42.74,29.8
2021-10-31 22:11:30 +0530,463416,46.7,31.6,42.67,29.78
2021-10-31 22:12:00 +0530,463417,57.5,33.6,42.67,29.78
2021-10-31 22:12:30 +0530,463418,61.4,33.3,42.84,29.77
2021-10-31 22:13:00 +0530,463419,44.9,30.6,42.74,29.76
2021-10-31 22:13:30 +0530,463420,52.0,31.4,42.74,29.76
2021-10-31 22:14:00 +0530,463421,52.1,32.9,42.74,29.75
2021-10-31 22:14:30 +0530,463422,54.9,32.9,42.84,29.75
2021-10-31 22:15:00 +0530,463423,54.0,33.6,42.84,29.75
2021-10-31 22:15:30 +0530,463424,48.0,29.5,42.97,29.72
2021-10-31 22:16:00 +0530,463425,50.3,31.7,43.0,29.72
2021-10-31 22:16:30 +0530,463426,40.7,30.3,42.9,29.72
2021-10-31 22:17:00 +0530,463427,39.8,29.2,43.0,29.7
2021-10-31 22:17:30 +0530,463428,37.3,27.8,43.1,29.67
2021-10-31 22:18:00 +0530,463429,50.1,31.8,43.07,29.67
2021-10-31 22:18:30 +0530,463430,41.0,30.6,43.03,29.68
2021-10-31 22:19:00 +0530,463431,41.3,31.2,43.03,29.68
2021-10-31 22:19:30 +0530,463432,43.0,28.7,43.32,29.57
2021-10-31 22:20:00 +0530,463433,47.8,32.2,43.25,29.59
2021-10-31 22:20:30 +0530,463434,49.6,31.9,43.22,29.6
2021-10-31 22:21:00 +0530,463435,48.4,30.8,43.32,29.62
2021-10-31 22:21:30 +0530,463436,46.4,30.8,43.15,29.61
2021-10-31 22:22:00 +0530,463437,47.0,31.7,43.15,29.63
2021-10-31 22:22:30 +0530,463438,47.8,31.1,43.15,29.64
2021-10-31 22:23:00 +0530,463439,45.8,30.6,43.15,29.63
2021-10-31 22:23:30 +0530,463440,44.9,30.2,43.12,29.63
2021-10-31 22:24:00 +0530,463441,40.1,29.3,42.91,29.61
2021-10-31 22:24:30 +0530,463442,46.0,29.7,42.84,29.6
2021-10-31 22:25:00 +0530,463443,45.5,31.1,42.95,29.6
2021-10-31 22:25:30 +0530,463444,47.6,30.2,42.98,29.59
2021-10-31 22:26:00 +0530,463445,51.1,30.3,42.88,29.58
2021-10-31 22:26:30 +0530,463446,45.4,30.9,43.08,29.57
2021-10-31 22:27:00 +0530,463447,48.5,30.9,43.05,29.56
2021-10-31 22:27:30 +0530,463448,43.6,30.3,42.95,29.56
2021-10-31 22:28:00 +0530,463449,46.6,30.8,42.98,29.56
2021-10-31 22:28:30 +0530,463450,46.6,31.4,42.95,29.56
2021-10-31 22:29:00 +0530,463451,47.2,30.9,42.98,29.54
2021-10-31 22:29:30 +0530,463452,48.9,29.9,42.95,29.54
2021-10-31 22:30:00 +0530,463453,42.7,26.2,42.98,29.5
2021-10-31 22:30:30 +0530,463454,44.7,29.3,42.91,29.51
2021-10-31 22:31:00 +0530,463455,44.6,29.9,42.95,29.51
2021-10-31 22:31:30 +0530,463456,41.9,29.7,43.08,29.52
2021-10-31 22:32:00 +0530,463457,45.7,30.1,43.12,29.52
2021-10-31 22:32:30 +0530,463458,44.2,30.3,43.18,29.52
2021-10-31 22:33:00 +0530,463459,44.8,30.5,43.15,29.52
2021-10-31 22:33:30 +0530,463460,45.5,30.6,43.15,29.52
2021-10-31 22:34:00 +0530,463461,43.4,30.6,43.22,29.53
2021-10-31 22:34:30 +0530,463462,43.5,30.1,43.25,29.53
2021-10-31 22:35:00 +0530,463463,43.7,30.6,43.32,29.53
2021-10-31 22:35:30 +0530,463464,43.0,30.8,43.25,29.54
2021-10-31 22:36:00 +0530,463465,41.6,29.6,43.25,29.54
2021-10-31 22:36:30 +0530,463466,43.1,30.3,43.18,29.56
2021-10-31 22:37:00 +0530,463467,43.8,25.8,43.22,29.53
2021-10-31 22:37:30 +0530,463468,44.4,25.8,43.25,29.51
2021-10-31 22:38:00 +0530,463469,41.1,30.0,43.32,29.51
2021-10-31 22:38:30 +0530,463470,41.0,29.9,43.22,29.52
2021-10-31 22:39:00 +0530,463471,39.5,29.2,43.18,29.52
2021-10-31 22:39:30 +0530,463472,40.9,29.8,43.15,29.52
2021-10-31 22:40:00 +0530,463473,40.0,29.3,43.18,29.52
2021-10-31 22:40:30 +0530,463474,38.0,28.8,43.05,29.52
2021-10-31 22:41:00 +0530,463475,37.8,28.6,42.91,29.52
2021-10-31 22:41:30 +0530,463476,38.1,28.6,43.01,29.51
2021-10-31 22:42:00 +0530,463477,39.3,28.5,42.95,29.5
2021-10-31 22:42:30 +0530,463478,39.2,29.4,42.95,29.48
2021-10-31 22:43:00 +0530,463479,34.9,28.8,42.93,29.47
2021-10-31 22:43:30 +0530,463480,35.9,28.8,42.93,29.46
2021-10-31 22:44:00 +0530,463481,36.5,28.3,42.83,29.44
2021-10-31 22:44:30 +0530,463482,39.3,28.0,42.86,29.44
2021-10-31 22:45:00 +0530,463483,43.9,28.7,42.86,29.43
2021-10-31 22:45:30 +0530,463484,32.2,25.6,42.93,29.38
2021-10-31 22:46:00 +0530,463485,34.7,24.1,42.93,29.36
2021-10-31 22:46:30 +0530,463486,27.7,24.0,42.97,29.33
2021-10-31 22:47:00 +0530,463487,37.7,28.5,42.93,29.34
2021-10-31 22:47:30 +0530,463488,41.4,28.6,42.93,29.34
2021-10-31 22:48:00 +0530,463489,42.0,29.3,43.03,29.34
2021-10-31 22:48:30 +0530,463490,44.9,30.2,43.1,29.35
2021-10-31 22:49:00 +0530,463491,42.4,28.9,43.06,29.34
2021-10-31 22:49:30 +0530,463492,37.5,28.4,43.06,29.35
2021-10-31 22:50:00 +0530,463493,42.0,28.7,43.0,29.36
2021-10-31 22:50:30 +0530,463494,33.1,24.4,43.06,29.35
2021-10-31 22:51:00 +0530,463495,35.0,24.6,43.06,29.35
2021-10-31 22:51:30 +0530,463496,35.1,24.9,43.41,29.19
2021-10-31 22:52:00 +0530,463497,43.0,25.7,43.37,29.21
2021-10-31 22:52:30 +0530,463498,36.8,27.6,43.17,29.24
2021-10-31 22:53:00 +0530,463499,35.7,28.6,43.14,29.29
2021-10-31 22:53:30 +0530,463500,38.3,27.4,43.07,29.31
2021-10-31 22:54:00 +0530,463501,39.7,28.2,43.03,29.32
2021-10-31 22:54:30 +0530,463502,38.5,27.9,43.0,29.33
2021-10-31 22:55:00 +0530,463503,28.4,24.4,43.03,29.32
2021-10-31 22:55:30 +0530,463504,33.6,27.6,42.96,29.32
2021-10-31 22:56:00 +0530,463505,36.0,28.1,42.9,29.33
2021-10-31 22:56:30 +0530,463506,38.6,27.9,42.96,29.34
2021-10-31 22:57:00 +0530,463507,34.1,24.4,43.07,29.32
2021-10-31 22:57:30 +0530,463508,37.9,28.3,43.03,29.33
2021-10-31 22:58:00 +0530,463509,33.7,26.7,42.96,29.33
2021-10-31 22:58:30 +0530,463510,34.8,27.2,42.93,29.33
2021-10-31 22:59:00 +0530,463511,34.8,27.4,42.89,29.33
2021-10-31 22:59:30 +0530,463512,41.8,23.3,42.87,29.32
2021-10-31 23:00:00 +0530,463513,37.6,28.1,42.97,29.32
2021-10-31 23:00:30 +0530,463514,39.6,28.8,42.93,29.32
2021-10-31 23:01:00 +0530,463515,34.1,27.4,43.0,29.33
2021-10-31 23:01:30 +0530,463516,32.7,27.3,43.0,29.33
2021-10-31 23:02:00 +0530,463517,36.1,27.7,43.0,29.33
2021-10-31 23:02:30 +0530,463518,36.7,27.8,42.96,29.33
2021-10-31 23:03:00 +0530,463519,34.4,27.1,43.0,29.33
2021-10-31 23:03:30 +0530,463520,38.0,27.9,43.03,29.34
2021-10-31 23:04:00 +0530,463521,37.5,27.7,42.93,29.34
2021-10-31 23:04:30 +0530,463522,36.7,27.0,42.93,29.34
2021-10-31 23:05:00 +0530,463523,30.2,24.2,42.93,29.33
2021-10-31 23:05:30 +0530,463524,35.5,25.5,42.87,29.32
2021-10-31 23:06:00 +0530,463525,35.0,27.8,42.84,29.33
2021-10-31 23:06:30 +0530,463526,39.3,28.1,42.93,29.33
2021-10-31 23:07:00 +0530,463527,35.0,27.5,42.96,29.33
2021-10-31 23:07:30 +0530,463528,34.4,26.6,42.69,29.33
2021-10-31 23:08:00 +0530,463529,39.4,28.0,42.76,29.33
2021-10-31 23:08:30 +0530,463530,39.9,27.2,42.83,29.34
2021-10-31 23:09:00 +0530,463531,35.9,27.8,42.83,29.34
2021-10-31 23:09:30 +0530,463532,36.3,23.9,42.81,29.33
2021-10-31 23:10:00 +0530,463533,37.2,27.3,42.66,29.33
2021-10-31 23:10:30 +0530,463534,36.2,28.1,42.69,29.33
2021-10-31 23:11:00 +0530,463535,34.1,27.6,42.79,29.34
2021-10-31 23:11:30 +0530,463536,40.7,28.4,42.62,29.34
2021-10-31 23:12:00 +0530,463537,40.2,28.9,42.76,29.35
2021-10-31 23:12:30 +0530,463538,44.4,28.6,42.69,29.34
2021-10-31 23:13:00 +0530,463539,40.9,27.7,42.66,29.35
2021-10-31 23:13:30 +0530,463540,42.8,27.4,42.59,29.36
2021-10-31 23:14:00 +0530,463541,37.4,24.2,42.59,29.34
2021-10-31 23:14:30 +0530,463542,31.2,22.7,42.59,29.33
2021-10-31 23:15:00 +0530,463543,31.5,26.7,42.42,29.33
2021-10-31 23:15:30 +0530,463544,34.9,26.7,42.36,29.34
2021-10-31 23:16:00 +0530,463545,32.2,25.7,42.36,29.35
2021-10-31 23:16:30 +0530,463546,33.3,26.1,42.39,29.35
2021-10-31 23:17:00 +0530,463547,38.9,27.2,42.36,29.35
2021-10-31 23:17:30 +0530,463548,34.7,27.1,42.42,29.36
2021-10-31 23:18:00 +0530,463549,24.4,21.7,42.49,29.34
2021-10-31 23:18:30 +0530,463550,33.4,26.9,42.49,29.34
2021-10-31 23:19:00 +0530,463551,39.0,27.6,42.42,29.35
2021-10-31 23:19:30 +0530,463552,32.1,26.6,42.42,29.36
2021-10-31 23:20:00 +0530,463553,37.5,26.3,42.32,29.37
2021-10-31 23:20:30 +0530,463554,36.1,26.8,42.22,29.37
2021-10-31 23:21:00 +0530,463555,40.9,27.1,42.26,29.38
2021-10-31 23:21:30 +0530,463556,32.2,26.1,42.12,29.37
2021-10-31 23:22:00 +0530,463557,38.2,27.1,42.16,29.38
2021-10-31 23:22:30 +0530,463558,31.3,23.9,42.22,29.35
2021-10-31 23:23:00 +0530,463559,37.6,27.9,42.36,29.37
2021-10-31 23:23:30 +0530,463560,36.0,27.2,42.32,29.38
2021-10-31 23:24:00 +0530,463561,38.3,27.2,42.22,29.38
2021-10-31 23:24:30 +0530,463562,29.9,23.1,42.32,29.37
2021-10-31 23:25:00 +0530,463563,40.2,27.7,42.16,29.39
2021-10-31 23:25:30 +0530,463564,39.1,27.7,42.16,29.39
2021-10-31 23:26:00 +0530,463565,28.9,21.7,42.67,29.21
2021-10-31 23:26:30 +0530,463566,37.3,27.6,42.47,29.27
2021-10-31 23:27:00 +0530,463567,36.5,27.1,42.4,29.3
2021-10-31 23:27:30 +0530,463568,30.9,26.7,42.4,29.32
2021-10-31 23:28:00 +0530,463569,31.4,26.9,42.36,29.33
2021-10-31 23:28:30 +0530,463570,31.9,27.8,42.36,29.33
2021-10-31 23:29:00 +0530,463571,35.4,27.7,42.32,29.33
2021-10-31 23:29:30 +0530,463572,36.7,27.4,42.29,29.33
2021-10-31 23:30:00 +0530,463573,35.0,27.4,42.29,29.33
2021-10-31 23:30:30 +0530,463574,35.6,27.9,42.29,29.33
2021-10-31 23:31:00 +0530,463575,32.2,27.3,42.26,29.32
2021-10-31 23:31:30 +0530,463576,36.8,27.9,42.29,29.32
2021-10-31 23:32:00 +0530,463577,31.9,26.9,42.26,29.32
2021-10-31 23:32:30 +0530,463578,33.8,28.7,42.33,29.31
2021-10-31 23:33:00 +0530,463579,36.8,27.8,42.47,29.3
2021-10-31 23:33:30 +0530,463580,37.6,28.6,42.4,29.29
2021-10-31 23:34:00 +0530,463581,32.4,28.2,42.36,29.29
2021-10-31 23:34:30 +0530,463582,38.2,28.7,42.4,29.28
2021-10-31 23:35:00 +0530,463583,37.7,26.0,42.47,29.24
2021-10-31 23:35:30 +0530,463584,42.2,29.6,42.4,29.23
2021-10-31 23:36:00 +0530,463585,39.5,26.4,42.5,29.21
2021-10-31 23:36:30 +0530,463586,31.8,27.4,42.47,29.21
2021-10-31 23:37:00 +0530,463587,37.6,27.4,42.47,29.21
2021-10-31 23:37:30 +0530,463588,39.5,29.9,42.4,29.21
2021-10-31 23:38:00 +0530,463589,42.4,29.8,42.43,29.2
2021-10-31 23:38:30 +0530,463590,37.6,29.3,42.43,29.19
2021-10-31 23:39:00 +0530,463591,43.8,30.4,42.47,29.19
2021-10-31 23:39:30 +0530,463592,43.4,30.9,42.53,29.18
2021-10-31 23:40:00 +0530,463593,42.2,31.1,42.53,29.17
2021-10-31 23:40:30 +0530,463594,42.6,30.6,42.5,29.16
2021-10-31 23:41:00 +0530,463595,47.1,30.9,42.53,29.15
2021-10-31 23:41:30 +0530,463596,40.3,30.4,42.52,29.14
2021-10-31 23:42:00 +0530,463597,35.6,26.8,42.65,29.09
2021-10-31 23:42:30 +0530,463598,49.3,34.2,42.61,29.09
2021-10-31 23:43:00 +0530,463599,47.0,33.6,42.61,29.09
2021-10-31 23:43:30 +0530,463600,45.6,32.8,42.65,29.09
2021-10-31 23:44:00 +0530,463601,47.8,33.1,42.65,29.09
2021-10-31 23:44:30 +0530,463602,44.5,33.7,42.71,29.08
2021-10-31 23:45:00 +0530,463603,46.8,35.7,42.61,29.09
2021-10-31 23:45:30 +0530,463604,49.3,34.2,42.61,29.08
2021-10-31 23:46:00 +0530,463605,47.4,32.7,42.61,29.08
2021-10-31 23:46:30 +0530,463606,44.8,34.0,42.58,29.08
2021-10-31 23:47:00 +0530,463607,51.3,35.3,42.52,29.08
2021-10-31 23:47:30 +0530,463608,48.3,34.5,42.52,29.09
2021-10-31 23:48:00 +0530,463609,47.5,33.4,42.52,29.09
2021-10-31 23:48:30 +0530,463610,41.0,31.6,42.41,29.09
2021-10-31 23:49:00 +0530,463611,49.3,32.6,42.31,29.09
2021-10-31 23:49:30 +0530,463612,46.2,32.6,42.45,29.09
2021-10-31 23:50:00 +0530,463613,45.7,32.5,42.52,29.08
2021-10-31 23:50:30 +0530,463614,43.9,31.9,42.45,29.08
2021-10-31 23:51:00 +0530,463615,42.4,27.2,42.55,29.06
2021-10-31 23:51:30 +0530,463616,42.2,31.8,42.24,29.06
2021-10-31 23:52:00 +0530,463617,44.4,26.6,42.45,29.04
2021-10-31 23:52:30 +0530,463618,42.9,30.9,42.38,29.04
2021-10-31 23:53:00 +0530,463619,35.7,27.8,42.48,29.02
2021-10-31 23:53:30 +0530,463620,40.1,30.6,42.41,29.02
2021-10-31 23:54:00 +0530,463621,45.6,31.0,42.41,29.02
2021-10-31 23:54:30 +0530,463622,40.4,26.2,42.48,29.0
2021-10-31 23:55:00 +0530,463623,44.4,30.1,42.48,29.02
2021-10-31 23:55:30 +0530,463624,44.0,31.2,42.35,29.02
2021-10-31 23:56:00 +0530,463625,42.6,29.3,42.38,29.02
2021-10-31 23:56:30 +0530,463626,41.2,30.1,42.31,29.02
2021-10-31 23:57:00 +0530,463627,40.1,31.2,42.24,29.01
2021-10-31 23:57:30 +0530,463628,48.1,29.8,42.07,29.01
2021-10-31 23:58:00 +0530,463629,49.4,30.6,42.28,29.01
2021-10-31 23:58:30 +0530,463630,46.9,29.3,42.24,29.01
2021-10-31 23:59:00 +0530,463631,47.4,29.3,42.04,29.0
2021-10-31 23:59:30 +0530,463632,35.3,25.0,41.92,28.97
2021-11-01 00:00:00 +0530,463633,42.9,27.9,41.78,28.97
2021-11-01 00:00:30 +0530,463634,43.6,28.2,41.92,28.95
2021-11-01 00:01:00 +0530,463635,43.9,28.4,41.92,28.95
2021-11-01 00:01:30 +0530,463636,45.8,26.0,42.4,28.77
2021-11-01 00:02:00 +0530,463637,46.4,29.2,42.26,28.79
2021-11-01 00:02:30 +0530,463638,53.0,29.7,42.29,28.82
2021-11-01 00:03:00 +0530,463639,45.7,29.8,42.36,28.85
2021-11-01 00:03:30 +0530,463640,46.1,28.9,42.29,28.85
2021-11-01 00:04:00 +0530,463641,43.6,27.5,42.32,28.87
2021-11-01 00:04:30 +0530,463642,41.5,27.3,42.36,28.88
2021-11-01 00:05:00 +0530,463643,39.4,28.0,42.39,28.88
2021-11-01 00:05:30 +0530,463644,36.5,27.4,42.49,28.88
2021-11-01 00:06:00 +0530,463645,38.9,27.2,42.49,28.88
2021-11-01 00:06:30 +0530,463646,41.9,28.2,42.49,28.89
2021-11-01 00:07:00 +0530,463647,42.0,23.1,42.55,28.85
2021-11-01 00:07:30 +0530,463648,40.2,28.3,42.59,28.87
2021-11-01 00:08:00 +0530,463649,42.8,28.8,42.62,28.87
2021-11-01 00:08:30 +0530,463650,38.8,27.9,42.62,28.88
2021-11-01 00:09:00 +0530,463651,38.8,27.9,42.62,28.88
2021-11-01 00:09:30 +0530,463652,28.4,21.6,43.0,28.69
2021-11-01 00:10:00 +0530,463653,41.4,28.0,43.0,28.74
2021-11-01 00:10:30 +0530,463654,46.1,28.5,42.94,28.78
2021-11-01 00:11:00 +0530,463655,38.7,27.6,43.0,28.82
2021-11-01 00:11:30 +0530,463656,43.1,28.7,43.0,28.84
2021-11-01 00:12:00 +0530,463657,38.9,27.9,42.96,28.85
2021-11-01 00:12:30 +0530,463658,44.0,28.4,42.96,28.86
2021-11-01 00:13:00 +0530,463659,42.0,28.2,42.96,28.87
2021-11-01 00:13:30 +0530,463660,40.0,27.8,42.96,28.87
2021-11-01 00:14:00 +0530,463661,40.8,27.7,42.96,28.88
2021-11-01 00:14:30 +0530,463662,44.5,29.3,43.0,28.89
2021-11-01 00:15:00 +0530,463663,43.9,28.9,43.0,28.9
2021-11-01 00:15:30 +0530,463664,41.6,28.7,43.06,28.9
2021-11-01 00:16:00 +0530,463665,52.3,29.4,42.86,28.91
2021-11-01 00:16:30 +0530,463666,53.7,30.4,42.96,28.91
2021-11-01 00:17:00 +0530,463667,44.0,25.2,43.06,28.9
2021-11-01 00:17:30 +0530,463668,46.9,24.7,43.13,28.87
2021-11-01 00:18:00 +0530,463669,48.0,28.6,43.06,28.89
2021-11-01 00:18:30 +0530,463670,42.5,25.8,43.06,28.87
2021-11-01 00:19:00 +0530,463671,43.2,26.3,42.79,28.87
2021-11-01 00:19:30 +0530,463672,46.4,28.9,42.79,28.88
2021-11-01 00:20:00 +0530,463673,44.4,27.4,42.72,28.88
2021-11-01 00:20:30 +0530,463674,40.7,27.6,42.69,28.88
2021-11-01 00:21:00 +0530,463675,47.4,27.2,42.62,28.88
2021-11-01 00:21:30 +0530,463676,40.7,26.7,42.62,28.88
2021-11-01 00:22:00 +0530,463677,39.8,27.2,42.62,28.88
2021-11-01 00:22:30 +0530,463678,44.1,26.2,42.55,28.87
2021-11-01 00:23:00 +0530,463679,45.0,26.4,42.49,28.87
2021-11-01 00:23:30 +0530,463680,39.9,26.7,42.55,28.86
2021-11-01 00:24:00 +0530,463681,38.9,27.2,42.62,28.85
2021-11-01 00:24:30 +0530,463682,42.6,23.8,42.69,28.84
2021-11-01 00:25:00 +0530,463683,39.2,21.2,42.71,28.8
2021-11-01 00:25:30 +0530,463684,42.9,27.5,42.77,28.8
2021-11-01 00:26:00 +0530,463685,39.3,26.8,42.83,28.82
2021-11-01 00:26:30 +0530,463686,40.1,27.1,42.79,28.82
2021-11-01 00:27:00 +0530,463687,38.4,26.1,42.72,28.82
2021-11-01 00:27:30 +0530,463688,43.2,27.1,42.69,28.82
2021-11-01 00:28:00 +0530,463689,42.9,27.8,42.72,28.82
2021-11-01 00:28:30 +0530,463690,45.3,27.3,42.79,28.82
2021-11-01 00:29:00 +0530,463691,40.1,27.8,42.83,28.82
2021-11-01 00:29:30 +0530,463692,41.0,24.5,42.84,28.79
2021-11-01 00:30:00 +0530,463693,45.7,27.3,42.83,28.8
2021-11-01 00:30:30 +0530,463694,46.6,28.2,42.86,28.82
2021-11-01 00:31:00 +0530,463695,40.0,26.9,42.76,28.83
2021-11-01 00:31:30 +0530,463696,40.3,26.9,42.79,28.82
2021-11-01 00:32:00 +0530,463697,27.5,20.9,42.84,28.78
2021-11-01 00:32:30 +0530,463698,27.2,21.2,42.84,28.8
2021-11-01 00:33:00 +0530,463699,36.0,23.8,43.19,28.59
2021-11-01 00:33:30 +0530,463700,37.5,27.2,43.04,28.65
2021-11-01 00:34:00 +0530,463701,39.2,27.1,42.97,28.69
2021-11-01 00:34:30 +0530,463702,39.2,27.1,42.97,28.69
2021-11-01 00:35:00 +0530,463703,40.3,24.8,43.19,28.62
2021-11-01 00:35:30 +0530,463704,37.6,23.9,43.02,28.6
2021-11-01 00:36:00 +0530,463705,39.3,27.8,43.04,28.65
2021-11-01 00:36:30 +0530,463706,38.7,27.9,43.0,28.68
2021-11-01 00:37:00 +0530,463707,38.7,27.9,43.0,28.68
2021-11-01 00:37:30 +0530,463708,38.2,24.9,43.39,28.49
2021-11-01 00:38:00 +0530,463709,41.7,28.4,43.35,28.55
2021-11-01 00:38:30 +0530,463710,47.4,22.8,43.32,28.58
2021-11-01 00:39:00 +0530,463711,45.6,28.4,43.22,28.6
2021-11-01 00:39:30 +0530,463712,50.3,28.9,43.19,28.65
2021-11-01 00:40:00 +0530,463713,51.7,29.4,43.14,28.67
2021-11-01 00:40:30 +0530,463714,47.5,27.3,43.0,28.68
2021-11-01 00:41:00 +0530,463715,47.5,27.3,43.0,28.68
2021-11-01 00:41:30 +0530,463716,44.6,26.0,43.22,28.59
2021-11-01 00:42:00 +0530,463717,44.4,28.6,43.19,28.61
2021-11-01 00:43:00 +0530,463719,44.8,25.8,42.97,28.65
2021-11-01 00:43:30 +0530,463720,51.5,25.9,43.04,28.67
2021-11-01 00:44:00 +0530,463721,43.7,29.4,43.04,28.69
2021-11-01 00:44:30 +0530,463718,33.5,24.4,43.1,28.67
2021-11-01 00:45:00 +0530,463722,44.8,32.1,43.07,28.69
2021-11-01 00:45:30 +0530,463723,44.9,26.8,43.42,28.55
2021-11-01 00:46:00 +0530,463724,37.7,24.3,43.39,28.56
2021-11-01 00:46:30 +0530,463725,28.6,22.1,43.39,28.57
2021-11-01 00:47:00 +0530,463726,40.3,23.4,43.39,28.58
2021-11-01 00:47:30 +0530,463727,43.5,24.3,43.45,28.6
2021-11-01 00:48:00 +0530,463728,46.5,29.0,43.32,28.65
2021-11-01 00:48:30 +0530,463729,40.9,23.4,43.34,28.65
2021-11-01 00:49:00 +0530,463730,42.0,27.6,43.04,28.69
2021-11-01 00:49:30 +0530,463731,49.1,28.6,43.04,28.72
2021-11-01 00:50:00 +0530,463732,39.9,27.7,42.9,28.74
2021-11-01 00:50:30 +0530,463733,37.9,26.9,42.81,28.76
2021-11-01 00:51:00 +0530,463734,36.3,22.7,42.84,28.76
2021-11-01 00:51:30 +0530,463735,41.0,26.1,42.71,28.78
2021-11-01 00:52:00 +0530,463736,36.2,25.9,42.61,28.79
2021-11-01 00:52:30 +0530,463737,32.3,26.6,42.4,28.79
2021-11-01 00:53:00 +0530,463738,35.4,26.7,42.5,28.79
2021-11-01 00:53:30 +0530,463739,30.7,25.4,42.33,28.78
2021-11-01 00:54:00 +0530,463740,30.1,21.9,42.54,28.76
2021-11-01 00:54:30 +0530,463741,34.1,26.8,42.5,28.75
2021-11-01 00:55:00 +0530,463742,35.2,26.7,42.47,28.75
2021-11-01 00:55:30 +0530,463743,36.5,25.3,42.47,28.75
2021-11-01 00:56:00 +0530,463744,33.9,25.3,42.4,28.74
2021-11-01 00:56:30 +0530,463745,30.5,25.4,42.33,28.75
2021-11-01 00:57:00 +0530,463746,32.5,24.7,42.43,28.74
2021-11-01 00:57:30 +0530,463747,33.7,24.9,42.43,28.74
2021-11-01 00:58:00 +0530,463748,37.2,21.6,42.5,28.72
2021-11-01 00:58:30 +0530,463749,37.2,21.6,42.5,28.72
2021-11-01 00:59:00 +0530,463750,26.4,20.7,42.88,28.55
2021-11-01 00:59:30 +0530,463751,35.9,25.0,42.78,28.57
2021-11-01 01:00:00 +0530,463752,28.0,19.8,42.74,28.58
2021-11-01 01:00:30 +0530,463753,32.3,24.7,42.65,28.6
2021-11-01 01:01:00 +0530,463754,34.5,25.9,42.52,28.64
2021-11-01 01:01:30 +0530,463755,35.1,24.9,42.54,28.67
2021-11-01 01:02:00 +0530,463756,31.9,25.1,42.54,28.68
2021-11-01 01:02:30 +0530,463757,31.4,24.8,42.47,28.68
2021-11-01 01:03:00 +0530,463758,37.0,25.7,42.43,28.69
2021-11-01 01:03:30 +0530,463759,30.2,21.1,42.5,28.67
2021-11-01 01:04:00 +0530,463760,35.5,25.4,42.5,28.67
2021-11-01 01:04:30 +0530,463761,40.1,26.8,42.5,28.68
2021-11-01 01:05:00 +0530,463762,34.2,25.6,42.5,28.68
2021-11-01 01:05:30 +0530,463763,29.9,22.4,42.67,28.67
2021-11-01 01:06:00 +0530,463764,36.7,25.5,42.57,28.68
2021-11-01 01:06:30 +0530,463765,28.9,20.1,42.61,28.67
2021-11-01 01:07:01 +0530,463766,28.9,20.1,42.61,28.67
2021-11-01 01:07:30 +0530,463767,33.4,22.6,42.81,28.57
2021-11-01 01:08:00 +0530,463768,30.5,25.3,42.68,28.6
2021-11-01 01:08:30 +0530,463769,31.9,25.2,42.58,28.62
2021-11-01 01:09:00 +0530,463770,30.8,25.1,42.57,28.65
2021-11-01 01:09:30 +0530,463771,40.2,26.6,42.47,28.68
2021-11-01 01:10:00 +0530,463772,35.6,22.2,42.61,28.67
2021-11-01 01:10:30 +0530,463773,35.6,22.2,42.61,28.67
2021-11-01 01:11:30 +0530,463774,30.6,22.6,42.88,28.5
2021-11-01 01:12:00 +0530,463775,37.9,25.3,42.81,28.55
2021-11-01 01:12:30 +0530,463776,32.1,24.9,42.78,28.58
2021-11-01 01:13:00 +0530,463777,32.7,25.3,42.74,28.6
2021-11-01 01:13:30 +0530,463778,32.5,25.2,42.78,28.61
2021-11-01 01:14:00 +0530,463779,35.6,25.8,42.78,28.62
2021-11-01 01:14:30 +0530,463780,37.2,25.4,42.74,28.64
2021-11-01 01:15:00 +0530,463781,37.2,25.4,42.74,28.64
2021-11-01 01:15:30 +0530,463782,33.6,22.5,42.98,28.55
2021-11-01 01:16:00 +0530,463783,31.4,26.5,42.98,28.58
2021-11-01 01:16:30 +0530,463784,35.3,25.7,42.95,28.59
2021-11-01 01:17:00 +0530,463785,32.9,26.3,42.85,28.6
2021-11-01 01:17:30 +0530,463786,38.1,23.0,42.81,28.59
2021-11-01 01:18:00 +0530,463787,34.4,25.6,42.81,28.6
2021-11-01 01:18:30 +0530,463788,31.1,25.0,42.81,28.61
2021-11-01 01:19:00 +0530,463789,30.7,26.0,42.88,28.62
2021-11-01 01:19:30 +0530,463790,32.0,24.8,42.81,28.64
2021-11-01 01:20:00 +0530,463791,30.3,24.5,42.67,28.65
2021-11-01 01:20:30 +0530,463792,32.7,24.8,42.57,28.65
2021-11-01 01:21:00 +0530,463793,35.6,26.0,42.74,28.65
2021-11-01 01:21:30 +0530,463794,32.1,24.6,42.77,28.67
2021-11-01 01:22:00 +0530,463795,31.3,24.8,42.71,28.67
2021-11-01 01:22:30 +0530,463796,32.7,24.2,42.67,28.68
2021-11-01 01:23:00 +0530,463797,24.5,21.9,42.58,28.65
2021-11-01 01:23:30 +0530,463798,23.9,21.4,42.58,28.64
2021-11-01 01:24:00 +0530,463799,21.0,18.9,42.55,28.61
2021-11-01 01:24:30 +0530,463800,30.4,23.9,42.54,28.65
2021-11-01 01:25:00 +0530,463801,33.8,25.7,42.54,28.68
2021-11-01 01:25:30 +0530,463802,26.1,20.8,42.57,28.68
2021-11-01 01:26:00 +0530,463803,29.8,24.8,42.43,28.69
2021-11-01 01:26:30 +0530,463804,30.3,25.4,42.4,28.69
2021-11-01 01:27:00 +0530,463805,33.7,25.6,42.43,28.69
2021-11-01 01:27:30 +0530,463806,30.6,24.8,42.4,28.69
2021-11-01 01:28:00 +0530,463807,33.3,26.0,42.37,28.69
2021-11-01 01:28:30 +0530,463808,41.3,26.2,42.33,28.69
2021-11-01 01:29:00 +0530,463809,34.3,25.1,42.37,28.69
2021-11-01 01:29:30 +0530,463810,143.6,40.3,42.43,28.69
2021-11-01 01:30:00 +0530,463811,41.2,26.6,42.43,28.69
2021-11-01 01:30:30 +0530,463812,30.1,25.2,42.4,28.69
2021-11-01 01:31:00 +0530,463813,31.3,25.6,42.4,28.69
2021-11-01 01:31:30 +0530,463814,33.6,22.6,42.47,28.67
2021-11-01 01:32:00 +0530,463815,32.5,26.1,42.4,28.68
2021-11-01 01:32:30 +0530,463816,27.7,22.3,42.47,28.65
2021-11-01 01:33:00 +0530,463817,28.6,22.9,42.47,28.65
2021-11-01 01:34:00 +0530,463818,31.4,24.1,42.85,28.45
2021-11-01 01:34:30 +0530,463819,34.5,27.1,42.78,28.49
2021-11-01 01:35:00 +0530,463820,30.6,22.7,42.78,28.5
2021-11-01 01:35:30 +0530,463821,29.8,26.2,42.74,28.54
2021-11-01 01:36:00 +0530,463822,37.9,27.7,42.68,28.56
2021-11-01 01:36:30 +0530,463823,38.6,25.4,42.71,28.56
2021-11-01 01:37:00 +0530,463824,40.0,27.9,42.58,28.57
2021-11-01 01:37:30 +0530,463825,32.9,23.2,42.58,28.57
2021-11-01 01:38:00 +0530,463826,33.9,27.2,42.52,28.59
2021-11-01 01:38:30 +0530,463827,38.0,27.3,42.48,28.6
2021-11-01 01:39:00 +0530,463828,33.4,27.5,42.45,28.61
2021-11-01 01:39:30 +0530,463829,36.4,26.8,42.42,28.64
2021-11-01 01:40:00 +0530,463830,36.1,27.2,42.38,28.65
2021-11-01 01:40:30 +0530,463831,36.4,27.7,42.3,28.68
2021-11-01 01:41:00 +0530,463832,35.5,27.7,42.33,28.68
2021-11-01 01:41:30 +0530,463833,29.8,22.9,42.4,28.65
2021-11-01 01:42:00 +0530,463834,33.8,27.3,42.33,28.67
2021-11-01 01:42:30 +0530,463835,31.0,26.3,42.4,28.69
2021-11-01 01:43:00 +0530,463836,33.3,26.9,42.33,28.7
2021-11-01 01:43:30 +0530,463837,30.1,26.8,42.33,28.7
2021-11-01 01:44:00 +0530,463838,30.0,26.8,42.33,28.7
2021-11-01 01:44:30 +0530,463839,33.4,23.2,42.74,28.55
2021-11-01 01:45:00 +0530,463840,35.7,30.8,42.45,28.59
2021-11-01 01:45:30 +0530,463841,30.7,26.6,42.42,28.58
2021-11-01 01:46:00 +0530,463842,33.2,27.3,42.48,28.6
2021-11-01 01:46:30 +0530,463843,35.0,27.3,42.52,28.6
2021-11-01 01:47:00 +0530,463844,34.9,27.3,42.45,28.6
2021-11-01 01:47:30 +0530,463845,30.5,26.8,42.42,28.62
2021-11-01 01:48:00 +0530,463846,33.1,26.7,42.38,28.62
2021-11-01 01:48:30 +0530,463847,30.7,27.0,42.42,28.62
2021-11-01 01:49:00 +0530,463848,30.3,26.8,42.45,28.62
2021-11-01 01:49:30 +0530,463849,25.9,23.1,42.52,28.6
2021-11-01 01:50:00 +0530,463850,32.4,24.1,42.55,28.58
2021-11-01 01:50:30 +0530,463851,33.6,27.6,42.52,28.58
2021-11-01 01:51:00 +0530,463852,32.3,23.3,42.68,28.56
2021-11-01 01:51:30 +0530,463853,33.5,27.5,42.52,28.56
2021-11-01 01:52:00 +0530,463854,33.9,23.1,42.68,28.53
2021-11-01 01:52:30 +0530,463855,36.6,28.3,42.58,28.54
2021-11-01 01:53:00 +0530,463856,38.7,28.2,42.68,28.54
2021-11-01 01:53:30 +0530,463857,35.3,29.0,42.74,28.54
2021-11-01 01:54:00 +0530,463858,32.9,27.5,42.74,28.54
2021-11-01 01:54:30 +0530,463859,34.3,23.8,42.81,28.52
2021-11-01 01:55:00 +0530,463860,33.9,27.8,42.74,28.53
2021-11-01 01:55:30 +0530,463861,34.6,28.6,42.74,28.52
2021-11-01 01:56:00 +0530,463862,34.8,27.7,42.68,28.52
2021-11-01 01:56:30 +0530,463863,36.6,27.8,42.65,28.52
2021-11-01 01:57:00 +0530,463864,36.7,27.3,42.71,28.5
2021-11-01 01:57:30 +0530,463865,30.4,24.3,42.74,28.47
2021-11-01 01:58:00 +0530,463866,40.9,27.9,42.78,28.47
2021-11-01 01:58:30 +0530,463867,37.1,28.3,42.81,28.47
2021-11-01 01:59:00 +0530,463868,34.1,27.6,42.71,28.47
2021-11-01 01:59:30 +0530,463869,33.3,27.1,42.68,28.46
2021-11-01 02:00:00 +0530,463870,34.2,26.4,42.65,28.46
2021-11-01 02:00:30 +0530,463871,34.1,27.4,42.58,28.47
2021-11-01 02:01:00 +0530,463872,36.7,26.7,42.52,28.47
2021-11-01 02:01:30 +0530,463873,38.1,27.8,42.58,28.48
2021-11-01 02:02:00 +0530,463874,36.7,25.5,42.71,28.46
2021-11-01 02:02:30 +0530,463875,35.0,25.6,42.71,28.46
2021-11-01 02:03:00 +0530,463876,44.9,26.7,43.0,28.3
2021-11-01 02:03:30 +0530,463877,46.3,30.8,42.93,28.33
2021-11-01 02:04:00 +0530,463878,40.9,25.0,42.96,28.34
2021-11-01 02:04:30 +0530,463879,42.2,29.0,42.86,28.37
2021-11-01 02:05:00 +0530,463880,38.9,29.4,42.86,28.38
2021-11-01 02:05:30 +0530,463881,40.6,29.3,42.86,28.4
2021-11-01 02:06:00 +0530,463882,44.9,30.1,42.86,28.41
2021-11-01 02:06:30 +0530,463883,45.2,30.2,42.83,28.42
2021-11-01 02:07:00 +0530,463884,42.5,31.3,42.83,28.43
2021-11-01 02:07:30 +0530,463885,39.4,25.9,42.9,28.4
2021-11-01 02:08:00 +0530,463886,37.0,30.2,42.9,28.41
2021-11-01 02:08:30 +0530,463887,36.0,27.1,42.93,28.39
2021-11-01 02:09:00 +0530,463888,43.4,31.2,42.93,28.39
2021-11-01 02:09:30 +0530,463889,46.3,31.2,42.96,28.4
2021-11-01 02:10:00 +0530,463890,51.1,31.7,43.0,28.41
2021-11-01 02:10:30 +0530,463891,43.7,30.3,42.86,28.4
2021-11-01 02:11:00 +0530,463892,46.0,27.3,43.0,28.37
2021-11-01 02:11:30 +0530,463893,48.8,31.3,43.06,28.37
2021-11-01 02:12:00 +0530,463894,45.3,31.5,43.0,28.35
2021-11-01 02:12:30 +0530,463895,50.2,30.7,43.0,28.35
2021-11-01 02:13:00 +0530,463896,40.2,27.3,43.03,28.31
2021-11-01 02:13:30 +0530,463897,45.8,30.7,43.06,28.32
2021-11-01 02:14:00 +0530,463898,43.3,31.4,43.1,28.31
2021-11-01 02:14:30 +0530,463899,44.3,31.7,43.1,28.32
2021-11-01 02:15:00 +0530,463900,48.0,31.4,43.1,28.32
2021-11-01 02:15:30 +0530,463901,43.8,31.3,43.16,28.32
2021-11-01 02:16:00 +0530,463902,40.3,30.7,43.22,28.31
2021-11-01 02:16:30 +0530,463903,45.8,31.7,43.29,28.32
2021-11-01 02:17:00 +0530,463904,41.7,30.6,43.36,28.32
2021-11-01 02:17:30 +0530,463905,39.9,29.7,43.43,28.31
2021-11-01 02:18:00 +0530,463906,44.4,30.4,43.46,28.32
2021-11-01 02:18:30 +0530,463907,43.0,30.8,43.56,28.32
2021-11-01 02:19:00 +0530,463908,48.1,31.4,43.39,28.33
2021-11-01 02:19:30 +0530,463909,46.0,32.6,43.26,28.32
2021-11-01 02:20:00 +0530,463910,41.7,32.2,43.19,28.31
2021-11-01 02:20:30 +0530,463911,50.2,32.4,43.22,28.3
2021-11-01 02:21:00 +0530,463912,43.0,32.7,43.22,28.31
2021-11-01 02:21:30 +0530,463913,44.1,32.7,43.22,28.31
2021-11-01 02:22:00 +0530,463914,45.5,30.4,43.51,28.18
2021-11-01 02:22:30 +0530,463915,48.5,34.5,43.41,28.2
2021-11-01 02:23:00 +0530,463916,43.4,32.5,43.37,28.23
2021-11-01 02:23:30 +0530,463917,45.3,32.7,43.41,28.24
2021-11-01 02:24:00 +0530,463918,48.1,33.0,43.27,28.25
2021-11-01 02:24:30 +0530,463919,46.4,33.1,43.24,28.25
2021-11-01 02:25:00 +0530,463920,40.5,32.5,43.24,28.26
2021-11-01 02:25:30 +0530,463921,46.2,32.6,43.24,28.26
2021-11-01 02:26:00 +0530,463922,48.9,32.6,43.24,28.26
2021-11-01 02:26:30 +0530,463923,47.7,32.7,43.24,28.27
2021-11-01 02:27:00 +0530,463924,46.1,31.8,43.24,28.28
2021-11-01 02:27:30 +0530,463925,45.1,32.2,43.24,28.28
2021-11-01 02:28:00 +0530,463926,43.0,32.1,43.17,28.28
2021-11-01 02:28:30 +0530,463927,42.8,32.1,43.07,28.28
2021-11-01 02:29:00 +0530,463928,51.8,32.7,43.07,28.28
2021-11-01 02:29:30 +0530,463929,39.9,29.8,43.2,28.26
2021-11-01 02:30:00 +0530,463930,42.4,32.4,43.14,28.26
2021-11-01 02:30:30 +0530,463931,41.2,31.2,43.14,28.25
2021-11-01 02:31:00 +0530,463932,45.0,31.8,43.03,28.24
2021-11-01 02:31:30 +0530,463933,41.8,31.3,43.03,28.25
2021-11-01 02:32:00 +0530,463934,44.2,28.3,43.14,28.21
2021-11-01 02:32:30 +0530,463935,34.6,26.7,43.03,28.19
2021-11-01 02:33:00 +0530,463936,38.5,31.2,43.07,28.19
2021-11-01 02:33:30 +0530,463937,41.3,32.4,43.07,28.18
2021-11-01 02:34:00 +0530,463938,43.2,30.7,43.14,28.18
2021-11-01 02:34:30 +0530,463939,40.3,30.7,43.07,28.17
2021-11-01 02:35:00 +0530,463940,43.1,31.7,43.03,28.18
2021-11-01 02:35:30 +0530,463941,46.5,31.9,43.14,28.17
2021-11-01 02:36:00 +0530,463942,40.6,31.8,43.03,28.17
2021-11-01 02:36:30 +0530,463943,40.5,31.7,43.0,28.17
2021-11-01 02:37:00 +0530,463944,40.6,31.2,43.2,28.15
2021-11-01 02:37:30 +0530,463945,39.6,30.2,43.17,28.14
2021-11-01 02:38:00 +0530,463946,42.6,31.6,43.17,28.13
2021-11-01 02:38:30 +0530,463947,38.7,30.4,43.12,28.11
2021-11-01 02:39:00 +0530,463948,38.7,29.4,43.2,28.1
2021-11-01 02:39:30 +0530,463949,42.5,30.4,43.22,28.09
2021-11-01 02:40:00 +0530,463950,38.5,29.3,43.25,28.08
2021-11-01 02:40:30 +0530,463951,38.9,30.4,43.22,28.08
2021-11-01 02:41:00 +0530,463952,37.0,30.1,43.25,28.06
2021-11-01 02:41:30 +0530,463953,36.7,29.3,43.25,28.04
2021-11-01 02:42:00 +0530,463954,41.8,29.4,43.29,28.04
2021-11-01 02:42:30 +0530,463955,37.1,29.6,43.29,28.02
2021-11-01 02:43:00 +0530,463956,30.8,27.4,43.45,28.0
2021-11-01 02:43:30 +0530,463957,41.7,30.6,43.48,28.01
2021-11-01 02:44:00 +0530,463958,43.0,30.9,43.45,28.01
2021-11-01 02:44:30 +0530,463959,36.2,30.4,43.45,28.0
2021-11-01 02:45:00 +0530,463960,43.0,35.4,43.45,28.0
2021-11-01 02:45:30 +0530,463961,42.2,30.7,43.48,28.0
2021-11-01 02:46:00 +0530,463962,47.0,30.4,43.51,28.0
2021-11-01 02:46:30 +0530,463963,41.4,30.4,43.45,28.0
2021-11-01 02:47:00 +0530,463964,38.1,29.7,43.45,28.0
2021-11-01 02:47:30 +0530,463965,36.4,28.6,43.42,28.01
2021-11-01 02:48:00 +0530,463966,37.4,29.3,43.39,28.0
2021-11-01 02:48:30 +0530,463967,37.7,29.1,43.42,28.0
2021-11-01 02:49:00 +0530,463968,35.2,28.4,43.39,28.01
2021-11-01 02:49:30 +0530,463969,35.2,28.4,43.39,28.01
2021-11-01 02:50:00 +0530,463970,35.8,25.8,43.63,27.87
2021-11-01 02:50:30 +0530,463971,36.0,25.3,43.66,27.88
2021-11-01 02:51:00 +0530,463972,34.9,28.9,43.56,27.91
2021-11-01 02:51:30 +0530,463973,35.4,26.1,43.63,27.9
2021-11-01 02:52:00 +0530,463974,38.7,28.8,43.53,27.93
2021-11-01 02:52:30 +0530,463975,39.4,28.7,43.56,27.94
2021-11-01 02:53:00 +0530,463976,30.3,23.4,43.63,27.94
2021-11-01 02:53:30 +0530,463977,38.3,22.9,43.73,27.93
2021-11-01 02:54:00 +0530,463978,42.9,29.7,43.7,27.94
2021-11-01 02:54:30 +0530,463979,39.7,29.3,43.7,27.95
2021-11-01 02:55:00 +0530,463980,39.7,28.8,43.73,27.96
2021-11-01 02:55:30 +0530,463981,40.7,27.7,43.72,27.96
2021-11-01 02:56:00 +0530,463982,35.4,28.9,43.75,27.97
2021-11-01 02:56:30 +0530,463983,37.6,29.1,43.75,27.97
2021-11-01 02:57:00 +0530,463984,35.9,28.7,43.82,27.97
2021-11-01 02:57:30 +0530,463985,34.5,28.6,43.99,27.97
2021-11-01 02:58:00 +0530,463986,43.0,28.8,43.95,27.98
2021-11-01 02:58:30 +0530,463987,35.0,25.3,43.93,27.96
2021-11-01 02:59:00 +0530,463988,38.4,25.7,43.96,27.94
2021-11-01 02:59:30 +0530,463989,34.6,24.8,43.96,27.93
2021-11-01 03:00:00 +0530,463990,42.0,29.2,43.93,27.94
2021-11-01 03:00:30 +0530,463991,40.2,29.7,44.0,27.94
2021-11-01 03:01:00 +0530,463992,40.4,28.3,44.06,27.95
2021-11-01 03:01:30 +0530,463993,38.0,29.3,44.06,27.95
2021-11-01 03:02:00 +0530,463994,37.0,28.4,43.93,27.95
2021-11-01 03:02:30 +0530,463995,41.0,28.9,43.96,27.95
2021-11-01 03:03:00 +0530,463996,37.8,28.9,43.93,27.95
2021-11-01 03:03:30 +0530,463997,38.3,29.3,44.0,27.95
2021-11-01 03:04:00 +0530,463998,40.8,28.7,44.06,27.95
2021-11-01 03:04:30 +0530,463999,38.0,28.9,44.09,27.94
2021-11-01 03:05:00 +0530,464000,35.4,29.3,44.19,27.94
2021-11-01 03:05:30 +0530,464001,37.1,28.7,44.19,27.94
2021-11-01 03:06:00 +0530,464002,35.8,28.4,44.19,27.93
2021-11-01 03:06:30 +0530,464003,37.5,29.1,44.09,27.91
2021-11-01 03:07:00 +0530,464004,32.8,28.9,44.29,27.91
2021-11-01 03:07:30 +0530,464005,36.8,28.6,44.23,27.9
2021-11-01 03:08:00 +0530,464006,39.4,28.2,44.26,27.89
2021-11-01 03:08:30 +0530,464007,36.7,28.0,44.29,27.89
2021-11-01 03:09:00 +0530,464008,31.8,27.2,44.16,27.89
2021-11-01 03:09:30 +0530,464009,35.0,27.2,43.93,27.88
2021-11-01 03:10:00 +0530,464010,33.9,27.9,44.0,27.87
2021-11-01 03:10:30 +0530,464011,31.6,28.2,43.93,27.85
2021-11-01 03:11:00 +0530,464012,30.7,26.9,43.96,27.84
2021-11-01 03:11:30 +0530,464013,36.1,27.4,44.0,27.83
2021-11-01 03:12:00 +0530,464014,33.7,27.2,44.16,27.83
2021-11-01 03:12:30 +0530,464015,31.8,26.9,44.16,27.82
2021-11-01 03:13:00 +0530,464016,32.5,26.7,43.93,27.82
2021-11-01 03:13:30 +0530,464017,31.0,27.2,44.09,27.81
2021-11-01 03:14:00 +0530,464018,34.3,28.1,44.26,27.81
2021-11-01 03:14:30 +0530,464019,25.0,22.3,44.06,27.78
2021-11-01 03:15:00 +0530,464020,30.8,27.5,44.03,27.78
2021-11-01 03:15:30 +0530,464021,32.4,26.9,43.93,27.78
2021-11-01 03:16:00 +0530,464022,33.8,27.8,43.96,27.76
2021-11-01 03:16:30 +0530,464023,33.0,27.3,44.0,27.78
2021-11-01 03:17:00 +0530,464024,30.9,27.7,44.0,27.76
2021-11-01 03:17:30 +0530,464025,32.5,27.1,44.06,27.76
2021-11-01 03:18:00 +0530,464026,33.6,26.3,43.9,27.76
2021-11-01 03:18:30 +0530,464027,31.1,27.1,43.94,27.76
2021-11-01 03:19:00 +0530,464028,32.1,26.7,44.03,27.76
2021-11-01 03:19:30 +0530,464029,29.6,22.1,44.14,27.75
2021-11-01 03:20:00 +0530,464030,30.1,26.9,43.9,27.75
2021-11-01 03:20:30 +0530,464031,30.1,26.2,43.96,27.76
2021-11-01 03:21:00 +0530,464032,33.6,25.9,43.9,27.79
2021-11-01 03:21:30 +0530,464033,31.7,21.6,44.0,27.76
2021-11-01 03:22:00 +0530,464034,33.8,26.6,43.93,27.79
2021-11-01 03:22:30 +0530,464035,30.0,26.4,43.93,27.8
2021-11-01 03:23:00 +0530,464036,32.4,26.3,43.83,27.8
2021-11-01 03:23:30 +0530,464037,34.8,27.0,43.83,27.81
2021-11-01 03:24:00 +0530,464038,30.0,25.9,43.8,27.81
2021-11-01 03:24:30 +0530,464039,39.4,27.7,43.83,27.81
2021-11-01 03:25:00 +0530,464040,37.9,26.7,43.83,27.82
2021-11-01 03:25:30 +0530,464041,36.1,26.9,43.86,27.81
2021-11-01 03:26:00 +0530,464042,34.2,26.8,43.83,27.82
2021-11-01 03:26:30 +0530,464043,35.4,26.2,43.9,27.82
2021-11-01 03:27:00 +0530,464044,34.6,26.3,43.86,27.82
2021-11-01 03:27:30 +0530,464045,35.6,27.0,43.86,27.82
2021-11-01 03:28:00 +0530,464046,33.8,26.3,43.93,27.81
2021-11-01 03:28:30 +0530,464047,32.7,27.4,44.0,27.82
2021-11-01 03:29:00 +0530,464048,33.9,22.2,44.09,27.81
2021-11-01 03:29:30 +0530,464049,34.4,27.4,44.06,27.8
2021-11-01 03:30:00 +0530,464050,35.3,26.3,44.0,27.81
2021-11-01 03:30:30 +0530,464051,33.8,26.6,43.96,27.82
2021-11-01 03:31:00 +0530,464052,40.0,27.6,44.0,27.84
2021-11-01 03:31:30 +0530,464053,31.7,25.3,44.09,27.81
2021-11-01 03:32:00 +0530,464054,35.3,27.0,44.0,27.82
2021-11-01 03:32:30 +0530,464055,35.7,26.3,44.0,27.82
2021-11-01 03:33:00 +0530,464056,34.8,25.9,43.96,27.82
2021-11-01 03:33:30 +0530,464057,35.2,26.0,43.93,27.83
2021-11-01 03:34:00 +0530,464058,30.1,23.4,44.06,27.82
2021-11-01 03:34:30 +0530,464059,34.5,26.1,43.96,27.83
2021-11-01 03:35:00 +0530,464060,32.6,26.8,43.86,27.83
2021-11-01 03:35:30 +0530,464061,29.6,25.2,43.86,27.84
2021-11-01 03:36:00 +0530,464062,38.1,26.6,43.8,27.84
2021-11-01 03:36:30 +0530,464063,34.5,26.8,43.9,27.84
2021-11-01 03:37:00 +0530,464064,36.2,26.8,43.83,27.85
2021-11-01 03:37:30 +0530,464065,32.2,26.3,43.73,27.85
2021-11-01 03:38:00 +0530,464066,41.0,27.3,43.73,27.86
2021-11-01 03:38:30 +0530,464067,38.0,26.7,43.73,27.86
2021-11-01 03:39:00 +0530,464068,41.1,26.8,43.7,27.87
2021-11-01 03:39:30 +0530,464069,40.9,26.4,43.66,27.86
2021-11-01 03:40:00 +0530,464070,37.0,26.3,43.7,27.87
2021-11-01 03:40:30 +0530,464071,37.2,26.4,43.7,27.87
2021-11-01 03:41:00 +0530,464072,38.6,26.7,43.76,27.88
2021-11-01 03:41:30 +0530,464073,44.6,25.6,43.66,27.87
2021-11-01 03:42:00 +0530,464074,35.4,25.7,43.66,27.87
2021-11-01 03:42:30 +0530,464075,33.0,25.6,43.76,27.87
2021-11-01 03:43:00 +0530,464076,32.4,24.8,43.73,27.87
2021-11-01 03:43:30 +0530,464077,33.0,24.9,43.7,27.86
2021-11-01 03:44:00 +0530,464078,31.6,25.1,43.7,27.85
2021-11-01 03:44:30 +0530,464079,33.3,25.7,43.76,27.85
2021-11-01 03:45:00 +0530,464080,36.0,28.9,43.8,27.87
2021-11-01 03:45:30 +0530,464081,33.2,25.7,43.8,27.83
2021-11-01 03:46:00 +0530,464082,31.0,25.6,43.83,27.83
2021-11-01 03:46:30 +0530,464083,29.7,25.4,43.83,27.83
2021-11-01 03:47:00 +0530,464084,21.1,19.0,43.9,27.81
2021-11-01 03:47:30 +0530,464085,27.4,22.2,44.0,27.78
2021-11-01 03:48:00 +0530,464086,34.5,26.7,44.0,27.79
2021-11-01 03:48:30 +0530,464087,35.6,27.1,43.93,27.78
2021-11-01 03:49:00 +0530,464088,34.7,27.4,43.96,27.79
2021-11-01 03:49:30 +0530,464089,35.4,26.3,43.96,27.8
2021-11-01 03:50:00 +0530,464090,36.5,23.5,44.06,27.76
2021-11-01 03:50:30 +0530,464091,33.4,26.3,44.06,27.78
2021-11-01 03:51:00 +0530,464092,34.5,26.3,44.0,27.78
2021-11-01 03:51:30 +0530,464093,37.1,27.7,44.03,27.79
2021-11-01 03:52:00 +0530,464094,43.1,28.5,44.03,27.78
2021-11-01 03:52:30 +0530,464095,41.2,28.3,44.03,27.78
2021-11-01 03:53:00 +0530,464096,31.2,24.9,44.24,27.68
2021-11-01 03:53:30 +0530,464097,39.7,28.1,44.14,27.7
2021-11-01 03:54:00 +0530,464098,34.4,27.1,44.07,27.71
2021-11-01 03:54:30 +0530,464099,38.3,23.2,44.21,27.7
2021-11-01 03:55:00 +0530,464100,35.5,27.7,44.04,27.71
2021-11-01 03:55:30 +0530,464101,36.7,28.3,44.14,27.72
2021-11-01 03:56:00 +0530,464102,33.6,27.1,44.04,27.73
2021-11-01 03:56:30 +0530,464103,31.9,27.1,44.14,27.74
2021-11-01 03:57:00 +0530,464104,34.6,27.6,44.07,27.74
2021-11-01 03:57:30 +0530,464105,36.4,27.8,44.04,27.74
2021-11-01 03:58:00 +0530,464106,37.6,28.5,44.04,27.74
2021-11-01 03:58:30 +0530,464107,39.3,24.1,44.04,27.72
2021-11-01 03:59:00 +0530,464108,35.8,24.9,44.14,27.73
2021-11-01 04:00:00 +0530,464109,37.0,26.8,44.45,27.55
2021-11-01 04:00:30 +0530,464110,37.8,28.3,44.48,27.59
2021-11-01 04:01:00 +0530,464111,35.9,27.6,44.44,27.61
2021-11-01 04:01:30 +0530,464112,37.1,27.8,44.37,27.64
2021-11-01 04:02:00 +0530,464113,30.3,23.2,44.25,27.63
2021-11-01 04:02:30 +0530,464114,34.6,27.9,44.21,27.65
2021-11-01 04:03:00 +0530,464115,34.1,28.2,44.24,27.67
2021-11-01 04:03:30 +0530,464116,30.7,27.4,44.21,27.69
2021-11-01 04:04:00 +0530,464117,30.4,27.2,44.21,27.68
2021-11-01 04:05:00 +0530,464118,35.8,27.3,44.45,27.53
2021-11-01 04:05:30 +0530,464119,36.3,29.2,44.35,27.57
2021-11-01 04:06:00 +0530,464120,34.2,24.3,44.38,27.58
2021-11-01 04:06:30 +0530,464121,40.4,29.4,44.29,27.61
2021-11-01 04:07:00 +0530,464122,30.9,25.2,44.35,27.61
2021-11-01 04:07:30 +0530,464123,38.3,29.1,44.31,27.63
2021-11-01 04:08:00 +0530,464124,35.2,28.4,44.21,27.65
2021-11-01 04:08:30 +0530,464125,38.5,28.3,44.24,27.66
2021-11-01 04:09:00 +0530,464126,39.9,29.8,44.17,27.67
2021-11-01 04:09:30 +0530,464127,36.4,25.9,44.17,27.65
2021-11-01 04:10:00 +0530,464128,41.9,30.4,44.07,27.66
2021-11-01 04:10:30 +0530,464129,51.8,31.4,44.0,27.67
2021-11-01 04:11:00 +0530,464130,145.8,41.7,44.04,27.68
2021-11-01 04:11:30 +0530,464131,67.1,34.1,44.14,27.68
2021-11-01 04:12:00 +0530,464132,41.9,29.2,44.07,27.68
2021-11-01 04:12:30 +0530,464133,51.2,27.3,44.24,27.67
2021-11-01 04:13:00 +0530,464134,43.1,29.7,44.27,27.67
2021-11-01 04:13:30 +0530,464135,40.6,29.1,44.21,27.67
2021-11-01 04:14:00 +0530,464136,36.3,29.2,44.04,27.67
2021-11-01 04:14:30 +0530,464137,30.1,26.0,44.21,27.64
2021-11-01 04:15:00 +0530,464138,42.2,30.1,44.21,27.65
2021-11-01 04:15:30 +0530,464139,38.1,29.3,44.24,27.64
2021-11-01 04:16:00 +0530,464140,38.9,29.1,44.27,27.65
2021-11-01 04:16:30 +0530,464141,42.1,29.9,44.31,27.65
2021-11-01 04:17:00 +0530,464142,28.2,25.1,44.41,27.61
2021-11-01 04:17:30 +0530,464143,35.0,23.7,44.42,27.61
2021-11-01 04:18:00 +0530,464144,41.4,30.2,44.42,27.61
2021-11-01 04:18:30 +0530,464145,40.8,28.9,44.41,27.63
2021-11-01 04:19:00 +0530,464146,37.8,29.9,44.34,27.64
2021-11-01 04:19:30 +0530,464147,43.7,30.6,44.31,27.64
2021-11-01 04:20:00 +0530,464148,38.8,27.2,44.44,27.61
2021-11-01 04:20:30 +0530,464149,42.7,29.9,44.41,27.63
2021-11-01 04:21:00 +0530,464150,39.0,30.2,44.34,27.64
2021-11-01 04:21:30 +0530,464151,43.1,30.7,44.27,27.64
2021-11-01 04:22:00 +0530,464152,37.4,30.4,44.27,27.64
2021-11-01 04:22:30 +0530,464153,35.8,30.3,44.27,27.64
2021-11-01 04:23:00 +0530,464154,39.9,25.7,44.75,27.47
2021-11-01 04:23:30 +0530,464155,37.2,29.7,44.58,27.5
2021-11-01 04:24:00 +0530,464156,39.1,30.6,44.68,27.52
2021-11-01 04:24:30 +0530,464157,34.1,26.7,44.68,27.51
2021-11-01 04:25:00 +0530,464158,37.6,30.5,44.72,27.52
2021-11-01 04:25:30 +0530,464159,41.7,30.3,44.82,27.51
2021-11-01 04:26:00 +0530,464160,39.2,29.7,44.65,27.51
2021-11-01 04:26:30 +0530,464161,37.0,29.9,44.68,27.51
2021-11-01 04:27:00 +0530,464162,37.6,26.0,44.88,27.49
2021-11-01 04:27:30 +0530,464163,38.9,29.7,44.82,27.47
2021-11-01 04:28:00 +0530,464164,33.5,29.3,44.72,27.47
2021-11-01 04:28:30 +0530,464165,36.5,29.7,44.88,27.47
2021-11-01 04:29:00 +0530,464166,36.4,29.9,44.75,27.46
2021-11-01 04:29:30 +0530,464167,42.5,24.9,44.83,27.43
2021-11-01 04:30:00 +0530,464168,35.8,29.2,44.88,27.42
2021-11-01 04:30:30 +0530,464169,31.2,27.9,44.83,27.42
2021-11-01 04:31:00 +0530,464170,34.9,25.8,44.93,27.39
2021-11-01 04:31:30 +0530,464171,36.7,27.7,45.09,27.4
2021-11-01 04:32:00 +0530,464172,32.9,27.9,44.87,27.4
2021-11-01 04:32:30 +0530,464173,31.5,27.7,44.87,27.4
2021-11-01 04:33:00 +0530,464174,34.1,25.8,44.5,27.4
2021-11-01 04:33:30 +0530,464175,30.0,26.3,44.43,27.4
2021-11-01 04:34:00 +0530,464176,31.4,25.9,44.5,27.4
2021-11-01 04:34:30 +0530,464177,27.2,23.1,44.56,27.38
2021-11-01 04:35:00 +0530,464178,38.0,21.2,44.5,27.36
2021-11-01 04:35:30 +0530,464179,33.9,26.9,44.46,27.36
2021-11-01 04:36:00 +0530,464180,26.0,23.2,44.5,27.35
2021-11-01 04:36:30 +0530,464181,31.9,26.6,44.39,27.35
2021-11-01 04:37:00 +0530,464182,33.8,27.0,44.46,27.36
2021-11-01 04:37:30 +0530,464183,36.7,26.5,44.53,27.38
2021-11-01 04:38:00 +0530,464184,30.3,26.6,44.43,27.38
2021-11-01 04:38:30 +0530,464185,37.1,27.6,44.39,27.38
2021-11-01 04:39:00 +0530,464186,33.2,26.7,44.33,27.39
2021-11-01 04:39:30 +0530,464187,33.8,26.1,44.43,27.39
2021-11-01 04:40:00 +0530,464188,29.6,25.8,44.16,27.39
2021-11-01 04:40:30 +0530,464189,34.6,26.6,44.33,27.39
2021-11-01 04:41:00 +0530,464190,29.4,25.8,44.36,27.39
2021-11-01 04:41:30 +0530,464191,33.6,25.9,44.43,27.4
2021-11-01 04:42:00 +0530,464192,31.9,26.2,44.33,27.41
2021-11-01 04:42:30 +0530,464193,32.5,25.9,44.33,27.42
2021-11-01 04:43:00 +0530,464194,32.1,25.7,44.29,27.42
2021-11-01 04:43:30 +0530,464195,28.8,24.6,44.19,27.42
2021-11-01 04:44:00 +0530,464196,29.5,24.2,43.8,27.41
2021-11-01 04:44:30 +0530,464197,29.8,24.4,43.8,27.41
2021-11-01 04:45:00 +0530,464198,29.8,24.4,43.8,27.41
2021-11-01 04:45:30 +0530,464199,29.9,22.2,44.81,27.09
2021-11-01 04:46:00 +0530,464200,30.8,24.6,44.41,27.16
2021-11-01 04:46:30 +0530,464201,30.1,20.5,44.37,27.2
2021-11-01 04:47:00 +0530,464202,29.9,25.2,43.97,27.23
2021-11-01 04:47:30 +0530,464203,25.7,21.0,44.0,27.23
2021-11-01 04:48:00 +0530,464204,27.7,24.7,43.77,27.26
2021-11-01 04:48:30 +0530,464205,28.7,20.3,43.8,27.26
2021-11-01 04:49:00 +0530,464206,28.4,25.3,43.76,27.29
2021-11-01 04:49:30 +0530,464207,31.3,21.7,43.84,27.28
2021-11-01 04:50:00 +0530,464208,33.6,26.3,43.73,27.3
2021-11-01 04:50:30 +0530,464209,34.3,25.4,43.66,27.32
2021-11-01 04:51:01 +0530,464210,34.3,25.4,43.66,27.32
2021-11-01 04:51:30 +0530,464211,29.2,21.9,43.84,27.25
2021-11-01 04:52:00 +0530,464212,35.4,26.3,43.8,27.27
2021-11-01 04:52:30 +0530,464213,32.0,25.7,43.66,27.3
2021-11-01 04:53:00 +0530,464214,29.0,22.3,43.7,27.3
2021-11-01 04:53:30 +0530,464215,31.8,25.9,43.59,27.32
2021-11-01 04:54:00 +0530,464216,33.1,25.7,43.49,27.35
2021-11-01 04:54:30 +0530,464217,32.3,26.4,43.49,27.36
2021-11-01 04:55:00 +0530,464218,35.6,25.4,43.56,27.37
2021-11-01 04:55:30 +0530,464219,32.8,25.7,43.49,27.38
2021-11-01 04:56:00 +0530,464220,31.4,25.9,43.56,27.39
2021-11-01 04:56:30 +0530,464221,30.5,22.2,43.66,27.38
2021-11-01 04:57:00 +0530,464222,32.8,25.3,43.63,27.37
2021-11-01 04:57:30 +0530,464223,34.6,27.2,43.59,27.38
2021-11-01 04:58:00 +0530,464224,33.9,26.3,43.63,27.39
2021-11-01 04:58:30 +0530,464225,34.3,26.0,43.66,27.4
2021-11-01 04:59:00 +0530,464226,32.6,26.1,43.56,27.41
2021-11-01 04:59:30 +0530,464227,34.7,26.3,43.56,27.4
2021-11-01 05:00:00 +0530,464228,34.6,26.0,43.56,27.41
2021-11-01 05:00:30 +0530,464229,32.4,26.8,43.56,27.41
2021-11-01 05:01:00 +0530,464230,33.4,26.7,43.59,27.42
2021-11-01 05:01:30 +0530,464231,35.0,26.4,43.49,27.43
2021-11-01 05:02:00 +0530,464232,31.4,27.1,43.56,27.43
2021-11-01 05:02:30 +0530,464233,29.9,23.1,43.66,27.39
2021-11-01 05:03:00 +0530,464234,32.1,26.6,43.56,27.4
2021-11-01 05:03:30 +0530,464235,33.2,27.9,43.59,27.41
2021-11-01 05:04:00 +0530,464236,35.0,27.1,43.59,27.43
2021-11-01 05:04:30 +0530,464237,34.1,27.8,43.58,27.44
2021-11-01 05:05:00 +0530,464238,31.5,24.2,43.66,27.42
2021-11-01 05:05:30 +0530,464239,33.4,26.8,43.48,27.43
2021-11-01 05:06:00 +0530,464240,36.5,27.7,43.39,27.44
2021-11-01 05:06:30 +0530,464241,37.1,27.1,43.39,27.45
2021-11-01 05:07:00 +0530,464242,33.1,27.4,43.28,27.47
2021-11-01 05:07:30 +0530,464243,31.2,27.2,43.25,27.47
2021-11-01 05:08:00 +0530,464244,34.2,28.1,43.28,27.47
2021-11-01 05:08:30 +0530,464245,31.5,27.2,43.25,27.47
2021-11-01 05:09:00 +0530,464246,33.3,27.6,43.28,27.47
2021-11-01 05:09:30 +0530,464247,33.9,27.4,43.32,27.49
2021-11-01 05:10:00 +0530,464248,32.6,26.2,43.12,27.49
2021-11-01 05:10:30 +0530,464249,36.2,27.2,43.15,27.49
2021-11-01 05:11:00 +0530,464250,31.2,27.7,42.98,27.49
2021-11-01 05:11:30 +0530,464251,31.9,27.5,43.12,27.5
2021-11-01 05:12:00 +0530,464252,30.3,25.9,43.15,27.5
2021-11-01 05:12:30 +0530,464253,35.0,27.7,43.18,27.5
2021-11-01 05:13:00 +0530,464254,37.5,27.1,43.25,27.5
2021-11-01 05:13:30 +0530,464255,37.2,27.6,43.28,27.49
2021-11-01 05:14:00 +0530,464256,32.5,27.4,43.28,27.49
2021-11-01 05:14:30 +0530,464257,33.2,27.1,43.32,27.5
2021-11-01 05:15:00 +0530,464258,33.4,27.3,43.32,27.5
2021-11-01 05:15:30 +0530,464259,39.4,28.3,43.35,27.51
2021-11-01 05:16:00 +0530,464260,33.4,27.8,43.32,27.51
2021-11-01 05:16:30 +0530,464261,34.0,28.0,43.32,27.51
2021-11-01 05:17:30 +0530,464262,37.4,26.1,43.73,27.34
2021-11-01 05:18:00 +0530,464263,36.9,27.9,43.63,27.37
2021-11-01 05:18:30 +0530,464264,35.5,28.4,43.49,27.4
2021-11-01 05:19:00 +0530,464265,42.1,27.9,43.43,27.42
2021-11-01 05:19:30 +0530,464266,47.6,28.9,43.42,27.43
2021-11-01 05:20:00 +0530,464267,42.9,29.2,43.39,27.44
2021-11-01 05:20:30 +0530,464268,42.2,28.6,43.32,27.46
2021-11-01 05:21:00 +0530,464269,41.5,29.1,43.35,27.47
2021-11-01 05:21:30 +0530,464270,41.4,29.2,43.35,27.47
2021-11-01 05:22:00 +0530,464271,42.5,29.7,43.28,27.49
2021-11-01 05:22:30 +0530,464272,42.9,28.3,43.28,27.49
2021-11-01 05:23:00 +0530,464273,45.4,29.1,43.28,27.49
2021-11-01 05:23:30 +0530,464274,35.7,28.3,43.32,27.49
2021-11-01 05:24:00 +0530,464275,44.2,28.4,43.32,27.5
2021-11-01 05:24:30 +0530,464276,40.4,28.4,43.32,27.5
2021-11-01 05:25:00 +0530,464277,38.6,28.5,43.35,27.5
2021-11-01 05:25:30 +0530,464278,38.2,28.2,43.39,27.49
2021-11-01 05:26:00 +0530,464279,34.6,28.5,43.39,27.5
2021-11-01 05:26:30 +0530,464280,38.7,27.8,43.39,27.5
2021-11-01 05:27:00 +0530,464281,33.5,25.2,43.48,27.46
2021-11-01 05:27:30 +0530,464282,37.8,28.8,43.51,27.47
2021-11-01 05:28:00 +0530,464283,35.3,27.3,43.48,27.47
2021-11-01 05:28:30 +0530,464284,39.3,27.6,43.51,27.47
2021-11-01 05:29:00 +0530,464285,39.5,28.9,43.58,27.49
2021-11-01 05:29:30 +0530,464286,31.4,24.1,43.68,27.45
2021-11-01 05:30:00 +0530,464287,40.6,28.4,43.68,27.45
2021-11-01 05:30:30 +0530,464288,31.1,23.6,43.75,27.44
2021-11-01 05:31:00 +0530,464289,27.7,22.9,43.76,27.42
2021-11-01 05:31:30 +0530,464290,37.3,28.8,43.76,27.43
2021-11-01 05:32:00 +0530,464291,33.1,28.3,43.8,27.42
2021-11-01 05:32:30 +0530,464292,35.4,28.1,43.86,27.42
2021-11-01 05:33:00 +0530,464293,40.2,28.6,43.93,27.42
2021-11-01 05:33:30 +0530,464294,38.1,29.7,44.02,27.42
2021-11-01 05:34:00 +0530,464295,37.5,29.8,44.03,27.42
2021-11-01 05:34:30 +0530,464296,45.3,29.9,44.16,27.41
2021-11-01 05:35:00 +0530,464297,39.8,29.2,44.19,27.39
2021-11-01 05:35:30 +0530,464298,34.4,28.9,44.26,27.39
2021-11-01 05:36:00 +0530,464299,38.4,29.6,44.29,27.38
2021-11-01 05:36:30 +0530,464300,37.8,29.7,44.36,27.38
2021-11-01 05:37:00 +0530,464301,39.1,29.7,44.43,27.36
2021-11-01 05:37:30 +0530,464302,39.5,29.9,44.46,27.35
2021-11-01 05:38:00 +0530,464303,37.0,29.3,44.46,27.35
2021-11-01 05:38:30 +0530,464304,42.2,30.0,44.53,27.35
2021-11-01 05:39:00 +0530,464305,42.5,30.2,44.56,27.34
2021-11-01 05:39:30 +0530,464306,43.9,30.4,44.66,27.31
2021-11-01 05:40:00 +0530,464307,39.1,30.6,44.66,27.32
2021-11-01 05:40:30 +0530,464308,40.1,30.6,44.66,27.31
2021-11-01 05:41:00 +0530,464309,39.6,30.8,44.73,27.31
2021-11-01 05:41:30 +0530,464310,36.3,29.8,44.66,27.3
2021-11-01 05:42:00 +0530,464311,38.7,30.3,44.73,27.31
2021-11-01 05:42:30 +0530,464312,37.8,25.3,44.83,27.29
2021-11-01 05:43:00 +0530,464313,38.6,30.6,44.73,27.29
2021-11-01 05:43:30 +0530,464314,50.7,31.1,44.73,27.3
2021-11-01 05:44:00 +0530,464315,59.4,33.4,44.83,27.3
2021-11-01 05:44:30 +0530,464316,65.0,33.6,44.83,27.29
2021-11-01 05:45:00 +0530,464317,83.9,38.6,44.93,27.32
2021-11-01 05:45:30 +0530,464318,58.7,36.2,44.93,27.28
2021-11-01 05:46:00 +0530,464319,46.0,31.6,44.9,27.29
2021-11-01 05:46:30 +0530,464320,45.5,32.3,44.87,27.29
2021-11-01 05:47:00 +0530,464321,36.5,29.8,44.73,27.28
2021-11-01 05:47:30 +0530,464322,40.3,30.7,44.83,27.27
2021-11-01 05:48:00 +0530,464323,47.7,30.7,44.97,27.26
2021-11-01 05:48:30 +0530,464324,39.2,30.2,44.54,27.26
2021-11-01 05:49:00 +0530,464325,37.2,30.5,44.64,27.25
2021-11-01 05:49:30 +0530,464326,43.0,30.4,44.7,27.24
2021-11-01 05:50:00 +0530,464327,42.6,30.4,44.8,27.24
2021-11-01 05:50:30 +0530,464328,39.7,31.3,44.87,27.23
2021-11-01 05:51:00 +0530,464329,39.6,31.9,44.97,27.23
2021-11-01 05:51:30 +0530,464330,37.2,30.7,44.83,27.22
2021-11-01 05:52:00 +0530,464331,38.6,31.1,44.87,27.22
2021-11-01 05:52:30 +0530,464332,37.2,30.2,44.83,27.21
2021-11-01 05:53:00 +0530,464333,39.7,30.7,44.94,27.2
2021-11-01 05:53:30 +0530,464334,41.6,30.9,44.97,27.2
2021-11-01 05:54:00 +0530,464335,36.7,30.3,44.94,27.19
2021-11-01 05:54:30 +0530,464336,38.5,29.8,44.9,27.17
2021-11-01 05:55:00 +0530,464337,35.5,29.2,44.94,27.17
2021-11-01 05:55:30 +0530,464338,36.0,28.4,45.0,27.15
2021-11-01 05:56:00 +0530,464339,41.9,31.5,44.87,27.15
2021-11-01 05:56:30 +0530,464340,42.1,30.7,44.8,27.16
2021-11-01 05:57:00 +0530,464341,41.3,30.5,44.83,27.16
2021-11-01 05:57:30 +0530,464342,41.6,31.7,44.9,27.16
2021-11-01 05:58:00 +0530,464343,39.6,30.7,44.87,27.16
2021-11-01 05:58:30 +0530,464344,33.9,26.4,44.83,27.15
2021-11-01 05:59:00 +0530,464345,36.8,30.9,44.7,27.15
2021-11-01 05:59:30 +0530,464346,37.4,30.7,44.51,27.16
2021-11-01 06:00:00 +0530,464347,36.4,30.9,44.3,27.17
2021-11-01 06:00:30 +0530,464348,40.2,29.9,44.27,27.19
2021-11-01 06:01:00 +0530,464349,37.7,29.8,44.24,27.19
2021-11-01 06:01:30 +0530,464350,36.3,26.8,44.2,27.16
2021-11-01 06:02:00 +0530,464351,38.1,29.8,44.17,27.16
2021-11-01 06:02:30 +0530,464352,38.2,30.1,44.27,27.16
2021-11-01 06:03:00 +0530,464353,31.6,25.9,44.34,27.15
2021-11-01 06:03:30 +0530,464354,31.3,25.9,44.47,27.13
2021-11-01 06:04:00 +0530,464355,40.0,30.1,44.41,27.14
2021-11-01 06:04:30 +0530,464356,41.6,30.3,44.41,27.14
2021-11-01 06:05:00 +0530,464357,39.6,26.7,44.71,26.97
2021-11-01 06:05:30 +0530,464358,44.7,31.7,44.71,27.02
2021-11-01 06:06:00 +0530,464359,44.2,30.8,44.58,27.07
2021-11-01 06:06:30 +0530,464360,37.4,25.6,44.45,27.08
2021-11-01 06:07:00 +0530,464361,39.3,27.6,44.51,27.07
2021-11-01 06:07:30 +0530,464362,42.0,31.5,44.47,27.1
2021-11-01 06:08:00 +0530,464363,41.5,30.6,44.44,27.12
2021-11-01 06:08:30 +0530,464364,38.2,31.4,44.14,27.13
2021-11-01 06:09:00 +0530,464365,44.1,31.5,44.24,27.14
2021-11-01 06:09:30 +0530,464366,41.2,31.0,44.3,27.15
2021-11-01 06:10:00 +0530,464367,39.1,31.6,44.34,27.15
2021-11-01 06:10:30 +0530,464368,38.1,31.2,44.37,27.16
2021-11-01 06:11:00 +0530,464369,41.2,31.3,44.3,27.16
2021-11-01 06:11:30 +0530,464370,42.4,30.7,44.34,27.16
2021-11-01 06:12:00 +0530,464371,39.6,30.3,44.34,27.17
2021-11-01 06:12:30 +0530,464372,39.5,30.9,44.41,27.17
2021-11-01 06:13:00 +0530,464373,40.2,30.6,44.37,27.17
2021-11-01 06:13:30 +0530,464374,42.4,30.9,44.34,27.17
2021-11-01 06:14:00 +0530,464375,35.7,29.9,44.24,27.17
2021-11-01 06:14:30 +0530,464376,41.1,31.1,44.17,27.19
2021-11-01 06:15:00 +0530,464377,40.1,30.8,44.2,27.19
2021-11-01 06:15:30 +0530,464378,42.5,30.3,44.27,27.17
2021-11-01 06:16:00 +0530,464379,41.3,30.3,44.3,27.17
2021-11-01 06:16:30 +0530,464380,33.8,25.8,44.41,27.13
2021-11-01 06:17:00 +0530,464381,36.6,25.9,44.64,27.12
2021-11-01 06:17:30 +0530,464382,39.4,30.7,44.3,27.12
2021-11-01 06:18:00 +0530,464383,44.1,30.1,44.27,27.12
2021-11-01 06:18:30 +0530,464384,38.3,30.4,44.37,27.13
2021-11-01 06:19:00 +0530,464385,38.3,30.2,44.27,27.13
2021-11-01 06:19:30 +0530,464386,40.0,29.9,44.07,27.13
2021-11-01 06:20:00 +0530,464387,41.2,30.4,44.0,27.13
2021-11-01 06:20:30 +0530,464388,42.3,30.2,44.07,27.13
2021-11-01 06:21:00 +0530,464389,45.4,29.9,44.0,27.12
2021-11-01 06:21:30 +0530,464390,40.8,30.5,44.1,27.12
2021-11-01 06:22:00 +0530,464391,39.3,29.1,43.97,27.12
2021-11-01 06:22:30 +0530,464392,36.4,30.2,43.93,27.1
2021-11-01 06:23:00 +0530,464393,41.8,30.9,43.97,27.1
2021-11-01 06:23:30 +0530,464394,40.2,26.2,44.08,27.07
2021-11-01 06:24:00 +0530,464395,42.7,30.2,44.15,27.07
2021-11-01 06:24:30 +0530,464396,42.7,30.3,43.95,27.07
2021-11-01 06:25:00 +0530,464397,36.4,29.1,43.75,27.07
2021-11-01 06:25:30 +0530,464398,34.7,29.8,43.85,27.06
2021-11-01 06:26:00 +0530,464399,35.9,27.9,43.98,27.07
2021-11-01 06:26:30 +0530,464400,35.2,25.6,44.12,27.05
2021-11-01 06:27:00 +0530,464401,38.3,29.5,43.95,27.05
2021-11-01 06:27:30 +0530,464402,37.1,26.4,44.05,27.02
2021-11-01 06:28:00 +0530,464403,42.2,30.9,43.98,27.02
2021-11-01 06:28:30 +0530,464404,41.5,30.2,44.15,27.04
2021-11-01 06:29:00 +0530,464405,39.5,30.6,44.18,27.05
2021-11-01 06:29:30 +0530,464406,38.2,30.1,43.98,27.07
2021-11-01 06:30:00 +0530,464407,46.7,30.1,43.95,27.07
2021-11-01 06:30:30 +0530,464408,45.5,31.2,43.98,27.08
2021-11-01 06:31:00 +0530,464409,37.9,30.0,43.97,27.09
2021-11-01 06:31:30 +0530,464410,36.7,29.5,44.0,27.09
2021-11-01 06:32:00 +0530,464411,38.6,30.2,44.07,27.1
2021-11-01 06:32:30 +0530,464412,40.5,30.3,44.1,27.11
2021-11-01 06:33:00 +0530,464413,35.1,29.7,44.1,27.12
2021-11-01 06:33:30 +0530,464414,41.4,30.3,44.17,27.13
2021-11-01 06:34:00 +0530,464415,56.5,28.7,44.24,27.12
2021-11-01 06:34:30 +0530,464416,39.9,31.4,44.2,27.12
2021-11-01 06:35:00 +0530,464417,44.0,30.6,44.17,27.14
2021-11-01 06:35:30 +0530,464418,43.5,30.8,44.17,27.15
2021-11-01 06:36:00 +0530,464419,42.6,30.6,44.2,27.16
2021-11-01 06:36:30 +0530,464420,45.0,31.4,44.2,27.16
2021-11-01 06:37:00 +0530,464421,47.2,31.0,44.2,27.17
2021-11-01 06:37:30 +0530,464422,42.0,31.1,43.9,27.19
2021-11-01 06:38:00 +0530,464423,44.2,31.9,43.93,27.2
2021-11-01 06:38:30 +0530,464424,44.5,30.3,43.9,27.2
2021-11-01 06:39:00 +0530,464425,42.0,29.6,43.93,27.21
2021-11-01 06:39:30 +0530,464426,33.0,25.3,43.97,27.2
2021-11-01 06:40:00 +0530,464427,41.5,30.9,43.84,27.22
2021-11-01 06:40:30 +0530,464428,36.9,29.9,43.77,27.23
2021-11-01 06:41:00 +0530,464429,42.5,26.3,43.9,27.22
2021-11-01 06:41:30 +0530,464430,40.1,30.2,43.93,27.24
2021-11-01 06:42:00 +0530,464431,42.5,31.4,43.97,27.25
2021-11-01 06:43:00 +0530,464433,36.5,25.9,43.27,27.26
2021-11-01 06:43:30 +0530,464434,38.8,26.7,43.34,27.27
2021-11-01 06:44:00 +0530,464435,38.3,27.4,43.29,27.28
2021-11-01 06:44:30 +0530,464432,40.8,35.0,43.22,27.29
2021-11-01 06:45:00 +0530,464436,34.4,27.2,43.07,27.27
2021-11-01 06:45:30 +0530,464437,30.0,24.4,42.87,27.27
2021-11-01 06:46:00 +0530,464438,34.4,27.1,42.74,27.28
2021-11-01 06:46:30 +0530,464439,35.3,27.1,42.74,27.28
2021-11-01 06:47:00 +0530,464440,28.1,24.6,43.27,27.11
2021-11-01 06:47:30 +0530,464441,37.8,29.6,43.2,27.13
2021-11-01 06:48:00 +0530,464442,38.7,28.7,43.03,27.17
2021-11-01 06:48:30 +0530,464443,39.8,29.4,42.84,27.22
2021-11-01 06:49:00 +0530,464444,36.3,28.7,42.74,27.25
2021-11-01 06:49:30 +0530,464445,40.9,28.8,42.71,27.27
2021-11-01 06:50:00 +0530,464446,46.6,29.1,42.59,27.3
2021-11-01 06:50:30 +0530,464447,40.3,28.0,42.59,27.32
2021-11-01 06:51:00 +0530,464448,43.2,28.2,42.59,27.32
2021-11-01 06:51:30 +0530,464449,33.4,23.2,43.03,27.21
2021-11-01 06:52:00 +0530,464450,38.4,25.1,42.9,27.24
2021-11-01 06:52:30 +0530,464451,39.0,28.9,42.76,27.29
2021-11-01 06:53:00 +0530,464452,41.3,27.7,42.56,27.34
2021-11-01 06:53:30 +0530,464453,45.3,27.9,42.42,27.39
2021-11-01 06:54:00 +0530,464454,41.4,27.6,42.36,27.44
2021-11-01 06:54:30 +0530,464455,37.6,28.3,42.31,27.47
2021-11-01 06:55:00 +0530,464456,46.1,29.7,42.21,27.5
2021-11-01 06:55:30 +0530,464457,33.6,22.8,42.04,27.51
2021-11-01 06:56:00 +0530,464458,31.7,25.9,41.34,27.52
2021-11-01 06:56:30 +0530,464459,34.7,26.2,41.45,27.54
2021-11-01 06:57:00 +0530,464460,40.0,26.7,41.48,27.56
2021-11-01 06:57:30 +0530,464461,28.0,24.3,40.97,27.55
2021-11-01 06:58:00 +0530,464462,31.8,25.2,40.97,27.56
2021-11-01 06:58:30 +0530,464463,33.5,25.4,40.97,27.56
2021-11-01 06:59:00 +0530,464464,38.5,26.1,40.78,27.58
2021-11-01 06:59:30 +0530,464465,36.7,25.8,40.78,27.59
2021-11-01 07:00:00 +0530,464466,37.7,25.6,40.81,27.6
2021-11-01 07:00:30 +0530,464467,38.9,26.1,40.94,27.61
2021-11-01 07:01:00 +0530,464468,38.1,26.2,40.97,27.64
2021-11-01 07:01:30 +0530,464469,35.6,25.8,40.77,27.66
2021-11-01 07:02:00 +0530,464470,29.6,22.0,41.0,27.67
2021-11-01 07:02:30 +0530,464471,36.1,26.8,41.0,27.68
2021-11-01 07:03:00 +0530,464472,32.1,25.6,40.7,27.71
2021-11-01 07:03:30 +0530,464473,34.8,20.9,40.56,27.71
2021-11-01 07:04:00 +0530,464474,33.1,26.0,40.53,27.72
2021-11-01 07:04:30 +0530,464475,35.8,26.7,40.6,27.74
2021-11-01 07:05:00 +0530,464476,30.0,21.3,40.77,27.75
2021-11-01 07:05:30 +0530,464477,36.5,26.8,40.72,27.79
2021-11-01 07:06:00 +0530,464478,31.7,25.8,40.55,27.8
2021-11-01 07:06:30 +0530,464479,33.4,26.3,40.55,27.81
2021-11-01 07:07:00 +0530,464480,34.4,26.3,40.52,27.83
2021-11-01 07:07:30 +0530,464481,40.8,26.9,40.45,27.85
2021-11-01 07:08:00 +0530,464482,40.6,26.8,40.15,27.86
2021-11-01 07:08:30 +0530,464483,55.9,28.1,40.29,27.87
2021-11-01 07:09:00 +0530,464484,43.2,26.8,40.12,27.89
2021-11-01 07:09:30 +0530,464485,42.6,27.5,40.29,27.9
2021-11-01 07:10:00 +0530,464486,36.5,26.4,40.15,27.93
2021-11-01 07:10:30 +0530,464487,99.1,36.1,40.08,27.95
2021-11-01 07:11:00 +0530,464488,44.6,26.1,40.1,27.97
2021-11-01 07:11:30 +0530,464489,41.2,26.5,39.97,27.99
2021-11-01 07:12:00 +0530,464490,40.7,25.7,39.91,28.01
2021-11-01 07:12:30 +0530,464491,36.9,25.5,39.97,28.03
2021-11-01 07:13:00 +0530,464492,61.3,29.1,40.14,28.04
2021-11-01 07:13:30 +0530,464493,36.8,25.4,39.97,28.06
2021-11-01 07:14:00 +0530,464494,36.8,25.4,39.91,28.1
2021-11-01 07:14:30 +0530,464495,38.1,27.1,40.03,28.12
2021-11-01 07:15:00 +0530,464496,30.5,25.2,40.03,28.14
2021-11-01 07:15:30 +0530,464497,41.9,25.7,40.03,28.17
2021-11-01 07:16:00 +0530,464498,90.4,32.1,39.89,28.18
2021-11-01 07:16:30 +0530,464499,46.7,27.3,39.79,28.19
2021-11-01 07:17:00 +0530,464500,53.1,22.8,39.82,28.18
2021-11-01 07:17:30 +0530,464501,41.6,26.1,39.72,28.18
2021-11-01 07:18:00 +0530,464502,36.7,25.1,39.69,28.19
2021-11-01 07:18:30 +0530,464503,33.3,25.2,39.76,28.19
2021-11-01 07:19:00 +0530,464504,37.5,25.9,39.99,28.19
2021-11-01 07:19:30 +0530,464505,45.5,27.1,40.09,28.2
2021-11-01 07:20:00 +0530,464506,44.0,26.3,39.99,28.19
2021-11-01 07:20:30 +0530,464507,35.5,25.6,40.03,28.19
2021-11-01 07:21:00 +0530,464508,42.0,26.6,39.89,28.19
2021-11-01 07:21:30 +0530,464509,36.1,26.1,39.46,28.17
2021-11-01 07:22:00 +0530,464510,35.3,26.2,39.43,28.17
2021-11-01 07:22:30 +0530,464511,38.3,24.1,39.66,28.14
2021-11-01 07:23:00 +0530,464512,35.8,26.0,39.66,28.14
2021-11-01 07:23:30 +0530,464513,39.1,25.9,39.56,28.13
2021-11-01 07:24:00 +0530,464514,38.0,26.3,39.43,28.13
2021-11-01 07:24:30 +0530,464515,38.1,26.6,39.62,28.12
2021-11-01 07:25:00 +0530,464516,31.7,22.1,39.64,28.1
2021-11-01 07:25:30 +0530,464517,41.2,27.3,39.27,28.1
2021-11-01 07:26:00 +0530,464518,38.2,26.3,39.49,28.11
2021-11-01 07:26:30 +0530,464519,35.7,21.6,39.4,28.09
2021-11-01 07:27:00 +0530,464520,43.7,26.9,39.37,28.1
2021-11-01 07:27:30 +0530,464521,35.7,21.6,39.47,28.09
2021-11-01 07:28:00 +0530,464522,44.4,27.4,39.5,28.11
2021-11-01 07:28:30 +0530,464523,45.7,27.6,39.52,28.14
2021-11-01 07:29:00 +0530,464524,32.5,23.2,39.61,28.12
2021-11-01 07:29:30 +0530,464525,39.3,23.6,39.69,28.14
2021-11-01 07:30:00 +0530,464526,59.1,23.9,39.62,28.15
2021-11-01 07:30:30 +0530,464527,46.2,28.8,39.62,28.17
2021-11-01 07:31:00 +0530,464528,38.5,25.2,39.89,28.17
2021-11-01 07:31:30 +0530,464529,36.3,23.2,39.93,28.16
2021-11-01 07:32:00 +0530,464530,41.7,28.0,39.72,28.18
2021-11-01 07:32:30 +0530,464531,43.4,28.2,39.82,28.19
2021-11-01 07:33:00 +0530,464532,48.5,29.3,39.79,28.21
2021-11-01 07:33:30 +0530,464533,46.6,28.6,39.69,28.21
2021-11-01 07:34:00 +0530,464534,38.4,29.6,39.19,28.21
2021-11-01 07:34:30 +0530,464535,36.7,29.0,39.09,28.21
2021-11-01 07:35:00 +0530,464536,33.6,23.2,39.26,28.18
2021-11-01 07:35:30 +0530,464537,37.8,28.8,39.46,28.18
2021-11-01 07:36:00 +0530,464538,42.1,29.4,39.52,28.18
2021-11-01 07:36:30 +0530,464539,38.4,29.2,39.43,28.19
2021-11-01 07:37:00 +0530,464540,40.9,29.1,39.59,28.19
2021-11-01 07:37:30 +0530,464541,42.8,29.2,39.76,28.21
2021-11-01 07:38:00 +0530,464542,34.7,28.8,39.76,28.23
2021-11-01 07:38:30 +0530,464543,39.6,25.3,39.66,28.24
2021-11-01 07:39:00 +0530,464544,44.6,31.1,39.72,28.26
2021-11-01 07:39:30 +0530,464545,40.8,30.3,39.82,28.28
2021-11-01 07:40:00 +0530,464546,42.7,28.6,39.59,28.28
2021-11-01 07:40:30 +0530,464547,45.1,29.7,39.43,28.29
2021-11-01 07:41:00 +0530,464548,40.1,29.2,39.51,28.29
2021-11-01 07:41:30 +0530,464549,39.8,27.3,39.58,28.31
2021-11-01 07:42:00 +0530,464550,42.1,28.7,39.62,28.3
2021-11-01 07:42:30 +0530,464551,29.0,25.8,39.65,28.29
2021-11-01 07:43:00 +0530,464552,40.7,28.8,39.51,28.32
2021-11-01 07:43:30 +0530,464553,41.6,29.4,39.65,28.34
2021-11-01 07:44:00 +0530,464554,41.6,28.7,39.72,28.37
2021-11-01 07:44:30 +0530,464555,43.9,29.9,39.94,28.39
2021-11-01 07:45:00 +0530,464556,41.2,28.8,39.62,28.41
2021-11-01 07:45:30 +0530,464557,49.6,31.8,39.48,28.41
2021-11-01 07:46:00 +0530,464558,40.7,28.9,39.44,28.42
2021-11-01 07:46:30 +0530,464559,40.9,27.7,39.38,28.43
2021-11-01 07:47:00 +0530,464560,36.3,23.6,39.38,28.39
2021-11-01 07:47:30 +0530,464561,39.2,29.1,39.55,28.41
2021-11-01 07:48:00 +0530,464562,48.5,24.9,39.44,28.37
2021-11-01 07:48:30 +0530,464563,42.4,28.1,39.72,28.4
2021-11-01 07:49:00 +0530,464564,35.3,28.2,39.44,28.4
2021-11-01 07:49:30 +0530,464565,38.6,28.7,39.21,28.41
2021-11-01 07:50:00 +0530,464566,32.0,23.6,39.31,28.37
2021-11-01 07:50:30 +0530,464567,35.5,25.2,39.38,28.37
2021-11-01 07:51:00 +0530,464568,38.2,28.6,39.04,28.37
2021-11-01 07:51:30 +0530,464569,43.3,28.4,39.14,28.38
2021-11-01 07:52:00 +0530,464570,40.5,28.4,39.07,28.39
2021-11-01 07:52:30 +0530,464571,38.7,28.7,39.14,28.41
2021-11-01 07:53:00 +0530,464572,41.1,28.1,39.01,28.42
2021-11-01 07:53:30 +0530,464573,38.0,28.8,38.98,28.42
2021-11-01 07:54:00 +0530,464574,43.4,28.1,38.98,28.42
2021-11-01 07:54:30 +0530,464575,41.5,28.0,38.94,28.42
2021-11-01 07:55:00 +0530,464576,38.1,28.4,39.04,28.42
2021-11-01 07:55:30 +0530,464577,41.2,29.1,39.17,28.42
2021-11-01 07:56:00 +0530,464578,39.8,28.1,39.38,28.43
2021-11-01 07:56:30 +0530,464579,35.8,23.8,39.44,28.41
2021-11-01 07:57:00 +0530,464580,32.7,23.3,39.48,28.41
2021-11-01 07:57:30 +0530,464581,37.9,24.3,39.48,28.41
2021-11-01 07:58:00 +0530,464582,41.7,28.5,39.44,28.43
2021-11-01 07:58:30 +0530,464583,41.4,27.1,39.03,28.46
2021-11-01 07:59:00 +0530,464584,41.6,27.4,38.69,28.47
2021-11-01 07:59:30 +0530,464585,35.7,26.7,38.69,28.48
2021-11-01 08:00:00 +0530,464586,46.1,26.9,38.56,28.49
2021-11-01 08:00:30 +0530,464587,41.3,27.2,38.59,28.52
2021-11-01 08:01:00 +0530,464588,39.8,27.4,38.63,28.54
2021-11-01 08:01:30 +0530,464589,38.5,22.6,38.93,28.54
2021-11-01 08:02:00 +0530,464590,38.0,26.9,38.93,28.54
2021-11-01 08:02:30 +0530,464591,41.8,26.9,39.03,28.56
2021-11-01 08:03:00 +0530,464592,25.7,21.9,38.96,28.54
2021-11-01 08:03:30 +0530,464593,39.8,26.7,38.9,28.57
2021-11-01 08:04:00 +0530,464594,41.7,27.2,38.76,28.57
2021-11-01 08:04:30 +0530,464595,43.0,27.1,38.73,28.58
2021-11-01 08:05:00 +0530,464596,32.4,23.0,39.07,28.41
2021-11-01 08:05:30 +0530,464597,36.3,26.6,38.51,28.43
2021-11-01 08:06:00 +0530,464598,38.3,25.9,38.69,28.46
2021-11-01 08:06:30 +0530,464599,38.0,23.0,38.66,28.47
2021-11-01 08:07:00 +0530,464600,35.2,26.5,38.66,28.49
2021-11-01 08:07:30 +0530,464601,37.5,26.1,38.43,28.5
2021-11-01 08:08:00 +0530,464602,36.9,26.8,38.59,28.52
2021-11-01 08:08:30 +0530,464603,33.7,24.2,38.56,28.5
2021-11-01 08:09:00 +0530,464604,35.8,26.1,38.53,28.52
2021-11-01 08:09:30 +0530,464605,34.4,25.9,38.59,28.54
2021-11-01 08:10:00 +0530,464606,35.1,26.4,38.49,28.55
2021-11-01 08:10:30 +0530,464607,37.4,26.3,38.36,28.57
2021-11-01 08:11:00 +0530,464608,30.6,20.6,38.46,28.55
2021-11-01 08:11:30 +0530,464609,37.5,25.8,38.36,28.57
2021-11-01 08:12:00 +0530,464610,35.1,25.6,38.19,28.59
2021-11-01 08:12:30 +0530,464611,37.5,22.7,38.4,28.58
2021-11-01 08:13:00 +0530,464612,35.7,26.6,38.49,28.6
2021-11-01 08:13:30 +0530,464613,34.4,25.4,38.53,28.62
2021-11-01 08:14:00 +0530,464614,35.8,25.9,38.46,28.65
2021-11-01 08:14:30 +0530,464615,44.7,26.4,38.48,28.67
2021-11-01 08:15:00 +0530,464616,37.4,21.6,38.52,28.65
2021-11-01 08:15:30 +0530,464617,38.4,25.9,38.52,28.68
2021-11-01 08:16:00 +0530,464618,36.4,25.8,38.55,28.7
2021-11-01 08:16:30 +0530,464619,39.8,26.9,38.48,28.73
2021-11-01 08:17:00 +0530,464620,39.6,25.8,38.45,28.76
2021-11-01 08:17:30 +0530,464621,33.9,25.4,38.21,28.8
2021-11-01 08:18:00 +0530,464622,44.2,26.8,38.27,28.85
2021-11-01 08:18:30 +0530,464623,39.9,26.2,38.07,28.85
2021-11-01 08:19:00 +0530,464624,31.2,25.4,38.0,28.88
2021-11-01 08:19:30 +0530,464625,35.5,25.9,38.17,28.92
2021-11-01 08:20:00 +0530,464626,40.4,26.1,38.3,28.94
2021-11-01 08:20:30 +0530,464627,38.7,26.2,38.4,28.99
2021-11-01 08:21:00 +0530,464628,37.4,25.4,38.22,29.02
2021-11-01 08:21:30 +0530,464629,37.8,26.2,38.22,29.06
2021-11-01 08:22:00 +0530,464630,35.0,25.5,38.05,29.11
2021-11-01 08:22:30 +0530,464631,34.9,25.2,37.91,29.14
2021-11-01 08:23:00 +0530,464632,38.2,25.5,37.9,29.17
2021-11-01 08:23:30 +0530,464633,39.8,26.4,37.9,29.21
2021-11-01 08:24:00 +0530,464634,32.2,21.8,37.87,29.21
2021-11-01 08:24:30 +0530,464635,34.9,25.4,37.8,29.22
2021-11-01 08:25:00 +0530,464636,35.5,25.9,37.6,29.27
2021-11-01 08:25:30 +0530,464637,33.9,25.7,37.6,29.31
2021-11-01 08:26:00 +0530,464638,40.5,24.9,37.53,29.33
2021-11-01 08:26:30 +0530,464639,36.3,25.6,37.56,29.36
2021-11-01 08:27:00 +0530,464640,30.5,20.8,37.4,29.35
2021-11-01 08:27:30 +0530,464641,34.6,25.3,37.52,29.38
2021-11-01 08:28:00 +0530,464642,35.4,25.6,37.39,29.43
2021-11-01 08:28:30 +0530,464643,42.9,26.0,37.35,29.46
2021-11-01 08:29:00 +0530,464644,40.3,26.1,37.21,29.5
2021-11-01 08:29:30 +0530,464645,34.9,25.9,37.07,29.53
2021-11-01 08:30:00 +0530,464646,34.1,20.7,36.83,29.56
2021-11-01 08:30:30 +0530,464647,41.5,26.9,36.6,29.59
2021-11-01 08:31:00 +0530,464648,49.7,26.6,36.56,29.61
2021-11-01 08:31:30 +0530,464649,42.3,25.5,36.63,29.63
2021-11-01 08:32:00 +0530,464650,44.5,26.1,36.76,29.65
2021-11-01 08:32:30 +0530,464651,34.4,20.5,36.9,29.66
2021-11-01 08:33:00 +0530,464652,36.3,25.5,36.76,29.68
2021-11-01 08:33:30 +0530,464653,29.8,24.1,36.45,29.71
2021-11-01 08:34:00 +0530,464654,41.2,24.9,36.21,29.72
2021-11-01 08:34:30 +0530,464655,55.0,26.6,36.21,29.72
2021-11-01 08:35:00 +0530,464656,29.7,20.6,36.35,29.71
2021-11-01 08:35:30 +0530,464657,29.7,20.6,36.35,29.71
2021-11-01 08:36:00 +0530,464658,43.0,22.2,36.63,29.5
2021-11-01 08:36:30 +0530,464659,44.0,25.1,36.23,29.53
2021-11-01 08:37:00 +0530,464660,37.3,24.2,36.37,29.57
2021-11-01 08:37:30 +0530,464661,33.9,23.1,36.3,29.59
2021-11-01 08:38:00 +0530,464662,39.0,25.1,36.2,29.61
2021-11-01 08:38:30 +0530,464663,38.5,24.4,36.13,29.62
2021-11-01 08:39:00 +0530,464664,36.9,24.4,36.06,29.62
2021-11-01 08:39:30 +0530,464665,37.8,24.8,36.2,29.63
2021-11-01 08:40:00 +0530,464666,37.9,25.0,36.37,29.65
2021-11-01 08:40:30 +0530,464667,36.4,24.3,35.82,29.65
2021-11-01 08:41:00 +0530,464668,40.1,23.9,35.82,29.65
2021-11-01 08:41:30 +0530,464669,38.0,25.1,35.89,29.66
2021-11-01 08:42:00 +0530,464670,37.2,25.4,35.89,29.66
2021-11-01 08:43:00 +0530,464671,38.5,21.8,36.76,29.5
2021-11-01 08:43:30 +0530,464672,38.8,25.1,36.73,29.56
2021-11-01 08:44:00 +0530,464673,34.7,23.6,36.43,29.61
2021-11-01 08:44:30 +0530,464674,35.1,24.1,36.13,29.64
2021-11-01 08:45:00 +0530,464675,31.5,18.9,36.5,29.64
2021-11-01 08:45:30 +0530,464676,36.5,27.6,36.5,29.66
2021-11-01 08:46:00 +0530,464677,36.9,23.7,36.31,29.68
2021-11-01 08:46:30 +0530,464678,36.3,24.2,36.21,29.71
2021-11-01 08:47:00 +0530,464679,36.7,23.8,36.42,29.74
2021-11-01 08:47:30 +0530,464680,26.8,19.2,36.42,29.74
2021-11-01 08:48:00 +0530,464681,41.0,24.1,36.08,29.74
2021-11-01 08:48:30 +0530,464682,35.4,24.2,35.91,29.75
2021-11-01 08:49:00 +0530,464683,35.7,24.4,36.08,29.75
2021-11-01 08:49:30 +0530,464684,38.6,24.6,36.35,29.75
2021-11-01 08:50:00 +0530,464685,45.0,24.9,36.25,29.75
2021-11-01 08:50:30 +0530,464686,37.7,24.7,36.38,29.76
2021-11-01 08:51:00 +0530,464687,36.9,24.4,36.52,29.77
2021-11-01 08:51:30 +0530,464688,34.1,20.8,36.48,29.77
2021-11-01 08:52:00 +0530,464689,44.7,25.1,36.42,29.79
2021-11-01 08:52:30 +0530,464690,36.8,24.1,36.42,29.8
2021-11-01 08:53:00 +0530,464691,36.2,24.1,36.42,29.8
2021-11-01 08:53:30 +0530,464692,40.7,22.7,36.48,29.73
2021-11-01 08:54:00 +0530,464693,48.8,26.2,36.52,29.77
2021-11-01 08:54:30 +0530,464694,41.4,25.8,36.37,29.82
2021-11-01 08:55:00 +0530,464695,41.5,26.3,36.2,29.89
2021-11-01 08:55:30 +0530,464696,38.4,21.4,36.24,29.91
2021-11-01 08:56:00 +0530,464697,40.8,24.8,36.24,29.95
2021-11-01 08:56:30 +0530,464698,40.2,26.4,36.34,30.0
2021-11-01 08:57:00 +0530,464699,43.6,25.7,36.42,30.03
2021-11-01 08:57:30 +0530,464700,41.7,25.6,36.42,30.06
2021-11-01 08:58:00 +0530,464701,36.8,24.1,36.76,30.08
2021-11-01 08:58:30 +0530,464702,41.7,23.1,36.96,30.09
2021-11-01 08:59:00 +0530,464703,44.0,26.2,37.09,30.11
2021-11-01 08:59:30 +0530,464704,33.8,20.8,37.02,30.12
2021-11-01 09:00:00 +0530,464705,37.3,26.1,36.79,30.15
2021-11-01 09:00:30 +0530,464706,39.7,25.6,37.05,30.17
2021-11-01 09:01:00 +0530,464707,32.8,21.8,37.28,30.17
2021-11-01 09:01:30 +0530,464708,41.2,26.3,36.71,30.19
2021-11-01 09:02:00 +0530,464709,44.3,26.3,36.78,30.21
2021-11-01 09:02:30 +0530,464710,49.0,27.6,36.81,30.23
2021-11-01 09:03:00 +0530,464711,47.2,26.7,36.44,30.26
2021-11-01 09:03:30 +0530,464712,43.2,26.0,36.17,30.27
2021-11-01 09:04:00 +0530,464713,47.7,26.8,36.21,30.27
2021-11-01 09:04:30 +0530,464714,41.2,24.9,36.21,30.26
2021-11-01 09:05:00 +0530,464715,39.8,23.6,36.27,30.25
2021-11-01 09:05:30 +0530,464716,51.5,28.1,36.5,30.25
2021-11-01 09:06:00 +0530,464717,52.0,26.7,36.78,30.25
2021-11-01 09:06:30 +0530,464718,40.6,24.7,36.21,30.25
2021-11-01 09:07:00 +0530,464719,39.7,24.4,36.0,30.25
2021-11-01 09:07:30 +0530,464720,55.0,26.3,36.0,30.26
2021-11-01 09:08:00 +0530,464721,43.9,24.6,36.14,30.28
2021-11-01 09:08:30 +0530,464722,40.1,24.3,35.76,30.3
2021-11-01 09:09:00 +0530,464723,47.2,25.9,36.07,30.32
2021-11-01 09:09:30 +0530,464724,36.6,24.7,35.6,30.32
2021-11-01 09:10:00 +0530,464725,37.9,24.3,35.5,30.32
2021-11-01 09:10:30 +0530,464726,34.7,23.5,35.47,30.32
2021-11-01 09:11:00 +0530,464727,39.7,25.4,35.6,30.33
2021-11-01 09:11:30 +0530,464728,39.6,24.4,35.73,30.35
2021-11-01 09:12:00 +0530,464729,32.7,21.1,35.87,30.35
2021-11-01 09:12:30 +0530,464730,45.9,25.5,35.89,30.37
2021-11-01 09:13:00 +0530,464731,36.9,24.8,35.98,30.4
2021-11-01 09:13:30 +0530,464732,40.9,24.7,35.72,30.44
2021-11-01 09:14:00 +0530,464733,44.4,26.9,35.69,30.46
2021-11-01 09:14:30 +0530,464734,42.3,24.5,35.58,30.47
2021-11-01 09:15:00 +0530,464735,38.8,24.5,35.52,30.49
2021-11-01 09:15:30 +0530,464736,39.6,24.3,35.45,30.51
2021-11-01 09:16:00 +0530,464737,41.1,24.5,35.6,30.53
2021-11-01 09:16:30 +0530,464738,39.8,24.1,35.63,30.55
2021-11-01 09:17:00 +0530,464739,40.2,24.5,35.57,30.59
2021-11-01 09:17:30 +0530,464740,37.6,23.7,35.06,30.62
2021-11-01 09:18:00 +0530,464741,37.1,22.8,35.03,30.65
2021-11-01 09:18:30 +0530,464742,40.1,23.3,35.23,30.66
2021-11-01 09:19:00 +0530,464743,30.4,20.5,35.47,30.66
2021-11-01 09:19:30 +0530,464744,36.4,24.1,35.23,30.68
2021-11-01 09:20:00 +0530,464745,37.6,24.1,35.42,30.71
2021-11-01 09:20:30 +0530,464746,29.5,19.6,35.28,30.74
2021-11-01 09:21:00 +0530,464747,36.9,24.5,34.92,30.77
2021-11-01 09:21:30 +0530,464748,42.7,23.4,34.92,30.81
2021-11-01 09:22:00 +0530,464749,41.3,23.3,34.92,30.81
2021-11-01 09:22:30 +0530,464750,35.6,20.9,35.11,30.77
2021-11-01 09:23:00 +0530,464751,36.4,23.7,35.11,30.83
2021-11-01 09:23:30 +0530,464752,36.9,23.2,35.2,30.9
2021-11-01 09:24:00 +0530,464753,30.1,22.2,34.63,30.95
2021-11-01 09:24:30 +0530,464754,40.7,23.8,34.45,30.99
2021-11-01 09:25:00 +0530,464755,31.1,20.2,34.41,31.0
2021-11-01 09:25:30 +0530,464756,39.7,23.8,34.7,31.02
2021-11-01 09:26:00 +0530,464757,31.5,23.6,34.96,31.04
2021-11-01 09:26:30 +0530,464758,39.9,23.4,35.15,31.07
2021-11-01 09:27:00 +0530,464759,46.2,24.2,35.15,31.13
2021-11-01 09:27:30 +0530,464760,36.0,22.6,34.85,31.16
2021-11-01 09:28:00 +0530,464761,33.5,22.6,34.78,31.18
2021-11-01 09:29:00 +0530,464762,35.7,20.0,35.05,31.13
2021-11-01 09:29:30 +0530,464763,37.7,24.6,35.24,31.22
2021-11-01 09:30:00 +0530,464764,38.0,23.6,34.97,31.29
2021-11-01 09:30:30 +0530,464765,28.5,21.7,34.52,31.35
2021-11-01 09:31:00 +0530,464766,37.6,23.1,34.46,31.42
2021-11-01 09:31:30 +0530,464767,32.4,22.1,33.9,31.45
2021-11-01 09:32:00 +0530,464768,41.5,23.4,33.94,31.48
2021-11-01 09:32:30 +0530,464769,40.3,22.3,34.06,31.51
2021-11-01 09:33:00 +0530,464770,36.1,22.6,34.3,31.54
2021-11-01 09:33:30 +0530,464771,37.8,19.7,34.5,31.54
2021-11-01 09:34:00 +0530,464772,27.3,19.8,34.63,31.56
2021-11-01 09:34:30 +0530,464773,37.7,22.5,34.32,31.6
2021-11-01 09:35:00 +0530,464774,36.9,23.8,34.66,31.66
2021-11-01 09:35:30 +0530,464775,43.1,23.4,34.63,31.72
2021-11-01 09:36:00 +0530,464776,31.8,22.1,34.37,31.76
2021-11-01 09:36:30 +0530,464777,29.7,19.5,34.21,31.79
2021-11-01 09:37:00 +0530,464778,37.2,23.1,34.05,31.84
2021-11-01 09:37:30 +0530,464779,32.5,21.5,33.89,31.88
2021-11-01 09:38:00 +0530,464780,31.7,18.7,34.19,31.9
2021-11-01 09:38:30 +0530,464781,36.0,22.5,34.07,31.96
2021-11-01 09:39:00 +0530,464782,28.8,21.4,33.87,32.01
2021-11-01 09:39:30 +0530,464783,32.6,21.4,33.51,32.03
2021-11-01 09:40:00 +0530,464784,33.9,23.3,33.63,32.05
2021-11-01 09:40:30 +0530,464785,39.0,21.4,33.29,32.08
2021-11-01 09:41:00 +0530,464786,35.7,21.9,33.53,32.08
2021-11-01 09:41:30 +0530,464787,36.7,21.3,33.29,32.09
2021-11-01 09:42:00 +0530,464788,27.7,17.6,33.29,32.08
2021-11-01 09:42:30 +0530,464789,33.1,20.8,33.27,32.08
2021-11-01 09:43:00 +0530,464790,34.1,20.8,33.27,32.08
2021-11-01 09:43:30 +0530,464791,32.1,19.1,33.39,31.94
2021-11-01 09:44:00 +0530,464792,33.7,22.2,33.35,31.95
2021-11-01 09:44:30 +0530,464793,29.4,20.8,33.07,31.96
2021-11-01 09:45:00 +0530,464794,30.6,20.7,33.07,31.97
2021-11-01 09:45:30 +0530,464795,29.4,17.4,33.3,31.87
2021-11-01 09:46:00 +0530,464796,26.0,17.9,33.46,31.89
2021-11-01 09:46:30 +0530,464797,34.3,19.3,33.43,31.92
2021-11-01 09:47:00 +0530,464798,33.8,21.4,33.39,31.98
2021-11-01 09:47:30 +0530,464799,46.6,21.9,33.35,32.03
2021-11-01 09:48:00 +0530,464800,46.6,21.9,33.35,32.03
2021-11-01 09:48:30 +0530,464801,30.1,18.4,33.55,32.02
2021-11-01 09:49:00 +0530,464802,29.7,21.2,33.09,32.12
2021-11-01 09:49:30 +0530,464803,29.6,21.1,33.09,32.12
2021-11-01 09:50:00 +0530,464804,22.4,17.4,33.65,32.09
2021-11-01 09:50:30 +0530,464805,28.3,20.6,33.09,32.16
2021-11-01 09:51:00 +0530,464806,28.3,20.4,32.83,32.24
2021-11-01 09:51:30 +0530,464807,30.4,20.8,32.74,32.3
2021-11-01 09:52:00 +0530,464808,37.4,21.1,32.9,32.37
2021-11-01 09:52:30 +0530,464809,39.7,22.1,33.49,32.41
2021-11-01 09:53:00 +0530,464810,43.6,20.6,33.44,32.48
2021-11-01 09:53:30 +0530,464811,30.0,20.8,33.12,32.54
2021-11-01 09:54:00 +0530,464812,36.8,20.7,33.22,32.6
2021-11-01 09:54:30 +0530,464813,30.7,19.9,33.3,32.64
2021-11-01 09:55:00 +0530,464814,32.0,22.0,33.02,32.69
2021-11-01 09:55:30 +0530,464815,32.2,20.1,32.3,32.73
2021-11-01 09:56:00 +0530,464816,29.5,20.0,31.96,32.76
2021-11-01 09:56:30 +0530,464817,29.8,20.4,32.03,32.77
2021-11-01 09:57:00 +0530,464818,31.2,20.7,32.03,32.77
2021-11-01 09:57:30 +0530,464819,33.6,18.6,32.54,32.64
2021-11-01 09:58:00 +0530,464820,29.7,17.3,32.5,32.66
2021-11-01 09:58:30 +0530,464821,31.5,19.8,32.02,32.69
2021-11-01 09:59:00 +0530,464822,33.2,20.4,31.93,32.71
2021-11-01 09:59:30 +0530,464823,35.4,19.8,32.09,32.74
2021-11-01 10:00:00 +0530,464824,25.6,18.9,31.86,32.74
2021-11-01 10:00:30 +0530,464825,27.1,18.8,31.41,32.72
2021-11-01 10:01:00 +0530,464826,27.5,19.7,31.49,32.7
2021-11-01 10:01:30 +0530,464827,29.9,19.8,31.61,32.67
2021-11-01 10:02:00 +0530,464828,33.6,19.9,31.81,32.66
2021-11-01 10:02:30 +0530,464829,24.4,16.8,31.97,32.62
2021-11-01 10:03:00 +0530,464830,31.7,19.7,32.02,32.63
2021-11-01 10:03:30 +0530,464831,30.7,19.2,31.86,32.63
2021-11-01 10:04:00 +0530,464832,32.9,20.6,31.81,32.64
2021-11-01 10:04:30 +0530,464833,29.5,19.5,31.81,32.64
2021-11-01 10:05:00 +0530,464834,33.9,20.3,31.97,32.67
2021-11-01 10:05:30 +0530,464835,30.3,20.3,32.22,32.68
2021-11-01 10:06:00 +0530,464836,30.4,19.4,32.22,32.71
2021-11-01 10:06:30 +0530,464837,31.5,17.7,32.54,32.72
2021-11-01 10:07:00 +0530,464838,30.9,20.7,31.71,32.76
2021-11-01 10:07:30 +0530,464839,29.1,20.4,31.51,32.78
2021-11-01 10:08:00 +0530,464840,26.7,19.6,31.67,32.82
2021-11-01 10:08:30 +0530,464841,30.2,20.8,31.59,32.84
2021-11-01 10:09:00 +0530,464842,25.9,19.7,31.43,32.85
2021-11-01 10:09:30 +0530,464843,31.2,20.2,31.51,32.85
2021-11-01 10:10:00 +0530,464844,27.1,19.8,31.55,32.88
2021-11-01 10:10:30 +0530,464845,29.7,22.5,31.51,32.9
2021-11-01 10:11:00 +0530,464846,28.6,21.9,31.77,32.94
2021-11-01 10:11:30 +0530,464847,36.7,24.6,32.17,32.98
2021-11-01 10:12:00 +0530,464848,36.1,24.8,31.65,33.01
2021-11-01 10:12:30 +0530,464849,31.4,22.7,31.12,33.02
2021-11-01 10:13:00 +0530,464850,31.7,21.1,30.96,33.03
2021-11-01 10:13:30 +0530,464851,30.4,21.7,31.12,33.04
2021-11-01 10:14:00 +0530,464852,36.1,23.6,31.32,33.04
2021-11-01 10:14:30 +0530,464853,35.7,27.3,31.89,33.07
2021-11-01 10:15:00 +0530,464854,33.2,23.9,31.7,33.09
2021-11-01 10:15:30 +0530,464855,30.4,23.1,31.99,33.12
2021-11-01 10:16:00 +0530,464856,27.7,17.6,31.95,33.13
2021-11-01 10:16:30 +0530,464857,27.5,20.6,30.98,33.16
2021-11-01 10:17:00 +0530,464858,31.3,21.7,31.35,33.19
2021-11-01 10:17:30 +0530,464859,32.3,21.1,31.51,33.22
2021-11-01 10:18:00 +0530,464860,28.0,20.4,31.4,33.27
2021-11-01 10:18:30 +0530,464861,29.8,20.1,31.4,33.27
2021-11-01 10:19:00 +0530,464862,30.9,19.7,31.35,33.22
2021-11-01 10:19:30 +0530,464863,36.0,24.5,31.16,33.29
2021-11-01 10:20:00 +0530,464864,49.3,25.8,30.96,33.33
2021-11-01 10:20:30 +0530,464865,38.9,25.0,30.96,33.37
2021-11-01 10:21:00 +0530,464866,30.2,25.6,30.87,33.4
2021-11-01 10:21:30 +0530,464867,33.3,24.9,30.83,33.42
2021-11-01 10:22:00 +0530,464868,29.8,23.7,30.77,33.46
2021-11-01 10:22:30 +0530,464869,26.5,21.7,30.49,33.48
2021-11-01 10:23:00 +0530,464870,30.7,23.8,30.53,33.5
2021-11-01 10:23:30 +0530,464871,33.9,22.2,30.9,33.52
2021-11-01 10:24:00 +0530,464872,31.2,19.4,31.18,33.56
2021-11-01 10:24:30 +0530,464873,37.6,20.7,31.18,33.59
2021-11-01 10:25:00 +0530,464874,34.0,21.4,31.43,33.64
2021-11-01 10:25:30 +0530,464875,32.5,20.4,31.27,33.7
2021-11-01 10:26:00 +0530,464876,35.2,19.3,30.91,33.76
2021-11-01 10:26:30 +0530,464877,29.9,19.6,30.93,33.8
2021-11-01 10:27:00 +0530,464878,26.5,18.3,30.85,33.87
2021-11-01 10:27:30 +0530,464879,37.8,20.4,30.73,33.93
2021-11-01 10:28:00 +0530,464880,32.8,19.4,30.38,33.97
2021-11-01 10:28:30 +0530,464881,31.1,19.3,30.5,34.01
2021-11-01 10:29:00 +0530,464882,38.8,17.1,30.54,34.02
2021-11-01 10:29:30 +0530,464883,56.4,19.2,30.74,34.02
2021-11-01 10:30:00 +0530,464884,52.0,21.4,30.66,34.05
2021-11-01 10:30:30 +0530,464885,36.6,19.8,30.66,34.07
2021-11-01 10:31:00 +0530,464886,32.2,19.6,30.42,34.09
2021-11-01 10:31:30 +0530,464887,25.0,18.2,29.7,34.08
2021-11-01 10:32:00 +0530,464888,29.2,18.7,29.93,34.07
2021-11-01 10:32:30 +0530,464889,24.8,18.1,29.54,34.05
2021-11-01 10:33:00 +0530,464890,27.6,18.3,29.7,34.02
2021-11-01 10:33:30 +0530,464891,31.1,18.6,29.74,34.0
2021-11-01 10:34:00 +0530,464892,30.4,19.4,29.58,33.95
2021-11-01 10:34:30 +0530,464893,33.9,19.6,29.76,33.92
2021-11-01 10:35:00 +0530,464894,20.2,15.7,29.88,33.86
2021-11-01 10:35:30 +0530,464895,31.4,18.9,29.84,33.81
2021-11-01 10:36:00 +0530,464896,36.8,16.2,29.99,33.76
2021-11-01 10:36:30 +0530,464897,33.5,19.3,29.9,33.73
2021-11-01 10:37:00 +0530,464898,38.5,19.9,29.87,33.7
2021-11-01 10:37:30 +0530,464899,34.4,16.3,30.06,33.64
2021-11-01 10:38:00 +0530,464900,31.3,19.4,29.99,33.62
2021-11-01 10:38:30 +0530,464901,31.9,19.4,30.15,33.59
2021-11-01 10:39:00 +0530,464902,39.2,19.8,30.13,33.57
2021-11-01 10:39:30 +0530,464903,35.6,19.7,30.42,33.55
2021-11-01 10:40:00 +0530,464904,44.4,20.7,30.45,33.55
2021-11-01 10:40:30 +0530,464905,41.7,20.8,30.53,33.55
2021-11-01 10:41:00 +0530,464906,18.5,15.3,30.92,33.35
2021-11-01 10:41:30 +0530,464907,33.0,20.7,31.04,33.41
2021-11-01 10:42:00 +0530,464908,32.5,16.8,31.25,33.44
2021-11-01 10:42:30 +0530,464909,30.1,19.8,31.09,33.48
2021-11-01 10:43:00 +0530,464910,30.5,20.6,30.97,33.5
2021-11-01 10:43:30 +0530,464911,35.7,20.7,31.09,33.52
2021-11-01 10:44:00 +0530,464912,27.2,19.9,31.13,33.53
2021-11-01 10:44:30 +0530,464913,36.0,19.6,31.41,33.55
2021-11-01 10:45:00 +0530,464914,39.7,21.7,31.5,33.56
2021-11-01 10:45:30 +0530,464915,27.7,20.9,31.29,33.56
2021-11-01 10:46:00 +0530,464916,32.7,19.8,31.06,33.57
2021-11-01 10:46:30 +0530,464917,34.0,19.8,31.09,33.57
2021-11-01 10:47:00 +0530,464918,28.7,17.2,31.56,33.4
2021-11-01 10:47:30 +0530,464919,29.1,20.9,31.72,33.42
2021-11-01 10:48:00 +0530,464920,29.3,21.1,31.29,33.43
2021-11-01 10:48:30 +0530,464921,29.9,20.8,31.52,33.44
2021-11-01 10:49:00 +0530,464922,35.6,21.5,31.41,33.44
2021-11-01 10:49:30 +0530,464923,37.3,22.8,31.62,33.44
2021-11-01 10:50:00 +0530,464924,30.0,21.6,31.32,33.43
2021-11-01 10:50:30 +0530,464925,35.4,22.6,31.48,33.43
2021-11-01 10:51:00 +0530,464926,33.6,22.2,31.41,33.44
2021-11-01 10:51:30 +0530,464927,28.5,21.8,31.34,33.45
2021-11-01 10:52:00 +0530,464928,31.7,22.3,31.38,33.47
2021-11-01 10:52:30 +0530,464929,33.1,21.7,31.5,33.49
2021-11-01 10:53:00 +0530,464930,31.9,21.4,31.18,33.52
2021-11-01 10:53:30 +0530,464931,31.6,21.2,31.25,33.56
2021-11-01 10:54:00 +0530,464932,33.0,21.3,31.16,33.59
2021-11-01 10:54:30 +0530,464933,34.5,22.1,31.51,33.64
2021-11-01 10:55:00 +0530,464934,36.3,21.7,31.48,33.7
2021-11-01 10:55:30 +0530,464935,30.1,22.2,31.16,33.76
2021-11-01 10:56:00 +0530,464936,29.3,18.8,31.27,33.76
2021-11-01 10:56:30 +0530,464937,31.2,22.3,30.93,33.8
2021-11-01 10:57:00 +0530,464938,31.8,22.4,30.52,33.86
2021-11-01 10:57:30 +0530,464939,26.0,20.8,30.41,33.92
2021-11-01 10:58:00 +0530,464940,46.7,25.3,30.71,33.96
2021-11-01 10:58:30 +0530,464941,47.5,24.6,30.78,34.02
2021-11-01 10:59:00 +0530,464942,33.3,21.6,30.74,34.06
2021-11-01 10:59:30 +0530,464943,34.8,21.7,30.87,34.06
2021-11-01 11:00:30 +0530,464944,25.8,18.6,30.42,33.95
2021-11-01 11:01:00 +0530,464945,33.3,22.5,30.3,33.99
2021-11-01 11:01:30 +0530,464946,33.2,22.0,30.34,34.01
2021-11-01 11:02:00 +0530,464947,29.3,21.1,30.25,34.04
2021-11-01 11:02:30 +0530,464948,30.8,22.6,30.18,34.06
2021-11-01 11:03:00 +0530,464949,23.9,16.1,30.25,34.04
2021-11-01 11:03:30 +0530,464950,28.7,21.4,30.02,34.06
2021-11-01 11:04:00 +0530,464951,27.4,20.7,30.02,34.05
2021-11-01 11:04:30 +0530,464952,31.8,22.1,30.09,34.06
2021-11-01 11:05:00 +0530,464953,32.4,20.7,29.86,34.07
2021-11-01 11:05:30 +0530,464954,29.4,21.2,30.09,34.08
2021-11-01 11:06:00 +0530,464955,34.6,21.6,30.38,34.09
2021-11-01 11:06:30 +0530,464956,32.3,21.8,30.18,34.1
2021-11-01 11:07:00 +0530,464957,36.4,22.2,30.23,34.14
2021-11-01 11:07:30 +0530,464958,29.6,20.4,30.07,34.2
2021-11-01 11:08:00 +0530,464959,74.9,23.0,30.03,34.21
2021-11-01 11:08:30 +0530,464960,34.0,22.1,30.28,34.23
2021-11-01 11:09:00 +0530,464961,39.3,21.7,30.28,34.25
2021-11-01 11:09:30 +0530,464962,34.4,21.3,30.28,34.26
2021-11-01 11:10:00 +0530,464963,38.4,21.9,30.54,34.29
2021-11-01 11:10:30 +0530,464964,36.8,22.1,30.42,34.31
2021-11-01 11:11:00 +0530,464965,36.6,22.3,30.29,34.33
2021-11-01 11:11:30 +0530,464966,36.1,22.9,30.45,34.35
2021-11-01 11:12:00 +0530,464967,34.8,21.8,30.74,34.38
2021-11-01 11:12:30 +0530,464968,38.0,22.3,30.45,34.4
2021-11-01 11:13:00 +0530,464969,31.1,18.4,29.97,34.4
2021-11-01 11:13:30 +0530,464970,30.6,20.6,29.73,34.41
2021-11-01 11:14:00 +0530,464971,30.5,20.0,29.69,34.44
2021-11-01 11:14:30 +0530,464972,30.1,20.9,29.69,34.45
2021-11-01 11:15:00 +0530,464973,32.8,21.1,29.81,34.46
2021-11-01 11:15:30 +0530,464974,29.4,21.7,29.95,34.48
2021-11-01 11:16:00 +0530,464975,42.2,22.3,30.19,34.51
2021-11-01 11:16:30 +0530,464976,41.6,22.9,30.59,34.53
2021-11-01 11:17:00 +0530,464977,31.3,17.4,29.95,34.51
2021-11-01 11:17:30 +0530,464978,29.1,21.7,29.62,34.52
2021-11-01 11:18:00 +0530,464979,32.9,22.3,29.34,34.52
2021-11-01 11:18:30 +0530,464980,30.2,22.2,29.46,34.52
2021-11-01 11:19:00 +0530,464981,31.5,21.2,29.67,34.52
2021-11-01 11:19:30 +0530,464982,30.3,21.7,29.62,34.51
2021-11-01 11:20:00 +0530,464983,36.1,22.6,29.74,34.49
2021-11-01 11:20:30 +0530,464984,38.1,23.1,30.07,34.49
2021-11-01 11:21:00 +0530,464985,28.4,18.8,30.15,34.48
2021-11-01 11:21:30 +0530,464986,35.4,21.9,30.27,34.51
2021-11-01 11:22:00 +0530,464987,35.2,22.2,30.15,34.54
2021-11-01 11:22:30 +0530,464988,36.2,22.7,30.23,34.57
2021-11-01 11:23:00 +0530,464989,37.2,23.2,30.31,34.61
2021-11-01 11:23:30 +0530,464990,43.1,23.9,30.32,34.63
2021-11-01 11:24:00 +0530,464991,38.8,23.5,30.2,34.66
2021-11-01 11:24:30 +0530,464992,30.5,18.3,30.29,34.67
2021-11-01 11:25:00 +0530,464993,42.4,22.6,30.2,34.68
2021-11-01 11:25:30 +0530,464994,34.8,22.2,29.6,34.71
2021-11-01 11:26:00 +0530,464995,33.1,21.6,29.44,34.7
2021-11-01 11:26:30 +0530,464996,36.2,21.9,29.48,34.68
2021-11-01 11:27:00 +0530,464997,33.7,21.7,29.51,34.66
2021-11-01 11:27:30 +0530,464998,33.4,20.6,29.3,34.62
2021-11-01 11:28:00 +0530,464999,34.1,18.4,29.67,34.54
2021-11-01 11:28:30 +0530,465000,32.2,21.9,29.67,34.51
2021-11-01 11:29:00 +0530,465001,34.0,22.0,29.71,34.49
2021-11-01 11:29:30 +0530,465002,36.5,23.2,29.53,34.45
2021-11-01 11:30:00 +0530,465003,41.1,23.7,29.85,34.4
2021-11-01 11:30:30 +0530,465004,77.8,30.7,30.29,34.38
2021-11-01 11:31:00 +0530,465005,46.2,25.9,30.38,34.38
2021-11-01 11:31:30 +0530,465006,36.5,23.3,30.45,34.39
2021-11-01 11:32:00 +0530,465007,39.1,22.4,30.33,34.4
2021-11-01 11:32:30 +0530,465008,33.4,21.9,30.33,34.42
2021-11-01 11:33:00 +0530,465009,33.7,22.2,30.05,34.42
2021-11-01 11:33:30 +0530,465010,33.5,21.9,29.93,34.44
2021-11-01 11:34:00 +0530,465011,31.7,20.1,29.93,34.42
2021-11-01 11:34:30 +0530,465012,37.3,22.6,29.97,34.42
2021-11-01 11:35:00 +0530,465013,31.2,22.3,30.29,34.45
2021-11-01 11:35:30 +0530,465014,39.3,22.7,30.15,34.46
2021-11-01 11:36:00 +0530,465015,35.4,22.2,29.87,34.47
2021-11-01 11:36:30 +0530,465016,34.4,21.3,29.73,34.46
2021-11-01 11:37:00 +0530,465017,36.7,23.5,29.73,34.46
2021-11-01 11:37:30 +0530,465018,36.6,24.1,29.71,34.48
2021-11-01 11:38:00 +0530,465019,48.5,26.7,29.83,34.5
2021-11-01 11:38:30 +0530,465020,40.2,24.9,29.79,34.53
2021-11-01 11:39:00 +0530,465021,33.9,23.2,29.42,34.56
2021-11-01 11:39:30 +0530,465022,34.3,23.0,29.14,34.55
2021-11-01 11:40:00 +0530,465023,38.5,23.7,29.02,34.55
2021-11-01 11:40:30 +0530,465024,34.9,22.8,29.22,34.57
2021-11-01 11:41:00 +0530,465025,34.5,22.8,29.51,34.59
2021-11-01 11:41:30 +0530,465026,34.3,22.1,29.34,34.61
2021-11-01 11:42:00 +0530,465027,35.3,18.8,29.67,34.6
2021-11-01 11:42:30 +0530,465028,41.1,23.1,29.76,34.61
2021-11-01 11:43:00 +0530,465029,39.4,22.4,29.76,34.62
2021-11-01 11:43:30 +0530,465030,34.9,22.6,29.68,34.64
2021-11-01 11:44:00 +0530,465031,33.6,22.3,29.84,34.65
2021-11-01 11:44:30 +0530,465032,38.0,22.4,29.8,34.67
2021-11-01 11:45:00 +0530,465033,34.2,22.3,29.64,34.66
2021-11-01 11:45:30 +0530,465034,37.2,17.4,29.76,34.63
2021-11-01 11:46:00 +0530,465035,40.8,18.1,29.76,34.63
2021-11-01 11:46:30 +0530,465036,19.6,17.1,30.17,34.45
2021-11-01 11:47:00 +0530,465037,38.7,21.8,29.77,34.46
2021-11-01 11:47:30 +0530,465038,33.5,22.3,29.71,34.47
2021-11-01 11:48:00 +0530,465039,19.9,17.4,29.85,34.46
2021-11-01 11:48:30 +0530,465040,32.5,21.8,29.74,34.48
2021-11-01 11:49:00 +0530,465041,34.0,22.3,29.87,34.5
2021-11-01 11:49:30 +0530,465042,26.2,17.2,29.77,34.47
2021-11-01 11:50:00 +0530,465043,34.0,19.1,29.79,34.48
2021-11-01 11:50:30 +0530,465044,35.7,22.0,29.62,34.48
2021-11-01 11:51:00 +0530,465045,29.6,17.8,29.97,34.46
2021-11-01 11:51:30 +0530,465046,29.9,21.2,30.17,34.46
2021-11-01 11:52:00 +0530,465047,29.7,19.7,30.13,34.44
2021-11-01 11:52:30 +0530,465048,28.4,21.7,30.13,34.45
2021-11-01 11:53:00 +0530,465049,31.8,22.6,29.85,34.44
2021-11-01 11:53:30 +0530,465050,28.1,21.9,29.64,34.42
2021-11-01 11:54:00 +0530,465051,29.0,21.9,29.73,34.42
2021-11-01 11:54:30 +0530,465052,30.2,22.3,29.48,34.4
2021-11-01 11:55:00 +0530,465053,40.5,23.2,29.57,34.36
2021-11-01 11:55:30 +0530,465054,36.2,22.5,29.81,34.34
2021-11-01 11:56:00 +0530,465055,34.1,22.2,29.93,34.33
2021-11-01 11:56:30 +0530,465056,33.5,21.4,29.97,34.31
2021-11-01 11:57:00 +0530,465057,32.0,23.1,30.09,34.27
2021-11-01 11:57:30 +0530,465058,32.0,22.6,30.19,34.23
2021-11-01 11:58:00 +0530,465059,31.7,21.7,29.91,34.2
2021-11-01 11:58:30 +0530,465060,32.3,21.9,30.16,34.18
2021-11-01 11:59:00 +0530,465061,38.7,22.4,30.28,34.17
2021-11-01 11:59:30 +0530,465062,34.4,21.6,30.19,34.17
2021-11-01 12:00:00 +0530,465063,28.9,18.6,30.35,34.16
2021-11-01 12:00:30 +0530,465064,33.5,22.7,30.32,34.17
2021-11-01 12:01:00 +0530,465065,36.6,22.4,30.51,34.2
2021-11-01 12:01:30 +0530,465066,38.0,22.9,30.48,34.25
2021-11-01 12:02:00 +0530,465067,27.0,19.3,30.6,34.25
2021-11-01 12:02:30 +0530,465068,29.0,22.1,30.45,34.31
2021-11-01 12:03:00 +0530,465069,29.6,22.8,29.93,34.32
2021-11-01 12:03:30 +0530,465070,39.0,24.1,30.25,34.32
2021-11-01 12:04:00 +0530,465071,38.9,23.2,30.29,34.32
2021-11-01 12:04:30 +0530,465072,45.7,24.8,30.17,34.33
2021-11-01 12:05:00 +0530,465073,24.9,17.3,30.42,34.29
2021-11-01 12:05:30 +0530,465074,26.7,20.9,30.12,34.29
2021-11-01 12:06:00 +0530,465075,27.2,21.4,30.12,34.26
2021-11-01 12:06:30 +0530,465076,31.3,20.9,29.75,34.24
2021-11-01 12:07:00 +0530,465077,28.4,21.6,29.75,34.21
2021-11-01 12:07:30 +0530,465078,30.7,21.1,29.71,34.16
2021-11-01 12:08:00 +0530,465079,31.7,21.7,29.91,34.12
2021-11-01 12:08:30 +0530,465080,37.1,22.0,29.82,34.11
2021-11-01 12:09:00 +0530,465081,31.9,21.5,29.9,34.1
2021-11-01 12:09:30 +0530,465082,33.8,21.6,30.09,34.08
2021-11-01 12:10:00 +0530,465083,29.2,20.8,29.77,34.06
2021-11-01 12:10:30 +0530,465084,35.9,23.8,30.02,34.04
2021-11-01 12:11:00 +0530,465085,34.6,22.7,30.14,34.04
2021-11-01 12:11:30 +0530,465086,31.9,22.6,29.86,34.04
2021-11-01 12:12:00 +0530,465087,32.2,22.9,30.02,34.06
2021-11-01 12:12:30 +0530,465088,31.3,22.9,30.09,34.08
2021-11-01 12:13:00 +0530,465089,35.7,22.3,30.19,34.12
2021-11-01 12:13:30 +0530,465090,33.0,22.7,30.4,34.17
2021-11-01 12:14:00 +0530,465091,35.0,22.3,30.4,34.21
2021-11-01 12:14:30 +0530,465092,35.0,22.3,30.19,34.23
2021-11-01 12:15:00 +0530,465093,35.2,22.2,30.35,34.25
2021-11-01 12:15:30 +0530,465094,41.2,22.8,30.23,34.27
2021-11-01 12:16:00 +0530,465095,38.3,22.6,30.13,34.3
2021-11-01 12:16:30 +0530,465096,34.2,22.7,30.45,34.33
2021-11-01 12:17:00 +0530,465097,44.8,20.5,30.7,34.34
2021-11-01 12:17:30 +0530,465098,47.1,25.1,30.7,34.38
2021-11-01 12:18:00 +0530,465099,42.5,23.9,30.33,34.41
2021-11-01 12:18:30 +0530,465100,42.2,24.3,30.21,34.45
2021-11-01 12:19:00 +0530,465101,32.0,20.8,29.55,34.47
2021-11-01 12:19:30 +0530,465102,34.0,21.8,29.55,34.5
2021-11-01 12:20:00 +0530,465103,28.5,20.9,29.58,34.52
2021-11-01 12:20:30 +0530,465104,42.9,21.9,29.58,34.55
2021-11-01 12:21:00 +0530,465105,36.8,22.7,29.74,34.59
2021-11-01 12:21:30 +0530,465106,36.8,22.7,29.74,34.59
2021-11-01 12:22:00 +0530,465107,33.3,19.8,29.9,34.47
2021-11-01 12:22:30 +0530,465108,32.2,21.8,29.3,34.52
2021-11-01 12:23:00 +0530,465109,31.2,18.8,29.34,34.54
2021-11-01 12:23:30 +0530,465110,28.8,20.7,29.14,34.59
2021-11-01 12:24:00 +0530,465111,30.2,20.3,28.86,34.61
2021-11-01 12:24:30 +0530,465112,29.7,20.8,28.87,34.62
2021-11-01 12:25:00 +0530,465113,32.0,21.7,29.12,34.62
2021-11-01 12:25:30 +0530,465114,32.0,21.8,29.32,34.62
2021-11-01 12:26:00 +0530,465115,36.1,22.1,29.35,34.62
2021-11-01 12:26:30 +0530,465116,25.9,17.5,29.51,34.6
2021-11-01 12:27:00 +0530,465117,31.2,22.3,29.84,34.63
2021-11-01 12:27:30 +0530,465118,37.7,22.1,29.88,34.66
2021-11-01 12:28:00 +0530,465119,34.5,19.6,29.8,34.68
2021-11-01 12:28:30 +0530,465120,30.4,21.7,29.51,34.71
2021-11-01 12:29:00 +0530,465121,22.5,18.4,29.32,34.71
2021-11-01 12:29:30 +0530,465122,41.5,21.7,29.51,34.73
2021-11-01 12:30:00 +0530,465123,37.7,19.4,29.32,34.76
2021-11-01 12:30:30 +0530,465124,39.9,22.6,29.35,34.81
2021-11-01 12:31:00 +0530,465125,41.2,23.2,28.97,34.85
2021-11-01 12:31:30 +0530,465126,31.0,21.3,28.73,34.9
2021-11-01 12:32:00 +0530,465127,32.6,18.8,28.73,34.89
2021-11-01 12:32:30 +0530,465128,28.5,20.4,28.69,34.89
2021-11-01 12:33:00 +0530,465129,26.2,18.2,29.01,34.86
2021-11-01 12:33:30 +0530,465130,35.5,22.6,29.21,34.85
2021-11-01 12:34:00 +0530,465131,28.7,20.7,29.29,34.84
2021-11-01 12:34:30 +0530,465132,42.8,23.4,29.66,34.82
2021-11-01 12:35:00 +0530,465133,35.9,21.4,29.6,34.8
2021-11-01 12:35:30 +0530,465134,34.2,22.2,29.48,34.78
2021-11-01 12:36:00 +0530,465135,32.8,17.2,29.6,34.73
2021-11-01 12:36:30 +0530,465136,42.4,20.1,29.56,34.68
2021-11-01 12:37:00 +0530,465137,49.2,23.6,29.64,34.66
2021-11-01 12:37:30 +0530,465138,36.8,18.2,29.55,34.62
2021-11-01 12:38:00 +0530,465139,33.3,21.6,29.46,34.57
2021-11-01 12:38:30 +0530,465140,30.8,22.3,29.58,34.54
2021-11-01 12:39:00 +0530,465141,43.0,23.4,29.87,34.51
2021-11-01 12:39:30 +0530,465142,31.0,17.5,30.07,34.46
2021-11-01 12:40:00 +0530,465143,40.0,22.6,30.05,34.44
2021-11-01 12:40:30 +0530,465144,35.2,21.8,30.09,34.42
2021-11-01 12:41:00 +0530,465145,32.1,22.0,29.93,34.39
2021-11-01 12:41:30 +0530,465146,26.6,18.7,30.05,34.32
2021-11-01 12:42:00 +0530,465147,35.9,23.1,30.25,34.27
2021-11-01 12:42:30 +0530,465148,54.0,25.9,30.4,34.23
2021-11-01 12:43:00 +0530,465149,45.9,24.2,30.32,34.22
2021-11-01 12:43:30 +0530,465150,33.8,18.3,30.35,34.18
2021-11-01 12:44:00 +0530,465151,36.2,19.9,29.96,34.18
2021-11-01 12:45:00 +0530,465152,32.4,27.3,29.55,34.17
2021-11-01 12:45:30 +0530,465153,35.6,28.8,29.87,34.18
2021-11-01 12:46:00 +0530,465154,33.9,23.1,29.8,34.17
2021-11-01 12:46:30 +0530,465155,24.9,18.4,30.03,34.14
2021-11-01 12:47:00 +0530,465156,33.8,22.7,30.12,34.14
2021-11-01 12:47:30 +0530,465157,37.8,20.6,30.44,34.11
2021-11-01 12:48:00 +0530,465158,44.6,23.7,30.96,34.14
2021-11-01 12:48:30 +0530,465159,41.9,23.1,31.0,34.17
2021-11-01 12:49:00 +0530,465160,33.7,22.3,31.0,34.21
2021-11-01 12:49:30 +0530,465161,40.1,23.1,31.2,34.25
2021-11-01 12:50:00 +0530,465162,33.1,21.9,30.35,34.26
2021-11-01 12:50:30 +0530,465163,30.0,18.0,30.56,34.24
2021-11-01 12:51:00 +0530,465164,43.2,24.4,30.6,34.25
2021-11-01 12:51:30 +0530,465165,31.5,21.9,30.35,34.26
2021-11-01 12:52:00 +0530,465166,31.6,22.3,30.44,34.26
2021-11-01 12:52:30 +0530,465167,51.0,21.0,30.4,34.23
2021-11-01 12:53:00 +0530,465168,35.5,22.5,30.72,34.24
2021-11-01 12:53:30 +0530,465169,39.6,23.7,30.72,34.23
2021-11-01 12:54:00 +0530,465170,33.3,21.5,30.6,34.22
2021-11-01 12:54:30 +0530,465171,26.8,20.4,30.44,34.2
2021-11-01 12:55:00 +0530,465172,33.9,20.8,30.32,34.18
2021-11-01 12:55:30 +0530,465173,29.3,18.3,30.23,34.12
2021-11-01 12:56:00 +0530,465174,30.8,17.1,30.3,34.1
2021-11-01 12:56:30 +0530,465175,31.2,21.1,30.22,34.09
2021-11-01 12:57:00 +0530,465176,32.5,21.4,30.18,34.09
2021-11-01 12:57:30 +0530,465177,28.6,20.9,30.09,34.09
2021-11-01 12:58:00 +0530,465178,37.6,21.9,30.38,34.09
2021-11-01 12:58:30 +0530,465179,28.7,20.7,30.46,34.1
2021-11-01 12:59:00 +0530,465180,36.5,22.4,30.3,34.08
2021-11-01 12:59:30 +0530,465181,36.8,23.9,30.14,34.07
2021-11-01 13:00:00 +0530,465182,32.2,21.2,30.25,34.04
2021-11-01 13:00:30 +0530,465183,29.1,19.8,30.3,33.97
2021-11-01 13:01:00 +0530,465184,37.9,22.3,30.69,33.9
2021-11-01 13:01:30 +0530,465185,29.9,19.0,30.69,33.8
2021-11-01 13:02:00 +0530,465186,35.8,21.2,30.75,33.76
2021-11-01 13:02:30 +0530,465187,37.0,18.1,31.39,33.63
2021-11-01 13:03:00 +0530,465188,29.6,20.1,31.29,33.56
2021-11-01 13:03:30 +0530,465189,28.8,20.4,31.54,33.48
2021-11-01 13:04:00 +0530,465190,30.9,20.8,31.76,33.41
2021-11-01 13:04:30 +0530,465191,27.1,20.1,31.64,33.32
2021-11-01 13:05:00 +0530,465192,28.7,20.2,31.7,33.22
2021-11-01 13:05:30 +0530,465193,33.1,21.7,32.19,33.15
2021-11-01 13:06:00 +0530,465194,30.9,21.5,32.59,33.12
2021-11-01 13:06:30 +0530,465195,39.1,22.8,32.83,33.09
2021-11-01 13:07:00 +0530,465196,32.1,18.8,32.83,33.09
2021-11-01 13:07:30 +0530,465197,44.2,24.4,32.91,33.15
2021-11-01 13:08:00 +0530,465198,43.0,24.2,32.99,33.2
2021-11-01 13:08:30 +0530,465199,33.3,22.7,32.71,33.25
2021-11-01 13:09:00 +0530,465200,26.3,21.0,32.28,33.28
2021-11-01 13:09:30 +0530,465201,36.9,22.7,32.41,33.31
2021-11-01 13:10:00 +0530,465202,34.2,22.7,32.76,33.34
2021-11-01 13:10:30 +0530,465203,34.1,21.7,32.28,33.37
2021-11-01 13:11:00 +0530,465204,40.8,23.6,32.25,33.38
2021-11-01 13:11:30 +0530,465205,31.7,21.9,32.04,33.4
2021-11-01 13:12:00 +0530,465206,32.6,24.1,32.0,33.43
2021-11-01 13:12:30 +0530,465207,29.8,25.2,31.93,33.42
2021-11-01 13:13:00 +0530,465208,32.3,23.4,32.1,33.42
2021-11-01 13:13:30 +0530,465209,32.3,23.2,31.8,33.41
2021-11-01 13:14:00 +0530,465210,31.0,23.4,31.8,33.4
2021-11-01 13:14:30 +0530,465211,35.3,23.8,31.72,33.38
2021-11-01 13:15:00 +0530,465212,35.6,23.7,31.72,33.37
2021-11-01 13:15:30 +0530,465213,35.7,23.8,31.72,33.37
2021-11-01 13:16:00 +0530,465214,32.8,23.8,31.88,33.37
2021-11-01 13:16:30 +0530,465215,31.2,24.8,32.48,33.37
2021-11-01 13:17:00 +0530,465216,37.0,24.4,32.6,33.37
2021-11-01 13:17:30 +0530,465217,40.1,25.3,32.6,33.38
2021-11-01 13:18:00 +0530,465218,31.7,24.2,32.64,33.4
2021-11-01 13:18:30 +0530,465219,33.0,24.9,32.73,33.38
2021-11-01 13:19:00 +0530,465220,33.7,25.6,32.93,33.37
2021-11-01 13:19:30 +0530,465221,35.9,25.7,32.76,33.36
2021-11-01 13:20:00 +0530,465222,31.1,25.6,32.73,33.34
2021-11-01 13:20:30 +0530,465223,32.8,25.6,32.69,33.33
2021-11-01 13:21:00 +0530,465224,41.8,25.9,32.8,33.32
2021-11-01 13:21:30 +0530,465225,40.8,26.1,32.93,33.33
2021-11-01 13:22:00 +0530,465226,52.9,29.1,33.01,33.33
2021-11-01 13:22:30 +0530,465227,37.1,25.7,32.73,33.34
2021-11-01 13:23:00 +0530,465228,33.0,24.8,32.8,33.35
2021-11-01 13:23:30 +0530,465229,34.3,24.0,32.89,33.36
2021-11-01 13:24:00 +0530,465230,34.7,24.4,32.93,33.37
2021-11-01 13:24:30 +0530,465231,33.8,24.7,33.09,33.38
2021-11-01 13:25:00 +0530,465232,38.0,24.6,33.29,33.41
2021-11-01 13:25:30 +0530,465233,38.7,24.2,33.23,33.44
2021-11-01 13:26:00 +0530,465234,34.3,25.0,33.34,33.45
2021-11-01 13:26:30 +0530,465235,32.3,25.9,33.31,33.46
2021-11-01 13:27:00 +0530,465236,45.3,25.4,33.11,33.48
2021-11-01 13:27:30 +0530,465237,58.3,29.6,32.86,33.5
2021-11-01 13:28:00 +0530,465238,48.1,27.0,32.86,33.51
2021-11-01 13:28:30 +0530,465239,37.2,21.9,33.11,33.52
2021-11-01 13:29:00 +0530,465240,32.5,24.8,32.42,33.55
2021-11-01 13:29:30 +0530,465241,35.5,25.8,32.58,33.57
2021-11-01 13:30:00 +0530,465242,32.1,24.4,32.51,33.59
2021-11-01 13:30:30 +0530,465243,30.6,21.0,32.7,33.59
2021-11-01 13:31:00 +0530,465244,40.5,26.7,32.68,33.63
2021-11-01 13:31:30 +0530,465245,40.4,25.4,32.4,33.66
2021-11-01 13:32:00 +0530,465246,47.9,26.5,32.88,33.7
2021-11-01 13:32:30 +0530,465247,39.5,25.5,32.96,33.74
2021-11-01 13:33:00 +0530,465248,47.4,27.0,32.8,33.76
2021-11-01 13:33:30 +0530,465249,35.7,25.4,32.76,33.76
2021-11-01 13:34:00 +0530,465250,35.6,25.1,32.76,33.76
2021-11-01 13:34:30 +0530,465251,34.9,21.7,32.76,33.7
2021-11-01 13:35:00 +0530,465252,40.7,25.6,32.84,33.73
2021-11-01 13:35:30 +0530,465253,37.5,26.1,32.84,33.76
2021-11-01 13:36:00 +0530,465254,35.5,24.1,33.09,33.76
2021-11-01 13:36:30 +0530,465255,68.3,30.4,33.16,33.76
2021-11-01 13:37:00 +0530,465256,49.0,28.1,33.12,33.76
2021-11-01 13:37:30 +0530,465257,41.8,26.3,33.25,33.76
2021-11-01 13:38:00 +0530,465258,36.9,24.9,33.25,33.76
2021-11-01 13:38:30 +0530,465259,43.3,24.9,33.57,33.76
2021-11-01 13:39:00 +0530,465260,49.2,27.2,34.13,33.76
2021-11-01 13:39:30 +0530,465261,39.5,25.4,33.89,33.76
2021-11-01 13:40:00 +0530,465262,35.9,24.6,34.08,33.76
2021-11-01 13:40:30 +0530,465263,36.8,25.2,34.05,33.76
2021-11-01 13:41:00 +0530,465264,40.6,25.8,33.37,33.77
2021-11-01 13:41:30 +0530,465265,37.6,24.8,33.44,33.76
2021-11-01 13:42:00 +0530,465266,41.3,25.2,33.65,33.76
2021-11-01 13:42:30 +0530,465267,39.2,25.7,33.41,33.76
2021-11-01 13:43:00 +0530,465268,34.1,24.4,33.16,33.76
2021-11-01 13:43:30 +0530,465269,34.0,24.1,33.16,33.76
2021-11-01 13:44:00 +0530,465270,32.3,21.2,33.41,33.76
2021-11-01 13:44:30 +0530,465271,34.3,24.5,33.32,33.76
2021-11-01 13:45:00 +0530,465272,44.8,26.3,33.48,33.76
2021-11-01 13:45:30 +0530,465273,37.7,28.3,33.48,33.76
2021-11-01 13:46:00 +0530,465274,38.4,25.1,33.44,33.76
2021-11-01 13:46:30 +0530,465275,34.6,24.3,33.16,33.76
2021-11-01 13:47:00 +0530,465276,32.6,21.5,33.44,33.73
2021-11-01 13:47:30 +0530,465277,45.0,27.2,33.6,33.74
2021-11-01 13:48:00 +0530,465278,38.9,26.9,33.41,33.74
2021-11-01 13:48:30 +0530,465279,34.6,25.3,33.41,33.74
2021-11-01 13:49:00 +0530,465280,36.7,25.7,33.32,33.73
2021-11-01 13:49:30 +0530,465281,45.6,27.0,33.65,33.71
2021-11-01 13:50:00 +0530,465282,37.7,26.9,33.89,33.71
2021-11-01 13:50:30 +0530,465283,37.6,24.1,33.69,33.67
2021-11-01 13:51:00 +0530,465284,38.8,28.0,33.44,33.67
2021-11-01 13:51:30 +0530,465285,40.4,27.9,33.41,33.66
2021-11-01 13:52:00 +0530,465286,42.6,28.8,33.44,33.65
2021-11-01 13:52:30 +0530,465287,41.0,29.1,33.73,33.64
2021-11-01 13:53:00 +0530,465288,36.5,23.9,33.89,33.62
2021-11-01 13:53:30 +0530,465289,42.4,28.1,33.69,33.62
2021-11-01 13:54:00 +0530,465290,37.7,26.2,33.69,33.6
2021-11-01 13:54:30 +0530,465291,52.8,29.9,33.67,33.58
2021-11-01 13:55:00 +0530,465292,39.8,25.8,33.63,33.57
2021-11-01 13:55:30 +0530,465293,26.7,22.3,33.75,33.52
2021-11-01 13:56:00 +0530,465294,31.5,24.1,33.71,33.5
2021-11-01 13:56:30 +0530,465295,32.9,25.1,33.67,33.48
2021-11-01 13:57:00 +0530,465296,43.6,25.2,33.31,33.48
2021-11-01 13:57:30 +0530,465297,34.5,24.6,33.63,33.47
2021-11-01 13:58:00 +0530,465298,35.4,24.2,33.71,33.46
2021-11-01 13:58:30 +0530,465299,45.3,25.9,33.79,33.46
2021-11-01 13:59:00 +0530,465300,55.3,24.2,33.87,33.44
2021-11-01 13:59:30 +0530,465301,48.7,26.8,33.91,33.44
2021-11-01 14:00:00 +0530,465302,34.6,23.9,33.99,33.46
2021-11-01 14:00:30 +0530,465303,43.4,25.3,34.03,33.46
2021-11-01 14:01:00 +0530,465304,32.0,20.4,33.95,33.45
2021-11-01 14:01:30 +0530,465305,32.5,23.3,33.95,33.45
2021-11-01 14:02:00 +0530,465306,39.6,23.8,33.99,33.46
2021-11-01 14:02:30 +0530,465307,32.9,22.7,33.59,33.47
2021-11-01 14:03:00 +0530,465308,33.1,19.8,33.87,33.46
2021-11-01 14:03:30 +0530,465309,38.9,23.4,34.15,33.46
2021-11-01 14:04:00 +0530,465310,34.8,23.7,34.07,33.46
2021-11-01 14:04:30 +0530,465311,33.0,22.3,33.71,33.47
2021-11-01 14:05:00 +0530,465312,48.5,27.7,33.91,33.47
2021-11-01 14:05:30 +0530,465313,27.6,20.6,33.91,33.46
2021-11-01 14:06:00 +0530,465314,30.8,22.1,33.59,33.46
2021-11-01 14:06:30 +0530,465315,34.6,24.1,33.75,33.47
2021-11-01 14:07:00 +0530,465316,36.2,24.1,33.75,33.46
2021-11-01 14:07:30 +0530,465317,26.9,19.2,34.13,33.3
2021-11-01 14:08:00 +0530,465318,28.6,22.8,33.93,33.33
2021-11-01 14:08:30 +0530,465319,34.2,22.9,34.01,33.34
2021-11-01 14:09:00 +0530,465320,45.2,25.1,34.13,33.35
2021-11-01 14:09:30 +0530,465321,30.2,19.6,34.37,33.35
2021-11-01 14:10:00 +0530,465322,36.3,23.5,34.5,33.37
2021-11-01 14:10:30 +0530,465323,38.6,24.7,34.57,33.38
2021-11-01 14:11:00 +0530,465324,29.0,22.7,34.09,33.38
2021-11-01 14:11:30 +0530,465325,26.7,21.8,34.13,33.37
2021-11-01 14:12:00 +0530,465326,26.7,21.6,34.05,33.35
2021-11-01 14:12:30 +0530,465327,34.9,21.9,34.13,33.31
2021-11-01 14:13:00 +0530,465328,32.5,22.4,34.37,33.29
2021-11-01 14:13:30 +0530,465329,33.4,23.1,34.37,33.28
2021-11-01 14:14:00 +0530,465330,48.0,24.4,34.37,33.27
2021-11-01 14:14:30 +0530,465331,37.1,23.6,34.29,33.27
2021-11-01 14:15:00 +0530,465332,36.2,23.9,34.34,33.27
2021-11-01 14:15:30 +0530,465333,32.0,23.0,34.13,33.28
2021-11-01 14:16:00 +0530,465334,40.6,24.2,34.21,33.29
2021-11-01 14:16:30 +0530,465335,34.4,23.5,34.29,33.29
2021-11-01 14:17:00 +0530,465336,32.7,23.2,33.97,33.31
2021-11-01 14:17:30 +0530,465337,32.5,23.3,33.89,33.31
2021-11-01 14:18:00 +0530,465338,33.7,23.7,33.77,33.3
2021-11-01 14:18:30 +0530,465339,27.8,23.3,33.89,33.29
2021-11-01 14:19:00 +0530,465340,34.8,24.0,34.05,33.28
2021-11-01 14:19:30 +0530,465341,35.8,24.3,34.21,33.28
2021-11-01 14:20:00 +0530,465342,30.2,23.6,34.21,33.27
2021-11-01 14:20:30 +0530,465343,32.2,23.0,34.12,33.23
2021-11-01 14:21:00 +0530,465344,27.2,20.9,34.28,33.21
2021-11-01 14:21:30 +0530,465345,33.2,24.5,34.6,33.21
2021-11-01 14:22:00 +0530,465346,38.4,25.1,34.4,33.21
2021-11-01 14:22:30 +0530,465347,35.3,24.5,34.4,33.21
2021-11-01 14:23:00 +0530,465348,37.1,22.1,34.68,33.19
2021-11-01 14:23:30 +0530,465349,31.7,24.3,34.86,33.19
2021-11-01 14:24:00 +0530,465350,33.8,24.4,34.96,33.2
2021-11-01 14:24:30 +0530,465351,33.7,23.9,34.64,33.19
2021-11-01 14:25:00 +0530,465352,40.2,25.3,34.68,33.19
2021-11-01 14:25:30 +0530,465353,40.1,23.2,35.1,33.18
2021-11-01 14:26:00 +0530,465354,42.0,25.4,35.31,33.2
2021-11-01 14:26:30 +0530,465355,37.8,24.7,35.24,33.21
2021-11-01 14:27:00 +0530,465356,33.9,24.8,34.96,33.25
2021-11-01 14:27:30 +0530,465357,41.2,24.7,35.08,33.27
2021-11-01 14:28:00 +0530,465358,44.5,25.2,34.57,33.29
2021-11-01 14:28:30 +0530,465359,37.1,24.9,34.5,33.31
2021-11-01 14:29:00 +0530,465360,31.5,23.2,34.57,33.34
2021-11-01 14:29:30 +0530,465361,58.9,25.3,34.66,33.37
2021-11-01 14:30:00 +0530,465362,36.3,22.2,33.49,33.37
2021-11-01 14:30:30 +0530,465363,30.3,21.2,33.13,33.35
2021-11-01 14:31:00 +0530,465364,30.7,20.7,33.01,33.33
2021-11-01 14:31:30 +0530,465365,31.0,17.2,33.05,33.3
2021-11-01 14:32:00 +0530,465366,27.2,20.7,33.21,33.28
2021-11-01 14:32:30 +0530,465367,31.8,21.0,33.45,33.27
2021-11-01 14:33:00 +0530,465368,30.6,20.8,33.25,33.28
2021-11-01 14:33:30 +0530,465369,35.7,21.3,33.53,33.28
2021-11-01 14:34:00 +0530,465370,35.6,21.3,33.45,33.29
2021-11-01 14:34:30 +0530,465371,28.4,20.1,33.21,33.29
2021-11-01 14:35:00 +0530,465372,28.7,19.6,32.8,33.29
2021-11-01 14:35:30 +0530,465373,32.9,19.5,32.57,33.29
2021-11-01 14:36:00 +0530,465374,26.0,19.0,32.6,33.28
2021-11-01 14:36:30 +0530,465375,32.5,19.9,32.85,33.28
2021-11-01 14:37:00 +0530,465376,27.0,19.8,32.85,33.27
2021-11-01 14:37:30 +0530,465377,27.0,19.9,32.85,33.27
2021-11-01 14:38:00 +0530,465378,21.1,15.3,33.23,33.09
2021-11-01 14:38:30 +0530,465379,23.3,19.6,33.23,33.12
2021-11-01 14:39:00 +0530,465380,26.9,17.1,33.31,33.14
2021-11-01 14:39:30 +0530,465381,28.8,19.5,33.39,33.16
2021-11-01 14:40:00 +0530,465382,26.2,19.7,33.03,33.18
2021-11-01 14:40:30 +0530,465383,33.9,20.2,32.87,33.2
2021-11-01 14:41:00 +0530,465384,30.2,19.7,32.91,33.22
2021-11-01 14:41:30 +0530,465385,27.5,19.8,32.75,33.23
2021-11-01 14:42:00 +0530,465386,25.3,18.8,32.47,33.23
2021-11-01 14:42:30 +0530,465387,28.2,18.6,32.47,33.22
2021-11-01 14:43:00 +0530,465388,21.3,14.4,32.63,33.2
2021-11-01 14:43:30 +0530,465389,29.5,19.7,32.99,33.19
2021-11-01 14:44:00 +0530,465390,20.8,15.9,32.83,33.16
2021-11-01 14:44:30 +0530,465391,24.8,18.5,32.47,33.16
2021-11-01 14:45:00 +0530,465392,25.2,18.3,32.71,33.15
2021-11-01 14:45:30 +0530,465393,23.7,21.1,32.75,33.13
2021-11-01 14:46:00 +0530,465394,36.5,20.1,33.11,33.11
2021-11-01 14:46:30 +0530,465395,28.5,15.3,32.87,33.08
2021-11-01 14:47:00 +0530,465396,29.1,18.6,32.73,33.07
2021-11-01 14:47:30 +0530,465397,27.5,18.8,32.97,33.08
2021-11-01 14:48:00 +0530,465398,30.3,19.9,33.22,33.08
2021-11-01 14:48:30 +0530,465399,24.5,15.5,33.05,33.07
2021-11-01 14:49:00 +0530,465400,31.4,17.3,32.81,33.05
2021-11-01 14:49:30 +0530,465401,42.2,22.4,32.93,33.07
2021-11-01 14:50:00 +0530,465402,42.2,21.8,33.18,33.08
2021-11-01 14:50:30 +0530,465403,28.5,20.1,33.11,33.11
2021-11-01 14:51:00 +0530,465404,30.3,20.2,32.59,33.12
2021-11-01 14:51:30 +0530,465405,30.8,19.6,32.71,33.13
2021-11-01 14:52:00 +0530,465406,29.4,20.6,32.43,33.13
2021-11-01 14:52:30 +0530,465407,28.4,17.2,32.47,33.11
2021-11-01 14:53:00 +0530,465408,35.0,21.4,32.47,33.11
2021-11-01 14:53:30 +0530,465409,41.5,23.2,32.35,33.11
2021-11-01 14:54:00 +0530,465410,39.9,22.3,32.31,33.11
2021-11-01 14:54:30 +0530,465411,28.3,18.4,32.59,33.11
2021-11-01 14:55:00 +0530,465412,28.5,21.8,32.55,33.14
2021-11-01 14:55:30 +0530,465413,26.8,20.7,32.39,33.15
2021-11-01 14:56:00 +0530,465414,40.8,23.8,32.59,33.17
2021-11-01 14:56:30 +0530,465415,37.8,22.1,32.59,33.19
2021-11-01 14:57:00 +0530,465416,33.1,21.7,32.83,33.2
2021-11-01 14:57:30 +0530,465417,32.1,21.5,32.83,33.21
2021-11-01 14:58:00 +0530,465418,38.3,22.1,32.95,33.21
2021-11-01 14:58:30 +0530,465419,36.5,22.4,33.19,33.23
2021-11-01 14:59:00 +0530,465420,60.3,22.3,33.43,33.22
2021-11-01 14:59:30 +0530,465421,51.8,24.6,33.57,33.25
2021-11-01 15:00:00 +0530,465422,48.0,23.9,33.49,33.27
2021-11-01 15:00:30 +0530,465424,34.7,18.9,33.53,33.28
2021-11-01 15:01:00 +0530,465423,38.8,24.2,33.61,33.31
2021-11-01 15:01:30 +0530,465425,30.5,17.8,33.51,33.2
2021-11-01 15:02:00 +0530,465426,26.5,21.8,32.91,33.2
2021-11-01 15:02:30 +0530,465427,30.6,22.6,32.83,33.18
2021-11-01 15:03:00 +0530,465428,23.7,18.1,33.03,33.12
2021-11-01 15:03:30 +0530,465429,24.2,17.6,33.03,33.12
2021-11-01 15:04:00 +0530,465430,27.3,19.4,33.15,32.88
2021-11-01 15:04:30 +0530,465431,27.4,21.9,33.24,32.87
2021-11-01 15:05:00 +0530,465432,26.8,22.1,33.2,32.85
2021-11-01 15:05:30 +0530,465433,29.4,21.9,33.36,32.85
2021-11-01 15:06:00 +0530,465434,31.8,21.3,33.4,32.83
2021-11-01 15:06:30 +0530,465435,33.8,22.2,33.56,32.79
2021-11-01 15:07:00 +0530,465436,32.9,22.9,33.8,32.77
2021-11-01 15:07:30 +0530,465437,26.7,20.1,33.4,32.74
2021-11-01 15:08:00 +0530,465438,28.0,21.0,33.54,32.73
2021-11-01 15:08:30 +0530,465439,29.6,20.4,33.62,32.7
2021-11-01 15:09:00 +0530,465440,31.1,19.7,33.62,32.68
2021-11-01 15:09:30 +0530,465441,29.6,19.9,33.82,32.66
2021-11-01 15:10:00 +0530,465442,33.9,21.1,34.15,32.63
2021-11-01 15:10:30 +0530,465443,30.6,20.5,34.1,32.6
2021-11-01 15:11:00 +0530,465444,25.1,15.4,34.26,32.56
2021-11-01 15:11:30 +0530,465445,28.3,21.2,34.05,32.53
2021-11-01 15:12:00 +0530,465446,27.6,20.3,34.25,32.49
2021-11-01 15:12:30 +0530,465447,28.8,20.7,34.57,32.46
2021-11-01 15:13:00 +0530,465448,31.6,21.3,34.53,32.42
2021-11-01 15:13:30 +0530,465449,28.2,20.4,34.27,32.4
2021-11-01 15:14:00 +0530,465450,19.8,15.3,34.51,32.31
2021-11-01 15:14:30 +0530,465451,27.7,21.3,34.91,32.27
2021-11-01 15:15:00 +0530,465452,28.0,20.1,34.91,32.22
2021-11-01 15:15:30 +0530,465453,25.1,20.3,34.95,32.16
2021-11-01 15:16:00 +0530,465454,28.1,20.1,35.23,32.13
2021-11-01 15:16:30 +0530,465455,31.3,21.2,35.33,32.09
2021-11-01 15:17:00 +0530,465456,30.2,22.4,35.48,32.03
2021-11-01 15:17:30 +0530,465457,38.3,24.4,35.92,32.02
2021-11-01 15:18:00 +0530,465458,25.7,18.4,35.85,31.98
2021-11-01 15:18:30 +0530,465459,35.5,17.4,35.85,31.95
2021-11-01 15:19:00 +0530,465460,34.3,22.7,36.02,31.94
2021-11-01 15:19:30 +0530,465461,37.2,22.6,36.12,31.94
2021-11-01 15:20:00 +0530,465462,32.1,22.2,36.08,31.93
2021-11-01 15:20:30 +0530,465463,31.9,22.1,36.15,31.92
2021-11-01 15:21:00 +0530,465464,29.7,21.1,36.22,31.9
2021-11-01 15:21:30 +0530,465465,27.3,20.9,36.12,31.88
2021-11-01 15:22:00 +0530,465466,23.1,16.6,36.17,31.83
2021-11-01 15:22:30 +0530,465467,30.4,22.1,36.3,31.82
2021-11-01 15:23:00 +0530,465468,33.4,21.9,36.44,31.81
2021-11-01 15:23:30 +0530,465469,31.3,22.2,36.75,31.81
2021-11-01 15:24:00 +0530,465470,25.5,21.2,36.82,31.82
2021-11-01 15:24:30 +0530,465471,23.5,20.1,36.95,31.82
2021-11-01 15:25:00 +0530,465472,25.5,20.3,37.11,31.83
2021-11-01 15:25:30 +0530,465473,28.4,17.8,37.11,31.82
2021-11-01 15:26:00 +0530,465474,38.3,22.7,37.18,31.84
2021-11-01 15:26:30 +0530,465475,25.8,21.4,37.18,31.87
2021-11-01 15:27:00 +0530,465476,31.6,21.8,37.17,31.89
2021-11-01 15:27:30 +0530,465477,38.4,21.7,36.9,31.92
2021-11-01 15:28:00 +0530,465478,36.6,22.2,36.96,31.89
2021-11-01 15:28:30 +0530,465479,31.5,20.9,36.66,31.89
2021-11-01 15:29:00 +0530,465480,31.4,21.1,36.58,31.88
2021-11-01 15:29:30 +0530,465481,38.1,22.1,36.61,31.86
2021-11-01 15:30:00 +0530,465482,35.8,19.9,36.85,31.82
2021-11-01 15:30:30 +0530,465483,33.5,21.7,36.88,31.82
2021-11-01 15:31:00 +0530,465484,26.0,20.8,36.88,31.8
2021-11-01 15:31:30 +0530,465485,22.2,17.3,36.88,31.75
2021-11-01 15:32:00 +0530,465486,26.1,21.3,36.75,31.74
2021-11-01 15:32:30 +0530,465487,23.7,21.3,36.71,31.74
2021-11-01 15:33:01 +0530,465488,30.9,22.9,36.71,31.74
2021-11-01 15:33:30 +0530,465489,36.6,25.4,36.71,31.73
2021-11-01 15:34:00 +0530,465490,20.5,17.8,36.79,31.72
2021-11-01 15:34:30 +0530,465491,34.4,26.7,36.92,31.72
2021-11-01 15:35:00 +0530,465492,35.8,30.5,36.92,31.72
2021-11-01 15:35:30 +0530,465493,32.8,29.2,36.88,31.73
2021-11-01 15:36:00 +0530,465494,21.2,18.0,36.82,31.72
2021-11-01 15:36:30 +0530,465495,28.7,21.4,36.69,31.71
2021-11-01 15:37:00 +0530,465496,32.5,18.4,36.79,31.69
2021-11-01 15:37:30 +0530,465497,29.4,22.8,36.79,31.68
2021-11-01 15:38:00 +0530,465498,22.6,20.1,36.92,31.65
2021-11-01 15:38:30 +0530,465499,29.0,25.3,37.06,31.64
2021-11-01 15:39:00 +0530,465500,41.0,24.5,36.79,31.61
2021-11-01 15:39:30 +0530,465501,36.1,23.6,36.89,31.59
2021-11-01 15:40:00 +0530,465502,37.0,26.5,37.17,31.55
2021-11-01 15:40:30 +0530,465503,35.5,25.0,37.21,31.53
2021-11-01 15:41:00 +0530,465504,37.3,26.6,37.35,31.51
2021-11-01 15:41:30 +0530,465505,31.2,24.3,37.28,31.51
2021-11-01 15:42:00 +0530,465506,26.2,23.3,37.25,31.49
2021-11-01 15:42:30 +0530,465507,28.7,23.3,37.18,31.46
2021-11-01 15:43:00 +0530,465508,32.2,25.8,37.42,31.45
2021-11-01 15:43:30 +0530,465509,27.5,24.3,37.48,31.45
2021-11-01 15:44:00 +0530,465510,26.7,23.4,37.45,31.44
2021-11-01 15:44:30 +0530,465511,36.3,19.1,37.66,31.4
2021-11-01 15:45:00 +0530,465512,29.0,22.3,37.28,31.38
2021-11-01 15:45:30 +0530,465513,30.6,25.6,37.26,31.36
2021-11-01 15:46:00 +0530,465514,25.7,22.2,37.23,31.33
2021-11-01 15:46:30 +0530,465515,25.6,22.8,37.16,31.3
2021-11-01 15:47:00 +0530,465516,28.5,22.3,37.23,31.27
2021-11-01 15:47:30 +0530,465517,25.2,22.1,37.13,31.25
2021-11-01 15:48:00 +0530,465518,27.9,19.1,37.23,31.21
2021-11-01 15:48:30 +0530,465519,28.7,23.5,37.11,31.2
2021-11-01 15:49:00 +0530,465520,25.2,21.3,37.08,31.15
2021-11-01 15:49:30 +0530,465521,26.0,21.9,36.94,31.12
2021-11-01 15:50:00 +0530,465522,30.0,22.3,36.94,31.08
2021-11-01 15:50:30 +0530,465523,33.2,23.3,37.17,31.07
2021-11-01 15:51:00 +0530,465524,33.1,24.6,37.27,31.04
2021-11-01 15:51:30 +0530,465525,25.3,21.6,37.22,31.02
2021-11-01 15:52:00 +0530,465526,27.3,22.7,37.32,31.02
2021-11-01 15:52:30 +0530,465527,30.5,23.3,37.36,31.02
2021-11-01 15:53:00 +0530,465528,32.1,23.3,37.39,31.0
2021-11-01 15:53:30 +0530,465529,31.3,23.1,37.29,31.0
2021-11-01 15:54:00 +0530,465530,34.3,25.3,37.36,31.01
2021-11-01 15:54:30 +0530,465531,36.1,23.4,37.39,31.0
2021-11-01 15:55:00 +0530,465532,36.8,24.9,37.43,31.0
2021-11-01 15:55:30 +0530,465533,34.9,24.7,37.43,30.99
2021-11-01 15:56:00 +0530,465534,20.3,18.1,37.43,30.96
2021-11-01 15:56:30 +0530,465535,27.3,22.2,37.39,30.94
2021-11-01 15:57:00 +0530,465536,29.0,21.2,37.56,30.93
2021-11-01 15:57:30 +0530,465537,34.8,23.6,37.86,30.92
2021-11-01 15:58:00 +0530,465538,40.4,25.3,37.86,30.91
2021-11-01 15:58:30 +0530,465539,29.5,22.9,37.79,30.91
2021-11-01 15:59:00 +0530,465540,52.4,26.9,38.07,30.91
2021-11-01 15:59:30 +0530,465541,51.2,26.6,38.37,30.91
2021-11-01 16:00:00 +0530,465542,65.5,28.6,38.6,30.91
2021-11-01 16:00:30 +0530,465543,28.3,23.2,38.64,30.91
2021-11-01 16:01:00 +0530,465544,31.3,24.2,38.67,30.91
2021-11-01 16:01:30 +0530,465545,34.9,23.8,38.67,30.9
2021-11-01 16:02:00 +0530,465546,30.6,23.4,38.81,30.89
2021-11-01 16:02:30 +0530,465547,30.5,22.6,38.88,30.87
2021-11-01 16:03:00 +0530,465548,28.5,23.1,38.98,30.85
2021-11-01 16:03:30 +0530,465549,30.9,24.1,39.02,30.83
2021-11-01 16:04:00 +0530,465550,31.3,24.4,39.02,30.83
2021-11-01 16:04:30 +0530,465551,41.7,24.4,39.3,30.64
2021-11-01 16:05:00 +0530,465552,43.6,28.2,39.2,30.66
2021-11-01 16:05:30 +0530,465553,37.0,26.6,39.27,30.67
2021-11-01 16:06:00 +0530,465554,31.7,25.6,39.17,30.67
2021-11-01 16:06:30 +0530,465555,33.6,26.4,39.1,30.68
2021-11-01 16:07:00 +0530,465556,58.7,29.7,39.23,30.67
2021-11-01 16:07:30 +0530,465557,38.2,27.1,39.3,30.68
2021-11-01 16:08:00 +0530,465558,34.6,27.8,39.34,30.67
2021-11-01 16:08:30 +0530,465559,26.0,23.2,39.51,30.65
2021-11-01 16:09:00 +0530,465560,29.3,26.2,39.51,30.64
2021-11-01 16:09:30 +0530,465561,34.0,26.6,39.64,30.64
2021-11-01 16:10:00 +0530,465562,32.1,26.9,39.71,30.63
2021-11-01 16:10:30 +0530,465563,34.0,27.3,39.78,30.62
2021-11-01 16:11:00 +0530,465564,35.9,26.7,39.94,30.62
2021-11-01 16:11:30 +0530,465565,51.3,28.6,40.11,30.62
2021-11-01 16:12:00 +0530,465566,32.7,24.6,40.25,30.61
2021-11-01 16:12:30 +0530,465567,40.5,29.9,40.32,30.62
2021-11-01 16:13:00 +0530,465568,44.8,28.1,40.35,30.64
2021-11-01 16:13:30 +0530,465569,39.0,27.8,40.39,30.65
2021-11-01 16:14:00 +0530,465570,39.0,27.7,40.45,30.65
2021-11-01 16:14:30 +0530,465571,34.4,27.1,40.45,30.66
2021-11-01 16:15:00 +0530,465572,39.3,27.1,40.62,30.66
2021-11-01 16:15:30 +0530,465573,32.8,26.8,40.72,30.67
2021-11-01 16:16:00 +0530,465574,38.0,27.6,40.75,30.67
2021-11-01 16:16:30 +0530,465575,33.4,27.2,40.82,30.66
2021-11-01 16:17:00 +0530,465576,33.2,26.2,40.82,30.66
2021-11-01 16:17:30 +0530,465577,33.2,26.1,40.92,30.67
2021-11-01 16:18:00 +0530,465578,37.4,26.8,40.85,30.67
2021-11-01 16:18:30 +0530,465579,42.9,26.6,40.99,30.68
2021-11-01 16:19:00 +0530,465580,34.1,23.8,41.06,30.66
2021-11-01 16:19:30 +0530,465581,37.7,28.4,41.13,30.66
2021-11-01 16:20:00 +0530,465582,39.0,28.2,41.2,30.68
2021-11-01 16:20:30 +0530,465583,31.9,25.9,41.22,30.7
2021-11-01 16:21:00 +0530,465584,35.4,25.8,41.15,30.71
2021-11-01 16:21:30 +0530,465585,32.7,25.8,41.15,30.74
2021-11-01 16:22:00 +0530,465586,32.7,25.8,41.15,30.74
2021-11-01 16:22:30 +0530,465587,27.0,22.4,41.2,30.63
2021-11-01 16:23:00 +0530,465588,27.4,22.6,41.39,30.63
2021-11-01 16:23:30 +0530,465589,28.9,25.9,41.29,30.66
2021-11-01 16:24:00 +0530,465590,28.6,25.1,41.13,30.68
2021-11-01 16:24:30 +0530,465591,33.6,26.8,41.26,30.68
2021-11-01 16:25:00 +0530,465592,28.0,22.3,41.36,30.66
2021-11-01 16:25:30 +0530,465593,34.0,26.7,41.42,30.67
2021-11-01 16:26:00 +0530,465594,32.2,26.4,41.39,30.67
2021-11-01 16:26:30 +0530,465595,37.9,27.3,41.42,30.66
2021-11-01 16:27:00 +0530,465596,37.3,28.2,41.66,30.65
2021-11-01 16:27:30 +0530,465597,33.4,24.4,41.87,30.63
2021-11-01 16:28:00 +0530,465598,38.1,28.2,41.97,30.62
2021-11-01 16:28:30 +0530,465599,40.9,27.6,41.97,30.63
2021-11-01 16:29:00 +0530,465600,32.9,27.7,42.0,30.63
2021-11-01 16:29:30 +0530,465601,34.6,27.8,42.0,30.63
2021-11-01 16:30:00 +0530,465602,36.2,27.2,42.03,30.64
2021-11-01 16:30:30 +0530,465603,37.3,24.1,41.83,30.62
2021-11-01 16:31:00 +0530,465604,37.3,28.8,41.49,30.63
2021-11-01 16:31:30 +0530,465605,36.8,27.9,41.49,30.64
2021-11-01 16:32:00 +0530,465606,37.3,28.2,41.53,30.63
2021-11-01 16:32:30 +0530,465607,33.1,27.6,41.29,30.63
2021-11-01 16:33:00 +0530,465608,36.0,28.1,41.33,30.62
2021-11-01 16:33:30 +0530,465609,36.1,27.1,41.36,30.61
2021-11-01 16:34:00 +0530,465610,31.8,25.2,41.49,30.57
2021-11-01 16:34:30 +0530,465611,42.0,29.7,41.42,30.57
2021-11-01 16:35:00 +0530,465612,37.5,29.4,41.42,30.57
2021-11-01 16:35:30 +0530,465613,43.2,29.1,41.56,30.57
2021-11-01 16:36:00 +0530,465614,29.3,26.3,41.66,30.57
2021-11-01 16:36:30 +0530,465615,38.7,26.6,41.77,30.57
2021-11-01 16:37:00 +0530,465616,65.7,33.3,41.94,30.59
2021-11-01 16:37:30 +0530,465617,66.6,33.3,41.97,30.6
2021-11-01 16:38:00 +0530,465618,52.9,30.3,41.83,30.61
2021-11-01 16:38:30 +0530,465619,67.6,33.1,42.0,30.62
2021-11-01 16:39:00 +0530,465620,74.4,35.6,42.17,30.63
2021-11-01 16:39:30 +0530,465621,47.7,26.0,41.77,30.62
2021-11-01 16:40:00 +0530,465622,42.8,31.4,41.63,30.62
2021-11-01 16:40:30 +0530,465623,41.7,31.0,41.53,30.62
2021-11-01 16:41:00 +0530,465624,48.8,31.2,41.83,30.64
2021-11-01 16:41:30 +0530,465625,44.7,30.8,41.56,30.64
2021-11-01 16:42:00 +0530,465626,41.9,30.3,41.59,30.64
2021-11-01 16:42:30 +0530,465627,43.4,30.2,41.53,30.63
2021-11-01 16:43:00 +0530,465628,41.4,30.0,41.56,30.62
2021-11-01 16:43:30 +0530,465629,39.4,31.1,41.49,30.62
2021-11-01 16:44:00 +0530,465630,44.2,31.5,41.26,30.61
2021-11-01 16:44:30 +0530,465631,41.8,31.3,41.29,30.6
2021-11-01 16:45:00 +0530,465632,40.7,31.5,41.29,30.59
2021-11-01 16:45:30 +0530,465633,42.6,34.1,41.2,30.57
2021-11-01 16:46:00 +0530,465634,49.4,28.4,41.42,30.53
2021-11-01 16:46:30 +0530,465635,37.7,30.7,41.46,30.53
2021-11-01 16:47:00 +0530,465636,40.1,31.2,41.49,30.52
2021-11-01 16:47:30 +0530,465637,48.6,31.5,41.53,30.51
2021-11-01 16:48:00 +0530,465638,31.7,25.2,41.64,30.48
2021-11-01 16:48:30 +0530,465639,39.5,30.7,41.61,30.47
2021-11-01 16:49:00 +0530,465640,49.3,31.3,41.64,30.46
2021-11-01 16:49:30 +0530,465641,42.1,30.8,41.71,30.45
2021-11-01 16:50:00 +0530,465642,40.8,30.8,41.84,30.42
2021-11-01 16:50:30 +0530,465643,38.3,29.7,42.01,30.4
2021-11-01 16:51:00 +0530,465644,43.4,28.9,42.15,30.37
2021-11-01 16:51:30 +0530,465645,39.8,30.2,42.25,30.37
2021-11-01 16:52:00 +0530,465646,34.5,25.6,42.46,30.34
2021-11-01 16:52:30 +0530,465647,35.7,25.6,42.46,30.34
2021-11-01 16:53:00 +0530,465648,36.9,26.1,42.84,30.12
2021-11-01 16:53:30 +0530,465649,48.8,32.1,42.91,30.15
2021-11-01 16:54:00 +0530,465650,51.3,32.3,43.03,30.18
2021-11-01 16:54:30 +0530,465651,47.3,31.7,43.03,30.2
2021-11-01 16:55:00 +0530,465652,48.5,31.9,43.03,30.2
2021-11-01 16:55:30 +0530,465653,47.1,31.0,43.07,30.22
2021-11-01 16:56:00 +0530,465654,49.2,31.2,43.13,30.21
2021-11-01 16:56:30 +0530,465655,57.2,31.9,43.23,30.21
2021-11-01 16:57:00 +0530,465656,46.6,32.4,43.27,30.22
2021-11-01 16:57:30 +0530,465657,52.1,31.8,43.34,30.23
2021-11-01 16:58:00 +0530,465658,50.0,31.7,43.41,30.23
2021-11-01 16:58:30 +0530,465659,52.3,32.8,43.41,30.23
2021-11-01 16:59:00 +0530,465660,60.8,33.1,43.44,30.23
2021-11-01 16:59:30 +0530,465661,57.2,32.9,43.51,30.23
2021-11-01 17:00:00 +0530,465662,50.8,31.9,43.54,30.23
2021-11-01 17:00:30 +0530,465663,45.4,31.6,43.61,30.23
2021-11-01 17:01:00 +0530,465664,52.7,33.6,43.61,30.24
2021-11-01 17:01:30 +0530,465665,57.4,34.0,43.67,30.23
2021-11-01 17:02:00 +0530,465666,58.4,33.5,43.67,30.23
2021-11-01 17:02:30 +0530,465667,69.5,34.8,43.74,30.23
2021-11-01 17:03:00 +0530,465668,65.9,34.2,43.84,30.23
2021-11-01 17:03:30 +0530,465669,41.5,27.3,44.01,30.21
2021-11-01 17:04:00 +0530,465670,44.5,30.7,43.97,30.2
2021-11-01 17:04:30 +0530,465671,41.8,28.3,43.94,30.19
2021-11-01 17:05:00 +0530,465672,42.5,29.6,44.04,30.18
2021-11-01 17:05:30 +0530,465673,47.5,25.6,44.19,30.15
2021-11-01 17:06:00 +0530,465674,42.3,29.2,44.22,30.13
2021-11-01 17:06:30 +0530,465675,51.2,33.9,44.29,30.15
2021-11-01 17:07:00 +0530,465676,42.6,26.1,44.39,30.11
2021-11-01 17:07:30 +0530,465677,38.3,26.3,44.46,30.11
2021-11-01 17:08:00 +0530,465678,42.5,31.0,44.56,30.11
2021-11-01 17:08:30 +0530,465679,48.6,31.4,44.66,30.12
2021-11-01 17:09:00 +0530,465680,38.9,28.6,44.59,30.12
2021-11-01 17:09:30 +0530,465681,43.9,25.3,44.73,30.1
2021-11-01 17:10:00 +0530,465682,57.8,31.5,44.8,30.1
2021-11-01 17:10:30 +0530,465683,57.3,31.6,44.8,30.1
2021-11-01 17:11:00 +0530,465684,37.4,25.9,45.14,29.93
2021-11-01 17:11:30 +0530,465685,40.3,30.6,45.21,29.96
2021-11-01 17:12:00 +0530,465686,51.8,35.6,45.28,30.0
2021-11-01 17:12:30 +0530,465687,44.7,31.3,45.23,30.02
2021-11-01 17:13:00 +0530,465688,36.7,28.8,45.23,30.04
2021-11-01 17:13:30 +0530,465689,35.5,28.4,45.16,30.04
2021-11-01 17:14:00 +0530,465690,34.3,28.2,45.23,30.03
2021-11-01 17:14:30 +0530,465691,38.2,30.1,45.37,30.02
2021-11-01 17:15:00 +0530,465692,41.8,30.9,45.3,30.01
2021-11-01 17:15:30 +0530,465693,44.3,33.1,45.35,30.0
2021-11-01 17:16:00 +0530,465694,31.5,27.6,45.54,29.96
2021-11-01 17:16:30 +0530,465695,47.1,33.3,45.58,29.96
2021-11-01 17:17:00 +0530,465696,40.1,30.1,45.64,29.96
2021-11-01 17:17:30 +0530,465697,39.1,30.4,45.71,29.95
2021-11-01 17:18:00 +0530,465698,40.8,30.2,45.81,29.95
2021-11-01 17:18:30 +0530,465699,40.2,28.5,45.75,29.94
2021-11-01 17:19:00 +0530,465700,38.7,28.3,45.81,29.94
2021-11-01 17:19:30 +0530,465701,43.3,27.9,45.75,29.94
2021-11-01 17:20:00 +0530,465702,45.9,29.4,45.81,29.94
2021-11-01 17:20:30 +0530,465703,37.4,27.6,45.99,29.93
2021-11-01 17:21:00 +0530,465704,40.1,29.2,46.15,29.93
2021-11-01 17:21:30 +0530,465705,48.3,27.7,46.22,29.9
2021-11-01 17:22:00 +0530,465706,49.6,30.2,46.19,29.9
2021-11-01 17:22:30 +0530,465707,47.2,30.3,46.28,29.89
2021-11-01 17:23:00 +0530,465708,42.0,31.4,46.35,29.9
2021-11-01 17:23:30 +0530,465709,50.3,30.8,46.32,29.9
2021-11-01 17:24:00 +0530,465710,50.7,30.2,46.35,29.89
2021-11-01 17:24:30 +0530,465711,50.5,31.3,46.35,29.89
2021-11-01 17:25:00 +0530,465712,48.8,32.3,46.35,29.88
2021-11-01 17:25:30 +0530,465713,63.5,34.9,46.62,29.88
2021-11-01 17:26:00 +0530,465714,42.8,27.1,46.66,29.86
2021-11-01 17:26:30 +0530,465715,67.1,33.7,46.66,29.85
2021-11-01 17:27:00 +0530,465716,55.0,32.7,46.72,29.85
2021-11-01 17:27:30 +0530,465717,36.0,24.1,46.76,29.83
2021-11-01 17:28:00 +0530,465718,44.9,31.2,46.86,29.83
2021-11-01 17:28:30 +0530,465719,48.8,32.6,46.93,29.85
2021-11-01 17:29:00 +0530,465720,51.7,32.2,46.89,29.85
2021-11-01 17:29:30 +0530,465721,34.5,25.3,46.99,29.83
2021-11-01 17:30:00 +0530,465722,43.8,31.1,46.86,29.86
2021-11-01 17:30:30 +0530,465723,43.4,31.4,46.79,29.87
2021-11-01 17:31:00 +0530,465724,43.5,31.8,46.76,29.87
2021-11-01 17:31:30 +0530,465725,52.9,32.9,46.89,29.87
2021-11-01 17:32:00 +0530,465726,57.4,32.8,46.93,29.87
2021-11-01 17:32:30 +0530,465727,51.0,30.5,46.93,29.85
2021-11-01 17:33:00 +0530,465728,47.4,32.7,46.86,29.85
2021-11-01 17:33:30 +0530,465729,52.2,30.3,47.12,29.83
2021-11-01 17:34:00 +0530,465730,48.6,32.9,47.16,29.85
2021-11-01 17:34:30 +0530,465731,43.0,29.1,46.99,29.86
2021-11-01 17:35:00 +0530,465732,40.5,26.1,47.02,29.85
2021-11-01 17:35:30 +0530,465733,45.2,30.7,46.99,29.86
2021-11-01 17:36:00 +0530,465734,52.7,31.2,46.96,29.87
2021-11-01 17:36:30 +0530,465735,45.0,31.2,46.96,29.87
2021-11-01 17:37:00 +0530,465736,42.1,31.1,46.93,29.88
2021-11-01 17:37:30 +0530,465737,43.5,30.9,46.99,29.88
2021-11-01 17:38:00 +0530,465738,41.0,30.2,46.93,29.89
2021-11-01 17:38:30 +0530,465739,44.5,31.1,46.89,29.89
2021-11-01 17:39:00 +0530,465740,40.0,30.4,46.93,29.91
2021-11-01 17:39:30 +0530,465741,58.9,31.2,47.02,29.9
2021-11-01 17:40:00 +0530,465742,40.6,30.5,46.96,29.91
2021-11-01 17:40:30 +0530,465743,40.6,30.4,46.93,29.93
2021-11-01 17:41:00 +0530,465744,46.0,30.4,46.86,29.94
2021-11-01 17:41:30 +0530,465745,44.3,30.1,46.86,29.95
2021-11-01 17:42:00 +0530,465746,36.8,25.6,46.93,29.93
2021-11-01 17:42:30 +0530,465747,43.0,30.2,46.89,29.95
2021-11-01 17:43:00 +0530,465748,46.1,30.1,46.89,29.96
2021-11-01 17:43:30 +0530,465749,56.9,32.1,46.93,29.98
2021-11-01 17:44:00 +0530,465750,42.2,30.6,46.89,29.98
2021-11-01 17:44:30 +0530,465751,45.9,31.3,46.89,29.98
2021-11-01 17:45:00 +0530,465752,37.1,27.1,47.06,29.97
2021-11-01 17:45:30 +0530,465753,38.6,30.3,46.96,29.94
2021-11-01 17:46:00 +0530,465754,43.3,30.6,47.06,29.94
2021-11-01 17:46:30 +0530,465755,39.9,31.3,47.19,29.95
2021-11-01 17:47:00 +0530,465756,40.9,32.2,47.16,29.95
2021-11-01 17:47:30 +0530,465757,41.3,32.4,47.16,29.96
2021-11-01 17:48:00 +0530,465758,32.5,28.7,47.12,29.95
2021-11-01 17:48:30 +0530,465759,36.4,29.8,47.16,29.93
2021-11-01 17:49:00 +0530,465760,27.6,24.8,47.29,29.91
2021-11-01 17:49:30 +0530,465761,36.6,25.1,47.36,29.87
2021-11-01 17:50:00 +0530,465762,44.1,30.9,47.46,29.86
2021-11-01 17:50:30 +0530,465763,36.2,29.2,47.5,29.83
2021-11-01 17:51:00 +0530,465764,51.5,26.4,47.54,29.8
2021-11-01 17:51:30 +0530,465765,42.9,28.9,47.5,29.78
2021-11-01 17:52:00 +0530,465766,42.1,29.2,47.64,29.76
2021-11-01 17:52:30 +0530,465767,41.5,29.2,47.74,29.75
2021-11-01 17:53:00 +0530,465768,41.2,29.1,47.7,29.73
2021-11-01 17:53:30 +0530,465769,36.0,25.4,47.84,29.68
2021-11-01 17:54:00 +0530,465770,36.9,26.0,47.84,29.68
2021-11-01 17:54:30 +0530,465771,38.1,25.7,48.06,29.47
2021-11-01 17:55:00 +0530,465772,44.1,25.6,48.3,29.47
2021-11-01 17:55:30 +0530,465773,46.1,30.4,48.32,29.49
2021-11-01 17:56:00 +0530,465774,42.8,29.8,48.25,29.51
2021-11-01 17:56:30 +0530,465775,40.7,30.1,48.28,29.52
2021-11-01 17:57:00 +0530,465776,42.7,27.2,48.39,29.5
2021-11-01 17:57:30 +0530,465777,42.2,30.6,48.45,29.51
2021-11-01 17:58:00 +0530,465778,35.8,25.7,48.56,29.49
2021-11-01 17:58:30 +0530,465779,38.2,30.2,48.52,29.49
2021-11-01 17:59:00 +0530,465780,40.1,29.6,48.52,29.49
2021-11-01 17:59:30 +0530,465781,41.5,30.2,48.56,29.49
2021-11-01 18:00:00 +0530,465782,40.3,29.8,48.56,29.49
2021-11-01 18:00:30 +0530,465783,42.3,29.8,48.59,29.5
2021-11-01 18:01:00 +0530,465784,42.9,30.2,48.69,29.5
2021-11-01 18:01:30 +0530,465785,37.9,29.4,48.69,29.5
2021-11-01 18:02:00 +0530,465786,34.2,25.8,48.79,29.48
2021-11-01 18:02:30 +0530,465787,37.5,29.4,48.76,29.47
2021-11-01 18:03:00 +0530,465788,40.7,30.3,48.82,29.48
2021-11-01 18:03:30 +0530,465789,40.8,27.6,48.9,29.45
2021-11-01 18:04:00 +0530,465790,43.2,30.5,48.87,29.45
2021-11-01 18:04:30 +0530,465791,44.5,30.1,48.87,29.46
2021-11-01 18:05:00 +0530,465792,38.9,29.7,48.83,29.46
2021-11-01 18:05:30 +0530,465793,40.3,29.8,48.8,29.46
2021-11-01 18:06:00 +0530,465794,40.0,29.2,48.76,29.47
2021-11-01 18:06:30 +0530,465795,39.6,29.6,48.8,29.48
2021-11-01 18:07:00 +0530,465796,42.8,30.8,48.82,29.48
2021-11-01 18:07:30 +0530,465797,39.9,30.9,48.82,29.49
2021-11-01 18:08:00 +0530,465798,48.6,32.5,48.89,29.5
2021-11-01 18:08:30 +0530,465799,44.1,32.8,48.89,29.5
2021-11-01 18:09:00 +0530,465800,43.6,32.2,48.89,29.51
2021-11-01 18:09:30 +0530,465801,36.9,29.2,49.02,29.5
2021-11-01 18:10:00 +0530,465802,34.9,27.2,48.99,29.49
2021-11-01 18:10:30 +0530,465803,43.5,32.0,48.89,29.51
2021-11-01 18:11:00 +0530,465804,47.8,32.6,48.89,29.53
2021-11-01 18:11:30 +0530,465805,56.5,33.9,48.96,29.54
2021-11-01 18:12:00 +0530,465806,41.6,32.5,48.96,29.57
2021-11-01 18:12:30 +0530,465807,45.3,32.2,48.89,29.59
2021-11-01 18:13:00 +0530,465808,54.6,34.6,48.89,29.61
2021-11-01 18:13:30 +0530,465809,48.4,33.4,48.89,29.62
2021-11-01 18:14:00 +0530,465810,47.6,32.0,48.82,29.63
2021-11-01 18:14:30 +0530,465811,40.0,29.3,48.86,29.62
2021-11-01 18:15:00 +0530,465812,51.1,33.5,48.82,29.63
2021-11-01 18:15:30 +0530,465813,47.2,34.7,48.86,29.65
2021-11-01 18:16:00 +0530,465814,49.7,33.7,48.82,29.66
2021-11-01 18:16:30 +0530,465815,43.1,32.6,48.82,29.67
2021-11-01 18:17:00 +0530,465816,44.9,32.9,48.78,29.67
2021-11-01 18:17:30 +0530,465817,42.0,31.4,48.78,29.68
2021-11-01 18:18:00 +0530,465818,47.2,32.6,48.82,29.7
2021-11-01 18:18:30 +0530,465819,49.3,32.8,48.85,29.72
2021-11-01 18:19:00 +0530,465820,41.9,31.9,48.89,29.71
2021-11-01 18:19:30 +0530,465821,39.9,27.5,48.95,29.68
2021-11-01 18:20:00 +0530,465822,40.5,32.0,48.92,29.7
2021-11-01 18:20:30 +0530,465823,46.0,31.9,48.85,29.71
2021-11-01 18:21:00 +0530,465824,47.2,32.3,48.85,29.72
2021-11-01 18:21:30 +0530,465825,43.3,34.6,48.99,29.72
2021-11-01 18:22:00 +0530,465826,45.4,34.7,48.99,29.73
2021-11-01 18:22:30 +0530,465827,44.1,31.5,49.05,29.72
2021-11-01 18:23:00 +0530,465828,46.0,34.9,49.02,29.73
2021-11-01 18:23:30 +0530,465829,44.6,33.5,48.99,29.74
2021-11-01 18:24:00 +0530,465830,48.4,33.5,48.92,29.76
2021-11-01 18:24:30 +0530,465831,49.9,32.8,48.99,29.77
2021-11-01 18:25:00 +0530,465832,49.5,33.9,49.02,29.77
2021-11-01 18:25:30 +0530,465833,47.1,34.5,48.95,29.78
2021-11-01 18:26:00 +0530,465834,47.4,29.2,49.05,29.77
2021-11-01 18:26:30 +0530,465835,41.4,32.9,48.95,29.79
2021-11-01 18:27:00 +0530,465836,46.1,32.6,48.92,29.8
2021-11-01 18:27:30 +0530,465837,47.8,33.6,48.85,29.81
2021-11-01 18:28:00 +0530,465838,40.9,33.9,48.82,29.82
2021-11-01 18:28:30 +0530,465839,49.6,35.1,48.87,29.83
2021-11-01 18:29:00 +0530,465840,51.7,34.3,48.87,29.85
2021-11-01 18:29:30 +0530,465841,58.4,35.8,49.08,29.86
2021-11-01 18:30:00 +0530,465842,49.7,34.6,48.87,29.86
2021-11-01 18:30:30 +0530,465843,62.4,38.9,49.01,29.88
2021-11-01 18:31:00 +0530,465844,54.9,35.2,48.94,29.89
2021-11-01 18:31:30 +0530,465845,39.8,31.9,48.81,29.86
2021-11-01 18:32:00 +0530,465846,62.8,35.2,48.84,29.89
2021-11-01 18:32:30 +0530,465847,66.1,38.1,49.08,29.91
2021-11-01 18:33:00 +0530,465848,48.3,27.9,49.15,29.9
2021-11-01 18:33:30 +0530,465849,47.3,34.3,48.87,29.91
2021-11-01 18:34:00 +0530,465850,57.1,37.2,48.87,29.9
2021-11-01 18:34:30 +0530,465851,62.4,37.6,49.11,29.91
2021-11-01 18:35:00 +0530,465852,67.3,37.4,49.08,29.93
2021-11-01 18:35:30 +0530,465853,49.5,31.5,48.67,29.93
2021-11-01 18:36:00 +0530,465854,48.4,33.3,48.64,29.93
2021-11-01 18:36:30 +0530,465855,50.9,31.8,48.87,29.91
2021-11-01 18:37:00 +0530,465856,52.1,36.5,49.01,29.93
2021-11-01 18:37:30 +0530,465857,52.0,36.6,49.01,29.93
2021-11-01 18:38:00 +0530,465858,45.5,36.4,49.25,29.76
2021-11-01 18:38:30 +0530,465859,57.0,36.6,49.42,29.81
2021-11-01 18:39:00 +0530,465860,47.4,34.8,49.11,29.86
2021-11-01 18:39:30 +0530,465861,47.2,33.9,48.94,29.89
2021-11-01 18:40:00 +0530,465862,45.6,32.6,48.81,29.9
2021-11-01 18:40:30 +0530,465863,40.7,31.7,48.74,29.92
2021-11-01 18:41:00 +0530,465864,41.2,31.3,48.67,29.93
2021-11-01 18:41:30 +0530,465865,49.6,32.4,48.77,29.93
2021-11-01 18:42:00 +0530,465866,45.0,32.0,48.64,29.93
2021-11-01 18:42:30 +0530,465867,40.4,29.1,48.47,29.94
2021-11-01 18:43:00 +0530,465869,41.3,26.3,48.5,29.9
2021-11-01 18:43:30 +0530,465870,53.5,31.2,48.74,29.92
2021-11-01 18:44:00 +0530,465871,43.6,29.7,48.67,29.93
2021-11-01 18:45:00 +0530,465868,62.9,37.9,49.15,29.96
2021-11-01 18:45:30 +0530,465872,44.1,27.3,49.15,29.94
2021-11-01 18:46:00 +0530,465873,48.9,33.5,48.87,29.96
2021-11-01 18:46:30 +0530,465874,41.7,31.6,48.6,29.98
2021-11-01 18:47:00 +0530,465875,50.1,34.1,48.64,29.98
2021-11-01 18:47:30 +0530,465876,57.2,36.0,48.87,30.01
2021-11-01 18:48:00 +0530,465877,67.3,37.2,49.24,30.02
2021-11-01 18:48:30 +0530,465878,37.2,29.6,48.57,30.02
2021-11-01 18:49:00 +0530,465879,48.6,31.4,48.53,30.03
2021-11-01 18:49:30 +0530,465880,40.2,30.7,48.53,30.02
2021-11-01 18:50:00 +0530,465881,40.5,31.1,48.57,30.03
2021-11-01 18:50:30 +0530,465882,39.8,30.2,48.5,30.04
2021-11-01 18:51:00 +0530,465883,42.7,28.8,48.57,30.0
2021-11-01 18:51:30 +0530,465884,44.9,32.8,48.57,30.02
2021-11-01 18:52:00 +0530,465885,49.6,32.1,48.4,30.02
2021-11-01 18:52:30 +0530,465886,45.9,30.7,48.33,30.03
2021-11-01 18:53:00 +0530,465887,43.5,29.7,48.29,30.03
2021-11-01 18:53:30 +0530,465888,47.5,29.1,48.26,30.03
2021-11-01 18:54:00 +0530,465889,46.9,30.0,48.33,30.03
2021-11-01 18:54:30 +0530,465890,47.2,29.9,48.36,30.03
2021-11-01 18:55:00 +0530,465891,47.7,29.2,48.33,30.03
2021-11-01 18:55:30 +0530,465892,44.9,27.7,48.23,30.03
2021-11-01 18:56:00 +0530,465893,72.3,34.2,48.57,30.03
2021-11-01 18:56:30 +0530,465894,61.4,32.2,48.63,30.02
2021-11-01 18:57:00 +0530,465895,63.6,32.1,48.76,30.02
2021-11-01 18:57:30 +0530,465896,58.0,32.2,48.47,30.01
2021-11-01 18:58:00 +0530,465897,64.8,31.9,48.44,30.01
2021-11-01 18:58:30 +0530,465898,55.9,30.9,48.5,30.0
2021-11-01 18:59:00 +0530,465899,56.3,30.4,48.47,29.98
2021-11-01 18:59:30 +0530,465900,44.5,30.8,48.5,29.98
2021-11-01 19:00:00 +0530,465901,59.1,32.3,48.53,29.98
2021-11-01 19:00:30 +0530,465902,71.6,36.9,48.91,29.98
2021-11-01 19:01:00 +0530,465903,54.2,31.6,48.74,29.98
2021-11-01 19:01:30 +0530,465904,48.2,31.8,48.67,30.0
2021-11-01 19:02:00 +0530,465905,55.5,32.4,48.81,30.0
2021-11-01 19:02:30 +0530,465906,55.6,33.3,48.94,30.0
2021-11-01 19:03:00 +0530,465907,49.6,32.1,48.74,30.01
2021-11-01 19:03:30 +0530,465908,70.4,35.1,48.87,30.01
2021-11-01 19:04:00 +0530,465909,59.4,30.9,48.94,30.0
2021-11-01 19:04:30 +0530,465910,57.3,34.1,48.98,30.0
2021-11-01 19:05:00 +0530,465911,54.0,30.7,48.67,30.01
2021-11-01 19:05:30 +0530,465912,70.7,37.1,49.0,30.02
2021-11-01 19:06:00 +0530,465913,85.2,38.8,49.17,30.02
2021-11-01 19:06:30 +0530,465914,115.7,42.1,49.4,30.02
2021-11-01 19:07:00 +0530,465915,96.9,40.3,49.44,30.03
2021-11-01 19:07:30 +0530,465916,84.1,42.2,49.54,30.04
2021-11-01 19:08:00 +0530,465917,87.2,39.6,49.54,30.04
2021-11-01 19:08:30 +0530,465918,61.3,35.4,49.03,30.05
2021-11-01 19:09:00 +0530,465919,57.6,30.1,48.94,30.02
2021-11-01 19:09:30 +0530,465920,53.4,31.0,49.01,30.02
2021-11-01 19:10:00 +0530,465921,83.8,34.3,49.1,30.02
2021-11-01 19:10:30 +0530,465922,61.4,34.2,49.34,30.02
2021-11-01 19:11:00 +0530,465923,72.6,37.0,49.03,30.03
2021-11-01 19:11:30 +0530,465924,72.7,36.2,48.97,30.04
2021-11-01 19:12:00 +0530,465925,75.6,38.1,48.93,30.06
2021-11-01 19:12:30 +0530,465926,71.8,35.2,49.2,30.04
2021-11-01 19:13:00 +0530,465927,88.8,38.9,49.24,30.06
2021-11-01 19:13:30 +0530,465928,76.1,38.8,49.31,30.06
2021-11-01 19:14:00 +0530,465929,56.1,34.4,48.83,30.07
2021-11-01 19:14:30 +0530,465930,57.5,33.9,48.7,30.07
2021-11-01 19:15:00 +0530,465931,69.2,34.8,49.17,30.05
2021-11-01 19:15:30 +0530,465932,69.7,37.4,49.37,30.06
2021-11-01 19:16:00 +0530,465933,98.7,40.8,49.24,30.07
2021-11-01 19:16:30 +0530,465934,71.8,36.2,49.37,30.07
2021-11-01 19:17:00 +0530,465935,63.4,36.4,49.31,30.07
2021-11-01 19:17:30 +0530,465936,81.4,37.6,49.34,30.08
2021-11-01 19:18:00 +0530,465937,65.4,36.2,49.17,30.09
2021-11-01 19:18:30 +0530,465938,64.0,35.2,48.93,30.1
2021-11-01 19:19:00 +0530,465939,65.6,36.7,49.17,30.09
2021-11-01 19:19:30 +0530,465940,69.2,37.3,49.31,30.09
2021-11-01 19:20:00 +0530,465941,65.7,37.2,48.97,30.1
2021-11-01 19:20:30 +0530,465942,65.7,37.2,48.97,30.1
2021-11-01 19:21:00 +0530,465943,59.5,32.7,49.41,30.02
2021-11-01 19:21:30 +0530,465944,57.2,35.9,49.44,30.03
2021-11-01 19:22:00 +0530,465945,60.2,34.7,49.24,30.05
2021-11-01 19:22:30 +0530,465946,62.9,36.8,49.1,30.06
2021-11-01 19:23:00 +0530,465947,73.4,37.3,49.37,30.06
2021-11-01 19:23:30 +0530,465948,65.1,36.7,49.47,30.07
2021-11-01 19:24:00 +0530,465949,66.2,34.1,49.47,30.05
2021-11-01 19:24:30 +0530,465950,57.2,34.4,49.54,30.06
2021-11-01 19:25:00 +0530,465951,53.5,33.4,49.57,30.05
2021-11-01 19:25:30 +0530,465952,60.4,35.5,49.67,30.05
2021-11-01 19:26:00 +0530,465953,62.9,35.9,49.6,30.05
2021-11-01 19:26:30 +0530,465954,68.3,35.8,49.54,30.04
2021-11-01 19:27:00 +0530,465955,71.8,38.1,49.67,30.04
2021-11-01 19:27:30 +0530,465956,68.1,37.6,49.84,30.03
2021-11-01 19:28:00 +0530,465957,56.4,35.4,49.78,30.03
2021-11-01 19:28:30 +0530,465958,63.3,36.2,49.91,30.02
2021-11-01 19:29:00 +0530,465959,60.9,36.8,49.94,30.02
2021-11-01 19:29:30 +0530,465960,66.5,38.5,50.05,30.01
2021-11-01 19:30:00 +0530,465961,75.4,40.4,50.05,30.0
2021-11-01 19:30:30 +0530,465962,77.8,40.1,50.02,29.98
2021-11-01 19:31:00 +0530,465963,82.5,40.9,49.98,29.98
2021-11-01 19:31:30 +0530,465964,67.1,39.1,49.98,29.97
2021-11-01 19:32:00 +0530,465965,68.7,38.7,50.05,29.97
2021-11-01 19:32:30 +0530,465966,72.8,40.4,49.75,29.97
2021-11-01 19:33:00 +0530,465967,103.3,45.8,49.72,29.97
2021-11-01 19:33:30 +0530,465968,91.6,44.6,49.65,29.98
2021-11-01 19:34:00 +0530,465969,80.0,41.3,49.37,29.98
2021-11-01 19:34:30 +0530,465970,77.6,41.1,49.37,30.0
2021-11-01 19:35:00 +0530,465971,69.1,38.9,49.51,30.0
2021-11-01 19:35:30 +0530,465972,93.2,42.2,49.64,30.02
2021-11-01 19:36:00 +0530,465973,107.7,45.8,49.71,30.03
2021-11-01 19:36:30 +0530,465974,99.5,42.7,49.47,30.04
2021-11-01 19:37:00 +0530,465975,91.2,41.9,49.34,30.05
2021-11-01 19:37:30 +0530,465976,78.4,40.3,49.2,30.06
2021-11-01 19:38:00 +0530,465977,93.2,43.1,49.37,30.07
2021-11-01 19:38:30 +0530,465978,74.8,39.8,49.17,30.08
2021-11-01 19:39:00 +0530,465979,68.8,38.4,48.93,30.09
2021-11-01 19:39:30 +0530,465980,74.8,40.8,49.34,30.1
2021-11-01 19:40:00 +0530,465981,96.8,48.6,49.2,30.11
2021-11-01 19:40:30 +0530,465982,126.5,51.9,49.24,30.12
2021-11-01 19:41:00 +0530,465983,91.5,43.9,49.2,30.13
2021-11-01 19:41:30 +0530,465984,103.7,43.9,49.4,30.15
2021-11-01 19:42:00 +0530,465985,113.3,44.4,49.24,30.16
2021-11-01 19:42:30 +0530,465986,88.1,41.4,49.02,30.17
2021-11-01 19:43:00 +0530,465987,66.9,38.1,48.48,30.18
2021-11-01 19:43:30 +0530,465988,72.9,40.0,48.42,30.17
2021-11-01 19:44:00 +0530,465989,91.5,44.2,48.48,30.17
2021-11-01 19:44:30 +0530,465990,95.5,43.6,48.48,30.17
2021-11-01 19:45:00 +0530,465991,72.7,39.8,48.38,30.17
2021-11-01 19:45:30 +0530,465992,76.0,42.3,48.08,30.18
2021-11-01 19:46:00 +0530,465993,58.6,37.6,47.95,30.17
2021-11-01 19:46:30 +0530,465994,58.7,37.4,47.81,30.16
2021-11-01 19:47:00 +0530,465995,60.6,37.5,47.76,30.16
2021-11-01 19:47:30 +0530,465996,64.1,36.0,47.89,30.11
2021-11-01 19:48:00 +0530,465997,60.7,37.2,47.79,30.1
2021-11-01 19:48:30 +0530,465998,61.0,36.6,47.62,30.1
2021-11-01 19:49:00 +0530,465999,52.2,30.6,47.69,30.05
2021-11-01 19:49:30 +0530,466000,53.7,35.1,47.62,30.04
2021-11-01 19:50:00 +0530,466001,50.8,35.3,47.62,30.02
2021-11-01 19:50:30 +0530,466002,60.1,36.1,47.72,30.01
2021-11-01 19:51:00 +0530,466003,65.3,36.5,47.83,30.01
2021-11-01 19:51:30 +0530,466004,70.9,35.9,47.79,29.97
2021-11-01 19:52:00 +0530,466005,80.0,41.3,47.83,29.97
2021-11-01 19:52:30 +0530,466006,48.8,31.9,47.57,29.98
2021-11-01 19:53:00 +0530,466007,58.0,34.4,47.46,29.98
2021-11-01 19:53:30 +0530,466008,67.6,35.8,47.57,29.98
2021-11-01 19:54:00 +0530,466009,56.0,32.7,47.43,30.0
2021-11-01 19:54:30 +0530,466010,49.5,31.6,47.46,30.01
2021-11-01 19:55:00 +0530,466011,40.6,27.3,47.4,29.98
2021-11-01 19:55:30 +0530,466012,61.9,33.7,47.43,29.97
2021-11-01 19:56:00 +0530,466013,56.7,34.9,47.29,29.96
2021-11-01 19:56:30 +0530,466014,59.5,34.7,47.36,29.96
2021-11-01 19:57:00 +0530,466015,37.4,26.1,47.43,29.94
2021-11-01 19:57:30 +0530,466016,68.4,35.7,47.4,29.95
2021-11-01 19:58:00 +0530,466017,63.9,36.8,47.46,29.97
2021-11-01 19:58:30 +0530,466018,72.4,35.7,47.46,29.98
2021-11-01 19:59:00 +0530,466019,62.2,32.8,47.38,30.02
2021-11-01 19:59:30 +0530,466020,31.3,23.9,47.36,30.01
2021-11-01 20:00:00 +0530,466021,50.5,29.2,47.18,30.02
2021-11-01 20:00:30 +0530,466022,67.5,35.9,47.29,30.0
2021-11-01 20:01:00 +0530,466023,65.2,37.3,47.42,30.02
2021-11-01 20:01:30 +0530,466024,91.0,40.1,47.52,30.03
2021-11-01 20:02:00 +0530,466025,73.8,38.4,47.38,30.05
2021-11-01 20:02:30 +0530,466026,49.6,27.4,47.32,30.04
2021-11-01 20:03:00 +0530,466027,55.8,34.5,47.25,30.06
2021-11-01 20:03:30 +0530,466028,56.2,32.8,47.18,30.06
2021-11-01 20:04:00 +0530,466029,64.3,32.9,47.25,30.07
2021-11-01 20:04:30 +0530,466030,58.1,33.3,47.22,30.08
2021-11-01 20:05:00 +0530,466031,54.4,33.3,47.18,30.09
2021-11-01 20:05:30 +0530,466032,69.1,36.0,47.52,30.1
2021-11-01 20:06:00 +0530,466033,68.9,36.7,47.89,30.11
2021-11-01 20:06:30 +0530,466034,57.7,35.4,47.96,30.12
2021-11-01 20:07:00 +0530,466035,63.6,35.1,47.89,30.12
2021-11-01 20:07:30 +0530,466036,58.5,32.2,47.76,30.12
2021-11-01 20:08:00 +0530,466037,55.2,31.5,47.69,30.15
2021-11-01 20:08:30 +0530,466038,42.5,27.7,47.35,30.13
2021-11-01 20:09:00 +0530,466039,53.2,29.8,47.42,30.13
2021-11-01 20:09:30 +0530,466040,46.1,29.6,47.32,30.13
2021-11-01 20:10:00 +0530,466041,44.0,27.7,47.42,30.15
2021-11-01 20:10:30 +0530,466042,41.3,27.3,47.45,30.12
2021-11-01 20:11:00 +0530,466043,41.7,28.2,47.52,30.12
2021-11-01 20:11:30 +0530,466044,51.6,45.8,47.52,30.1
2021-11-01 20:12:00 +0530,466045,50.7,36.8,47.59,30.09
2021-11-01 20:12:30 +0530,466046,43.0,30.2,47.76,30.07
2021-11-01 20:13:00 +0530,466047,42.8,27.7,47.79,30.06
2021-11-01 20:13:30 +0530,466048,43.6,28.6,47.83,30.05
2021-11-01 20:14:00 +0530,466049,39.7,26.8,47.83,30.04
2021-11-01 20:14:30 +0530,466050,34.6,26.6,47.86,30.03
2021-11-01 20:15:00 +0530,466051,45.9,27.7,47.89,30.02
2021-11-01 20:15:30 +0530,466052,36.9,27.4,48.02,30.02
2021-11-01 20:16:00 +0530,466053,38.3,27.0,47.99,30.02
2021-11-01 20:16:30 +0530,466054,45.7,27.7,48.02,30.03
2021-11-01 20:17:00 +0530,466055,43.8,27.1,48.02,30.02
2021-11-01 20:17:30 +0530,466056,43.3,26.8,48.02,30.02
2021-11-01 20:18:00 +0530,466057,44.9,26.8,48.02,30.02
2021-11-01 20:18:30 +0530,466058,43.7,26.6,48.05,30.03
2021-11-01 20:19:00 +0530,466059,35.2,22.5,48.14,30.01
2021-11-01 20:19:30 +0530,466060,43.1,28.0,48.1,30.01
2021-11-01 20:20:00 +0530,466061,44.8,31.1,48.37,30.02
2021-11-01 20:20:30 +0530,466062,45.3,28.9,48.43,30.02
2021-11-01 20:21:00 +0530,466063,37.5,24.6,48.26,30.02
2021-11-01 20:21:30 +0530,466064,40.9,23.3,48.37,29.96
2021-11-01 20:22:00 +0530,466065,45.9,26.8,48.37,29.95
2021-11-01 20:22:30 +0530,466066,70.4,37.2,48.74,29.94
2021-11-01 20:23:00 +0530,466067,58.1,32.1,48.81,29.94
2021-11-01 20:23:30 +0530,466068,47.3,29.4,48.77,29.94
2021-11-01 20:24:00 +0530,466069,46.1,29.4,48.81,29.95
2021-11-01 20:24:30 +0530,466070,57.8,34.3,48.84,29.95
2021-11-01 20:25:00 +0530,466071,52.5,33.3,48.81,29.96
2021-11-01 20:25:30 +0530,466072,59.3,36.4,49.01,29.96
2021-11-01 20:26:00 +0530,466073,48.3,31.8,49.11,29.97
2021-11-01 20:26:30 +0530,466074,35.7,25.2,48.81,29.96
2021-11-01 20:27:00 +0530,466075,37.9,28.3,48.74,29.96
2021-11-01 20:27:30 +0530,466076,41.3,28.7,48.77,29.95
2021-11-01 20:28:00 +0530,466077,44.9,32.6,48.94,29.95
2021-11-01 20:28:30 +0530,466078,50.1,32.8,49.08,29.95
2021-11-01 20:29:00 +0530,466079,77.2,34.8,49.37,29.93
2021-11-01 20:29:30 +0530,466080,59.4,39.2,49.41,29.92
2021-11-01 20:30:00 +0530,466081,51.2,34.1,49.37,29.92
2021-11-01 20:30:30 +0530,466082,46.1,30.3,49.27,29.92
2021-11-01 20:31:00 +0530,466083,48.3,29.9,49.27,29.92
2021-11-01 20:31:30 +0530,466084,50.2,32.4,49.34,29.91
2021-11-01 20:32:00 +0530,466085,41.2,30.0,49.37,29.9
2021-11-01 20:32:30 +0530,466086,49.4,28.6,49.48,29.89
2021-11-01 20:33:00 +0530,466087,45.3,27.8,49.61,29.88
2021-11-01 20:33:30 +0530,466088,49.1,28.8,49.68,29.86
2021-11-01 20:34:00 +0530,466089,50.1,28.7,49.89,29.83
2021-11-01 20:34:30 +0530,466090,37.8,27.7,49.82,29.81
2021-11-01 20:35:00 +0530,466091,44.5,26.1,50.09,29.76
2021-11-01 20:35:30 +0530,466092,41.2,26.4,50.09,29.76
2021-11-01 20:36:00 +0530,466093,57.5,28.1,50.43,29.6
2021-11-01 20:36:30 +0530,466094,51.9,30.3,50.6,29.59
2021-11-01 20:37:00 +0530,466095,43.7,29.3,50.77,29.58
2021-11-01 20:37:30 +0530,466096,41.5,29.4,50.74,29.56
2021-11-01 20:38:00 +0530,466097,52.6,28.7,50.91,29.52
2021-11-01 20:38:30 +0530,466098,49.3,25.1,51.08,29.48
2021-11-01 20:39:00 +0530,466099,53.1,30.2,51.15,29.45
2021-11-01 20:39:30 +0530,466100,52.6,29.9,51.18,29.42
2021-11-01 20:40:00 +0530,466101,50.3,29.1,51.32,29.39
2021-11-01 20:40:30 +0530,466102,48.1,28.1,51.29,29.36
2021-11-01 20:41:00 +0530,466103,57.2,30.8,51.52,29.34
2021-11-01 20:41:30 +0530,466104,48.8,30.4,51.56,29.33
2021-11-01 20:42:00 +0530,466105,51.6,28.3,51.59,29.31
2021-11-01 20:42:30 +0530,466106,43.3,27.1,51.62,29.29
2021-11-01 20:43:00 +0530,466107,39.8,26.8,51.67,29.27
2021-11-01 20:43:30 +0530,466108,36.9,22.6,51.91,29.21
2021-11-01 20:44:00 +0530,466109,44.6,27.4,51.94,29.21
2021-11-01 20:44:30 +0530,466110,39.6,26.2,51.94,29.2
2021-11-01 20:45:00 +0530,466111,47.2,26.4,51.97,29.18
2021-11-01 20:45:30 +0530,466112,45.9,32.2,52.08,29.15
2021-11-01 20:46:00 +0530,466113,42.9,27.2,52.08,29.14
2021-11-01 20:46:30 +0530,466114,52.7,23.4,52.24,29.11
2021-11-01 20:47:00 +0530,466115,51.4,27.9,52.29,29.11
2021-11-01 20:47:30 +0530,466116,55.3,27.9,52.32,29.12
2021-11-01 20:48:00 +0530,466117,56.9,28.3,52.32,29.12
2021-11-01 20:48:30 +0530,466118,36.3,25.4,52.2,29.12
2021-11-01 20:49:00 +0530,466119,39.7,25.3,52.2,29.11
2021-11-01 20:49:30 +0530,466120,36.9,26.2,52.2,29.11
2021-11-01 20:50:00 +0530,466121,39.5,26.9,52.08,29.09
2021-11-01 20:50:30 +0530,466122,77.1,27.6,52.2,29.07
2021-11-01 20:51:00 +0530,466123,59.3,25.8,52.2,29.05
2021-11-01 20:51:30 +0530,466124,41.5,25.8,52.03,29.06
2021-11-01 20:52:00 +0530,466125,34.5,23.8,51.94,29.06
2021-11-01 20:52:30 +0530,466126,29.5,19.7,51.97,29.04
2021-11-01 20:53:00 +0530,466127,34.0,24.7,51.91,29.04
2021-11-01 20:53:30 +0530,466128,43.8,24.6,52.0,29.05
2021-11-01 20:54:00 +0530,466129,32.7,20.6,52.0,29.03
2021-11-01 20:54:30 +0530,466130,30.9,25.2,52.08,29.05
2021-11-01 20:55:00 +0530,466131,39.0,25.9,52.08,29.06
2021-11-01 20:55:30 +0530,466132,40.6,26.2,52.08,29.06
2021-11-01 20:56:00 +0530,466133,36.7,25.1,51.91,29.07
2021-11-01 20:56:30 +0530,466134,36.9,25.3,51.91,29.06
2021-11-01 20:57:00 +0530,466135,28.7,20.8,52.3,28.9
2021-11-01 20:57:30 +0530,466136,43.4,23.9,52.17,28.9
2021-11-01 20:58:00 +0530,466137,48.9,27.1,52.12,28.93
2021-11-01 20:58:30 +0530,466138,49.7,28.2,52.27,28.97
2021-11-01 20:59:00 +0530,466139,44.8,27.4,52.17,28.99
2021-11-01 20:59:30 +0530,466140,26.2,19.8,52.0,28.98
2021-11-01 21:00:00 +0530,466141,34.4,25.1,51.68,28.99
2021-11-01 21:00:30 +0530,466142,34.5,25.7,51.65,29.0
2021-11-01 21:01:00 +0530,466143,36.8,25.7,51.68,29.0
2021-11-01 21:01:30 +0530,466144,39.5,26.7,51.7,29.02
2021-11-01 21:02:00 +0530,466145,39.2,25.8,51.62,29.02
2021-11-01 21:02:30 +0530,466146,43.4,26.6,51.65,29.03
2021-11-01 21:03:00 +0530,466147,33.6,26.6,51.56,29.04
2021-11-01 21:03:30 +0530,466148,42.4,26.3,51.43,29.04
2021-11-01 21:04:00 +0530,466149,40.5,26.4,51.24,29.05
2021-11-01 21:04:30 +0530,466150,45.6,29.3,51.37,29.04
2021-11-01 21:05:00 +0530,466151,45.5,28.6,51.5,29.06
2021-11-01 21:05:30 +0530,466152,42.0,27.9,51.56,29.06
2021-11-01 21:06:00 +0530,466153,40.0,28.1,51.4,29.07
2021-11-01 21:06:30 +0530,466154,47.9,29.4,51.59,29.07
2021-11-01 21:07:00 +0530,466155,47.4,27.7,51.7,29.06
2021-11-01 21:07:30 +0530,466156,47.3,30.5,51.53,29.07
2021-11-01 21:08:00 +0530,466157,38.0,26.9,51.4,29.08
2021-11-01 21:08:30 +0530,466158,45.4,30.7,51.27,29.09
2021-11-01 21:09:00 +0530,466159,40.5,30.2,51.24,29.11
2021-11-01 21:09:30 +0530,466160,35.8,27.7,51.13,29.12
2021-11-01 21:10:00 +0530,466161,39.6,28.7,51.24,29.13
2021-11-01 21:10:30 +0530,466162,44.5,28.4,51.24,29.14
2021-11-01 21:11:00 +0530,466163,65.8,30.7,51.33,29.15
2021-11-01 21:11:30 +0530,466164,52.1,29.4,51.53,29.16
2021-11-01 21:12:00 +0530,466165,50.9,30.2,51.65,29.17
2021-11-01 21:12:30 +0530,466166,36.3,23.5,51.73,29.15
2021-11-01 21:13:00 +0530,466167,49.5,29.9,51.56,29.17
2021-11-01 21:13:30 +0530,466168,48.2,29.4,51.43,29.17
2021-11-01 21:14:00 +0530,466169,41.8,29.5,51.43,29.19
2021-11-01 21:14:30 +0530,466170,73.1,30.4,51.59,29.18
2021-11-01 21:15:00 +0530,466171,49.3,28.7,51.73,29.17
2021-11-01 21:15:30 +0530,466172,54.8,32.9,51.59,29.18
2021-11-01 21:16:00 +0530,466173,53.6,30.4,51.53,29.21
2021-11-01 21:16:30 +0530,466174,52.1,30.1,51.36,29.21
2021-11-01 21:17:00 +0530,466175,45.4,27.1,51.53,29.21
2021-11-01 21:17:30 +0530,466176,38.7,26.2,51.36,29.19
2021-11-01 21:18:00 +0530,466177,40.9,29.7,51.19,29.21
2021-11-01 21:18:30 +0530,466178,49.6,31.2,51.12,29.21
2021-11-01 21:19:00 +0530,466179,56.4,33.8,51.36,29.23
2021-11-01 21:19:30 +0530,466180,51.0,31.6,51.09,29.24
2021-11-01 21:20:00 +0530,466181,57.9,31.8,51.06,29.26
2021-11-01 21:20:30 +0530,466182,45.5,31.3,51.02,29.27
2021-11-01 21:21:00 +0530,466183,51.2,33.1,50.99,29.29
2021-11-01 21:21:30 +0530,466184,48.4,30.9,50.95,29.3
2021-11-01 21:22:00 +0530,466185,51.5,31.3,51.12,29.3
2021-11-01 21:22:30 +0530,466186,53.5,25.8,51.26,29.28
2021-11-01 21:23:00 +0530,466187,52.0,32.2,51.19,29.29
2021-11-01 21:23:30 +0530,466188,53.8,26.9,51.26,29.28
2021-11-01 21:24:00 +0530,466189,49.2,31.3,51.26,29.28
2021-11-01 21:24:30 +0530,466190,39.5,27.1,51.46,29.28
2021-11-01 21:25:00 +0530,466191,55.5,32.3,51.43,29.28
2021-11-01 21:25:30 +0530,466192,56.8,32.9,51.43,29.29
2021-11-01 21:26:00 +0530,466193,46.0,30.2,51.46,29.3
2021-11-01 21:26:30 +0530,466194,64.7,32.6,51.56,29.3
2021-11-01 21:27:00 +0530,466195,65.8,34.4,51.59,29.3
2021-11-01 21:27:30 +0530,466196,50.1,31.7,51.36,29.29
2021-11-01 21:28:00 +0530,466197,45.8,30.3,51.5,29.29
2021-11-01 21:28:30 +0530,466198,57.2,30.2,51.5,29.29
2021-11-01 21:29:00 +0530,466199,54.5,32.4,51.53,29.29
2021-11-01 21:29:30 +0530,466200,48.7,30.4,51.23,29.28
2021-11-01 21:30:00 +0530,466201,54.7,30.2,51.26,29.28
2021-11-01 21:30:30 +0530,466202,45.9,28.6,51.4,29.27
2021-11-01 21:31:00 +0530,466203,50.6,30.1,51.43,29.27
2021-11-01 21:31:30 +0530,466204,48.7,30.7,51.4,29.27
2021-11-01 21:32:00 +0530,466205,43.7,29.6,51.36,29.27
2021-11-01 21:32:30 +0530,466206,55.8,30.6,51.53,29.27
2021-11-01 21:33:00 +0530,466207,49.6,30.2,51.23,29.26
2021-11-01 21:33:30 +0530,466208,45.9,28.7,51.12,29.26
2021-11-01 21:34:00 +0530,466209,43.5,28.3,51.06,29.26
2021-11-01 21:34:30 +0530,466210,54.9,31.2,51.16,29.24
2021-11-01 21:35:00 +0530,466211,51.0,29.9,51.23,29.24
2021-11-01 21:35:30 +0530,466212,54.1,33.8,51.46,29.24
2021-11-01 21:36:00 +0530,466213,48.8,29.5,51.46,29.23
2021-11-01 21:36:30 +0530,466214,46.6,29.9,51.53,29.22
2021-11-01 21:37:00 +0530,466215,49.0,30.4,51.59,29.22
2021-11-01 21:37:30 +0530,466216,75.0,29.6,51.76,29.21
2021-11-01 21:38:00 +0530,466217,59.3,30.8,51.7,29.21
2021-11-01 21:38:30 +0530,466218,50.4,29.6,51.7,29.21
2021-11-01 21:39:00 +0530,466219,45.2,30.1,51.73,29.21
2021-11-01 21:39:30 +0530,466220,53.1,28.8,51.76,29.21
2021-11-01 21:40:00 +0530,466221,48.9,28.8,51.91,29.21
2021-11-01 21:40:30 +0530,466222,50.1,30.2,52.02,29.21
2021-11-01 21:41:00 +0530,466223,49.6,30.7,52.08,29.21
2021-11-01 21:41:30 +0530,466224,49.3,31.8,52.11,29.21
2021-11-01 21:42:00 +0530,466225,49.0,29.6,52.08,29.2
2021-11-01 21:42:30 +0530,466226,48.5,29.1,52.0,29.2
2021-11-01 21:43:00 +0530,466227,60.9,31.5,52.17,29.18
2021-11-01 21:43:30 +0530,466228,47.2,28.8,52.17,29.17
2021-11-01 21:44:00 +0530,466229,52.4,30.3,52.2,29.17
2021-11-01 21:44:30 +0530,466230,58.0,30.4,52.23,29.15
2021-11-01 21:45:00 +0530,466231,55.4,30.7,52.2,29.14
2021-11-01 21:45:30 +0530,466232,53.7,30.7,52.2,29.14
2021-11-01 21:46:00 +0530,466233,42.9,26.3,52.24,29.11
2021-11-01 21:46:30 +0530,466234,51.8,29.6,52.24,29.09
2021-11-01 21:47:00 +0530,466235,39.3,24.7,52.35,29.07
2021-11-01 21:47:30 +0530,466236,47.1,29.7,52.08,29.07
2021-11-01 21:48:00 +0530,466237,47.2,29.9,52.05,29.07
2021-11-01 21:48:30 +0530,466238,47.6,29.4,52.05,29.07
2021-11-01 21:49:00 +0530,466239,43.2,24.6,52.2,29.04
2021-11-01 21:49:30 +0530,466240,43.2,24.6,52.2,29.04
2021-11-01 21:50:00 +0530,466241,40.7,28.7,52.56,28.93
2021-11-01 21:50:30 +0530,466242,52.5,31.3,52.49,28.95
2021-11-01 21:51:00 +0530,466243,49.4,30.4,52.59,28.97
2021-11-01 21:51:30 +0530,466244,48.7,29.5,52.49,28.97
2021-11-01 21:52:00 +0530,466245,67.4,33.1,52.47,28.97
2021-11-01 21:52:30 +0530,466246,60.9,30.9,52.49,28.95
2021-11-01 21:53:01 +0530,466247,60.9,30.9,52.49,28.95
2021-11-01 21:53:30 +0530,466248,37.4,24.7,52.68,28.85
2021-11-01 21:54:00 +0530,466249,51.2,29.6,52.59,28.85
2021-11-01 21:54:30 +0530,466250,53.8,29.9,52.32,28.86
2021-11-01 21:55:00 +0530,466251,47.4,28.4,52.32,28.85
2021-11-01 21:55:30 +0530,466252,53.1,29.7,52.49,28.86
2021-11-01 21:56:00 +0530,466253,40.6,28.0,52.49,28.85
2021-11-01 21:56:30 +0530,466254,45.1,28.1,52.47,28.85
2021-11-01 21:57:00 +0530,466255,44.0,28.5,52.47,28.83
2021-11-01 21:57:30 +0530,466256,41.7,29.5,52.49,28.83
2021-11-01 21:58:00 +0530,466257,45.2,28.5,52.56,28.82
2021-11-01 21:58:30 +0530,466258,42.5,28.6,52.53,28.79
2021-11-01 21:59:00 +0530,466259,41.9,27.7,52.39,28.78
2021-11-01 21:59:30 +0530,466260,40.0,24.2,52.42,28.75
2021-11-01 22:00:00 +0530,466261,60.9,29.6,52.5,28.75
2021-11-01 22:00:30 +0530,466262,52.0,29.9,52.44,28.74
2021-11-01 22:01:00 +0530,466263,46.1,29.1,52.44,28.75
2021-11-01 22:01:30 +0530,466264,54.4,30.2,52.47,28.76
2021-11-01 22:02:00 +0530,466265,65.0,28.8,52.59,28.74
2021-11-01 22:02:30 +0530,466266,43.3,29.1,52.53,28.74
2021-11-01 22:03:00 +0530,466267,38.9,28.5,52.5,28.74
2021-11-01 22:03:30 +0530,466268,42.5,29.6,52.53,28.74
2021-11-01 22:04:00 +0530,466269,48.6,28.7,52.42,28.75
2021-11-01 22:04:30 +0530,466270,42.4,24.9,52.56,28.71
2021-11-01 22:05:00 +0530,466271,45.2,27.4,52.5,28.74
2021-11-01 22:05:30 +0530,466272,39.8,27.9,52.33,28.74
2021-11-01 22:06:00 +0530,466273,42.7,26.3,52.42,28.72
2021-11-01 22:06:30 +0530,466274,35.1,27.9,52.3,28.72
2021-11-01 22:07:00 +0530,466275,42.6,27.8,52.42,28.73
2021-11-01 22:07:30 +0530,466276,37.2,28.0,52.36,28.73
2021-11-01 22:08:00 +0530,466277,36.3,27.1,52.33,28.73
2021-11-01 22:08:30 +0530,466278,50.7,27.9,52.47,28.73
2021-11-01 22:09:00 +0530,466279,43.3,28.4,52.47,28.74
2021-11-01 22:09:30 +0530,466280,43.7,27.9,52.47,28.75
2021-11-01 22:10:00 +0530,466281,41.8,28.7,52.42,28.76
2021-11-01 22:10:30 +0530,466282,43.4,26.0,52.62,28.74
2021-11-01 22:11:00 +0530,466283,41.5,28.9,52.59,28.75
2021-11-01 22:11:30 +0530,466284,46.1,29.0,52.65,28.76
2021-11-01 22:12:00 +0530,466285,46.1,28.3,52.65,28.76
2021-11-01 22:12:30 +0530,466286,41.2,28.2,52.65,28.77
2021-11-01 22:13:00 +0530,466287,47.4,28.3,52.71,28.77
2021-11-01 22:13:30 +0530,466288,33.7,23.8,52.76,28.75
2021-11-01 22:14:00 +0530,466289,37.8,28.4,52.71,28.75
2021-11-01 22:14:30 +0530,466290,39.0,27.2,52.53,28.76
2021-11-01 22:15:00 +0530,466291,43.3,28.7,52.59,28.74
2021-11-01 22:15:30 +0530,466292,39.1,28.6,52.65,28.74
2021-11-01 22:16:00 +0530,466293,43.9,29.3,52.74,28.74
2021-11-01 22:16:30 +0530,466294,40.2,28.3,52.76,28.73
2021-11-01 22:17:00 +0530,466295,39.6,28.7,52.53,28.72
2021-11-01 22:17:30 +0530,466296,43.4,28.1,52.65,28.72
2021-11-01 22:18:00 +0530,466297,41.8,27.9,52.74,28.71
2021-11-01 22:18:30 +0530,466298,39.0,27.8,52.62,28.7
2021-11-01 22:19:00 +0530,466299,40.7,28.2,52.65,28.7
2021-11-01 22:19:30 +0530,466300,39.3,24.7,52.85,28.68
2021-11-01 22:20:00 +0530,466301,37.6,28.2,52.76,28.68
2021-11-01 22:20:30 +0530,466302,41.5,28.8,52.76,28.68
2021-11-01 22:21:00 +0530,466303,60.5,31.6,52.59,28.68
2021-11-01 22:21:30 +0530,466304,43.7,29.4,52.53,28.67
2021-11-01 22:22:00 +0530,466305,41.7,28.9,52.62,28.68
2021-11-01 22:22:30 +0530,466306,38.7,28.2,52.5,28.68
2021-11-01 22:23:00 +0530,466307,41.1,28.3,52.39,28.68
2021-11-01 22:23:30 +0530,466308,60.4,31.4,52.42,28.68
2021-11-01 22:24:00 +0530,466309,33.8,27.2,51.98,28.68
2021-11-01 22:24:30 +0530,466310,35.5,27.7,51.71,28.68
2021-11-01 22:25:00 +0530,466311,36.0,27.5,51.77,28.68
2021-11-01 22:25:30 +0530,466312,35.7,27.8,51.88,28.68
2021-11-01 22:26:00 +0530,466313,38.1,29.1,51.95,28.68
2021-11-01 22:26:30 +0530,466314,31.8,25.3,52.24,28.65
2021-11-01 22:27:00 +0530,466315,44.8,29.5,52.12,28.65
2021-11-01 22:27:30 +0530,466316,35.0,25.2,51.89,28.65
2021-11-01 22:28:00 +0530,466317,39.9,28.6,51.86,28.67
2021-11-01 22:28:30 +0530,466318,42.1,29.1,51.71,28.68
2021-11-01 22:29:00 +0530,466319,72.0,34.6,51.71,28.69
2021-11-01 22:29:30 +0530,466320,41.2,29.8,51.59,28.69
2021-11-01 22:30:00 +0530,466321,37.8,28.3,51.8,28.7
2021-11-01 22:30:30 +0530,466322,35.0,28.8,51.59,28.71
2021-11-01 22:31:00 +0530,466323,33.2,27.8,51.48,28.72
2021-11-01 22:31:30 +0530,466324,31.8,27.4,51.11,28.72
2021-11-01 22:32:00 +0530,466325,31.6,23.7,51.35,28.69
2021-11-01 22:32:30 +0530,466326,34.4,24.0,51.35,28.69
2021-11-01 22:33:00 +0530,466327,43.1,29.8,51.42,28.7
2021-11-01 22:33:30 +0530,466328,32.4,25.6,51.62,28.69
2021-11-01 22:34:00 +0530,466329,46.2,29.7,51.48,28.71
2021-11-01 22:34:30 +0530,466330,40.1,28.6,51.38,28.72
2021-11-01 22:35:00 +0530,466331,43.7,28.9,51.28,28.74
2021-11-01 22:35:30 +0530,466332,43.7,28.9,51.28,28.74
2021-11-01 22:36:00 +0530,466333,40.1,25.9,51.86,28.58
2021-11-01 22:36:30 +0530,466334,36.7,26.6,51.83,28.58
2021-11-01 22:37:00 +0530,466335,48.3,31.7,51.8,28.62
2021-11-01 22:37:30 +0530,466336,58.1,34.3,51.83,28.65
2021-11-01 22:38:00 +0530,466337,42.3,30.7,51.83,28.68
2021-11-01 22:38:30 +0530,466338,36.7,27.9,51.89,28.64
2021-11-01 22:39:00 +0530,466339,46.2,30.9,51.91,28.65
2021-11-01 22:39:30 +0530,466340,39.3,29.4,51.86,28.67
2021-11-01 22:40:00 +0530,466341,39.3,28.8,51.86,28.67
2021-11-01 22:40:30 +0530,466342,37.3,28.9,51.83,28.68
2021-11-01 22:41:00 +0530,466343,43.8,30.8,51.91,28.68
2021-11-01 22:41:30 +0530,466344,72.3,32.0,52.04,28.65
2021-11-01 22:42:00 +0530,466345,38.1,26.6,52.13,28.62
2021-11-01 22:42:30 +0530,466346,59.6,32.6,52.15,28.62
2021-11-01 22:43:00 +0530,466347,46.7,31.7,52.15,28.64
2021-11-01 22:43:30 +0530,466348,57.6,31.7,52.15,28.64
2021-11-01 22:44:00 +0530,466349,55.5,35.0,52.21,28.64
2021-11-01 22:44:30 +0530,466350,44.5,30.4,52.15,28.62
2021-11-01 22:45:00 +0530,466351,46.4,31.3,52.27,28.62
2021-11-01 22:45:30 +0530,466352,54.2,35.4,52.27,28.62
2021-11-01 22:46:00 +0530,466353,44.1,30.1,52.27,28.61
2021-11-01 22:46:30 +0530,466354,134.7,41.2,52.24,28.57
2021-11-01 22:47:00 +0530,466355,97.3,38.4,52.24,28.58
2021-11-01 22:47:30 +0530,466356,47.7,30.6,52.33,28.58
2021-11-01 22:48:00 +0530,466357,44.9,31.4,52.21,28.57
2021-11-01 22:48:30 +0530,466358,41.8,30.2,52.1,28.56
2021-11-01 22:49:00 +0530,466359,46.8,29.8,52.21,28.55
2021-11-01 22:49:30 +0530,466360,44.3,31.1,52.36,28.54
2021-11-01 22:50:00 +0530,466361,66.8,35.2,52.27,28.52
2021-11-01 22:50:30 +0530,466362,51.3,32.2,52.07,28.5
2021-11-01 22:51:00 +0530,466363,34.3,25.3,51.98,28.46
2021-11-01 22:51:30 +0530,466364,29.9,25.1,51.92,28.44
2021-11-01 22:52:00 +0530,466365,32.2,25.2,51.98,28.41
2021-11-01 22:52:30 +0530,466366,42.9,31.2,51.89,28.42
2021-11-01 22:53:00 +0530,466367,39.3,30.8,52.01,28.42
2021-11-01 22:53:30 +0530,466368,38.8,30.7,52.04,28.42
2021-11-01 22:54:00 +0530,466369,38.3,30.6,51.98,28.41
2021-11-01 22:54:30 +0530,466370,43.5,31.4,52.13,28.41
2021-11-01 22:55:00 +0530,466371,41.4,30.8,52.21,28.41
2021-11-01 22:55:30 +0530,466372,38.4,30.4,52.04,28.4
2021-11-01 22:56:00 +0530,466373,34.7,29.7,51.86,28.4
2021-11-01 22:56:30 +0530,466374,41.1,30.3,51.98,28.39
2021-11-01 22:57:00 +0530,466375,35.9,29.5,51.92,28.38
2021-11-01 22:57:30 +0530,466376,28.8,25.1,51.95,28.34
2021-11-01 22:58:00 +0530,466377,33.1,29.5,51.66,28.34
2021-11-01 22:58:30 +0530,466378,35.7,29.8,51.37,28.34
2021-11-01 22:59:00 +0530,466379,33.7,30.2,51.46,28.35
2021-11-01 22:59:30 +0530,466380,34.3,26.4,51.57,28.31
2021-11-01 23:00:00 +0530,466381,41.0,30.8,51.66,28.33
2021-11-01 23:00:30 +0530,466382,27.0,24.3,51.46,28.3
2021-11-01 23:01:00 +0530,466383,33.0,29.4,51.13,28.32
2021-11-01 23:01:30 +0530,466384,36.5,30.7,51.13,28.31
2021-11-01 23:02:00 +0530,466385,33.2,29.6,51.13,28.32
2021-11-01 23:02:30 +0530,466386,42.9,31.7,50.96,28.33
2021-11-01 23:03:00 +0530,466387,47.8,32.4,51.03,28.33
2021-11-01 23:03:30 +0530,466388,34.4,30.7,50.89,28.33
2021-11-01 23:04:00 +0530,466389,39.7,32.2,50.86,28.34
2021-11-01 23:04:30 +0530,466390,41.3,32.2,50.93,28.35
2021-11-01 23:05:00 +0530,466391,41.4,32.9,50.82,28.38
2021-11-01 23:05:30 +0530,466392,34.9,31.1,50.79,28.39
2021-11-01 23:06:00 +0530,466393,37.7,31.7,50.79,28.4
2021-11-01 23:06:30 +0530,466394,37.3,31.3,50.86,28.41
2021-11-01 23:07:00 +0530,466395,41.3,31.2,50.82,28.43
2021-11-01 23:07:30 +0530,466396,36.8,27.4,50.96,28.42
2021-11-01 23:08:00 +0530,466397,34.6,30.8,50.76,28.44
2021-11-01 23:08:30 +0530,466398,42.8,31.7,50.85,28.46
2021-11-01 23:09:00 +0530,466399,44.2,32.8,50.88,28.47
2021-11-01 23:09:30 +0530,466400,38.6,32.1,50.95,28.48
2021-11-01 23:10:00 +0530,466401,36.6,31.4,50.95,28.49
2021-11-01 23:10:30 +0530,466402,40.1,31.6,50.92,28.5
2021-11-01 23:11:00 +0530,466403,38.8,31.2,50.95,28.52
2021-11-01 23:11:30 +0530,466404,46.2,31.7,50.92,28.53
2021-11-01 23:12:00 +0530,466405,40.6,31.8,50.92,28.53
2021-11-01 23:12:30 +0530,466406,38.5,31.4,50.88,28.54
2021-11-01 23:13:00 +0530,466407,41.0,31.9,51.02,28.53
2021-11-01 23:13:30 +0530,466408,44.3,33.2,51.05,28.55
2021-11-01 23:14:00 +0530,466409,62.5,36.5,51.15,28.56
2021-11-01 23:14:30 +0530,466410,53.4,35.1,51.25,28.56
2021-11-01 23:15:00 +0530,466411,53.4,35.1,51.25,28.56
2021-11-01 23:15:30 +0530,466412,41.3,29.6,51.48,28.45
2021-11-01 23:16:00 +0530,466413,40.2,32.6,51.45,28.47
2021-11-01 23:16:30 +0530,466414,40.7,32.1,51.32,28.48
2021-11-01 23:17:00 +0530,466415,40.1,31.4,51.15,28.49
2021-11-01 23:17:30 +0530,466416,36.1,31.6,51.19,28.5
2021-11-01 23:18:00 +0530,466417,38.2,32.8,51.32,28.5
2021-11-01 23:18:30 +0530,466418,37.8,32.3,51.32,28.52
2021-11-01 23:19:00 +0530,466419,36.9,32.4,51.39,28.52
2021-11-01 23:19:30 +0530,466420,513.2,107.9,51.54,28.49
2021-11-01 23:20:00 +0530,466421,416.9,91.2,51.54,28.49
2021-11-01 23:20:30 +0530,466422,49.0,30.6,51.86,28.32
2021-11-01 23:21:00 +0530,466423,49.3,34.4,51.75,28.34
2021-11-01 23:21:30 +0530,466424,42.1,33.1,51.51,28.39
2021-11-01 23:22:00 +0530,466425,37.5,29.5,51.6,28.39
2021-11-01 23:22:30 +0530,466426,40.0,33.3,51.43,28.42
2021-11-01 23:23:00 +0530,466427,45.3,32.4,50.99,28.44
2021-11-01 23:23:30 +0530,466428,41.0,32.3,50.95,28.46
2021-11-01 23:24:00 +0530,466429,49.9,33.4,50.92,28.47
2021-11-01 23:24:30 +0530,466430,44.9,33.6,51.02,28.48
2021-11-01 23:25:00 +0530,466431,51.5,34.2,51.15,28.49
2021-11-01 23:25:30 +0530,466432,50.4,34.7,51.19,28.52
2021-11-01 23:26:00 +0530,466433,57.0,35.6,51.36,28.53
2021-11-01 23:26:30 +0530,466434,43.0,32.9,51.19,28.52
2021-11-01 23:27:00 +0530,466435,45.8,33.8,51.12,28.53
2021-11-01 23:27:30 +0530,466436,42.1,33.9,50.92,28.54
2021-11-01 23:28:00 +0530,466437,41.2,33.5,50.62,28.54
2021-11-01 23:28:30 +0530,466438,38.9,32.5,50.55,28.54
2021-11-01 23:29:00 +0530,466439,54.8,33.8,50.59,28.54
2021-11-01 23:29:30 +0530,466440,47.2,33.7,50.59,28.54
2021-11-01 23:30:00 +0530,466441,58.8,34.6,50.55,28.54
2021-11-01 23:30:30 +0530,466442,37.8,29.6,50.45,28.52
2021-11-01 23:31:00 +0530,466443,40.7,32.9,50.38,28.53
2021-11-01 23:31:30 +0530,466444,48.8,34.3,50.42,28.53
2021-11-01 23:32:00 +0530,466445,40.3,32.7,50.38,28.54
2021-11-01 23:32:30 +0530,466446,43.0,32.9,50.38,28.55
2021-11-01 23:33:00 +0530,466447,42.6,32.8,50.45,28.56
2021-11-01 23:33:30 +0530,466448,42.0,33.4,50.18,28.58
2021-11-01 23:34:00 +0530,466449,71.1,37.9,50.18,28.58
2021-11-01 23:34:30 +0530,466450,50.1,36.1,50.32,28.59
2021-11-01 23:35:00 +0530,466451,43.8,33.5,50.45,28.59
2021-11-01 23:35:30 +0530,466452,45.3,33.2,50.45,28.59
2021-11-01 23:36:00 +0530,466453,43.8,32.9,50.42,28.6
2021-11-01 23:36:30 +0530,466454,41.8,32.6,50.49,28.6
2021-11-01 23:37:00 +0530,466455,44.7,33.3,50.38,28.61
2021-11-01 23:37:30 +0530,466456,38.2,28.3,50.38,28.59
2021-11-01 23:38:00 +0530,466457,43.3,33.9,50.25,28.6
2021-11-01 23:38:30 +0530,466458,41.9,34.2,50.05,28.62
2021-11-01 23:39:00 +0530,466459,43.0,34.3,50.02,28.61
2021-11-01 23:39:30 +0530,466460,34.0,30.4,50.08,28.6
2021-11-01 23:40:00 +0530,466461,40.3,34.0,49.95,28.61
2021-11-01 23:40:30 +0530,466462,46.9,31.3,50.08,28.6
2021-11-01 23:41:00 +0530,466463,42.5,33.9,50.32,28.61
2021-11-01 23:41:30 +0530,466464,46.9,35.8,50.25,28.64
2021-11-01 23:42:00 +0530,466465,39.4,29.7,50.15,28.62
2021-11-01 23:42:30 +0530,466466,40.1,34.5,49.95,28.64
2021-11-01 23:43:00 +0530,466467,40.1,34.7,49.89,28.65
2021-11-01 23:43:30 +0530,466468,36.6,32.6,49.81,28.67
2021-11-01 23:44:00 +0530,466469,38.4,33.4,49.84,28.69
2021-11-01 23:44:30 +0530,466470,43.1,33.6,49.91,28.69
2021-11-01 23:45:00 +0530,466471,38.7,33.7,49.87,28.69
2021-11-01 23:45:30 +0530,466472,44.9,40.3,49.91,28.69
2021-11-01 23:46:00 +0530,466473,40.2,34.2,49.7,28.69
2021-11-01 23:46:30 +0530,466474,42.0,31.1,49.84,28.68
2021-11-01 23:47:00 +0530,466475,41.9,31.4,49.87,28.68
2021-11-01 23:47:30 +0530,466476,40.2,34.6,49.64,28.7
2021-11-01 23:48:00 +0530,466477,43.1,34.6,49.53,28.71
2021-11-01 23:48:30 +0530,466478,39.0,34.1,49.7,28.72
2021-11-01 23:49:00 +0530,466479,35.2,26.8,49.5,28.72
2021-11-01 23:49:30 +0530,466480,41.6,34.2,49.4,28.72
2021-11-01 23:50:00 +0530,466481,40.5,33.6,49.37,28.74
2021-11-01 23:50:30 +0530,466482,40.0,34.8,49.4,28.74
2021-11-01 23:51:00 +0530,466483,40.0,33.8,49.31,28.76
2021-11-01 23:51:30 +0530,466484,38.2,34.2,49.34,28.76
2021-11-01 23:52:00 +0530,466485,37.1,32.9,48.6,28.76
2021-11-01 23:52:30 +0530,466486,39.7,33.9,48.47,28.76
2021-11-01 23:53:00 +0530,466487,40.8,36.3,48.57,28.76
2021-11-01 23:53:30 +0530,466488,41.3,35.1,48.8,28.76
2021-11-01 23:54:00 +0530,466489,40.2,35.8,48.7,28.77
2021-11-01 23:54:30 +0530,466490,41.4,34.8,48.6,28.77
2021-11-01 23:55:00 +0530,466491,38.3,28.7,48.57,28.75
2021-11-01 23:55:30 +0530,466492,71.9,37.3,48.27,28.76
2021-11-01 23:56:00 +0530,466493,41.8,34.3,48.37,28.76
2021-11-01 23:56:30 +0530,466494,45.0,30.5,48.47,28.74
2021-11-01 23:57:00 +0530,466495,42.9,33.7,48.37,28.75
2021-11-01 23:57:30 +0530,466496,41.7,33.8,48.33,28.75
2021-11-01 23:58:00 +0530,466497,44.6,35.4,48.4,28.76
2021-11-01 23:58:30 +0530,466498,46.7,35.1,48.33,28.77
2021-11-01 23:59:00 +0530,466499,39.4,33.1,48.27,28.78
2021-11-01 23:59:30 +0530,466500,36.4,32.2,48.16,28.78
2021-11-02 00:00:00 +0530,466501,32.6,29.1,48.33,28.76
2021-11-02 00:00:30 +0530,466502,40.9,35.2,48.33,28.77
2021-11-02 00:01:00 +0530,466503,39.3,35.0,48.3,28.77
2021-11-02 00:01:30 +0530,466504,32.7,29.6,48.37,28.74
2021-11-02 00:02:00 +0530,466505,40.1,35.9,48.4,28.77
2021-11-02 00:02:30 +0530,466506,43.1,38.2,48.4,28.78
2021-11-02 00:03:00 +0530,466507,43.8,38.6,48.27,28.8
2021-11-02 00:03:30 +0530,466508,43.0,38.6,48.35,28.82
2021-11-02 00:04:00 +0530,466509,43.6,37.6,48.49,28.83
2021-11-02 00:04:30 +0530,466510,46.6,35.8,48.59,28.83
2021-11-02 00:05:00 +0530,466511,44.2,35.5,48.82,28.84
2021-11-02 00:05:30 +0530,466512,43.1,36.4,48.79,28.85
2021-11-02 00:06:00 +0530,466513,45.0,34.1,48.79,28.83
2021-11-02 00:06:30 +0530,466514,43.4,30.1,48.86,28.83
2021-11-02 00:07:00 +0530,466515,44.7,35.8,48.79,28.85
2021-11-02 00:07:30 +0530,466516,42.5,35.2,48.69,28.87
2021-11-02 00:08:00 +0530,466517,42.3,35.0,48.82,28.89
2021-11-02 00:08:30 +0530,466518,46.2,35.8,48.86,28.89
2021-11-02 00:09:00 +0530,466519,49.1,31.8,48.99,28.86
2021-11-02 00:09:30 +0530,466520,51.0,35.7,48.89,28.88
2021-11-02 00:10:00 +0530,466521,51.0,35.7,48.89,28.89
2021-11-02 00:10:30 +0530,466522,49.8,34.1,49.34,28.79
2021-11-02 00:11:00 +0530,466523,56.8,36.3,49.3,28.82
2021-11-02 00:11:30 +0530,466524,59.6,36.6,49.36,28.85
2021-11-02 00:12:00 +0530,466525,48.6,36.3,48.95,28.85
2021-11-02 00:12:30 +0530,466526,43.5,34.7,48.59,28.85
2021-11-02 00:13:00 +0530,466527,44.0,34.7,48.66,28.86
2021-11-02 00:13:30 +0530,466528,50.9,36.3,48.79,28.87
2021-11-02 00:14:00 +0530,466529,45.4,33.8,48.79,28.88
2021-11-02 00:14:30 +0530,466530,45.8,34.7,48.86,28.88
2021-11-02 00:15:00 +0530,466531,44.9,35.1,48.79,28.88
2021-11-02 00:15:30 +0530,466532,45.0,31.2,48.59,28.86
2021-11-02 00:16:00 +0530,466533,46.4,35.4,48.39,28.86
2021-11-02 00:16:30 +0530,466534,44.7,34.1,48.42,28.86
2021-11-02 00:17:00 +0530,466535,42.5,35.1,48.49,28.86
2021-11-02 00:17:30 +0530,466536,46.1,35.3,48.69,28.86
2021-11-02 00:18:00 +0530,466537,38.6,31.2,48.92,28.84
2021-11-02 00:18:30 +0530,466538,46.1,35.1,48.99,28.85
2021-11-02 00:19:00 +0530,466539,45.9,35.3,49.4,28.85
2021-11-02 00:19:30 +0530,466540,47.6,35.1,49.33,28.85
2021-11-02 00:20:00 +0530,466541,49.5,34.6,49.13,28.85
2021-11-02 00:20:30 +0530,466542,48.7,34.4,49.13,28.86
2021-11-02 00:21:00 +0530,466543,40.5,32.0,49.64,28.7
2021-11-02 00:21:30 +0530,466544,35.9,31.0,49.2,28.7
2021-11-02 00:22:00 +0530,466545,35.4,31.7,49.2,28.7
2021-11-02 00:22:30 +0530,466546,47.4,32.3,49.38,28.55
2021-11-02 00:23:00 +0530,466547,51.1,37.1,49.15,28.62
2021-11-02 00:23:30 +0530,466548,50.1,37.4,48.97,28.68
2021-11-02 00:24:00 +0530,466549,55.1,37.6,48.83,28.72
2021-11-02 00:24:30 +0530,466550,52.6,38.3,48.66,28.74
2021-11-02 00:25:00 +0530,466551,50.1,37.1,48.63,28.77
2021-11-02 00:25:30 +0530,466552,55.6,37.7,48.57,28.78
2021-11-02 00:26:00 +0530,466553,50.6,38.0,48.42,28.8
2021-11-02 00:26:30 +0530,466554,50.3,37.1,48.35,28.83
2021-11-02 00:27:00 +0530,466555,52.6,37.6,48.35,28.85
2021-11-02 00:27:30 +0530,466556,42.3,32.2,48.49,28.83
2021-11-02 00:28:00 +0530,466557,48.5,37.2,48.42,28.85
2021-11-02 00:28:30 +0530,466558,53.5,37.2,48.29,28.85
2021-11-02 00:29:00 +0530,466559,48.6,36.7,48.25,28.87
2021-11-02 00:29:30 +0530,466560,51.6,36.8,48.22,28.87
2021-11-02 00:30:00 +0530,466561,55.8,34.3,48.35,28.85
2021-11-02 00:30:30 +0530,466562,50.5,37.5,48.32,28.86
2021-11-02 00:31:00 +0530,466563,53.6,37.2,48.29,28.87
2021-11-02 00:31:30 +0530,466564,48.6,37.3,48.22,28.89
2021-11-02 00:32:00 +0530,466565,50.6,36.8,48.15,28.9
2021-11-02 00:32:30 +0530,466566,47.6,35.6,48.08,28.91
2021-11-02 00:33:00 +0530,466567,46.5,30.3,48.12,28.89
2021-11-02 00:33:30 +0530,466568,47.7,35.3,48.08,28.89
2021-11-02 00:34:00 +0530,466569,47.8,35.7,48.12,28.89
2021-11-02 00:34:30 +0530,466570,48.9,36.6,48.12,28.9
2021-11-02 00:35:00 +0530,466571,43.8,37.1,48.08,28.91
2021-11-02 00:35:30 +0530,466572,53.1,36.8,48.05,28.91
2021-11-02 00:36:00 +0530,466573,56.4,38.1,47.89,28.91
2021-11-02 00:36:30 +0530,466574,53.6,37.7,47.99,28.9
2021-11-02 00:37:00 +0530,466575,51.8,37.7,48.08,28.9
2021-11-02 00:37:30 +0530,466576,48.2,32.2,48.18,28.88
2021-11-02 00:38:00 +0530,466577,48.1,33.3,48.29,28.85
2021-11-02 00:38:30 +0530,466578,49.0,36.6,48.15,28.85
2021-11-02 00:39:00 +0530,466579,48.8,35.8,48.12,28.85
2021-11-02 00:39:30 +0530,466580,55.1,37.3,48.15,28.86
2021-11-02 00:40:00 +0530,466581,49.5,32.3,48.29,28.85
2021-11-02 00:40:30 +0530,466582,49.8,36.0,48.08,28.85
2021-11-02 00:41:00 +0530,466583,56.7,37.8,48.08,28.85
2021-11-02 00:41:30 +0530,466584,56.5,36.7,48.12,28.84
2021-11-02 00:42:00 +0530,466585,54.7,37.1,48.08,28.83
2021-11-02 00:42:30 +0530,466586,53.8,36.4,48.08,28.83
2021-11-02 00:43:00 +0530,466587,50.0,36.4,48.08,28.82
2021-11-02 00:43:30 +0530,466588,47.1,33.2,48.15,28.82
2021-11-02 00:44:00 +0530,466589,48.3,33.7,48.18,28.82
2021-11-02 00:44:30 +0530,466590,45.7,32.9,48.15,28.82
2021-11-02 00:46:00 +0530,466591,45.6,39.1,48.27,28.79
2021-11-02 00:46:30 +0530,466592,58.5,37.6,48.2,28.8
2021-11-02 00:47:00 +0530,466593,48.3,36.7,48.15,28.83
2021-11-02 00:47:30 +0530,466594,52.1,37.9,48.08,28.84
2021-11-02 00:48:00 +0530,466595,54.4,37.3,47.96,28.85
2021-11-02 00:48:30 +0530,466596,46.7,36.7,47.89,28.85
2021-11-02 00:49:00 +0530,466597,49.9,34.1,48.08,28.85
2021-11-02 00:49:30 +0530,466598,51.2,38.5,47.99,28.85
2021-11-02 00:50:00 +0530,466599,51.1,37.2,47.99,28.87
2021-11-02 00:50:30 +0530,466600,51.1,37.2,47.99,28.87
2021-11-02 00:51:00 +0530,466601,43.8,33.4,48.44,28.73
2021-11-02 00:51:30 +0530,466602,54.8,32.0,48.33,28.72
2021-11-02 00:52:00 +0530,466603,54.1,36.9,48.1,28.76
2021-11-02 00:52:30 +0530,466604,53.1,36.7,47.96,28.79
2021-11-02 00:53:00 +0530,466605,49.1,37.3,47.99,28.83
2021-11-02 00:53:30 +0530,466606,51.5,37.7,47.96,28.85
2021-11-02 00:54:00 +0530,466607,53.9,38.8,47.86,28.85
2021-11-02 00:54:30 +0530,466608,52.9,36.1,47.86,28.87
2021-11-02 00:55:00 +0530,466609,54.1,37.2,47.86,28.89
2021-11-02 00:55:31 +0530,466610,54.1,37.2,47.86,28.89
2021-11-02 00:56:00 +0530,466611,48.7,34.6,48.18,28.82
2021-11-02 00:56:30 +0530,466612,65.2,39.4,48.35,28.85
2021-11-02 00:57:00 +0530,466613,51.4,36.4,47.96,28.86
2021-11-02 00:57:30 +0530,466614,54.4,37.0,47.92,28.88
2021-11-02 00:58:00 +0530,466615,59.4,39.2,48.32,28.89
2021-11-02 00:58:30 +0530,466616,57.0,38.3,48.32,28.9
2021-11-02 00:59:00 +0530,466617,55.1,37.4,48.22,28.91
2021-11-02 00:59:30 +0530,466618,48.0,32.5,48.08,28.9
2021-11-02 01:00:00 +0530,466619,44.0,33.1,48.05,28.88
2021-11-02 01:00:30 +0530,466620,46.2,36.7,47.86,28.89
2021-11-02 01:01:00 +0530,466621,48.3,37.1,47.75,28.9
2021-11-02 01:01:30 +0530,466622,50.1,37.3,47.69,28.92
2021-11-02 01:02:00 +0530,466623,52.1,32.3,47.75,28.91
2021-11-02 01:02:30 +0530,466624,52.8,35.8,47.62,28.92
2021-11-02 01:03:00 +0530,466625,55.1,38.9,47.82,28.94
2021-11-02 01:03:30 +0530,466626,57.7,38.9,48.18,28.95
2021-11-02 01:04:00 +0530,466627,58.2,38.2,48.62,28.97
2021-11-02 01:04:30 +0530,466628,54.0,38.3,48.18,28.97
2021-11-02 01:05:00 +0530,466629,53.4,35.9,47.72,28.97
2021-11-02 01:05:30 +0530,466630,42.7,29.8,47.65,28.93
2021-11-02 01:06:00 +0530,466631,44.9,34.7,47.05,28.93
2021-11-02 01:06:30 +0530,466632,49.9,30.9,47.08,28.9
2021-11-02 01:07:00 +0530,466633,54.2,35.9,47.12,28.9
2021-11-02 01:07:30 +0530,466634,52.7,35.7,47.02,28.9
2021-11-02 01:08:00 +0530,466635,50.7,30.8,47.02,28.87
2021-11-02 01:08:30 +0530,466636,44.8,34.4,47.02,28.86
2021-11-02 01:09:00 +0530,466637,43.0,35.1,47.02,28.86
2021-11-02 01:09:30 +0530,466638,43.0,30.1,47.23,28.73
2021-11-02 01:10:00 +0530,466639,45.2,33.2,47.16,28.75
2021-11-02 01:10:30 +0530,466640,55.0,34.9,47.19,28.75
2021-11-02 01:11:00 +0530,466641,52.9,33.9,47.19,28.76
2021-11-02 01:11:30 +0530,466642,44.1,29.7,47.19,28.74
2021-11-02 01:12:00 +0530,466643,53.3,35.6,47.23,28.74
2021-11-02 01:12:30 +0530,466644,49.0,34.8,47.29,28.74
2021-11-02 01:13:00 +0530,466645,55.5,36.2,47.33,28.74
2021-11-02 01:13:30 +0530,466646,54.2,35.6,47.39,28.74
2021-11-02 01:14:00 +0530,466647,50.1,34.9,47.36,28.74
2021-11-02 01:14:30 +0530,466648,49.2,34.6,47.39,28.74
2021-11-02 01:15:00 +0530,466649,49.8,34.8,47.53,28.73
2021-11-02 01:15:30 +0530,466650,55.9,36.1,47.5,28.73
2021-11-02 01:16:00 +0530,466651,54.2,35.2,47.5,28.73
2021-11-02 01:16:30 +0530,466652,52.2,34.1,47.39,28.72
2021-11-02 01:17:00 +0530,466653,51.8,33.6,47.39,28.72
2021-11-02 01:17:30 +0530,466654,56.3,34.4,47.5,28.72
2021-11-02 01:18:00 +0530,466655,67.1,31.6,47.67,28.7
2021-11-02 01:18:30 +0530,466656,54.4,34.8,47.56,28.69
2021-11-02 01:19:00 +0530,466657,54.3,34.4,47.5,28.7
2021-11-02 01:19:30 +0530,466658,54.1,35.2,47.39,28.7
2021-11-02 01:20:00 +0530,466659,58.6,35.0,47.33,28.7
2021-11-02 01:20:30 +0530,466660,51.0,34.7,47.43,28.7
2021-11-02 01:21:00 +0530,466661,48.1,30.7,47.53,28.68
2021-11-02 01:21:30 +0530,466662,48.9,34.2,47.5,28.68
2021-11-02 01:22:00 +0530,466663,47.7,30.4,47.63,28.65
2021-11-02 01:22:30 +0530,466664,52.5,33.9,47.5,28.65
2021-11-02 01:23:00 +0530,466665,51.2,32.6,47.43,28.65
2021-11-02 01:23:30 +0530,466666,51.4,33.6,47.39,28.67
2021-11-02 01:24:00 +0530,466667,48.3,33.1,47.33,28.68
2021-11-02 01:24:30 +0530,466668,49.0,33.1,47.33,28.68
2021-11-02 01:25:00 +0530,466669,45.5,31.8,47.33,28.68
2021-11-02 01:25:30 +0530,466670,41.3,32.0,47.33,28.68
2021-11-02 01:26:00 +0530,466671,48.0,32.4,47.39,28.68
2021-11-02 01:26:30 +0530,466672,48.5,32.9,47.36,28.68
2021-11-02 01:27:00 +0530,466673,49.6,32.2,47.33,28.68
2021-11-02 01:27:30 +0530,466674,44.9,32.6,47.36,28.68
2021-11-02 01:28:00 +0530,466675,52.8,33.2,47.26,28.67
2021-11-02 01:28:30 +0530,466676,58.0,27.2,47.37,28.62
2021-11-02 01:29:00 +0530,466677,52.4,33.6,47.37,28.62
2021-11-02 01:29:30 +0530,466678,51.2,30.2,47.47,28.6
2021-11-02 01:30:00 +0530,466679,60.1,34.4,47.41,28.6
2021-11-02 01:30:30 +0530,466680,54.8,29.7,47.54,28.58
2021-11-02 01:31:00 +0530,466681,63.5,34.2,47.41,28.58
2021-11-02 01:31:30 +0530,466682,66.3,35.2,47.47,28.57
2021-11-02 01:32:00 +0530,466683,60.4,35.0,47.41,28.57
2021-11-02 01:32:30 +0530,466684,67.4,35.1,47.5,28.57
2021-11-02 01:33:00 +0530,466685,62.0,35.1,47.47,28.56
2021-11-02 01:33:30 +0530,466686,63.0,35.1,47.54,28.56
2021-11-02 01:34:00 +0530,466687,55.8,33.2,47.57,28.56
2021-11-02 01:34:30 +0530,466688,48.0,33.2,47.57,28.56
2021-11-02 01:35:00 +0530,466689,52.0,32.8,47.6,28.56
2021-11-02 01:35:30 +0530,466690,53.5,34.2,47.63,28.55
2021-11-02 01:36:00 +0530,466691,54.8,33.6,47.67,28.55
2021-11-02 01:36:30 +0530,466692,49.1,33.6,47.6,28.56
2021-11-02 01:37:00 +0530,466693,50.8,32.9,47.6,28.55
2021-11-02 01:37:30 +0530,466694,44.0,32.3,47.57,28.56
2021-11-02 01:38:00 +0530,466695,44.0,32.3,47.57,28.56
2021-11-02 01:38:30 +0530,466696,40.5,29.7,47.98,28.43
2021-11-02 01:39:00 +0530,466697,44.3,32.4,47.98,28.44
2021-11-02 01:39:30 +0530,466698,41.4,32.7,47.84,28.47
2021-11-02 01:40:00 +0530,466699,48.2,34.2,47.8,28.48
2021-11-02 01:40:30 +0530,466700,45.2,32.8,47.67,28.49
2021-11-02 01:41:00 +0530,466701,47.1,34.3,47.74,28.49
2021-11-02 01:41:30 +0530,466702,41.3,32.9,47.74,28.5
2021-11-02 01:42:00 +0530,466703,43.3,32.8,47.77,28.52
2021-11-02 01:42:30 +0530,466704,51.1,28.6,47.87,28.49
2021-11-02 01:43:00 +0530,466705,48.9,34.7,47.8,28.5
2021-11-02 01:43:30 +0530,466706,32.8,28.2,47.94,28.49
2021-11-02 01:44:00 +0530,466707,49.7,33.9,47.8,28.5
2021-11-02 01:44:30 +0530,466708,46.5,34.5,47.8,28.53
2021-11-02 01:45:00 +0530,466709,51.9,33.9,47.8,28.54
2021-11-02 01:45:31 +0530,466710,51.9,33.9,47.8,28.54
2021-11-02 01:46:00 +0530,466711,44.6,30.9,48.07,28.46
2021-11-02 01:46:30 +0530,466712,45.4,34.6,47.9,28.48
2021-11-02 01:47:00 +0530,466713,43.8,33.3,47.9,28.49
2021-11-02 01:47:30 +0530,466714,40.0,32.8,47.9,28.52
2021-11-02 01:48:00 +0530,466715,46.1,34.1,47.94,28.54
2021-11-02 01:48:30 +0530,466716,40.8,29.6,48.01,28.52
2021-11-02 01:49:00 +0530,466717,37.4,28.7,48.04,28.5
2021-11-02 01:49:30 +0530,466718,42.2,33.4,47.9,28.53
2021-11-02 01:50:00 +0530,466719,43.4,33.8,47.9,28.54
2021-11-02 01:50:30 +0530,466720,45.2,34.7,47.87,28.55
2021-11-02 01:51:00 +0530,466721,39.7,30.0,48.01,28.54
2021-11-02 01:51:30 +0530,466722,53.5,33.4,48.11,28.53
2021-11-02 01:52:00 +0530,466723,47.9,35.0,48.21,28.56
2021-11-02 01:52:30 +0530,466724,49.4,36.1,48.24,28.58
2021-11-02 01:53:00 +0530,466725,51.1,35.4,48.24,28.59
2021-11-02 01:53:30 +0530,466726,54.1,35.9,48.18,28.61
2021-11-02 01:54:00 +0530,466727,55.6,36.3,48.37,28.62
2021-11-02 01:54:30 +0530,466728,54.2,36.1,48.11,28.64
2021-11-02 01:55:00 +0530,466729,47.1,34.4,48.03,28.65
2021-11-02 01:55:30 +0530,466730,48.9,34.9,47.83,28.67
2021-11-02 01:56:00 +0530,466731,49.3,34.2,47.96,28.68
2021-11-02 01:56:30 +0530,466732,47.7,34.3,48.16,28.68
2021-11-02 01:57:00 +0530,466733,43.1,30.5,48.18,28.64
2021-11-02 01:57:30 +0530,466734,41.9,29.9,48.21,28.62
2021-11-02 01:58:00 +0530,466735,43.7,33.9,47.9,28.62
2021-11-02 01:58:30 +0530,466736,49.7,34.8,48.01,28.64
2021-11-02 01:59:00 +0530,466737,44.0,33.8,48.04,28.64
2021-11-02 01:59:30 +0530,466738,47.2,33.6,48.04,28.64
2021-11-02 02:00:00 +0530,466739,46.1,33.3,48.04,28.64
2021-11-02 02:00:30 +0530,466740,222.5,62.2,48.1,28.64
2021-11-02 02:01:00 +0530,466741,45.7,30.6,48.18,28.61
2021-11-02 02:01:30 +0530,466742,48.9,35.9,48.07,28.61
2021-11-02 02:02:00 +0530,466743,49.4,35.3,48.14,28.62
2021-11-02 02:02:30 +0530,466744,47.9,34.3,48.2,28.62
2021-11-02 02:03:00 +0530,466745,49.8,35.3,48.21,28.62
2021-11-02 02:03:30 +0530,466746,40.7,29.8,48.31,28.61
2021-11-02 02:04:00 +0530,466747,51.0,35.0,48.31,28.62
2021-11-02 02:04:30 +0530,466748,48.7,31.7,48.34,28.6
2021-11-02 02:05:00 +0530,466749,47.3,35.4,48.34,28.61
2021-11-02 02:05:30 +0530,466750,49.8,36.1,48.47,28.62
2021-11-02 02:06:00 +0530,466751,47.5,31.9,48.54,28.6
2021-11-02 02:06:30 +0530,466752,50.9,36.3,48.47,28.6
2021-11-02 02:07:00 +0530,466753,50.6,36.1,48.47,28.61
2021-11-02 02:07:30 +0530,466754,54.3,35.6,48.41,28.62
2021-11-02 02:08:00 +0530,466755,49.3,33.1,48.44,28.62
2021-11-02 02:08:30 +0530,466756,58.2,37.2,48.37,28.62
2021-11-02 02:09:00 +0530,466757,57.7,35.7,48.44,28.64
2021-11-02 02:09:30 +0530,466758,56.1,35.8,48.47,28.65
2021-11-02 02:10:00 +0530,466759,54.3,37.1,48.44,28.65
2021-11-02 02:10:30 +0530,466760,55.2,36.8,48.37,28.67
2021-11-02 02:11:00 +0530,466761,52.6,36.4,48.33,28.68
2021-11-02 02:11:30 +0530,466762,48.5,32.6,48.44,28.65
2021-11-02 02:12:00 +0530,466763,52.3,36.9,48.44,28.65
2021-11-02 02:12:30 +0530,466764,49.7,31.2,48.44,28.62
2021-11-02 02:13:00 +0530,466765,46.8,31.4,48.31,28.59
2021-11-02 02:13:30 +0530,466766,42.1,33.2,48.47,28.57
2021-11-02 02:14:00 +0530,466767,44.6,35.3,48.34,28.58
2021-11-02 02:14:30 +0530,466768,40.2,32.9,48.44,28.55
2021-11-02 02:15:00 +0530,466769,45.7,36.1,48.31,28.55
2021-11-02 02:15:30 +0530,466770,49.4,36.1,48.37,28.54
2021-11-02 02:16:00 +0530,466771,49.2,36.4,48.44,28.54
2021-11-02 02:16:30 +0530,466772,40.4,30.3,48.67,28.52
2021-11-02 02:17:00 +0530,466773,44.4,36.0,48.57,28.52
2021-11-02 02:17:30 +0530,466774,45.1,35.9,48.54,28.52
2021-11-02 02:18:00 +0530,466775,45.5,35.4,48.57,28.53
2021-11-02 02:18:30 +0530,466776,46.4,34.6,48.57,28.53
2021-11-02 02:19:00 +0530,466777,39.9,33.4,48.44,28.54
2021-11-02 02:19:30 +0530,466778,38.5,29.9,48.57,28.52
2021-11-02 02:20:00 +0530,466779,40.9,33.8,48.44,28.53
2021-11-02 02:20:30 +0530,466780,45.8,34.4,48.37,28.53
2021-11-02 02:21:00 +0530,466781,44.1,33.2,48.37,28.54
2021-11-02 02:21:30 +0530,466782,44.4,33.7,48.41,28.53
2021-11-02 02:22:00 +0530,466783,41.5,29.3,48.47,28.5
2021-11-02 02:22:30 +0530,466784,46.0,32.9,48.47,28.5
2021-11-02 02:23:00 +0530,466785,43.3,33.8,48.47,28.5
2021-11-02 02:23:30 +0530,466786,40.7,34.6,48.54,28.52
2021-11-02 02:24:00 +0530,466787,45.0,34.9,48.57,28.5
2021-11-02 02:24:30 +0530,466788,43.9,33.6,48.47,28.52
2021-11-02 02:25:00 +0530,466789,42.0,33.7,48.47,28.52
2021-11-02 02:25:30 +0530,466790,47.1,33.1,48.37,28.52
2021-11-02 02:26:00 +0530,466791,36.1,27.2,48.47,28.49
2021-11-02 02:26:30 +0530,466792,41.2,33.2,48.44,28.49
2021-11-02 02:27:00 +0530,466793,48.9,31.4,48.64,28.47
2021-11-02 02:27:30 +0530,466794,53.5,36.5,49.01,28.48
2021-11-02 02:28:00 +0530,466795,38.9,31.0,49.01,28.46
2021-11-02 02:28:30 +0530,466796,51.4,34.6,48.74,28.47
2021-11-02 02:29:00 +0530,466797,39.0,33.0,48.61,28.49
2021-11-02 02:29:30 +0530,466798,43.2,32.9,48.44,28.49
2021-11-02 02:30:00 +0530,466799,40.6,33.4,48.44,28.49
2021-11-02 02:30:30 +0530,466800,33.5,29.1,48.64,28.48
2021-11-02 02:31:00 +0530,466801,49.9,34.9,48.67,28.48
2021-11-02 02:31:30 +0530,466802,51.3,35.7,48.78,28.49
2021-11-02 02:32:00 +0530,466803,45.7,34.7,48.88,28.5
2021-11-02 02:32:30 +0530,466804,46.6,33.8,48.67,28.5
2021-11-02 02:33:00 +0530,466805,50.6,30.9,48.61,28.47
2021-11-02 02:33:30 +0530,466806,47.7,33.9,48.54,28.47
2021-11-02 02:34:00 +0530,466807,50.7,31.1,48.65,28.45
2021-11-02 02:34:30 +0530,466808,44.9,33.4,48.61,28.47
2021-11-02 02:35:00 +0530,466809,45.3,33.7,48.54,28.46
2021-11-02 02:35:30 +0530,466810,41.6,33.3,48.54,28.47
2021-11-02 02:36:00 +0530,466811,45.0,33.4,48.64,28.47
2021-11-02 02:36:30 +0530,466812,42.7,32.3,48.44,28.47
2021-11-02 02:37:00 +0530,466813,39.9,31.8,48.41,28.46
2021-11-02 02:37:30 +0530,466814,40.7,32.7,48.41,28.46
2021-11-02 02:38:00 +0530,466815,37.8,31.7,48.37,28.45
2021-11-02 02:38:30 +0530,466816,47.7,32.6,48.38,28.45
2021-11-02 02:39:00 +0530,466817,47.5,32.6,48.45,28.44
2021-11-02 02:39:30 +0530,466818,43.0,30.1,48.68,28.42
2021-11-02 02:40:00 +0530,466819,40.9,32.3,48.65,28.42
2021-11-02 02:40:30 +0530,466820,43.8,32.8,48.65,28.43
2021-11-02 02:41:00 +0530,466821,42.3,31.8,48.58,28.43
2021-11-02 02:41:30 +0530,466822,40.4,31.9,48.58,28.43
2021-11-02 02:42:00 +0530,466823,42.4,31.4,48.55,28.43
2021-11-02 02:42:30 +0530,466824,45.5,33.1,48.61,28.43
2021-11-02 02:43:00 +0530,466825,44.3,32.2,48.58,28.43
2021-11-02 02:43:30 +0530,466826,52.0,32.2,48.65,28.43
2021-11-02 02:44:00 +0530,466827,44.6,31.7,48.65,28.42
2021-11-02 02:44:30 +0530,466828,50.6,33.1,48.68,28.42
2021-11-02 02:45:00 +0530,466829,51.6,28.6,48.79,28.41
2021-11-02 02:45:30 +0530,466830,45.2,28.8,48.85,28.39
2021-11-02 02:46:00 +0530,466831,62.2,35.0,48.75,28.4
2021-11-02 02:46:30 +0530,466832,54.7,34.2,48.75,28.4
2021-11-02 02:47:00 +0530,466833,57.4,34.8,48.72,28.42
2021-11-02 02:47:30 +0530,466834,55.1,33.1,48.72,28.42
2021-11-02 02:48:00 +0530,466835,46.1,32.4,48.72,28.43
2021-11-02 02:48:30 +0530,466836,46.5,32.6,48.68,28.43
2021-11-02 02:49:00 +0530,466837,47.0,33.1,48.72,28.43
2021-11-02 02:49:30 +0530,466838,47.6,32.9,48.68,28.44
2021-11-02 02:50:00 +0530,466839,43.3,32.2,48.71,28.45
2021-11-02 02:50:30 +0530,466840,43.7,32.8,48.72,28.45
2021-11-02 02:51:00 +0530,466841,45.9,32.8,48.71,28.45
2021-11-02 02:51:30 +0530,466842,36.4,28.7,48.79,28.43
2021-11-02 02:52:00 +0530,466843,40.0,32.1,48.68,28.44
2021-11-02 02:52:30 +0530,466844,49.5,33.2,48.65,28.45
2021-11-02 02:53:00 +0530,466845,45.7,33.4,48.65,28.45
2021-11-02 02:53:30 +0530,466846,40.0,31.7,48.58,28.45
2021-11-02 02:54:00 +0530,466847,46.1,33.8,48.58,28.45
2021-11-02 02:54:30 +0530,466848,47.0,33.1,48.67,28.45
2021-11-02 02:55:00 +0530,466849,45.5,28.1,48.75,28.43
2021-11-02 02:55:30 +0530,466850,41.6,32.6,48.68,28.43
2021-11-02 02:56:00 +0530,466851,50.9,33.6,48.72,28.43
2021-11-02 02:56:30 +0530,466852,53.7,33.8,48.79,28.42
2021-11-02 02:57:00 +0530,466853,52.1,35.9,48.82,28.42
2021-11-02 02:57:30 +0530,466854,49.1,33.7,48.75,28.42
2021-11-02 02:58:00 +0530,466855,41.4,32.6,48.72,28.42
2021-11-02 02:58:30 +0530,466856,43.7,32.9,48.72,28.42
2021-11-02 02:59:00 +0530,466857,36.9,28.8,48.82,28.39
2021-11-02 02:59:30 +0530,466858,51.5,28.8,48.92,28.38
2021-11-02 03:00:00 +0530,466859,45.3,33.2,48.82,28.39
2021-11-02 03:00:30 +0530,466860,45.5,32.7,48.95,28.39
2021-11-02 03:01:00 +0530,466861,47.9,32.8,48.92,28.4
2021-11-02 03:01:30 +0530,466862,46.8,32.4,48.85,28.41
2021-11-02 03:02:00 +0530,466863,50.0,33.8,48.85,28.41
2021-11-02 03:02:30 +0530,466864,40.2,31.8,48.85,28.43
2021-11-02 03:03:00 +0530,466865,40.3,31.6,48.89,28.43
2021-11-02 03:03:30 +0530,466866,33.1,27.3,49.11,28.41
2021-11-02 03:04:00 +0530,466867,45.4,33.8,49.05,28.41
2021-11-02 03:04:30 +0530,466868,50.8,33.1,48.85,28.42
2021-11-02 03:05:00 +0530,466869,44.8,33.2,49.08,28.43
2021-11-02 03:05:30 +0530,466870,45.3,29.5,49.11,28.41
2021-11-02 03:06:00 +0530,466871,39.8,32.9,48.92,28.41
2021-11-02 03:06:30 +0530,466872,41.6,28.6,49.11,28.39
2021-11-02 03:07:00 +0530,466873,34.0,27.2,49.11,28.37
2021-11-02 03:07:30 +0530,466874,36.4,27.6,49.08,28.35
2021-11-02 03:08:00 +0530,466875,41.8,31.6,48.92,28.37
2021-11-02 03:08:30 +0530,466876,34.5,26.7,48.92,28.37
2021-11-02 03:09:00 +0530,466877,45.6,31.4,48.92,28.35
2021-11-02 03:09:30 +0530,466878,43.9,32.3,48.89,28.37
2021-11-02 03:10:00 +0530,466879,45.4,31.6,48.95,28.38
2021-11-02 03:10:30 +0530,466880,38.9,32.3,48.92,28.38
2021-11-02 03:11:00 +0530,466881,42.7,31.7,48.99,28.39
2021-11-02 03:11:30 +0530,466882,40.2,31.4,48.85,28.39
2021-11-02 03:12:00 +0530,466883,41.5,31.9,48.82,28.39
2021-11-02 03:12:30 +0530,466884,45.8,32.4,48.79,28.39
2021-11-02 03:13:00 +0530,466885,44.6,32.2,48.79,28.39
2021-11-02 03:13:30 +0530,466886,46.6,32.2,48.85,28.39
2021-11-02 03:14:00 +0530,466887,38.0,27.7,48.95,28.37
2021-11-02 03:14:30 +0530,466888,41.5,32.1,48.82,28.38
2021-11-02 03:15:00 +0530,466889,43.4,31.4,48.75,28.39
2021-11-02 03:15:30 +0530,466890,42.4,31.7,48.75,28.41
2021-11-02 03:16:00 +0530,466891,43.0,32.0,48.75,28.42
2021-11-02 03:16:30 +0530,466892,46.8,32.4,48.65,28.43
2021-11-02 03:17:00 +0530,466893,43.1,32.7,48.68,28.44
2021-11-02 03:17:30 +0530,466894,48.8,32.9,48.71,28.45
2021-11-02 03:18:00 +0530,466895,48.0,32.9,48.71,28.47
2021-11-02 03:18:30 +0530,466896,46.5,32.8,48.61,28.48
2021-11-02 03:19:00 +0530,466897,44.2,32.2,48.54,28.5
2021-11-02 03:19:30 +0530,466898,48.4,32.2,48.54,28.52
2021-11-02 03:20:00 +0530,466899,43.2,32.1,48.47,28.54
2021-11-02 03:20:30 +0530,466900,33.3,26.4,48.54,28.49
2021-11-02 03:21:00 +0530,466901,43.5,31.6,48.44,28.53
2021-11-02 03:21:30 +0530,466902,40.6,28.9,48.57,28.53
2021-11-02 03:22:00 +0530,466903,41.6,31.1,48.57,28.53
2021-11-02 03:22:30 +0530,466904,43.6,32.1,48.47,28.54
2021-11-02 03:23:00 +0530,466905,46.0,32.3,48.44,28.55
2021-11-02 03:23:30 +0530,466906,43.4,32.3,48.44,28.56
2021-11-02 03:24:00 +0530,466907,44.8,32.2,48.44,28.57
2021-11-02 03:24:30 +0530,466908,41.9,32.1,48.41,28.58
2021-11-02 03:25:00 +0530,466909,40.4,27.4,48.47,28.56
2021-11-02 03:25:30 +0530,466910,39.6,27.4,48.54,28.56
2021-11-02 03:26:00 +0530,466911,38.9,28.4,48.61,28.55
2021-11-02 03:26:30 +0530,466912,38.0,27.4,48.61,28.55
2021-11-02 03:27:00 +0530,466913,45.5,31.2,48.47,28.57
2021-11-02 03:27:30 +0530,466914,42.6,31.3,48.34,28.59
2021-11-02 03:28:00 +0530,466915,45.7,32.1,48.31,28.61
2021-11-02 03:28:30 +0530,466916,46.9,33.2,48.31,28.62
2021-11-02 03:29:00 +0530,466917,41.5,31.6,48.24,28.65
2021-11-02 03:29:30 +0530,466918,42.0,28.9,48.31,28.62
2021-11-02 03:30:00 +0530,466919,43.1,32.2,48.24,28.64
2021-11-02 03:30:30 +0530,466920,40.8,31.9,48.27,28.65
2021-11-02 03:31:00 +0530,466921,40.2,31.7,48.27,28.67
2021-11-02 03:31:30 +0530,466922,33.7,26.9,48.78,28.52
2021-11-02 03:32:00 +0530,466923,41.7,32.1,48.57,28.54
2021-11-02 03:32:30 +0530,466924,44.8,31.4,48.37,28.59
2021-11-02 03:33:00 +0530,466925,44.1,31.1,48.31,28.6
2021-11-02 03:33:30 +0530,466926,37.6,30.2,48.31,28.62
2021-11-02 03:34:00 +0530,466927,41.0,31.5,48.27,28.65
2021-11-02 03:34:30 +0530,466928,40.2,30.9,48.14,28.64
2021-11-02 03:35:00 +0530,466929,36.8,30.6,48.1,28.65
2021-11-02 03:35:30 +0530,466930,41.1,31.1,48.13,28.65
2021-11-02 03:36:00 +0530,466931,40.7,30.8,48.21,28.65
2021-11-02 03:36:30 +0530,466932,125.8,40.9,48.14,28.65
2021-11-02 03:37:00 +0530,466933,136.5,39.8,48.18,28.64
2021-11-02 03:37:30 +0530,466934,66.2,32.7,48.21,28.64
2021-11-02 03:38:00 +0530,466935,46.3,31.4,48.24,28.64
2021-11-02 03:38:30 +0530,466936,45.2,31.0,48.18,28.64
2021-11-02 03:39:00 +0530,466937,40.2,31.0,48.21,28.62
2021-11-02 03:39:30 +0530,466938,37.2,25.7,48.31,28.61
2021-11-02 03:40:00 +0530,466939,47.4,32.3,48.41,28.61
2021-11-02 03:40:30 +0530,466940,38.6,27.1,48.44,28.6
2021-11-02 03:41:00 +0530,466941,44.0,30.9,48.37,28.6
2021-11-02 03:41:30 +0530,466942,39.2,30.8,48.34,28.61
2021-11-02 03:42:00 +0530,466943,37.8,30.4,48.28,28.61
2021-11-02 03:42:30 +0530,466944,37.8,29.6,48.28,28.61
2021-11-02 03:43:00 +0530,466945,41.7,30.8,48.24,28.62
2021-11-02 03:43:30 +0530,466946,45.3,31.1,48.24,28.62
2021-11-02 03:44:00 +0530,466947,43.8,31.4,48.31,28.62
2021-11-02 03:44:30 +0530,466948,44.7,31.2,48.34,28.62
2021-11-02 03:45:00 +0530,466949,42.4,30.9,48.34,28.64
2021-11-02 03:45:30 +0530,466950,43.7,30.4,48.31,28.64
2021-11-02 03:46:00 +0530,466951,46.3,33.5,48.28,28.65
2021-11-02 03:46:30 +0530,466952,44.8,30.6,48.27,28.65
2021-11-02 03:47:00 +0530,466953,44.2,30.6,48.27,28.65
2021-11-02 03:47:30 +0530,466954,44.0,30.3,48.27,28.67
2021-11-02 03:48:00 +0530,466955,45.3,30.9,48.27,28.67
2021-11-02 03:48:30 +0530,466956,42.3,30.8,48.3,28.67
2021-11-02 03:49:00 +0530,466957,37.6,29.6,48.23,28.67
2021-11-02 03:49:30 +0530,466958,34.2,28.9,48.23,28.67
2021-11-02 03:50:00 +0530,466959,44.6,30.4,48.23,28.68
2021-11-02 03:50:30 +0530,466960,39.1,30.3,48.33,28.69
2021-11-02 03:51:00 +0530,466961,45.9,30.3,48.33,28.69
2021-11-02 03:51:30 +0530,466962,40.5,27.4,48.37,28.67
2021-11-02 03:52:00 +0530,466963,35.4,27.1,48.37,28.62
2021-11-02 03:52:30 +0530,466964,36.3,28.0,48.57,28.61
2021-11-02 03:53:00 +0530,466965,42.6,30.7,48.44,28.61
2021-11-02 03:53:30 +0530,466966,48.0,27.3,48.64,28.59
2021-11-02 03:54:00 +0530,466967,48.7,32.1,48.61,28.61
2021-11-02 03:54:30 +0530,466968,59.6,33.1,48.57,28.6
2021-11-02 03:55:00 +0530,466969,62.3,33.4,48.64,28.6
2021-11-02 03:55:30 +0530,466970,48.7,28.6,48.67,28.58
2021-11-02 03:56:00 +0530,466971,61.6,34.3,48.67,28.58
2021-11-02 03:56:30 +0530,466972,61.5,34.2,48.74,28.58
2021-11-02 03:57:00 +0530,466973,66.9,34.2,48.74,28.57
2021-11-02 03:57:30 +0530,466974,59.4,32.7,48.74,28.58
2021-11-02 03:58:00 +0530,466975,52.1,31.4,48.81,28.54
2021-11-02 03:58:30 +0530,466976,56.3,32.4,48.91,28.54
2021-11-02 03:59:00 +0530,466977,60.1,34.2,48.88,28.54
2021-11-02 03:59:30 +0530,466978,53.0,32.7,48.88,28.53
2021-11-02 04:00:00 +0530,466979,60.2,33.7,48.81,28.53
2021-11-02 04:00:30 +0530,466980,56.0,32.5,48.88,28.53
2021-11-02 04:01:00 +0530,466981,65.1,33.5,48.88,28.53
2021-11-02 04:01:30 +0530,466982,63.1,32.8,48.88,28.53
2021-11-02 04:02:00 +0530,466983,61.7,32.3,48.88,28.52
2021-11-02 04:02:30 +0530,466984,61.5,33.2,48.88,28.53
2021-11-02 04:03:00 +0530,466985,55.5,32.4,48.84,28.52
2021-11-02 04:03:30 +0530,466986,56.6,32.4,48.81,28.52
2021-11-02 04:04:00 +0530,466987,50.9,29.1,49.39,28.34
2021-11-02 04:04:30 +0530,466988,48.3,32.6,49.32,28.38
2021-11-02 04:05:00 +0530,466989,52.1,32.1,49.18,28.41
2021-11-02 04:05:30 +0530,466990,46.4,31.2,49.15,28.44
2021-11-02 04:06:00 +0530,466991,35.2,25.7,49.11,28.43
2021-11-02 04:06:30 +0530,466992,49.9,31.9,48.95,28.46
2021-11-02 04:07:00 +0530,466993,41.0,30.4,48.81,28.48
2021-11-02 04:07:30 +0530,466994,36.9,28.9,48.61,28.49
2021-11-02 04:08:00 +0530,466995,34.8,26.8,48.67,28.47
2021-11-02 04:08:30 +0530,466996,41.8,30.5,48.71,28.47
2021-11-02 04:09:00 +0530,466997,35.1,30.2,48.71,28.47
2021-11-02 04:09:30 +0530,466998,38.8,29.8,48.74,28.48
2021-11-02 04:10:00 +0530,466999,40.8,29.8,48.74,28.48
2021-11-02 04:10:30 +0530,467000,44.9,30.7,48.67,28.49
2021-11-02 04:11:00 +0530,467001,42.5,30.1,48.67,28.49
2021-11-02 04:11:30 +0530,467002,39.5,30.9,48.78,28.49
2021-11-02 04:12:00 +0530,467003,38.3,26.5,48.84,28.47
2021-11-02 04:12:30 +0530,467004,39.4,30.2,48.74,28.48
2021-11-02 04:13:00 +0530,467005,40.1,28.9,48.67,28.49
2021-11-02 04:13:30 +0530,467006,39.3,29.6,48.64,28.5
2021-11-02 04:14:00 +0530,467007,40.9,29.8,48.71,28.52
2021-11-02 04:14:30 +0530,467008,40.6,30.1,48.74,28.52
2021-11-02 04:15:00 +0530,467009,41.5,29.9,48.64,28.53
2021-11-02 04:15:30 +0530,467010,39.4,29.8,48.61,28.54
2021-11-02 04:16:00 +0530,467011,40.2,29.8,48.61,28.54
2021-11-02 04:16:30 +0530,467012,42.5,30.1,48.67,28.54
2021-11-02 04:17:00 +0530,467013,44.8,31.4,48.64,28.54
2021-11-02 04:17:30 +0530,467014,40.2,30.6,48.71,28.53
2021-11-02 04:18:00 +0530,467015,42.2,31.2,48.81,28.53
2021-11-02 04:18:30 +0530,467016,41.6,30.4,48.64,28.53
2021-11-02 04:19:00 +0530,467017,33.5,29.9,48.54,28.52
2021-11-02 04:19:30 +0530,467018,35.5,29.3,48.61,28.52
2021-11-02 04:20:00 +0530,467019,36.0,29.3,48.67,28.5
2021-11-02 04:20:30 +0530,467020,42.5,29.1,48.67,28.5
2021-11-02 04:21:00 +0530,467021,38.2,29.4,48.71,28.49
2021-11-02 04:21:30 +0530,467022,37.8,30.6,48.71,28.49
2021-11-02 04:22:00 +0530,467023,42.5,30.9,48.74,28.5
2021-11-02 04:22:30 +0530,467024,42.7,26.0,48.81,28.48
2021-11-02 04:23:00 +0530,467025,37.6,30.4,48.67,28.49
2021-11-02 04:23:30 +0530,467026,37.5,31.4,48.64,28.5
2021-11-02 04:24:00 +0530,467027,37.1,31.7,48.67,28.5
2021-11-02 04:24:30 +0530,467028,39.1,31.3,48.74,28.52
2021-11-02 04:25:00 +0530,467029,44.1,32.0,48.81,28.52
2021-11-02 04:25:30 +0530,467030,32.6,27.2,48.81,28.49
2021-11-02 04:26:00 +0530,467031,34.4,30.6,48.74,28.49
2021-11-02 04:26:30 +0530,467032,38.9,30.8,48.74,28.5
2021-11-02 04:27:00 +0530,467033,37.2,31.2,48.61,28.52
2021-11-02 04:27:30 +0530,467034,37.2,30.6,48.67,28.52
2021-11-02 04:28:00 +0530,467035,36.9,30.0,48.67,28.5
2021-11-02 04:28:30 +0530,467036,39.3,31.7,48.61,28.52
2021-11-02 04:29:00 +0530,467037,36.8,31.3,48.64,28.52
2021-11-02 04:29:30 +0530,467038,37.6,31.0,48.67,28.53
2021-11-02 04:30:00 +0530,467039,33.6,30.0,48.67,28.52
2021-11-02 04:30:30 +0530,467040,38.1,30.1,48.67,28.52
2021-11-02 04:31:00 +0530,467041,33.7,30.1,48.57,28.5
2021-11-02 04:31:30 +0530,467042,37.3,31.3,48.64,28.49
2021-11-02 04:32:00 +0530,467043,35.4,30.1,48.67,28.49
2021-11-02 04:32:30 +0530,467044,39.5,30.6,48.71,28.48
2021-11-02 04:33:00 +0530,467045,36.0,30.4,48.78,28.48
2021-11-02 04:33:30 +0530,467046,36.9,30.8,48.78,28.47
2021-11-02 04:34:00 +0530,467047,33.1,29.2,48.57,28.47
2021-11-02 04:34:30 +0530,467048,39.7,29.8,48.57,28.47
2021-11-02 04:35:00 +0530,467049,36.0,26.8,48.78,28.44
2021-11-02 04:35:30 +0530,467050,36.6,31.2,48.67,28.45
2021-11-02 04:36:00 +0530,467051,28.2,25.3,48.79,28.44
2021-11-02 04:36:30 +0530,467052,37.9,30.6,48.75,28.44
2021-11-02 04:37:00 +0530,467053,40.4,31.2,48.75,28.45
2021-11-02 04:37:30 +0530,467054,39.8,30.6,48.81,28.46
2021-11-02 04:38:00 +0530,467055,41.8,31.6,48.74,28.46
2021-11-02 04:38:30 +0530,467056,38.3,31.3,48.81,28.47
2021-11-02 04:39:00 +0530,467057,39.7,30.4,48.78,28.47
2021-11-02 04:39:30 +0530,467058,38.1,29.6,48.67,28.48
2021-11-02 04:40:00 +0530,467059,33.4,29.8,48.54,28.49
2021-11-02 04:40:30 +0530,467060,32.5,28.8,48.41,28.47
2021-11-02 04:41:00 +0530,467061,32.2,28.9,48.37,28.47
2021-11-02 04:41:30 +0530,467062,37.1,29.8,48.37,28.45
2021-11-02 04:42:00 +0530,467063,36.8,30.0,48.47,28.44
2021-11-02 04:42:30 +0530,467064,40.8,30.7,48.51,28.43
2021-11-02 04:43:00 +0530,467065,42.3,30.4,48.51,28.43
2021-11-02 04:43:30 +0530,467066,45.1,30.2,48.51,28.42
2021-11-02 04:44:00 +0530,467067,41.6,28.3,48.58,28.4
2021-11-02 04:44:30 +0530,467068,44.2,31.2,48.68,28.39
2021-11-02 04:45:00 +0530,467069,44.9,30.9,48.75,28.38
2021-11-02 04:45:30 +0530,467070,37.1,30.2,48.75,28.39
2021-11-02 04:46:00 +0530,467071,35.5,29.3,48.85,28.34
2021-11-02 04:46:30 +0530,467072,42.0,31.3,48.95,28.37
2021-11-02 04:47:00 +0530,467073,36.0,30.2,48.75,28.37
2021-11-02 04:47:30 +0530,467074,39.7,30.5,48.58,28.38
2021-11-02 04:48:00 +0530,467075,33.9,29.3,48.51,28.38
2021-11-02 04:48:30 +0530,467076,38.4,26.4,48.55,28.33
2021-11-02 04:49:00 +0530,467077,33.5,29.9,48.65,28.35
2021-11-02 04:49:30 +0530,467078,36.0,29.7,48.58,28.37
2021-11-02 04:50:00 +0530,467079,34.8,27.2,48.58,28.34
2021-11-02 04:50:30 +0530,467080,33.6,29.2,48.55,28.35
2021-11-02 04:51:00 +0530,467081,36.2,29.2,48.58,28.37
2021-11-02 04:51:30 +0530,467082,30.1,24.8,48.68,28.34
2021-11-02 04:52:00 +0530,467083,34.5,29.6,48.58,28.35
2021-11-02 04:52:30 +0530,467084,33.2,29.1,48.61,28.35
2021-11-02 04:53:00 +0530,467085,34.0,30.2,48.65,28.37
2021-11-02 04:53:30 +0530,467086,33.0,29.3,48.55,28.37
2021-11-02 04:54:00 +0530,467087,37.7,27.5,48.58,28.34
2021-11-02 04:54:30 +0530,467088,36.3,29.8,48.58,28.34
2021-11-02 04:55:00 +0530,467089,35.6,30.4,48.58,28.35
2021-11-02 04:55:30 +0530,467090,37.6,29.5,48.65,28.34
2021-11-02 04:56:00 +0530,467091,40.4,29.6,48.61,28.35
2021-11-02 04:56:30 +0530,467092,34.8,29.9,48.61,28.37
2021-11-02 04:57:00 +0530,467093,36.9,29.7,48.61,28.37
2021-11-02 04:57:30 +0530,467094,32.5,29.0,48.58,28.35
2021-11-02 04:58:00 +0530,467095,35.0,29.9,48.61,28.35
2021-11-02 04:58:30 +0530,467096,37.3,31.3,48.72,28.34
2021-11-02 04:59:00 +0530,467097,35.2,28.6,48.61,28.34
2021-11-02 04:59:30 +0530,467098,32.7,29.3,48.68,28.34
2021-11-02 05:00:00 +0530,467099,33.4,29.8,48.72,28.33
2021-11-02 05:00:30 +0530,467100,32.7,29.2,48.58,28.34
2021-11-02 05:01:00 +0530,467101,35.6,30.2,48.58,28.34
2021-11-02 05:01:30 +0530,467102,34.3,29.7,48.45,28.33
2021-11-02 05:02:00 +0530,467103,30.0,26.9,48.65,28.3
2021-11-02 05:02:30 +0530,467104,34.7,30.0,48.68,28.31
2021-11-02 05:03:00 +0530,467105,36.9,31.0,48.75,28.31
2021-11-02 05:03:30 +0530,467106,30.5,27.3,48.86,28.28
2021-11-02 05:04:00 +0530,467107,40.2,31.6,48.89,28.29
2021-11-02 05:04:30 +0530,467108,35.3,27.2,48.92,28.28
2021-11-02 05:05:00 +0530,467109,34.0,30.3,48.99,28.3
2021-11-02 05:05:30 +0530,467110,30.9,26.8,48.89,28.29
2021-11-02 05:06:00 +0530,467111,35.0,31.0,48.75,28.31
2021-11-02 05:06:30 +0530,467112,36.5,30.5,48.72,28.33
2021-11-02 05:07:00 +0530,467113,36.3,30.9,48.72,28.34
2021-11-02 05:07:30 +0530,467114,28.7,25.6,48.79,28.33
2021-11-02 05:08:00 +0530,467115,34.6,30.9,48.65,28.34
2021-11-02 05:08:30 +0530,467116,38.5,30.6,48.68,28.35
2021-11-02 05:09:00 +0530,467117,35.4,30.4,48.58,28.37
2021-11-02 05:09:30 +0530,467118,33.4,26.2,48.72,28.35
2021-11-02 05:10:00 +0530,467119,35.5,30.4,48.65,28.35
2021-11-02 05:10:30 +0530,467120,37.0,31.0,48.65,28.37
2021-11-02 05:11:00 +0530,467121,33.7,28.6,48.75,28.35
2021-11-02 05:11:30 +0530,467122,36.0,30.7,48.72,28.37
2021-11-02 05:12:00 +0530,467123,34.7,30.6,48.58,28.39
2021-11-02 05:12:30 +0530,467124,30.1,27.1,48.65,28.38
2021-11-02 05:13:00 +0530,467125,38.5,30.8,48.61,28.39
2021-11-02 05:13:30 +0530,467126,34.7,30.9,48.58,28.4
2021-11-02 05:14:00 +0530,467127,37.5,31.3,48.58,28.4
2021-11-02 05:14:30 +0530,467128,36.2,30.6,48.55,28.41
2021-11-02 05:15:00 +0530,467129,35.8,31.3,48.51,28.42
2021-11-02 05:15:30 +0530,467130,36.8,31.3,48.58,28.43
2021-11-02 05:16:00 +0530,467131,37.2,31.3,48.51,28.43
2021-11-02 05:16:30 +0530,467132,35.5,31.6,48.51,28.45
2021-11-02 05:17:00 +0530,467133,30.0,26.7,48.65,28.43
2021-11-02 05:17:30 +0530,467134,34.8,26.9,48.65,28.42
2021-11-02 05:18:00 +0530,467135,35.8,32.0,48.61,28.44
2021-11-02 05:18:30 +0530,467136,35.7,31.9,48.54,28.47
2021-11-02 05:19:00 +0530,467137,28.8,26.0,48.61,28.46
2021-11-02 05:19:30 +0530,467138,29.9,27.0,48.61,28.46
2021-11-02 05:20:00 +0530,467139,36.7,29.4,48.92,28.29
2021-11-02 05:20:30 +0530,467140,35.0,28.8,48.89,28.33
2021-11-02 05:21:00 +0530,467141,36.3,28.8,48.82,28.35
2021-11-02 05:21:30 +0530,467142,43.7,29.6,48.79,28.38
2021-11-02 05:22:00 +0530,467143,41.0,32.7,48.65,28.41
2021-11-02 05:22:30 +0530,467144,40.2,32.1,48.51,28.45
2021-11-02 05:23:00 +0530,467145,43.1,32.3,48.44,28.46
2021-11-02 05:23:30 +0530,467146,34.9,27.3,48.57,28.47
2021-11-02 05:24:00 +0530,467147,39.2,31.6,48.44,28.49
2021-11-02 05:24:30 +0530,467148,39.2,32.7,48.41,28.52
2021-11-02 05:25:00 +0530,467149,39.7,32.3,48.37,28.54
2021-11-02 05:25:31 +0530,467150,39.7,32.3,48.37,28.54
2021-11-02 05:26:00 +0530,467151,35.4,30.6,48.54,28.47
2021-11-02 05:26:30 +0530,467152,37.0,32.3,48.44,28.52
2021-11-02 05:27:00 +0530,467153,39.7,32.4,48.37,28.54
2021-11-02 05:27:30 +0530,467154,37.5,33.4,48.28,28.57
2021-11-02 05:28:00 +0530,467155,40.4,32.9,48.24,28.58
2021-11-02 05:28:30 +0530,467156,38.3,32.9,48.21,28.59
2021-11-02 05:29:00 +0530,467157,37.0,32.7,48.14,28.6
2021-11-02 05:29:30 +0530,467158,39.7,32.7,48.18,28.61
2021-11-02 05:30:00 +0530,467159,42.5,32.2,48.14,28.62
2021-11-02 05:30:30 +0530,467160,38.6,32.1,48.11,28.65
2021-11-02 05:31:00 +0530,467161,38.9,33.0,48.13,28.67
2021-11-02 05:31:30 +0530,467162,34.3,29.3,48.18,28.65
2021-11-02 05:32:00 +0530,467163,38.0,32.4,48.13,28.67
2021-11-02 05:32:30 +0530,467164,43.5,33.8,48.13,28.68
2021-11-02 05:33:00 +0530,467165,41.3,33.8,48.13,28.69
2021-11-02 05:33:30 +0530,467166,34.4,28.7,48.27,28.67
2021-11-02 05:34:00 +0530,467167,42.1,33.2,48.13,28.68
2021-11-02 05:34:30 +0530,467168,40.0,34.9,48.1,28.69
2021-11-02 05:35:00 +0530,467169,35.1,30.9,48.16,28.68
2021-11-02 05:35:30 +0530,467170,41.9,34.3,48.13,28.69
2021-11-02 05:36:00 +0530,467171,42.1,33.7,48.13,28.71
2021-11-02 05:36:30 +0530,467172,40.1,33.7,48.13,28.72
2021-11-02 05:37:00 +0530,467173,37.1,33.1,48.06,28.73
2021-11-02 05:37:30 +0530,467174,42.9,33.4,48.16,28.74
2021-11-02 05:38:00 +0530,467175,46.0,34.2,48.16,28.75
2021-11-02 05:38:30 +0530,467176,44.1,34.4,48.13,28.76
2021-11-02 05:39:00 +0530,467177,41.5,30.1,48.23,28.75
2021-11-02 05:39:30 +0530,467178,34.2,30.6,48.23,28.73
2021-11-02 05:40:00 +0530,467179,41.5,34.3,48.1,28.74
2021-11-02 05:40:30 +0530,467180,37.7,33.6,48.2,28.75
2021-11-02 05:41:00 +0530,467181,42.0,33.9,48.16,28.76
2021-11-02 05:41:30 +0530,467182,42.4,33.7,48.13,28.77
2021-11-02 05:42:00 +0530,467183,42.1,34.1,48.16,28.77
2021-11-02 05:42:30 +0530,467184,42.7,34.4,48.13,28.78
2021-11-02 05:43:00 +0530,467185,46.4,34.7,48.1,28.78
2021-11-02 05:43:30 +0530,467186,41.9,30.5,48.2,28.77
2021-11-02 05:44:00 +0530,467187,97.0,41.3,48.13,28.78
2021-11-02 05:44:30 +0530,467188,46.4,34.4,48.1,28.8
2021-11-02 05:45:00 +0530,467189,47.5,34.1,47.99,28.82
2021-11-02 05:45:30 +0530,467190,140.9,44.6,47.99,28.83
2021-11-02 05:46:00 +0530,467191,60.5,32.1,48.06,28.8
2021-11-02 05:46:30 +0530,467192,73.3,38.8,48.32,28.84
2021-11-02 05:47:00 +0530,467193,48.7,36.9,48.22,28.85
2021-11-02 05:47:30 +0530,467194,42.5,34.7,48.12,28.85
2021-11-02 05:48:00 +0530,467195,45.8,35.2,48.05,28.86
2021-11-02 05:48:30 +0530,467196,43.6,35.4,47.99,28.87
2021-11-02 05:49:00 +0530,467197,41.1,35.1,47.92,28.89
2021-11-02 05:49:30 +0530,467198,42.4,34.2,47.82,28.89
2021-11-02 05:50:00 +0530,467199,38.2,34.1,47.82,28.9
2021-11-02 05:50:30 +0530,467200,39.6,35.3,47.79,28.92
2021-11-02 05:51:00 +0530,467201,38.9,34.6,47.75,28.93
2021-11-02 05:51:30 +0530,467202,36.1,31.1,47.82,28.91
2021-11-02 05:52:00 +0530,467203,40.8,35.4,47.75,28.92
2021-11-02 05:52:30 +0530,467204,59.6,33.2,47.89,28.91
2021-11-02 05:53:00 +0530,467205,129.1,45.7,47.92,28.93
2021-11-02 05:53:30 +0530,467206,68.2,38.2,47.79,28.94
2021-11-02 05:54:00 +0530,467207,65.9,38.5,47.79,28.97
2021-11-02 05:54:30 +0530,467208,57.2,38.2,47.89,28.98
2021-11-02 05:55:00 +0530,467209,59.5,39.7,48.12,28.97
2021-11-02 05:55:30 +0530,467210,59.5,38.5,48.15,28.97
2021-11-02 05:56:00 +0530,467211,45.0,38.2,47.82,28.97
2021-11-02 05:56:30 +0530,467212,47.7,39.0,47.79,28.95
2021-11-02 05:57:00 +0530,467213,38.8,32.4,47.86,28.93
2021-11-02 05:57:30 +0530,467214,45.7,38.1,47.79,28.92
2021-11-02 05:58:00 +0530,467215,42.2,37.7,47.82,28.92
2021-11-02 05:58:30 +0530,467216,43.2,38.6,47.79,28.91
2021-11-02 05:59:00 +0530,467217,38.2,34.1,47.99,28.89
2021-11-02 05:59:30 +0530,467218,50.8,39.5,48.08,28.89
2021-11-02 06:00:00 +0530,467219,40.0,34.1,48.18,28.86
2021-11-02 06:00:30 +0530,467220,42.8,38.2,48.12,28.86
2021-11-02 06:01:00 +0530,467221,44.9,40.1,48.08,28.86
2021-11-02 06:01:30 +0530,467222,46.5,40.4,48.08,28.86
2021-11-02 06:02:00 +0530,467223,44.4,39.3,48.15,28.85
2021-11-02 06:02:30 +0530,467224,46.7,39.2,48.15,28.85
2021-11-02 06:03:00 +0530,467225,43.9,39.2,48.25,28.85
2021-11-02 06:03:30 +0530,467226,39.4,35.1,48.33,28.8
2021-11-02 06:04:00 +0530,467227,49.7,40.4,48.4,28.8
2021-11-02 06:04:30 +0530,467228,47.8,39.9,48.42,28.8
2021-11-02 06:05:00 +0530,467229,47.0,39.6,48.46,28.8
2021-11-02 06:05:30 +0530,467230,43.4,38.6,48.35,28.8
2021-11-02 06:06:00 +0530,467231,45.2,40.4,48.4,28.79
2021-11-02 06:06:30 +0530,467232,49.6,39.9,48.44,28.78
2021-11-02 06:07:00 +0530,467233,48.9,40.2,48.47,28.78
2021-11-02 06:07:30 +0530,467234,43.8,39.1,48.47,28.78
2021-11-02 06:08:00 +0530,467235,45.0,39.6,48.57,28.78
2021-11-02 06:08:30 +0530,467236,46.8,39.9,48.57,28.78
2021-11-02 06:09:00 +0530,467237,47.5,40.4,48.6,28.77
2021-11-02 06:09:30 +0530,467238,49.2,41.6,48.6,28.77
2021-11-02 06:10:00 +0530,467239,47.1,39.1,48.57,28.77
2021-11-02 06:10:30 +0530,467240,48.6,41.2,48.57,28.76
2021-11-02 06:11:00 +0530,467241,49.3,41.7,48.66,28.76
2021-11-02 06:11:30 +0530,467242,49.6,41.2,48.7,28.76
2021-11-02 06:12:00 +0530,467243,48.1,41.8,48.77,28.75
2021-11-02 06:12:30 +0530,467244,50.1,41.6,48.83,28.74
2021-11-02 06:13:00 +0530,467245,52.1,43.9,48.8,28.74
2021-11-02 06:13:30 +0530,467246,48.3,43.2,48.8,28.73
2021-11-02 06:14:00 +0530,467247,54.2,45.1,48.83,28.72
2021-11-02 06:14:30 +0530,467248,51.8,46.4,48.87,28.72
2021-11-02 06:15:00 +0530,467249,50.9,44.6,48.8,28.7
2021-11-02 06:15:30 +0530,467250,51.4,43.4,48.8,28.7
2021-11-02 06:16:00 +0530,467251,47.4,41.8,48.73,28.69
2021-11-02 06:16:30 +0530,467252,47.7,41.1,48.83,28.69
2021-11-02 06:17:00 +0530,467253,47.7,41.4,48.87,28.68
2021-11-02 06:17:30 +0530,467254,52.1,41.9,48.97,28.67
2021-11-02 06:18:00 +0530,467255,52.6,42.1,49.04,28.65
2021-11-02 06:18:30 +0530,467256,50.8,41.1,49.0,28.67
2021-11-02 06:19:00 +0530,467257,53.7,43.8,48.87,28.67
2021-11-02 06:19:30 +0530,467258,55.2,42.9,48.9,28.65
2021-11-02 06:20:00 +0530,467259,55.2,42.9,48.9,28.65
2021-11-02 06:20:30 +0530,467260,57.3,39.1,49.24,28.54
2021-11-02 06:21:00 +0530,467261,62.6,41.9,49.18,28.56
2021-11-02 06:21:30 +0530,467262,49.0,41.6,49.11,28.57
2021-11-02 06:22:00 +0530,467263,51.2,41.8,49.11,28.59
2021-11-02 06:22:30 +0530,467264,54.6,43.8,48.98,28.6
2021-11-02 06:23:00 +0530,467265,53.1,43.7,49.01,28.6
2021-11-02 06:23:30 +0530,467266,50.4,43.4,49.01,28.61
2021-11-02 06:24:00 +0530,467267,49.5,43.8,49.01,28.61
2021-11-02 06:24:30 +0530,467268,47.9,42.8,48.98,28.62
2021-11-02 06:25:00 +0530,467269,48.3,42.2,48.95,28.62
2021-11-02 06:25:30 +0530,467270,50.7,42.1,48.95,28.64
2021-11-02 06:26:00 +0530,467271,49.6,39.4,49.11,28.6
2021-11-02 06:26:30 +0530,467272,53.1,43.4,49.11,28.62
2021-11-02 06:27:00 +0530,467273,51.0,45.1,49.08,28.62
2021-11-02 06:27:30 +0530,467274,52.3,44.1,49.01,28.64
2021-11-02 06:28:00 +0530,467275,54.2,44.7,49.11,28.65
2021-11-02 06:28:30 +0530,467276,51.4,45.8,49.14,28.65
2021-11-02 06:29:00 +0530,467277,50.4,44.9,49.14,28.65
2021-11-02 06:29:30 +0530,467278,50.7,45.4,49.14,28.65
2021-11-02 06:30:00 +0530,467279,58.9,50.3,49.0,28.64
2021-11-02 06:30:30 +0530,467280,55.5,49.4,48.98,28.62
2021-11-02 06:31:00 +0530,467281,63.2,52.4,48.95,28.61
2021-11-02 06:31:30 +0530,467282,56.4,50.2,49.18,28.61
2021-11-02 06:32:00 +0530,467283,63.3,50.1,49.21,28.6
2021-11-02 06:32:30 +0530,467284,55.3,49.2,49.18,28.59
2021-11-02 06:33:00 +0530,467285,56.7,48.7,49.21,28.58
2021-11-02 06:33:30 +0530,467286,56.4,49.1,49.28,28.57
2021-11-02 06:34:00 +0530,467287,53.6,47.8,49.34,28.56
2021-11-02 06:34:30 +0530,467288,53.7,48.1,49.34,28.55
2021-11-02 06:35:00 +0530,467289,58.4,52.2,49.34,28.56
2021-11-02 06:35:30 +0530,467290,60.0,53.8,49.34,28.55
2021-11-02 06:36:00 +0530,467291,61.3,54.7,49.38,28.55
2021-11-02 06:36:30 +0530,467292,61.4,55.4,49.44,28.55
2021-11-02 06:37:00 +0530,467293,62.2,55.5,49.38,28.55
2021-11-02 06:37:30 +0530,467294,61.6,55.2,49.41,28.55
2021-11-02 06:38:00 +0530,467295,58.6,50.6,49.76,28.45
2021-11-02 06:38:30 +0530,467296,63.4,56.9,49.78,28.46
2021-11-02 06:39:00 +0530,467297,64.1,56.7,49.75,28.47
2021-11-02 06:39:30 +0530,467298,51.9,46.7,49.76,28.44
2021-11-02 06:40:00 +0530,467299,61.0,51.1,49.78,28.48
2021-11-02 06:40:30 +0530,467300,61.0,51.1,49.78,28.48
2021-11-02 06:41:00 +0530,467301,54.0,45.7,49.99,28.4
2021-11-02 06:41:30 +0530,467302,53.6,46.3,49.85,28.43
2021-11-02 06:42:00 +0530,467303,52.1,43.1,49.85,28.41
2021-11-02 06:42:30 +0530,467304,52.0,40.8,49.95,28.43
2021-11-02 06:43:00 +0530,467305,44.8,40.0,49.92,28.43
2021-11-02 06:44:00 +0530,467307,63.8,45.6,49.92,28.46
2021-11-02 06:44:30 +0530,467308,52.5,43.4,49.95,28.46
2021-11-02 06:45:00 +0530,467306,69.5,50.4,49.85,28.48
2021-11-02 06:45:30 +0530,467309,73.8,47.9,49.82,28.49
2021-11-02 06:46:00 +0530,467310,61.8,44.3,49.75,28.52
2021-11-02 06:46:30 +0530,467311,55.8,38.9,49.75,28.52
2021-11-02 06:47:00 +0530,467312,58.8,39.8,49.82,28.54
2021-11-02 06:47:30 +0530,467313,49.5,39.2,49.82,28.56
2021-11-02 06:48:00 +0530,467314,50.1,38.2,49.68,28.58
2021-11-02 06:48:30 +0530,467315,48.9,38.9,49.68,28.59
2021-11-02 06:49:00 +0530,467316,51.5,37.2,49.65,28.6
2021-11-02 06:49:30 +0530,467317,51.4,38.4,49.55,28.61
2021-11-02 06:50:00 +0530,467318,54.5,37.1,49.55,28.62
2021-11-02 06:50:30 +0530,467319,51.1,36.6,49.51,28.62
2021-11-02 06:51:00 +0530,467320,50.5,37.2,49.71,28.64
2021-11-02 06:51:30 +0530,467321,47.6,36.3,49.71,28.65
2021-11-02 06:52:00 +0530,467322,49.2,36.5,49.7,28.65
2021-11-02 06:52:30 +0530,467323,47.1,35.8,49.7,28.67
2021-11-02 06:53:00 +0530,467324,42.8,35.2,49.81,28.68
2021-11-02 06:53:30 +0530,467325,46.0,34.9,49.64,28.68
2021-11-02 06:54:00 +0530,467326,46.2,35.7,49.64,28.68
2021-11-02 06:54:30 +0530,467327,46.2,35.7,49.64,28.68
2021-11-02 06:55:00 +0530,467328,39.2,32.6,49.98,28.56
2021-11-02 06:55:30 +0530,467329,35.0,31.4,50.02,28.55
2021-11-02 06:56:00 +0530,467330,41.7,29.9,50.02,28.54
2021-11-02 06:56:30 +0530,467331,49.5,35.0,50.02,28.56
2021-11-02 06:57:00 +0530,467332,33.9,28.5,50.08,28.55
2021-11-02 06:57:30 +0530,467333,41.4,34.1,49.98,28.57
2021-11-02 06:58:00 +0530,467334,38.9,33.2,49.95,28.57
2021-11-02 06:58:30 +0530,467335,36.7,32.7,49.95,28.56
2021-11-02 06:59:00 +0530,467336,39.2,32.9,50.02,28.56
2021-11-02 06:59:30 +0530,467337,39.4,32.9,50.15,28.56
2021-11-02 07:00:00 +0530,467338,42.9,33.6,50.15,28.56
2021-11-02 07:00:30 +0530,467339,39.7,32.3,50.15,28.56
2021-11-02 07:01:00 +0530,467340,38.6,32.7,50.08,28.56
2021-11-02 07:01:30 +0530,467341,39.0,32.4,50.08,28.55
2021-11-02 07:02:00 +0530,467342,36.1,32.2,50.15,28.54
2021-11-02 07:02:30 +0530,467343,29.7,26.7,50.32,28.5
2021-11-02 07:03:00 +0530,467344,37.9,31.2,50.32,28.5
2021-11-02 07:03:30 +0530,467345,39.0,30.6,50.18,28.52
2021-11-02 07:04:00 +0530,467346,36.9,31.2,50.21,28.52
2021-11-02 07:04:30 +0530,467347,43.5,28.6,50.32,28.5
2021-11-02 07:05:00 +0530,467348,37.4,30.8,50.25,28.52
2021-11-02 07:05:30 +0530,467349,39.3,30.1,50.18,28.54
2021-11-02 07:06:00 +0530,467350,34.3,30.6,50.25,28.55
2021-11-02 07:06:30 +0530,467351,36.1,31.3,50.28,28.56
2021-11-02 07:07:00 +0530,467352,38.6,31.2,50.21,28.57
2021-11-02 07:07:30 +0530,467353,34.4,30.0,50.18,28.58
2021-11-02 07:08:00 +0530,467354,33.6,30.0,50.15,28.59
2021-11-02 07:08:30 +0530,467355,34.7,29.9,50.18,28.59
2021-11-02 07:09:00 +0530,467356,38.5,29.9,50.25,28.59
2021-11-02 07:09:30 +0530,467357,38.5,30.5,50.28,28.59
2021-11-02 07:10:00 +0530,467358,40.8,30.8,50.32,28.6
2021-11-02 07:10:30 +0530,467359,32.9,27.9,50.38,28.57
2021-11-02 07:11:00 +0530,467360,35.7,31.8,50.35,28.59
2021-11-02 07:11:30 +0530,467361,37.7,31.4,50.32,28.62
2021-11-02 07:12:00 +0530,467362,36.0,29.6,50.25,28.64
2021-11-02 07:12:30 +0530,467363,29.5,26.6,50.32,28.61
2021-11-02 07:13:00 +0530,467364,32.2,26.4,50.38,28.61
2021-11-02 07:13:30 +0530,467365,33.2,26.7,50.35,28.62
2021-11-02 07:14:00 +0530,467366,32.8,27.9,50.52,28.54
2021-11-02 07:14:30 +0530,467367,33.4,26.9,50.55,28.54
2021-11-02 07:15:00 +0530,467368,30.6,27.4,50.52,28.53
2021-11-02 07:15:30 +0530,467369,34.5,30.4,50.49,28.55
2021-11-02 07:16:00 +0530,467370,33.5,29.9,50.45,28.57
2021-11-02 07:16:30 +0530,467371,34.5,29.7,50.52,28.59
2021-11-02 07:17:00 +0530,467372,36.2,29.9,50.49,28.6
2021-11-02 07:17:30 +0530,467373,44.7,31.2,50.52,28.62
2021-11-02 07:18:00 +0530,467374,41.0,29.1,50.49,28.64
2021-11-02 07:18:30 +0530,467375,35.7,30.4,50.51,28.65
2021-11-02 07:19:00 +0530,467376,39.3,30.2,50.47,28.68
2021-11-02 07:19:30 +0530,467377,38.5,30.9,50.51,28.69
2021-11-02 07:20:00 +0530,467378,35.7,30.4,50.44,28.7
2021-11-02 07:20:30 +0530,467379,34.2,29.8,50.47,28.72
2021-11-02 07:21:00 +0530,467380,39.2,30.6,50.44,28.73
2021-11-02 07:21:30 +0530,467381,32.0,26.2,50.54,28.72
2021-11-02 07:22:00 +0530,467382,38.6,30.6,50.47,28.74
2021-11-02 07:22:30 +0530,467383,35.7,29.9,50.41,28.75
2021-11-02 07:23:00 +0530,467384,39.0,30.6,50.44,28.76
2021-11-02 07:23:30 +0530,467385,34.3,28.4,50.54,28.75
2021-11-02 07:24:00 +0530,467386,38.0,30.9,50.47,28.77
2021-11-02 07:24:30 +0530,467387,41.0,30.4,50.4,28.8
2021-11-02 07:25:00 +0530,467388,39.5,32.3,50.47,28.83
2021-11-02 07:25:30 +0530,467389,39.5,32.3,50.47,28.83
2021-11-02 07:26:00 +0530,467390,36.2,28.4,50.92,28.68
2021-11-02 07:26:30 +0530,467391,33.0,25.9,50.85,28.7
2021-11-02 07:27:00 +0530,467392,35.4,30.6,50.68,28.75
2021-11-02 07:27:30 +0530,467393,39.0,31.7,50.51,28.79
2021-11-02 07:28:00 +0530,467394,41.5,31.9,50.56,28.83
2021-11-02 07:28:30 +0530,467395,42.0,28.3,50.63,28.85
2021-11-02 07:29:00 +0530,467396,46.9,32.2,50.43,28.87
2021-11-02 07:29:30 +0530,467397,33.0,27.2,50.5,28.86
2021-11-02 07:30:00 +0530,467398,41.3,31.4,50.4,28.88
2021-11-02 07:30:30 +0530,467399,37.9,31.3,50.34,28.9
2021-11-02 07:31:00 +0530,467400,40.3,31.2,50.37,28.92
2021-11-02 07:31:30 +0530,467401,42.0,31.4,50.34,28.92
2021-11-02 07:32:00 +0530,467402,42.4,31.7,50.37,28.94
2021-11-02 07:32:30 +0530,467403,42.5,31.3,50.37,28.95
2021-11-02 07:33:00 +0530,467404,42.5,31.7,50.4,28.98
2021-11-02 07:33:30 +0530,467405,40.1,30.7,50.4,28.99
2021-11-02 07:34:00 +0530,467406,33.9,30.2,50.4,29.0
2021-11-02 07:34:30 +0530,467407,34.4,26.6,50.53,29.0
2021-11-02 07:35:00 +0530,467408,37.6,31.4,50.53,29.02
2021-11-02 07:35:30 +0530,467409,38.7,32.0,50.53,29.04
2021-11-02 07:36:00 +0530,467410,37.1,31.5,50.5,29.06
2021-11-02 07:36:30 +0530,467411,34.6,30.8,50.53,29.07
2021-11-02 07:37:00 +0530,467412,35.1,31.2,50.53,29.08
2021-11-02 07:37:30 +0530,467413,39.6,30.8,50.56,29.09
2021-11-02 07:38:00 +0530,467414,37.1,30.8,50.59,29.09
2021-11-02 07:38:30 +0530,467415,38.5,31.3,50.66,29.09
2021-11-02 07:39:00 +0530,467416,38.6,31.4,50.66,29.12
2021-11-02 07:39:30 +0530,467417,37.7,31.1,50.72,29.12
2021-11-02 07:40:00 +0530,467418,37.5,31.6,50.72,29.13
2021-11-02 07:40:30 +0530,467419,34.6,30.8,50.72,29.13
2021-11-02 07:41:00 +0530,467420,34.8,30.2,50.79,29.14
2021-11-02 07:41:30 +0530,467421,35.4,30.6,50.79,29.14
2021-11-02 07:42:00 +0530,467422,28.6,25.8,50.89,29.11
2021-11-02 07:42:30 +0530,467423,37.2,31.8,50.93,29.14
2021-11-02 07:43:00 +0530,467424,42.3,32.1,50.96,29.15
2021-11-02 07:43:30 +0530,467425,35.5,30.6,51.02,29.16
2021-11-02 07:44:00 +0530,467426,35.3,31.4,50.99,29.17
2021-11-02 07:44:30 +0530,467427,37.5,31.8,50.99,29.17
2021-11-02 07:45:00 +0530,467428,35.1,31.4,50.99,29.19
2021-11-02 07:45:30 +0530,467429,38.0,31.6,50.99,29.2
2021-11-02 07:46:00 +0530,467430,37.9,33.8,50.99,29.21
2021-11-02 07:46:30 +0530,467431,42.2,31.9,51.02,29.21
2021-11-02 07:47:00 +0530,467432,37.8,31.2,50.99,29.23
2021-11-02 07:47:30 +0530,467433,37.7,30.6,50.92,29.27
2021-11-02 07:48:00 +0530,467434,29.6,26.5,50.99,29.27
2021-11-02 07:48:30 +0530,467435,37.5,32.6,50.92,29.3
2021-11-02 07:49:00 +0530,467436,36.0,32.1,50.92,29.3
2021-11-02 07:49:30 +0530,467437,34.5,29.8,51.5,29.19
2021-11-02 07:50:00 +0530,467438,34.1,26.9,51.36,29.21
2021-11-02 07:50:30 +0530,467439,37.5,32.7,51.16,29.27
2021-11-02 07:51:00 +0530,467440,42.3,30.2,51.23,29.28
2021-11-02 07:51:30 +0530,467441,37.4,33.4,51.19,29.33
2021-11-02 07:52:00 +0530,467442,36.6,31.9,51.18,29.36
2021-11-02 07:52:30 +0530,467443,34.1,28.9,51.15,29.35
2021-11-02 07:53:00 +0530,467444,42.9,33.1,50.98,29.41
2021-11-02 07:53:30 +0530,467445,38.2,30.1,51.08,29.43
2021-11-02 07:54:00 +0530,467446,32.7,27.7,51.22,29.44
2021-11-02 07:54:30 +0530,467447,37.3,32.4,51.17,29.49
2021-11-02 07:55:00 +0530,467448,37.0,31.9,51.21,29.53
2021-11-02 07:55:30 +0530,467449,37.6,32.2,51.21,29.58
2021-11-02 07:56:00 +0530,467450,38.9,31.8,51.01,29.61
2021-11-02 07:56:30 +0530,467451,41.6,31.4,50.98,29.64
2021-11-02 07:57:00 +0530,467452,46.9,27.4,51.11,29.65
2021-11-02 07:57:30 +0530,467453,40.8,32.0,51.14,29.67
2021-11-02 07:58:00 +0530,467454,38.4,31.9,51.21,29.72
2021-11-02 07:58:30 +0530,467455,33.3,29.8,51.21,29.75
2021-11-02 07:59:00 +0530,467456,34.5,30.8,51.17,29.8
2021-11-02 07:59:30 +0530,467457,33.7,30.0,51.19,29.85
2021-11-02 08:00:00 +0530,467458,36.3,30.4,51.26,29.9
2021-11-02 08:00:30 +0530,467459,37.6,30.2,51.23,29.93
2021-11-02 08:01:00 +0530,467460,39.8,31.1,51.13,30.0
2021-11-02 08:01:30 +0530,467461,38.2,31.4,51.05,30.05
2021-11-02 08:02:00 +0530,467462,38.3,31.3,51.05,30.05
2021-11-02 08:02:30 +0530,467463,32.2,27.3,51.29,30.06
2021-11-02 08:03:00 +0530,467464,33.1,27.8,51.25,30.07
2021-11-02 08:03:30 +0530,467465,32.8,26.7,51.53,30.06
2021-11-02 08:04:00 +0530,467466,40.7,31.6,51.22,30.16
2021-11-02 08:04:30 +0530,467467,36.0,29.6,51.14,30.26
2021-11-02 08:05:00 +0530,467468,42.1,26.5,51.01,30.35
2021-11-02 08:05:30 +0530,467469,34.9,30.8,50.7,30.42
2021-11-02 08:06:00 +0530,467470,34.5,30.6,50.77,30.49
2021-11-02 08:06:30 +0530,467471,35.6,30.2,51.06,30.56
2021-11-02 08:07:00 +0530,467472,36.5,30.4,51.1,30.62
2021-11-02 08:07:30 +0530,467473,39.4,30.6,50.86,30.67
2021-11-02 08:08:00 +0530,467474,36.3,29.7,50.96,30.7
2021-11-02 08:08:30 +0530,467475,35.4,31.0,50.98,30.74
2021-11-02 08:09:00 +0530,467476,41.5,31.3,50.98,30.76
2021-11-02 08:09:30 +0530,467477,40.6,32.2,51.09,30.78
2021-11-02 08:10:00 +0530,467478,35.8,30.4,51.05,30.8
2021-11-02 08:10:30 +0530,467479,31.4,28.1,51.26,30.79
2021-11-02 08:11:00 +0530,467480,39.0,30.3,51.53,30.79
2021-11-02 08:11:30 +0530,467481,39.2,31.4,51.59,30.79
2021-11-02 08:12:00 +0530,467482,35.3,31.6,51.36,30.79
2021-11-02 08:12:30 +0530,467483,42.2,32.9,51.29,30.8
2021-11-02 08:13:00 +0530,467484,38.6,31.9,51.12,30.81
2021-11-02 08:13:30 +0530,467485,38.9,31.7,51.09,30.82
2021-11-02 08:14:00 +0530,467486,44.0,30.0,51.23,30.83
2021-11-02 08:14:30 +0530,467487,45.3,32.2,51.32,30.85
2021-11-02 08:15:00 +0530,467488,49.0,29.8,51.39,30.87
2021-11-02 08:15:30 +0530,467489,33.3,26.9,51.35,30.9
2021-11-02 08:16:00 +0530,467490,47.0,32.8,51.25,30.96
2021-11-02 08:16:30 +0530,467491,47.2,32.4,51.28,31.02
2021-11-02 08:17:00 +0530,467492,42.3,31.6,51.32,31.02
2021-11-02 08:17:30 +0530,467493,42.3,31.6,51.32,31.02
2021-11-02 08:18:00 +0530,467494,30.1,26.7,51.69,31.02
2021-11-02 08:18:30 +0530,467495,34.9,30.4,51.75,31.02
2021-11-02 08:19:00 +0530,467496,31.6,26.9,51.82,31.04
2021-11-02 08:19:30 +0530,467497,31.9,26.8,51.88,31.04
2021-11-02 08:20:00 +0530,467498,35.5,30.3,51.79,31.07
2021-11-02 08:20:30 +0530,467499,35.4,30.0,51.72,31.11
2021-11-02 08:21:00 +0530,467500,33.1,29.8,51.75,31.14
2021-11-02 08:21:30 +0530,467501,34.4,30.7,51.85,31.16
2021-11-02 08:22:00 +0530,467502,36.8,30.2,51.85,31.2
2021-11-02 08:22:30 +0530,467503,35.4,30.4,51.67,31.22
2021-11-02 08:23:00 +0530,467504,37.8,31.2,51.27,31.24
2021-11-02 08:23:30 +0530,467505,33.1,28.3,50.72,31.26
2021-11-02 08:24:00 +0530,467506,29.4,25.7,50.76,31.23
2021-11-02 08:24:30 +0530,467507,36.1,30.8,50.72,31.21
2021-11-02 08:25:00 +0530,467508,33.5,30.0,50.81,31.2
2021-11-02 08:25:30 +0530,467509,33.6,30.3,51.04,31.19
2021-11-02 08:26:00 +0530,467510,32.4,29.2,51.14,31.16
2021-11-02 08:26:30 +0530,467511,35.5,31.7,51.17,31.15
2021-11-02 08:27:00 +0530,467512,34.4,30.3,51.21,31.16
2021-11-02 08:27:30 +0530,467513,34.6,30.8,51.21,31.19
2021-11-02 08:28:00 +0530,467514,31.9,28.7,51.24,31.2
2021-11-02 08:28:30 +0530,467515,34.6,30.8,51.27,31.22
2021-11-02 08:29:00 +0530,467516,35.9,32.1,51.3,31.23
2021-11-02 08:29:30 +0530,467517,40.2,32.8,51.4,31.24
2021-11-02 08:30:00 +0530,467518,39.0,31.8,51.54,31.25
2021-11-02 08:30:30 +0530,467519,34.1,29.7,51.43,31.27
2021-11-02 08:31:00 +0530,467520,33.7,30.0,51.2,31.28
2021-11-02 08:31:30 +0530,467521,34.9,31.1,51.0,31.29
2021-11-02 08:32:00 +0530,467522,34.4,30.9,51.2,31.3
2021-11-02 08:32:30 +0530,467523,34.2,30.6,51.0,31.3
2021-11-02 08:33:00 +0530,467524,29.7,26.2,51.17,31.27
2021-11-02 08:33:30 +0530,467525,33.6,30.1,51.33,31.28
2021-11-02 08:34:00 +0530,467526,30.6,27.4,51.3,31.28
2021-11-02 08:34:30 +0530,467527,29.2,26.2,51.37,31.28
2021-11-02 08:35:00 +0530,467528,33.4,29.8,51.43,31.27
2021-11-02 08:35:30 +0530,467529,31.1,28.0,51.57,31.28
2021-11-02 08:36:00 +0530,467530,28.2,24.8,51.71,31.26
2021-11-02 08:36:30 +0530,467531,36.3,31.6,51.54,31.3
2021-11-02 08:37:00 +0530,467532,30.4,27.1,51.67,31.3
2021-11-02 08:37:30 +0530,467533,33.5,30.2,51.47,31.33
2021-11-02 08:38:00 +0530,467534,33.8,30.3,51.37,31.34
2021-11-02 08:38:30 +0530,467535,34.1,30.4,51.43,31.34
2021-11-02 08:39:00 +0530,467536,34.4,30.9,51.37,31.33
2021-11-02 08:39:30 +0530,467537,34.1,30.9,51.37,31.33
2021-11-02 08:40:00 +0530,467538,35.3,31.7,51.47,31.33
2021-11-02 08:40:30 +0530,467539,31.8,25.5,51.74,31.29
2021-11-02 08:41:00 +0530,467540,33.5,30.0,51.71,31.29
2021-11-02 08:41:30 +0530,467541,38.6,31.3,51.81,31.31
2021-11-02 08:42:00 +0530,467542,35.7,30.9,51.99,31.34
2021-11-02 08:42:30 +0530,467543,35.5,31.1,52.07,31.4
2021-11-02 08:43:00 +0530,467544,33.2,29.6,51.7,31.44
2021-11-02 08:43:30 +0530,467545,37.2,30.2,51.5,31.48
2021-11-02 08:44:00 +0530,467546,33.3,29.8,51.26,31.52
2021-11-02 08:44:30 +0530,467547,35.5,30.7,50.92,31.56
2021-11-02 08:45:00 +0530,467548,34.6,30.8,50.92,31.57
2021-11-02 08:45:30 +0530,467549,31.5,28.1,51.04,31.58
2021-11-02 08:46:00 +0530,467550,35.0,31.4,50.85,31.6
2021-11-02 08:46:30 +0530,467551,35.1,31.5,50.85,31.6
2021-11-02 08:47:00 +0530,467552,37.1,27.3,51.09,31.51
2021-11-02 08:47:30 +0530,467553,31.5,27.1,50.92,31.5
2021-11-02 08:48:00 +0530,467554,33.4,30.2,50.45,31.52
2021-11-02 08:48:30 +0530,467555,35.4,30.1,50.38,31.53
2021-11-02 08:49:00 +0530,467556,30.2,27.2,50.59,31.52
2021-11-02 08:49:30 +0530,467557,30.7,27.7,50.79,31.5
2021-11-02 08:50:00 +0530,467558,33.5,30.0,50.69,31.52
2021-11-02 08:50:30 +0530,467559,32.6,29.1,50.69,31.53
2021-11-02 08:51:00 +0530,467560,32.7,28.9,50.62,31.53
2021-11-02 08:51:30 +0530,467561,33.6,30.1,50.3,31.55
2021-11-02 08:52:00 +0530,467562,34.1,30.7,50.24,31.54
2021-11-02 08:52:30 +0530,467563,35.1,31.3,50.25,31.53
2021-11-02 08:53:00 +0530,467564,34.1,28.3,50.28,31.51
2021-11-02 08:53:30 +0530,467565,33.4,30.0,50.18,31.52
2021-11-02 08:54:00 +0530,467566,42.9,31.3,50.11,31.52
2021-11-02 08:54:30 +0530,467567,42.7,31.5,50.05,31.52
2021-11-02 08:55:00 +0530,467568,38.1,30.6,50.08,31.52
2021-11-02 08:55:30 +0530,467569,37.0,24.7,50.14,31.49
2021-11-02 08:56:00 +0530,467570,35.8,30.9,50.14,31.48
2021-11-02 08:56:30 +0530,467571,35.3,30.9,50.11,31.46
2021-11-02 08:57:00 +0530,467572,37.0,31.1,50.28,31.45
2021-11-02 08:57:30 +0530,467573,35.0,31.2,50.25,31.43
2021-11-02 08:58:00 +0530,467574,35.0,31.2,50.25,31.43
2021-11-02 08:58:30 +0530,467575,40.2,26.7,50.79,31.22
2021-11-02 08:59:00 +0530,467576,29.5,26.6,50.76,31.23
2021-11-02 08:59:30 +0530,467577,36.9,31.7,50.83,31.25
2021-11-02 09:00:00 +0530,467578,39.7,32.1,50.79,31.28
2021-11-02 09:00:30 +0530,467579,37.0,31.7,50.89,31.31
2021-11-02 09:01:00 +0530,467580,34.5,30.9,50.69,31.34
2021-11-02 09:01:30 +0530,467581,34.8,27.1,50.79,31.31
2021-11-02 09:02:00 +0530,467582,35.1,31.3,50.79,31.31
2021-11-02 09:02:30 +0530,467583,35.8,31.2,50.76,31.34
2021-11-02 09:03:00 +0530,467584,31.4,28.2,50.83,31.34
2021-11-02 09:03:30 +0530,467585,34.4,30.8,50.76,31.36
2021-11-02 09:04:00 +0530,467586,34.6,31.1,50.62,31.38
2021-11-02 09:04:30 +0530,467587,34.3,30.9,50.62,31.38
2021-11-02 09:05:00 +0530,467588,37.4,26.4,50.96,31.24
2021-11-02 09:05:30 +0530,467589,34.5,30.8,50.63,31.28
2021-11-02 09:06:00 +0530,467590,38.7,32.3,50.63,31.31
2021-11-02 09:06:30 +0530,467591,35.8,31.6,50.66,31.35
2021-11-02 09:07:00 +0530,467592,38.7,32.4,50.82,31.41
2021-11-02 09:07:30 +0530,467593,35.3,31.4,50.69,31.44
2021-11-02 09:08:00 +0530,467594,34.7,31.0,50.31,31.48
2021-11-02 09:08:30 +0530,467595,34.7,31.2,50.18,31.49
2021-11-02 09:09:00 +0530,467596,30.7,27.8,50.25,31.48
2021-11-02 09:09:30 +0530,467597,35.4,31.9,50.25,31.46
2021-11-02 09:10:00 +0530,467598,36.8,31.3,50.31,31.45
2021-11-02 09:10:30 +0530,467599,35.2,31.4,50.41,31.44
2021-11-02 09:11:00 +0530,467600,35.1,31.4,50.28,31.42
2021-11-02 09:11:30 +0530,467601,37.2,31.5,50.25,31.38
2021-11-02 09:12:00 +0530,467602,34.4,30.8,50.29,31.35
2021-11-02 09:12:30 +0530,467603,36.8,33.0,50.32,31.33
2021-11-02 09:13:00 +0530,467604,36.5,32.5,50.39,31.29
2021-11-02 09:13:30 +0530,467605,36.0,32.1,50.56,31.27
2021-11-02 09:14:00 +0530,467606,40.0,32.8,50.83,31.27
2021-11-02 09:14:30 +0530,467607,45.3,33.8,50.89,31.26
2021-11-02 09:15:00 +0530,467608,37.9,33.4,50.69,31.25
2021-11-02 09:15:30 +0530,467609,33.2,29.8,50.83,31.23
2021-11-02 09:16:00 +0530,467610,37.5,33.4,50.79,31.24
2021-11-02 09:16:30 +0530,467611,36.8,29.8,50.89,31.23
2021-11-02 09:17:00 +0530,467612,35.6,31.8,50.79,31.24
2021-11-02 09:17:30 +0530,467613,38.6,33.2,50.89,31.25
2021-11-02 09:18:00 +0530,467614,31.1,27.8,50.89,31.25
2021-11-02 09:18:30 +0530,467615,37.0,31.7,50.69,31.25
2021-11-02 09:19:00 +0530,467616,41.2,28.6,50.86,31.24
2021-11-02 09:19:30 +0530,467617,36.4,32.4,51.0,31.25
2021-11-02 09:20:00 +0530,467618,40.5,32.5,50.72,31.26
2021-11-02 09:20:30 +0530,467619,39.7,32.9,50.66,31.28
2021-11-02 09:21:00 +0530,467620,39.5,33.1,50.76,31.3
2021-11-02 09:21:30 +0530,467621,41.4,33.6,50.72,31.31
2021-11-02 09:22:00 +0530,467622,41.6,33.7,50.79,31.31
2021-11-02 09:22:30 +0530,467623,35.0,28.4,51.13,31.3
2021-11-02 09:23:00 +0530,467624,38.7,34.1,51.0,31.33
2021-11-02 09:23:30 +0530,467625,40.2,34.1,51.03,31.35
2021-11-02 09:24:00 +0530,467626,37.0,33.1,50.86,31.37
2021-11-02 09:24:30 +0530,467627,32.8,29.4,50.93,31.36
2021-11-02 09:25:00 +0530,467628,37.1,33.2,50.66,31.37
2021-11-02 09:25:30 +0530,467629,36.3,32.3,50.85,31.37
2021-11-02 09:26:00 +0530,467630,38.9,33.4,50.79,31.37
2021-11-02 09:26:30 +0530,467631,35.3,30.8,50.93,31.34
2021-11-02 09:27:00 +0530,467632,37.1,33.3,50.72,31.34
2021-11-02 09:27:30 +0530,467633,36.9,33.3,50.79,31.33
2021-11-02 09:28:00 +0530,467634,37.4,33.3,50.93,31.31
2021-11-02 09:28:30 +0530,467635,40.5,34.3,51.2,31.33
2021-11-02 09:29:00 +0530,467636,53.9,35.5,51.37,31.35
2021-11-02 09:29:30 +0530,467637,45.5,34.9,51.3,31.4
2021-11-02 09:30:00 +0530,467638,40.3,33.3,51.33,31.43
2021-11-02 09:30:30 +0530,467639,39.2,34.1,51.4,31.48
2021-11-02 09:31:00 +0530,467640,39.8,33.2,50.95,31.52
2021-11-02 09:31:30 +0530,467641,37.1,33.0,50.82,31.56
2021-11-02 09:32:00 +0530,467642,41.6,34.0,50.88,31.59
2021-11-02 09:32:30 +0530,467643,39.4,34.3,50.85,31.63
2021-11-02 09:33:00 +0530,467644,36.7,29.7,50.85,31.65
2021-11-02 09:33:30 +0530,467645,41.5,34.2,50.75,31.69
2021-11-02 09:34:00 +0530,467646,41.0,34.1,50.54,31.72
2021-11-02 09:34:30 +0530,467647,36.4,30.7,50.67,31.74
2021-11-02 09:35:00 +0530,467648,39.6,34.3,50.33,31.78
2021-11-02 09:35:30 +0530,467649,41.1,34.1,50.33,31.8
2021-11-02 09:36:00 +0530,467650,38.6,34.4,50.43,31.82
2021-11-02 09:36:30 +0530,467651,36.5,32.6,50.23,31.85
2021-11-02 09:37:00 +0530,467652,37.7,33.7,50.09,31.86
2021-11-02 09:37:30 +0530,467653,42.0,34.1,49.99,31.86
2021-11-02 09:38:00 +0530,467654,31.8,28.4,50.23,31.83
2021-11-02 09:38:30 +0530,467655,35.5,31.9,49.99,31.83
2021-11-02 09:39:00 +0530,467656,36.6,32.7,50.09,31.82
2021-11-02 09:39:30 +0530,467657,36.8,32.9,50.13,31.81
2021-11-02 09:40:00 +0530,467658,37.4,33.4,50.16,31.8
2021-11-02 09:40:30 +0530,467659,40.9,33.9,50.23,31.8
2021-11-02 09:41:00 +0530,467660,39.3,35.1,50.3,31.82
2021-11-02 09:41:30 +0530,467661,39.2,34.9,50.37,31.84
2021-11-02 09:42:00 +0530,467662,46.9,35.8,50.57,31.86
2021-11-02 09:42:30 +0530,467663,38.7,34.7,50.47,31.88
2021-11-02 09:43:00 +0530,467664,37.1,33.1,50.25,31.89
2021-11-02 09:43:30 +0530,467665,40.3,34.2,50.25,31.9
2021-11-02 09:44:00 +0530,467666,38.4,34.1,50.25,31.9
2021-11-02 09:44:30 +0530,467667,37.5,33.4,50.29,31.89
2021-11-02 09:45:00 +0530,467668,38.6,34.4,50.43,31.88
2021-11-02 09:45:30 +0530,467669,38.8,34.7,50.47,31.88
2021-11-02 09:46:00 +0530,467670,42.3,37.8,50.33,31.87
2021-11-02 09:46:30 +0530,467671,39.9,35.3,50.37,31.86
2021-11-02 09:47:00 +0530,467672,40.3,35.9,50.37,31.85
2021-11-02 09:47:30 +0530,467673,40.5,35.8,50.5,31.82
2021-11-02 09:48:00 +0530,467674,41.8,37.4,50.67,31.81
2021-11-02 09:48:30 +0530,467675,38.5,34.5,50.74,31.8
2021-11-02 09:49:00 +0530,467676,41.5,35.7,50.81,31.8
2021-11-02 09:49:30 +0530,467677,48.0,36.9,50.91,31.79
2021-11-02 09:50:00 +0530,467678,44.7,35.3,50.94,31.8
2021-11-02 09:50:30 +0530,467679,45.7,35.7,50.91,31.81
2021-11-02 09:51:00 +0530,467680,52.6,34.4,51.08,31.8
2021-11-02 09:51:30 +0530,467681,53.7,34.9,51.11,31.82
2021-11-02 09:52:00 +0530,467682,59.9,37.9,51.14,31.86
2021-11-02 09:52:30 +0530,467683,48.7,36.9,50.97,31.94
2021-11-02 09:53:00 +0530,467684,43.1,36.1,50.97,31.99
2021-11-02 09:53:30 +0530,467685,48.3,36.3,50.83,32.07
2021-11-02 09:54:00 +0530,467686,41.3,35.2,50.62,32.13
2021-11-02 09:54:30 +0530,467687,39.1,34.2,50.42,32.17
2021-11-02 09:55:00 +0530,467688,37.8,33.7,50.31,32.22
2021-11-02 09:55:30 +0530,467689,37.5,33.6,50.3,32.27
2021-11-02 09:56:00 +0530,467690,37.9,33.9,50.04,32.3
2021-11-02 09:56:30 +0530,467691,40.3,34.1,50.11,32.35
2021-11-02 09:57:00 +0530,467692,36.6,32.6,50.23,32.41
2021-11-02 09:57:30 +0530,467693,47.0,35.7,50.13,32.46
2021-11-02 09:58:00 +0530,467694,41.3,34.1,49.96,32.53
2021-11-02 09:58:30 +0530,467695,34.1,29.8,49.85,32.58
2021-11-02 09:59:00 +0530,467696,37.4,33.4,49.71,32.64
2021-11-02 09:59:30 +0530,467697,40.4,33.2,49.44,32.72
2021-11-02 10:00:00 +0530,467698,46.2,33.1,49.37,32.79
2021-11-02 10:00:30 +0530,467699,38.9,33.1,49.26,32.85
2021-11-02 10:01:00 +0530,467700,38.3,32.1,49.08,32.9
2021-11-02 10:01:30 +0530,467701,34.6,31.1,48.85,32.97
2021-11-02 10:02:00 +0530,467702,37.4,28.1,48.85,33.0
2021-11-02 10:02:30 +0530,467703,33.1,27.8,48.85,33.03
2021-11-02 10:03:00 +0530,467704,30.1,27.1,48.68,33.06
2021-11-02 10:03:30 +0530,467705,31.2,28.0,48.68,33.06
2021-11-02 10:04:00 +0530,467706,38.3,27.1,49.25,32.99
2021-11-02 10:04:30 +0530,467707,38.3,27.1,49.25,32.99
2021-11-02 10:05:00 +0530,467708,32.6,28.7,48.95,33.02
2021-11-02 10:05:30 +0530,467709,36.4,28.0,48.84,33.09
2021-11-02 10:06:00 +0530,467710,43.5,33.8,48.6,33.18
2021-11-02 10:06:30 +0530,467711,48.4,33.1,48.56,33.27
2021-11-02 10:07:00 +0530,467712,29.1,26.0,48.39,33.31
2021-11-02 10:07:30 +0530,467713,32.4,28.9,47.98,33.35
2021-11-02 10:08:00 +0530,467714,34.0,28.9,47.74,33.36
2021-11-02 10:08:30 +0530,467715,33.1,29.3,47.44,33.36
2021-11-02 10:09:00 +0530,467716,35.1,29.7,47.27,33.33
2021-11-02 10:09:30 +0530,467717,35.2,30.1,47.47,33.31
2021-11-02 10:10:00 +0530,467718,57.1,33.1,47.71,33.3
2021-11-02 10:10:30 +0530,467719,42.2,30.6,47.64,33.29
2021-11-02 10:11:01 +0530,467720,42.2,30.6,47.64,33.29
2021-11-02 10:11:30 +0530,467721,36.6,27.2,47.72,33.16
2021-11-02 10:12:00 +0530,467722,28.7,25.6,47.76,33.15
2021-11-02 10:12:30 +0530,467723,41.0,30.5,47.89,33.16
2021-11-02 10:13:00 +0530,467724,64.0,29.2,47.38,33.15
2021-11-02 10:13:30 +0530,467725,30.1,26.9,47.31,33.12
2021-11-02 10:14:00 +0530,467726,30.2,27.1,47.49,33.07
2021-11-02 10:14:30 +0530,467727,31.4,27.4,47.59,33.03
2021-11-02 10:15:00 +0530,467728,30.9,27.6,47.7,32.99
2021-11-02 10:15:30 +0530,467729,29.7,26.6,48.0,32.91
2021-11-02 10:16:00 +0530,467730,32.4,28.9,48.12,32.87
2021-11-02 10:16:30 +0530,467731,32.1,28.8,48.01,32.85
2021-11-02 10:17:00 +0530,467732,32.8,29.2,48.21,32.84
2021-11-02 10:17:30 +0530,467733,32.2,28.8,48.28,32.81
2021-11-02 10:18:00 +0530,467734,27.7,24.9,48.45,32.76
2021-11-02 10:18:30 +0530,467735,32.6,29.3,48.5,32.74
2021-11-02 10:19:00 +0530,467736,32.5,29.1,48.63,32.72
2021-11-02 10:19:30 +0530,467737,33.1,29.6,48.8,32.73
2021-11-02 10:20:00 +0530,467738,36.1,32.6,48.83,32.73
2021-11-02 10:20:30 +0530,467739,35.6,31.8,48.9,32.72
2021-11-02 10:21:00 +0530,467740,34.9,31.3,49.04,32.71
2021-11-02 10:21:30 +0530,467741,34.7,31.3,49.14,32.71
2021-11-02 10:22:00 +0530,467742,34.1,30.7,49.07,32.7
2021-11-02 10:22:30 +0530,467743,39.6,35.6,49.07,32.69
2021-11-02 10:23:00 +0530,467744,37.0,33.3,49.14,32.67
2021-11-02 10:23:30 +0530,467745,37.3,33.4,49.31,32.64
2021-11-02 10:24:00 +0530,467746,34.6,31.5,49.51,32.61
2021-11-02 10:24:30 +0530,467747,36.8,33.4,49.54,32.59
2021-11-02 10:25:00 +0530,467748,37.6,33.7,49.34,32.59
2021-11-02 10:25:30 +0530,467749,42.0,37.9,49.4,32.6
2021-11-02 10:26:00 +0530,467750,35.6,32.0,49.4,32.6
2021-11-02 10:26:30 +0530,467751,35.9,32.3,49.34,32.61
2021-11-02 10:27:00 +0530,467752,35.4,31.9,49.37,32.59
2021-11-02 10:27:30 +0530,467753,38.4,34.3,49.31,32.62
2021-11-02 10:28:00 +0530,467754,36.1,32.6,49.24,32.64
2021-11-02 10:28:30 +0530,467755,35.5,31.8,49.21,32.67
2021-11-02 10:29:00 +0530,467756,34.7,31.4,49.21,32.71
2021-11-02 10:29:30 +0530,467757,35.6,32.0,49.17,32.75
2021-11-02 10:30:00 +0530,467758,35.5,32.0,48.92,32.78
2021-11-02 10:30:30 +0530,467759,33.7,30.2,48.89,32.82
2021-11-02 10:31:00 +0530,467760,33.5,30.2,48.69,32.83
2021-11-02 10:31:30 +0530,467761,32.1,28.9,48.79,32.83
2021-11-02 10:32:00 +0530,467762,30.3,27.3,48.69,32.82
2021-11-02 10:32:30 +0530,467763,31.1,27.8,48.69,32.79
2021-11-02 10:33:00 +0530,467764,31.6,28.7,48.76,32.78
2021-11-02 10:33:30 +0530,467765,36.5,32.8,48.92,32.75
2021-11-02 10:34:00 +0530,467766,26.5,23.9,48.76,32.7
2021-11-02 10:34:30 +0530,467767,37.3,33.7,48.83,32.68
2021-11-02 10:35:00 +0530,467768,40.0,35.9,49.07,32.67
2021-11-02 10:35:30 +0530,467769,37.7,33.9,49.17,32.67
2021-11-02 10:36:00 +0530,467770,36.0,32.4,49.14,32.67
2021-11-02 10:36:30 +0530,467771,36.2,32.3,49.24,32.69
2021-11-02 10:37:00 +0530,467772,41.8,31.7,49.4,32.72
2021-11-02 10:37:30 +0530,467773,38.0,29.9,49.3,32.76
2021-11-02 10:38:00 +0530,467774,32.5,29.1,49.06,32.82
2021-11-02 10:38:30 +0530,467775,32.9,29.7,48.82,32.85
2021-11-02 10:39:00 +0530,467776,32.8,29.3,48.69,32.87
2021-11-02 10:39:30 +0530,467777,33.5,26.4,48.76,32.87
2021-11-02 10:40:00 +0530,467778,31.9,28.8,48.57,32.93
2021-11-02 10:40:30 +0530,467779,33.2,29.4,48.5,32.98
2021-11-02 10:41:00 +0530,467780,95.1,37.1,48.78,33.02
2021-11-02 10:41:30 +0530,467781,48.9,29.6,48.54,33.07
2021-11-02 10:42:00 +0530,467782,41.7,29.2,48.4,33.11
2021-11-02 10:42:30 +0530,467783,34.3,25.6,48.53,33.12
2021-11-02 10:43:00 +0530,467784,56.9,32.1,48.53,33.16
2021-11-02 10:43:30 +0530,467785,30.4,27.3,48.47,33.18
2021-11-02 10:44:00 +0530,467786,39.5,30.1,48.36,33.21
2021-11-02 10:44:30 +0530,467787,56.9,32.3,48.5,33.23
2021-11-02 10:45:00 +0530,467788,55.8,32.9,48.49,33.27
2021-11-02 10:45:30 +0530,467789,37.9,29.5,48.28,33.3
2021-11-02 10:46:00 +0530,467790,35.5,31.7,48.28,33.35
2021-11-02 10:46:30 +0530,467791,32.5,29.2,47.92,33.37
2021-11-02 10:47:00 +0530,467792,31.4,28.3,47.95,33.38
2021-11-02 10:47:30 +0530,467793,31.9,28.6,47.88,33.38
2021-11-02 10:48:00 +0530,467794,34.5,28.9,47.88,33.4
2021-11-02 10:48:30 +0530,467795,32.0,27.8,47.98,33.4
2021-11-02 10:49:00 +0530,467796,36.4,27.7,48.02,33.41
2021-11-02 10:49:30 +0530,467797,37.5,27.6,48.08,33.42
2021-11-02 10:50:00 +0530,467798,26.1,18.4,47.6,33.4
2021-11-02 10:50:30 +0530,467799,22.1,19.8,47.3,33.4
2021-11-02 10:51:00 +0530,467800,26.4,22.8,47.2,33.4
2021-11-02 10:51:30 +0530,467801,24.9,22.2,46.99,33.4
2021-11-02 10:52:00 +0530,467802,24.4,21.6,46.86,33.37
2021-11-02 10:52:30 +0530,467803,27.7,21.0,46.86,33.37
2021-11-02 10:53:00 +0530,467804,33.6,17.8,47.2,33.34
2021-11-02 10:53:30 +0530,467805,23.2,20.7,46.89,33.34
2021-11-02 10:54:00 +0530,467806,25.4,20.6,47.1,33.35
2021-11-02 10:54:30 +0530,467807,23.2,20.3,47.06,33.36
2021-11-02 10:55:00 +0530,467808,22.2,19.8,46.96,33.36
2021-11-02 10:55:30 +0530,467809,23.7,20.6,47.17,33.37
2021-11-02 10:56:00 +0530,467810,24.2,19.6,46.96,33.38
2021-11-02 10:56:30 +0530,467811,26.7,21.4,47.24,33.41
2021-11-02 10:57:00 +0530,467812,27.3,21.1,47.3,33.42
2021-11-02 10:57:30 +0530,467813,26.3,20.1,47.15,33.44
2021-11-02 10:58:01 +0530,467814,21.3,19.1,47.09,33.44
2021-11-02 10:58:30 +0530,467815,25.6,23.1,46.85,33.46
2021-11-02 10:59:00 +0530,467816,25.7,23.1,46.78,33.48
2021-11-02 10:59:30 +0530,467817,20.0,17.9,46.72,33.47
2021-11-02 11:00:00 +0530,467818,24.4,21.8,46.61,33.5
2021-11-02 11:00:30 +0530,467819,28.8,23.1,46.65,33.51
2021-11-02 11:01:00 +0530,467820,31.0,21.9,46.65,33.53
2021-11-02 11:01:30 +0530,467821,24.6,22.1,46.65,33.55
2021-11-02 11:02:00 +0530,467822,28.9,22.6,46.78,33.57
2021-11-02 11:02:30 +0530,467823,35.5,22.6,46.72,33.58
2021-11-02 11:03:00 +0530,467824,23.9,21.3,46.44,33.57
2021-11-02 11:03:30 +0530,467825,26.0,22.0,46.61,33.56
2021-11-02 11:04:00 +0530,467826,35.1,24.4,47.02,33.57
2021-11-02 11:04:30 +0530,467827,26.9,22.5,46.92,33.58
2021-11-02 11:05:00 +0530,467828,30.0,22.2,47.19,33.59
2021-11-02 11:05:30 +0530,467829,20.8,18.6,47.38,33.62
2021-11-02 11:06:00 +0530,467830,26.7,20.6,46.87,33.67
2021-11-02 11:06:30 +0530,467831,21.4,19.3,46.06,33.71
2021-11-02 11:07:00 +0530,467832,22.0,19.7,45.72,33.75
2021-11-02 11:07:30 +0530,467833,21.3,19.3,45.69,33.76
2021-11-02 11:08:00 +0530,467834,31.4,19.9,45.44,33.79
2021-11-02 11:08:30 +0530,467835,25.0,19.5,45.37,33.82
2021-11-02 11:09:00 +0530,467836,20.5,18.0,45.3,33.86
2021-11-02 11:09:30 +0530,467837,26.6,20.1,45.4,33.88
2021-11-02 11:10:00 +0530,467838,21.2,18.7,45.33,33.9
2021-11-02 11:10:30 +0530,467839,20.8,18.4,45.13,33.92
2021-11-02 11:11:00 +0530,467840,23.0,18.3,45.03,33.91
2021-11-02 11:11:30 +0530,467841,24.9,18.5,45.27,33.9
2021-11-02 11:12:00 +0530,467842,21.1,18.9,45.27,33.89
2021-11-02 11:12:30 +0530,467843,23.7,19.6,45.2,33.88
2021-11-02 11:13:00 +0530,467844,23.4,19.2,45.37,33.85
2021-11-02 11:13:30 +0530,467845,23.2,19.1,45.54,33.83
2021-11-02 11:14:00 +0530,467846,17.7,16.1,45.67,33.79
2021-11-02 11:14:30 +0530,467847,25.9,19.8,45.57,33.76
2021-11-02 11:15:00 +0530,467848,21.1,19.0,45.51,33.76
2021-11-02 11:15:30 +0530,467849,21.3,19.1,45.51,33.73
2021-11-02 11:16:00 +0530,467850,22.0,16.8,45.62,33.67
2021-11-02 11:16:30 +0530,467851,20.9,18.6,45.51,33.63
2021-11-02 11:17:00 +0530,467852,19.8,17.9,45.62,33.6
2021-11-02 11:17:30 +0530,467853,19.8,17.7,45.6,33.58
2021-11-02 11:18:00 +0530,467854,24.2,17.8,45.67,33.56
2021-11-02 11:18:30 +0530,467855,20.0,16.8,45.56,33.55
2021-11-02 11:19:00 +0530,467856,23.3,18.6,45.86,33.55
2021-11-02 11:19:30 +0530,467857,22.8,18.1,45.8,33.57
2021-11-02 11:20:00 +0530,467858,19.5,17.5,45.77,33.59
2021-11-02 11:20:30 +0530,467859,16.9,15.4,44.93,33.63
2021-11-02 11:21:00 +0530,467860,20.4,16.1,45.18,33.66
2021-11-02 11:21:30 +0530,467861,22.3,17.1,45.07,33.7
2021-11-02 11:22:00 +0530,467862,15.7,14.1,45.28,33.71
2021-11-02 11:22:30 +0530,467863,25.6,18.1,45.35,33.76
2021-11-02 11:23:00 +0530,467864,26.4,21.4,45.4,33.81
2021-11-02 11:23:30 +0530,467865,21.3,16.9,44.9,33.88
2021-11-02 11:24:00 +0530,467866,14.2,12.6,44.72,33.91
2021-11-02 11:24:30 +0530,467867,19.2,16.1,44.34,33.93
2021-11-02 11:25:00 +0530,467868,17.9,16.1,44.34,33.96
2021-11-02 11:25:30 +0530,467869,21.7,16.2,44.48,34.0
2021-11-02 11:26:00 +0530,467870,21.4,16.6,44.54,34.03
2021-11-02 11:26:30 +0530,467871,17.1,15.3,44.24,34.07
2021-11-02 11:27:00 +0530,467872,21.1,16.3,43.93,34.08
2021-11-02 11:27:30 +0530,467873,20.5,16.6,43.93,34.08
2021-11-02 11:28:00 +0530,467874,17.8,15.7,43.93,34.08
2021-11-02 11:28:30 +0530,467875,19.5,16.6,44.03,34.06
2021-11-02 11:29:00 +0530,467876,18.2,16.3,44.0,34.03
2021-11-02 11:29:30 +0530,467877,18.8,16.1,44.2,34.0
2021-11-02 11:30:00 +0530,467878,18.6,13.8,44.3,33.94
2021-11-02 11:30:30 +0530,467879,20.6,17.3,44.35,33.91
2021-11-02 11:31:00 +0530,467880,19.1,16.9,44.59,33.88
2021-11-02 11:31:30 +0530,467881,19.7,17.6,44.62,33.86
2021-11-02 11:32:00 +0530,467882,18.7,16.8,44.79,33.82
2021-11-02 11:32:30 +0530,467883,25.6,18.7,44.86,33.8
2021-11-02 11:33:00 +0530,467884,27.2,17.7,44.97,33.76
2021-11-02 11:33:30 +0530,467885,22.2,17.2,45.07,33.76
2021-11-02 11:34:00 +0530,467886,14.3,12.9,45.18,33.72
2021-11-02 11:34:30 +0530,467887,25.0,18.0,45.38,33.7
2021-11-02 11:35:00 +0530,467888,28.9,19.2,45.58,33.68
2021-11-02 11:35:30 +0530,467889,31.2,16.7,45.72,33.67
2021-11-02 11:36:00 +0530,467890,27.0,18.7,45.72,33.68
2021-11-02 11:36:30 +0530,467891,21.3,15.1,45.79,33.68
2021-11-02 11:37:00 +0530,467892,23.7,18.1,45.79,33.73
2021-11-02 11:37:30 +0530,467893,30.4,18.9,45.86,33.76
2021-11-02 11:38:00 +0530,467894,33.7,16.9,45.93,33.76
2021-11-02 11:38:30 +0530,467895,21.8,14.7,45.89,33.78
2021-11-02 11:39:00 +0530,467896,20.0,17.6,45.4,33.82
2021-11-02 11:39:30 +0530,467897,20.0,17.7,45.3,33.87
2021-11-02 11:40:00 +0530,467898,23.6,18.4,45.09,33.89
2021-11-02 11:40:30 +0530,467899,20.8,17.3,44.79,33.92
2021-11-02 11:41:00 +0530,467900,20.7,16.8,44.92,33.95
2021-11-02 11:41:30 +0530,467901,39.6,19.7,44.92,33.99
2021-11-02 11:42:00 +0530,467902,22.1,17.3,44.74,34.01
2021-11-02 11:42:30 +0530,467903,19.7,16.6,44.78,34.02
2021-11-02 11:43:00 +0530,467904,21.1,17.5,44.74,34.03
2021-11-02 11:43:30 +0530,467905,26.2,18.1,44.85,34.05
2021-11-02 11:44:00 +0530,467906,21.4,17.4,44.78,34.07
2021-11-02 11:44:30 +0530,467907,23.2,17.7,44.81,34.1
2021-11-02 11:45:00 +0530,467908,18.5,12.4,44.77,34.11
2021-11-02 11:45:30 +0530,467909,21.4,12.2,44.87,34.14
2021-11-02 11:46:00 +0530,467910,28.5,20.8,45.07,34.2
2021-11-02 11:46:30 +0530,467911,19.2,15.8,44.74,34.26
2021-11-02 11:47:00 +0530,467912,19.3,14.9,44.42,34.32
2021-11-02 11:47:30 +0530,467913,18.6,15.0,44.58,34.37
2021-11-02 11:48:00 +0530,467914,16.5,14.8,44.21,34.46
2021-11-02 11:48:30 +0530,467915,20.5,14.4,44.0,34.52
2021-11-02 11:49:00 +0530,467916,23.6,14.2,43.52,34.55
2021-11-02 11:49:30 +0530,467917,12.4,11.1,43.65,34.53
2021-11-02 11:50:00 +0530,467918,16.2,14.6,43.76,34.53
2021-11-02 11:50:30 +0530,467919,15.9,14.3,43.72,34.55
2021-11-02 11:51:00 +0530,467920,15.9,14.2,43.62,34.56
2021-11-02 11:51:30 +0530,467921,15.9,14.2,43.59,34.56
2021-11-02 11:52:00 +0530,467922,16.9,15.1,43.72,34.57
2021-11-02 11:52:30 +0530,467923,16.9,14.9,43.65,34.57
2021-11-02 11:53:00 +0530,467924,19.3,14.6,43.79,34.59
2021-11-02 11:53:30 +0530,467925,19.2,14.1,43.83,34.61
2021-11-02 11:54:00 +0530,467926,17.9,15.2,43.98,34.63
2021-11-02 11:54:30 +0530,467927,17.3,14.0,43.71,34.64
2021-11-02 11:55:00 +0530,467928,17.2,14.7,43.71,34.64
2021-11-02 11:55:30 +0530,467929,16.9,15.2,43.81,34.65
2021-11-02 11:56:00 +0530,467930,25.2,16.6,43.71,34.67
2021-11-02 11:56:30 +0530,467931,17.6,15.8,43.48,34.67
2021-11-02 11:57:00 +0530,467932,25.4,17.3,43.71,34.67
2021-11-02 11:57:30 +0530,467933,23.7,15.8,43.78,34.66
2021-11-02 11:58:00 +0530,467934,19.8,15.5,43.81,34.63
2021-11-02 11:58:30 +0530,467935,17.2,15.4,43.86,34.61
2021-11-02 11:59:00 +0530,467936,26.8,13.9,43.96,34.57
2021-11-02 11:59:30 +0530,467937,18.9,16.4,43.9,34.54
2021-11-02 12:00:00 +0530,467938,33.2,17.3,44.06,34.52
2021-11-02 12:00:30 +0530,467939,22.5,16.8,44.06,34.51
2021-11-02 12:01:00 +0530,467940,17.5,15.6,44.13,34.51
2021-11-02 12:01:30 +0530,467941,20.5,16.2,44.2,34.51
2021-11-02 12:02:00 +0530,467942,24.8,16.3,44.2,34.53
2021-11-02 12:02:30 +0530,467943,17.1,15.4,44.03,34.55
2021-11-02 12:03:00 +0530,467944,20.0,16.8,43.86,34.56
2021-11-02 12:03:30 +0530,467945,21.8,17.1,43.83,34.55
2021-11-02 12:04:00 +0530,467946,22.7,16.8,43.86,34.53
2021-11-02 12:04:30 +0530,467947,29.6,16.6,44.06,34.48
2021-11-02 12:05:00 +0530,467948,18.1,15.6,44.0,34.46
2021-11-02 12:05:30 +0530,467949,17.8,15.9,43.87,34.41
2021-11-02 12:06:00 +0530,467950,19.4,17.6,44.07,34.39
2021-11-02 12:06:30 +0530,467951,17.5,15.4,44.21,34.36
2021-11-02 12:07:00 +0530,467952,15.9,13.3,44.42,34.33
2021-11-02 12:07:30 +0530,467953,22.4,16.1,44.42,34.32
2021-11-02 12:08:00 +0530,467954,25.5,15.9,44.48,34.33
2021-11-02 12:08:30 +0530,467955,21.4,15.8,44.32,34.33
2021-11-02 12:09:00 +0530,467956,23.1,16.9,44.48,34.34
2021-11-02 12:09:30 +0530,467957,18.1,15.6,44.55,34.35
2021-11-02 12:10:00 +0530,467958,20.7,15.4,44.65,34.38
2021-11-02 12:10:30 +0530,467959,16.0,14.4,44.58,34.41
2021-11-02 12:11:00 +0530,467960,18.1,14.7,44.42,34.44
2021-11-02 12:11:30 +0530,467961,17.2,14.6,44.07,34.46
2021-11-02 12:12:00 +0530,467962,16.8,15.1,44.16,34.46
2021-11-02 12:12:30 +0530,467963,26.3,18.0,44.28,34.46
2021-11-02 12:13:00 +0530,467964,28.3,16.7,44.3,34.49
2021-11-02 12:13:30 +0530,467965,24.3,15.9,44.44,34.51
2021-11-02 12:14:00 +0530,467966,18.3,14.5,44.37,34.55
2021-11-02 12:14:30 +0530,467967,16.2,14.5,43.86,34.57
2021-11-02 12:15:00 +0530,467968,16.2,14.5,43.86,34.57
2021-11-02 12:15:30 +0530,467969,21.8,11.8,44.54,34.49
2021-11-02 12:16:00 +0530,467970,21.1,15.1,44.67,34.59
2021-11-02 12:16:30 +0530,467971,18.2,13.9,43.98,34.67
2021-11-02 12:17:00 +0530,467972,15.8,13.6,44.02,34.73
2021-11-02 12:17:30 +0530,467973,20.1,14.3,43.92,34.79
2021-11-02 12:18:00 +0530,467974,32.9,15.7,44.04,34.85
2021-11-02 12:18:30 +0530,467975,21.5,14.8,43.7,34.9
2021-11-02 12:19:00 +0530,467976,17.4,14.5,43.46,34.92
2021-11-02 12:19:30 +0530,467977,18.0,16.2,43.36,34.9
2021-11-02 12:20:00 +0530,467978,19.0,15.2,43.46,34.84
2021-11-02 12:20:30 +0530,467979,14.1,11.2,43.58,34.77
2021-11-02 12:21:00 +0530,467980,23.1,14.2,43.58,34.69
2021-11-02 12:21:30 +0530,467981,19.7,14.6,43.98,34.62
2021-11-02 12:22:00 +0530,467982,24.0,15.2,44.27,34.55
2021-11-02 12:22:30 +0530,467983,20.0,14.7,44.34,34.49
2021-11-02 12:23:00 +0530,467984,24.1,14.7,44.65,34.44
2021-11-02 12:23:30 +0530,467985,27.9,12.8,44.86,34.38
2021-11-02 12:24:00 +0530,467986,18.3,14.2,44.69,34.34
2021-11-02 12:24:30 +0530,467987,14.8,12.7,44.35,34.29
2021-11-02 12:25:00 +0530,467988,16.6,13.4,43.99,34.21
2021-11-02 12:25:30 +0530,467989,23.8,13.9,44.13,34.11
2021-11-02 12:26:00 +0530,467990,20.1,12.9,44.3,34.04
2021-11-02 12:26:30 +0530,467991,15.3,12.7,44.58,33.95
2021-11-02 12:27:00 +0530,467992,14.2,12.7,44.59,33.88
2021-11-02 12:27:30 +0530,467993,20.1,13.5,44.83,33.8
2021-11-02 12:28:00 +0530,467994,35.2,15.8,45.31,33.75
2021-11-02 12:28:30 +0530,467995,18.8,13.6,45.62,33.67
2021-11-02 12:29:00 +0530,467996,25.8,15.3,45.86,33.61
2021-11-02 12:29:30 +0530,467997,31.4,15.7,46.0,33.55
2021-11-02 12:30:00 +0530,467998,16.5,14.0,45.77,33.48
2021-11-02 12:30:30 +0530,467999,17.1,14.3,46.05,33.41
2021-11-02 12:31:00 +0530,468000,20.2,15.0,46.28,33.35
2021-11-02 12:31:30 +0530,468001,15.8,13.9,46.45,33.31
2021-11-02 12:32:00 +0530,468002,15.2,13.6,46.45,33.27
2021-11-02 12:32:30 +0530,468003,17.3,11.6,46.67,33.21
2021-11-02 12:33:00 +0530,468004,27.8,15.1,46.5,33.19
2021-11-02 12:33:30 +0530,468005,22.1,13.7,46.36,33.17
2021-11-02 12:34:00 +0530,468006,13.6,12.2,46.02,33.15
2021-11-02 12:34:30 +0530,468007,14.6,12.1,46.02,33.12
2021-11-02 12:35:00 +0530,468008,11.3,10.1,46.13,33.09
2021-11-02 12:35:30 +0530,468009,17.4,13.0,46.29,33.09
2021-11-02 12:36:00 +0530,468010,16.6,12.8,46.6,33.11
2021-11-02 12:36:30 +0530,468011,16.6,13.2,46.83,33.12
2021-11-02 12:37:00 +0530,468012,14.5,9.7,46.57,33.12
2021-11-02 12:37:30 +0530,468013,18.0,12.5,46.43,33.11
2021-11-02 12:38:00 +0530,468014,15.5,13.6,46.64,33.09
2021-11-02 12:38:30 +0530,468015,17.0,14.6,46.88,33.08
2021-11-02 12:39:00 +0530,468016,19.8,14.4,47.09,33.05
2021-11-02 12:39:30 +0530,468017,15.9,14.2,47.49,32.99
2021-11-02 12:40:00 +0530,468018,15.9,14.1,47.76,32.92
2021-11-02 12:40:30 +0530,468019,15.9,14.3,47.84,32.86
2021-11-02 12:41:00 +0530,468020,17.2,14.2,48.21,32.81
2021-11-02 12:41:30 +0530,468021,19.8,14.8,48.46,32.74
2021-11-02 12:42:00 +0530,468022,18.5,14.6,48.63,32.69
2021-11-02 12:42:30 +0530,468023,16.2,13.1,48.9,32.62
2021-11-02 12:43:00 +0530,468024,16.2,13.1,48.9,32.62
2021-11-02 12:44:00 +0530,468025,19.9,13.2,49.15,32.42
2021-11-02 12:44:30 +0530,468026,18.9,13.3,49.26,32.39
2021-11-02 12:45:00 +0530,468027,22.9,15.1,49.36,32.34
2021-11-02 12:46:00 +0530,468028,13.7,12.3,49.8,32.27
2021-11-02 12:46:30 +0530,468029,18.5,14.4,49.91,32.17
2021-11-02 12:47:00 +0530,468030,21.3,15.1,50.05,32.13
2021-11-02 12:47:30 +0530,468031,15.4,13.3,50.05,32.1
2021-11-02 12:48:00 +0530,468032,32.7,14.3,50.15,32.04
2021-11-02 12:48:30 +0530,468033,19.4,16.2,50.29,32.02
2021-11-02 12:49:00 +0530,468034,23.8,15.6,50.43,31.98
2021-11-02 12:49:30 +0530,468035,28.4,16.3,50.66,31.94
2021-11-02 12:50:00 +0530,468036,23.3,16.3,50.83,31.9
2021-11-02 12:50:30 +0530,468037,20.9,13.4,50.98,31.86
2021-11-02 12:51:00 +0530,468038,17.7,15.4,51.01,31.85
2021-11-02 12:51:30 +0530,468039,24.7,16.0,51.31,31.83
2021-11-02 12:52:00 +0530,468040,21.8,15.7,51.52,31.83
2021-11-02 12:52:30 +0530,468041,18.7,11.7,51.45,31.83
2021-11-02 12:53:00 +0530,468042,24.9,16.7,51.41,31.85
2021-11-02 12:53:30 +0530,468043,20.8,15.4,50.74,31.86
2021-11-02 12:54:00 +0530,468044,16.6,13.2,50.43,31.88
2021-11-02 12:54:30 +0530,468045,19.8,14.6,50.73,31.89
2021-11-02 12:55:00 +0530,468046,22.4,14.8,50.79,31.9
2021-11-02 12:55:30 +0530,468047,23.8,11.3,51.0,31.9
2021-11-02 12:56:00 +0530,468048,19.8,13.7,50.9,31.94
2021-11-02 12:56:30 +0530,468049,23.8,14.7,51.17,31.96
2021-11-02 12:57:00 +0530,468050,13.8,12.6,50.97,31.98
2021-11-02 12:57:30 +0530,468051,20.0,13.3,50.83,32.01
2021-11-02 12:58:00 +0530,468052,19.4,12.6,50.86,32.03
2021-11-02 12:58:30 +0530,468053,22.3,14.6,50.53,32.05
2021-11-02 12:59:00 +0530,468054,15.9,14.2,50.12,32.04
2021-11-02 12:59:30 +0530,468055,17.4,13.8,50.19,31.99
2021-11-02 13:00:00 +0530,468056,21.7,12.4,50.43,31.9
2021-11-02 13:00:30 +0530,468057,13.8,12.4,50.91,31.84
2021-11-02 13:01:00 +0530,468058,16.5,14.2,51.01,31.82
2021-11-02 13:01:30 +0530,468059,19.5,15.2,50.87,31.8
2021-11-02 13:02:00 +0530,468060,19.9,14.6,50.94,31.78
2021-11-02 13:02:30 +0530,468061,14.2,12.7,51.14,31.76
2021-11-02 13:03:00 +0530,468062,13.2,10.8,51.04,31.75
2021-11-02 13:03:30 +0530,468063,16.6,14.6,51.04,31.74
2021-11-02 13:04:00 +0530,468064,21.4,15.2,51.11,31.74
2021-11-02 13:04:30 +0530,468065,32.1,15.6,51.24,31.74
2021-11-02 13:05:00 +0530,468066,20.4,15.8,51.14,31.75
2021-11-02 13:05:30 +0530,468067,21.8,16.2,51.24,31.79
2021-11-02 13:06:00 +0530,468068,28.4,16.2,51.14,31.81
2021-11-02 13:06:30 +0530,468069,16.8,14.4,51.24,31.82
2021-11-02 13:07:00 +0530,468070,16.7,13.5,50.87,31.84
2021-11-02 13:07:30 +0530,468071,16.8,13.8,50.63,31.87
2021-11-02 13:08:00 +0530,468072,18.7,14.4,50.67,31.88
2021-11-02 13:08:30 +0530,468073,18.7,14.9,50.59,31.88
2021-11-02 13:09:00 +0530,468074,28.6,15.9,50.73,31.9
2021-11-02 13:09:30 +0530,468075,26.9,15.6,50.59,31.92
2021-11-02 13:10:00 +0530,468076,21.3,14.6,50.76,31.94
2021-11-02 13:10:30 +0530,468077,15.8,13.4,50.66,31.95
2021-11-02 13:11:00 +0530,468078,15.2,10.6,50.19,31.93
2021-11-02 13:11:30 +0530,468079,12.0,10.1,50.19,31.9
2021-11-02 13:12:00 +0530,468080,16.9,12.5,49.98,31.88
2021-11-02 13:12:30 +0530,468081,12.9,11.6,49.79,31.85
2021-11-02 13:13:00 +0530,468082,13.3,11.9,49.63,31.83
2021-11-02 13:13:30 +0530,468083,16.1,11.7,49.89,31.81
2021-11-02 13:14:00 +0530,468084,12.9,11.4,49.79,31.78
2021-11-02 13:14:30 +0530,468085,11.9,10.7,49.59,31.74
2021-11-02 13:15:00 +0530,468086,10.0,9.1,49.39,31.7
2021-11-02 13:15:30 +0530,468087,9.6,8.8,49.66,31.66
2021-11-02 13:16:00 +0530,468088,14.6,9.9,49.83,31.6
2021-11-02 13:16:30 +0530,468089,17.5,11.5,50.27,31.57
2021-11-02 13:17:00 +0530,468090,15.4,13.9,50.47,31.58
2021-11-02 13:17:30 +0530,468091,19.5,11.4,50.64,31.61
2021-11-02 13:18:00 +0530,468092,17.2,13.7,50.61,31.69
2021-11-02 13:18:30 +0530,468093,16.5,13.8,50.53,31.79
2021-11-02 13:19:00 +0530,468094,14.3,12.9,50.02,31.9
2021-11-02 13:19:30 +0530,468095,15.2,13.6,49.68,32.03
2021-11-02 13:20:00 +0530,468096,19.3,14.4,49.53,32.15
2021-11-02 13:20:30 +0530,468097,22.3,14.4,49.22,32.3
2021-11-02 13:21:00 +0530,468098,11.8,10.3,48.86,32.41
2021-11-02 13:21:30 +0530,468099,15.5,13.9,48.47,32.56
2021-11-02 13:22:00 +0530,468100,35.1,14.1,48.46,32.68
2021-11-02 13:22:30 +0530,468101,21.7,14.8,48.24,32.84
2021-11-02 13:23:00 +0530,468102,18.5,11.4,48.1,32.94
2021-11-02 13:23:30 +0530,468103,25.2,14.9,47.51,33.12
2021-11-02 13:24:00 +0530,468104,32.7,17.6,47.3,33.29
2021-11-02 13:24:30 +0530,468105,65.4,22.2,47.09,33.46
2021-11-02 13:25:00 +0530,468106,36.7,17.3,46.74,33.64
2021-11-02 13:25:30 +0530,468107,32.4,15.6,46.63,33.81
2021-11-02 13:26:00 +0530,468108,27.0,15.3,46.07,33.97
2021-11-02 13:26:30 +0530,468109,20.2,13.9,45.63,34.08
2021-11-02 13:27:00 +0530,468110,40.9,16.4,45.45,34.19
2021-11-02 13:27:30 +0530,468111,32.8,16.2,45.3,34.3
2021-11-02 13:28:00 +0530,468112,30.1,15.9,45.06,34.38
2021-11-02 13:28:30 +0530,468113,25.0,14.3,44.88,34.49
2021-11-02 13:29:00 +0530,468114,15.7,10.9,44.67,34.53
2021-11-02 13:29:30 +0530,468115,17.4,13.4,44.09,34.62
2021-11-02 13:30:00 +0530,468116,13.4,10.3,44.09,34.66
2021-11-02 13:30:30 +0530,468117,20.0,13.7,43.74,34.76
2021-11-02 13:31:00 +0530,468118,20.1,13.7,43.57,34.85
2021-11-02 13:31:30 +0530,468119,15.7,12.9,43.26,34.92
2021-11-02 13:32:00 +0530,468120,15.4,12.7,43.07,35.0
2021-11-02 13:32:30 +0530,468121,16.4,12.2,42.97,35.09
2021-11-02 13:33:00 +0530,468122,18.6,12.1,42.75,35.16
2021-11-02 13:33:30 +0530,468123,17.5,11.7,42.65,35.23
2021-11-02 13:34:00 +0530,468124,13.6,8.8,42.75,35.26
2021-11-02 13:34:30 +0530,468125,14.5,9.2,42.77,35.31
2021-11-02 13:35:00 +0530,468126,17.3,11.8,42.61,35.39
2021-11-02 13:35:30 +0530,468127,11.4,8.8,42.61,35.43
2021-11-02 13:36:00 +0530,468128,13.0,11.6,42.15,35.51
2021-11-02 13:36:30 +0530,468129,12.6,11.4,41.81,35.57
2021-11-02 13:37:00 +0530,468130,13.4,11.6,41.71,35.63
2021-11-02 13:37:30 +0530,468131,19.6,12.9,41.83,35.66
2021-11-02 13:38:00 +0530,468132,20.3,13.8,41.9,35.69
2021-11-02 13:38:30 +0530,468133,15.9,12.3,41.65,35.74
2021-11-02 13:39:00 +0530,468134,15.9,13.3,41.39,35.79
2021-11-02 13:39:30 +0530,468135,19.0,13.3,41.18,35.83
2021-11-02 13:40:00 +0530,468136,32.0,16.1,41.42,35.83
2021-11-02 13:40:30 +0530,468137,15.0,12.7,41.37,35.84
2021-11-02 13:41:00 +0530,468138,15.3,12.1,41.42,35.82
2021-11-02 13:41:30 +0530,468139,17.1,12.1,41.39,35.78
2021-11-02 13:42:00 +0530,468140,17.5,11.7,41.42,35.75
2021-11-02 13:42:30 +0530,468141,18.0,12.1,41.45,35.75
2021-11-02 13:43:00 +0530,468142,13.5,11.4,41.45,35.74
2021-11-02 13:43:30 +0530,468143,9.7,8.7,41.49,35.73
2021-11-02 13:44:00 +0530,468144,13.1,11.7,41.52,35.75
2021-11-02 13:44:30 +0530,468145,15.0,12.2,41.42,35.79
2021-11-02 13:45:00 +0530,468146,15.4,12.7,41.18,35.82
2021-11-02 13:45:30 +0530,468147,18.0,12.7,41.07,35.84
2021-11-02 13:46:00 +0530,468148,21.9,19.6,41.07,35.86
2021-11-02 13:46:30 +0530,468149,23.5,13.6,41.0,35.88
2021-11-02 13:47:00 +0530,468150,14.1,11.9,40.68,35.92
2021-11-02 13:47:30 +0530,468151,16.8,12.5,40.68,35.93
2021-11-02 13:48:00 +0530,468152,19.4,12.9,40.93,35.93
2021-11-02 13:48:30 +0530,468153,17.3,12.5,40.86,35.94
2021-11-02 13:49:00 +0530,468154,18.7,12.5,40.86,35.94
2021-11-02 13:49:30 +0530,468155,18.3,12.1,40.89,35.94
2021-11-02 13:50:00 +0530,468156,25.7,13.9,41.0,35.94
2021-11-02 13:50:30 +0530,468157,29.9,15.2,41.1,35.95
2021-11-02 13:51:00 +0530,468158,20.1,13.1,41.23,35.96
2021-11-02 13:51:30 +0530,468159,18.0,12.6,41.22,35.98
2021-11-02 13:52:00 +0530,468160,12.7,11.2,41.08,36.0
2021-11-02 13:52:30 +0530,468161,14.2,10.9,41.01,36.0
2021-11-02 13:53:00 +0530,468162,13.0,11.8,41.13,35.97
2021-11-02 13:53:30 +0530,468163,15.6,12.6,41.07,35.94
2021-11-02 13:54:00 +0530,468164,12.9,11.6,41.27,35.89
2021-11-02 13:54:30 +0530,468165,13.1,11.7,41.27,35.85
2021-11-02 13:55:00 +0530,468166,13.5,12.1,41.04,35.8
2021-11-02 13:55:30 +0530,468167,12.8,11.7,41.28,35.73
2021-11-02 13:56:00 +0530,468168,13.1,12.0,41.49,35.67
2021-11-02 13:56:30 +0530,468169,13.3,12.0,41.5,35.63
2021-11-02 13:57:00 +0530,468170,15.6,9.7,41.81,35.56
2021-11-02 13:57:30 +0530,468171,11.3,9.3,42.01,35.51
2021-11-02 13:58:00 +0530,468172,13.8,12.5,41.92,35.49
2021-11-02 13:58:30 +0530,468173,26.0,11.7,42.03,35.44
2021-11-02 13:59:00 +0530,468174,18.3,15.1,41.96,35.41
2021-11-02 13:59:30 +0530,468175,25.0,14.8,42.03,35.38
2021-11-02 14:00:00 +0530,468176,26.3,15.2,42.26,35.37
2021-11-02 14:00:30 +0530,468177,16.8,13.5,42.26,35.39
2021-11-02 14:01:00 +0530,468178,14.5,12.8,42.33,35.41
2021-11-02 14:01:30 +0530,468179,16.8,14.2,42.54,35.41
2021-11-02 14:02:00 +0530,468180,17.0,13.3,42.54,35.44
2021-11-02 14:02:30 +0530,468181,14.8,12.7,42.61,35.44
2021-11-02 14:03:00 +0530,468182,15.1,13.0,42.47,35.45
2021-11-02 14:03:30 +0530,468183,16.1,12.6,42.19,35.45
2021-11-02 14:04:00 +0530,468184,16.0,12.7,42.16,35.45
2021-11-02 14:04:30 +0530,468185,13.3,11.9,42.03,35.44
2021-11-02 14:05:00 +0530,468186,12.9,11.5,41.96,35.42
2021-11-02 14:05:30 +0530,468187,14.7,12.5,41.99,35.41
2021-11-02 14:06:00 +0530,468188,16.3,9.1,42.3,35.36
2021-11-02 14:06:30 +0530,468189,17.2,12.6,42.47,35.36
2021-11-02 14:07:00 +0530,468190,20.0,13.6,42.65,35.36
2021-11-02 14:07:30 +0530,468191,13.8,12.4,42.47,35.36
2021-11-02 14:08:00 +0530,468192,29.9,13.9,42.3,35.35
2021-11-02 14:08:30 +0530,468193,13.5,12.1,42.3,35.31
2021-11-02 14:09:00 +0530,468194,13.7,12.4,42.24,35.27
2021-11-02 14:09:30 +0530,468195,10.4,9.3,42.55,35.22
2021-11-02 14:10:00 +0530,468196,14.9,12.5,42.52,35.19
2021-11-02 14:10:30 +0530,468197,11.3,9.6,42.73,35.14
2021-11-02 14:11:00 +0530,468198,13.5,12.2,43.0,35.13
2021-11-02 14:11:30 +0530,468199,15.4,13.5,43.11,35.11
2021-11-02 14:12:00 +0530,468200,17.8,13.2,43.0,35.11
2021-11-02 14:12:30 +0530,468201,14.1,12.8,42.77,35.1
2021-11-02 14:13:00 +0530,468202,14.4,12.9,42.93,35.09
2021-11-02 14:13:30 +0530,468203,20.6,11.1,43.14,35.05
2021-11-02 14:14:00 +0530,468204,15.5,13.9,43.07,35.07
2021-11-02 14:14:30 +0530,468205,15.5,13.9,43.07,35.09
2021-11-02 14:15:00 +0530,468206,15.5,11.3,43.31,35.08
2021-11-02 14:15:30 +0530,468207,16.7,13.2,42.93,35.11
2021-11-02 14:16:00 +0530,468208,19.6,13.9,42.84,35.12
2021-11-02 14:16:30 +0530,468209,14.5,12.7,42.66,35.14
2021-11-02 14:17:00 +0530,468210,18.5,12.9,42.7,35.15
2021-11-02 14:17:30 +0530,468211,13.8,12.3,42.55,35.15
2021-11-02 14:18:00 +0530,468212,10.9,9.8,42.66,35.13
2021-11-02 14:18:30 +0530,468213,12.8,10.1,42.77,35.1
2021-11-02 14:19:00 +0530,468214,27.2,13.9,42.77,35.11
2021-11-02 14:19:30 +0530,468215,26.9,14.5,43.04,35.13
2021-11-02 14:20:00 +0530,468216,18.4,11.1,43.28,35.12
2021-11-02 14:20:30 +0530,468217,22.0,13.5,43.07,35.14
2021-11-02 14:21:00 +0530,468218,14.8,9.8,43.21,35.13
2021-11-02 14:21:30 +0530,468219,17.6,13.0,43.0,35.14
2021-11-02 14:22:00 +0530,468220,14.6,12.3,42.93,35.14
2021-11-02 14:22:30 +0530,468221,19.7,14.1,43.17,35.12
2021-11-02 14:23:00 +0530,468222,20.4,12.9,43.58,35.11
2021-11-02 14:23:30 +0530,468223,18.9,13.5,43.72,35.09
2021-11-02 14:24:00 +0530,468224,14.1,12.7,43.28,35.07
2021-11-02 14:24:30 +0530,468225,15.6,12.0,43.42,35.05
2021-11-02 14:25:00 +0530,468226,17.6,13.5,43.62,35.03
2021-11-02 14:25:30 +0530,468227,19.4,13.7,43.58,34.98
2021-11-02 14:26:00 +0530,468228,13.4,10.4,43.64,34.92
2021-11-02 14:26:30 +0530,468229,20.7,13.9,43.84,34.9
2021-11-02 14:27:00 +0530,468230,14.9,13.3,43.57,34.86
2021-11-02 14:27:30 +0530,468231,17.0,13.2,43.6,34.85
2021-11-02 14:28:00 +0530,468232,22.6,13.7,43.67,34.83
2021-11-02 14:28:30 +0530,468233,19.8,14.4,43.84,34.82
2021-11-02 14:29:00 +0530,468234,25.1,14.3,43.94,34.8
2021-11-02 14:29:30 +0530,468235,18.3,13.1,44.05,34.79
2021-11-02 14:30:00 +0530,468236,18.1,13.6,44.12,34.77
2021-11-02 14:30:30 +0530,468237,17.3,13.1,44.16,34.75
2021-11-02 14:31:00 +0530,468238,16.6,13.2,44.22,34.75
2021-11-02 14:31:30 +0530,468239,18.8,13.9,44.25,34.73
2021-11-02 14:32:00 +0530,468240,14.7,12.9,43.98,34.71
2021-11-02 14:32:30 +0530,468241,11.9,10.5,44.29,34.68
2021-11-02 14:33:00 +0530,468242,21.5,13.6,44.53,34.66
2021-11-02 14:33:30 +0530,468243,24.8,13.9,44.63,34.65
2021-11-02 14:34:00 +0530,468244,24.4,13.3,44.46,34.64
2021-11-02 14:34:30 +0530,468245,19.8,11.0,44.67,34.61
2021-11-02 14:35:00 +0530,468246,17.5,13.1,44.67,34.61
2021-11-02 14:35:30 +0530,468247,19.1,12.4,44.61,34.61
2021-11-02 14:36:00 +0530,468248,15.6,13.1,44.61,34.6
2021-11-02 14:36:30 +0530,468249,20.5,13.4,44.58,34.61
2021-11-02 14:37:00 +0530,468250,20.3,9.8,44.67,34.59
2021-11-02 14:37:30 +0530,468251,17.7,13.6,44.81,34.6
2021-11-02 14:38:00 +0530,468252,25.7,14.1,44.71,34.61
2021-11-02 14:38:30 +0530,468253,24.6,13.6,44.53,34.62
2021-11-02 14:39:00 +0530,468254,23.9,13.8,44.22,34.64
2021-11-02 14:39:30 +0530,468255,30.9,14.8,44.36,34.64
2021-11-02 14:40:00 +0530,468256,32.5,16.1,44.16,34.68
2021-11-02 14:40:30 +0530,468257,37.2,12.7,44.32,34.68
2021-11-02 14:41:00 +0530,468258,31.6,14.2,44.43,34.7
2021-11-02 14:41:30 +0530,468259,16.2,9.5,44.12,34.71
2021-11-02 14:42:00 +0530,468260,20.2,11.8,43.67,34.74
2021-11-02 14:42:30 +0530,468261,20.8,12.6,43.71,34.75
2021-11-02 14:43:00 +0530,468262,24.3,12.3,43.71,34.76
2021-11-02 14:43:30 +0530,468263,22.8,13.2,43.61,34.76
2021-11-02 14:44:00 +0530,468264,18.2,9.0,43.55,34.74
2021-11-02 14:44:30 +0530,468265,9.9,8.3,43.58,34.71
2021-11-02 14:45:00 +0530,468266,12.4,9.2,42.93,34.7
2021-11-02 14:45:30 +0530,468267,17.3,9.9,42.55,34.69
2021-11-02 14:46:00 +0530,468268,20.0,13.1,42.52,34.68
2021-11-02 14:46:30 +0530,468269,16.2,11.9,42.58,34.68
2021-11-02 14:47:00 +0530,468270,21.7,10.4,42.65,34.66
2021-11-02 14:47:30 +0530,468271,16.6,9.6,42.65,34.63
2021-11-02 14:48:00 +0530,468272,14.1,7.8,42.81,34.57
2021-11-02 14:48:30 +0530,468273,10.3,9.2,42.67,34.55
2021-11-02 14:49:00 +0530,468274,12.4,9.7,42.74,34.51
2021-11-02 14:49:30 +0530,468275,13.3,9.9,42.87,34.48
2021-11-02 14:50:00 +0530,468276,14.8,7.9,43.09,34.42
2021-11-02 14:50:30 +0530,468277,18.6,8.4,43.26,34.36
2021-11-02 14:51:00 +0530,468278,21.2,10.9,43.32,34.34
2021-11-02 14:51:30 +0530,468279,12.2,9.4,43.29,34.32
2021-11-02 14:52:00 +0530,468280,17.9,10.9,43.26,34.3
2021-11-02 14:52:30 +0530,468281,11.4,7.0,43.58,34.24
2021-11-02 14:53:00 +0530,468282,15.7,9.9,43.71,34.21
2021-11-02 14:53:30 +0530,468283,16.8,10.6,43.82,34.18
2021-11-02 14:54:00 +0530,468284,14.3,10.2,44.02,34.14
2021-11-02 14:54:30 +0530,468285,16.6,9.9,44.13,34.11
2021-11-02 14:55:00 +0530,468286,14.3,7.3,44.1,34.06
2021-11-02 14:55:30 +0530,468287,16.2,11.0,44.3,34.02
2021-11-02 14:56:00 +0530,468288,20.4,8.4,44.67,33.97
2021-11-02 14:56:30 +0530,468289,15.7,7.4,44.51,33.94
2021-11-02 14:57:00 +0530,468290,13.8,10.6,44.45,33.94
2021-11-02 14:57:30 +0530,468291,13.1,10.2,44.44,33.93
2021-11-02 14:58:00 +0530,468292,15.0,7.7,44.45,33.9
2021-11-02 14:58:30 +0530,468293,16.9,11.0,44.45,33.88
2021-11-02 14:59:00 +0530,468294,12.9,10.4,44.52,33.87
2021-11-02 14:59:30 +0530,468295,14.1,10.9,44.62,33.85
2021-11-02 15:00:00 +0530,468296,36.2,29.8,44.72,33.81
2021-11-02 15:00:30 +0530,468298,34.6,30.9,44.72,33.83
2021-11-02 15:01:00 +0530,468297,26.9,22.8,45.21,33.74
2021-11-02 15:01:30 +0530,468299,20.3,15.8,45.35,33.76
2021-11-02 15:02:00 +0530,468300,16.5,11.4,45.31,33.76
2021-11-02 15:02:30 +0530,468301,20.9,12.1,45.65,33.76
2021-11-02 15:03:00 +0530,468302,16.4,11.2,45.79,33.77
2021-11-02 15:03:30 +0530,468303,18.4,8.0,45.93,33.76
2021-11-02 15:04:00 +0530,468304,16.3,10.9,45.38,33.76
2021-11-02 15:04:30 +0530,468305,16.5,8.6,46.02,33.76
2021-11-02 15:05:00 +0530,468306,23.3,12.1,46.06,33.76
2021-11-02 15:05:30 +0530,468307,16.5,11.6,46.3,33.76
2021-11-02 15:06:00 +0530,468308,13.2,8.3,46.23,33.71
2021-11-02 15:06:30 +0530,468309,18.4,12.2,46.43,33.71
2021-11-02 15:07:00 +0530,468310,20.4,12.3,46.37,33.7
2021-11-02 15:07:30 +0530,468311,20.1,11.3,46.26,33.67
2021-11-02 15:08:00 +0530,468312,18.4,11.7,46.23,33.67
2021-11-02 15:08:30 +0530,468313,9.4,8.5,46.37,33.65
2021-11-02 15:09:00 +0530,468314,21.4,12.4,46.37,33.65
2021-11-02 15:09:30 +0530,468315,27.3,14.8,46.7,33.66
2021-11-02 15:10:00 +0530,468316,24.1,10.5,46.77,33.65
2021-11-02 15:10:30 +0530,468317,21.4,12.0,46.23,33.67
2021-11-02 15:11:00 +0530,468318,16.4,12.8,46.02,33.68
2021-11-02 15:11:30 +0530,468319,20.6,11.7,45.82,33.71
2021-11-02 15:12:00 +0530,468320,14.4,10.3,45.65,33.7
2021-11-02 15:12:30 +0530,468321,15.0,11.2,45.58,33.68
2021-11-02 15:13:00 +0530,468322,16.4,11.1,45.48,33.7
2021-11-02 15:13:30 +0530,468323,12.5,10.4,45.35,33.68
2021-11-02 15:14:00 +0530,468324,15.0,10.3,45.31,33.67
2021-11-02 15:14:30 +0530,468325,12.8,10.3,45.31,33.66
2021-11-02 15:15:00 +0530,468326,12.9,9.3,45.21,33.65
2021-11-02 15:15:30 +0530,468327,10.9,9.7,45.25,33.65
2021-11-02 15:16:00 +0530,468328,12.6,9.7,45.25,33.65
2021-11-02 15:16:30 +0530,468329,10.7,9.2,45.07,33.66
2021-11-02 15:17:00 +0530,468330,12.7,6.3,45.07,33.63
2021-11-02 15:17:30 +0530,468331,15.9,10.2,45.11,33.64
2021-11-02 15:18:00 +0530,468332,12.9,6.9,45.31,33.63
2021-11-02 15:18:30 +0530,468333,11.2,9.5,45.31,33.65
2021-11-02 15:19:00 +0530,468334,12.4,9.2,45.11,33.67
2021-11-02 15:19:30 +0530,468335,12.1,6.9,45.28,33.67
2021-11-02 15:20:00 +0530,468336,11.9,9.5,45.18,33.7
2021-11-02 15:20:30 +0530,468337,11.8,9.5,45.21,33.72
2021-11-02 15:21:00 +0530,468338,11.8,9.1,45.31,33.76
2021-11-02 15:21:30 +0530,468339,13.9,10.3,45.07,33.76
2021-11-02 15:22:00 +0530,468340,11.7,9.6,44.67,33.76
2021-11-02 15:22:30 +0530,468341,9.9,8.9,44.52,33.8
2021-11-02 15:23:00 +0530,468342,14.0,9.3,44.59,33.82
2021-11-02 15:23:30 +0530,468343,19.8,10.3,44.79,33.85
2021-11-02 15:24:00 +0530,468344,19.3,11.3,45.13,33.86
2021-11-02 15:24:30 +0530,468345,18.9,11.4,45.51,33.87
2021-11-02 15:25:00 +0530,468346,20.4,11.3,45.81,33.87
2021-11-02 15:25:30 +0530,468347,18.4,11.6,46.08,33.83
2021-11-02 15:26:00 +0530,468348,16.5,12.0,46.22,33.81
2021-11-02 15:26:30 +0530,468349,9.6,8.7,46.43,33.76
2021-11-02 15:27:00 +0530,468350,16.6,12.1,46.67,33.76
2021-11-02 15:27:30 +0530,468351,17.3,12.8,46.91,33.76
2021-11-02 15:28:00 +0530,468352,21.3,13.1,47.01,33.75
2021-11-02 15:28:30 +0530,468353,14.0,12.6,47.15,33.72
2021-11-02 15:29:00 +0530,468354,20.8,13.1,47.31,33.68
2021-11-02 15:29:30 +0530,468355,15.4,12.7,47.42,33.66
2021-11-02 15:30:00 +0530,468356,16.3,13.4,47.52,33.63
2021-11-02 15:30:30 +0530,468357,16.3,13.4,47.52,33.63
2021-11-02 15:31:00 +0530,468358,11.4,10.3,48.05,33.4
2021-11-02 15:31:30 +0530,468359,15.4,13.6,48.18,33.42
2021-11-02 15:32:00 +0530,468360,18.2,14.6,48.32,33.41
2021-11-02 15:32:30 +0530,468361,17.9,13.6,48.42,33.4
2021-11-02 15:33:00 +0530,468362,13.6,10.3,48.52,33.36
2021-11-02 15:33:30 +0530,468363,17.5,13.7,48.49,33.34
2021-11-02 15:34:00 +0530,468364,13.2,10.5,48.63,33.29
2021-11-02 15:34:30 +0530,468365,17.0,13.1,48.86,33.27
2021-11-02 15:35:00 +0530,468366,18.9,14.1,48.94,33.25
2021-11-02 15:35:30 +0530,468367,16.4,13.5,48.91,33.22
2021-11-02 15:36:00 +0530,468368,19.2,14.7,49.01,33.21
2021-11-02 15:36:30 +0530,468369,16.6,14.1,49.04,33.19
2021-11-02 15:37:00 +0530,468370,21.9,14.5,49.01,33.17
2021-11-02 15:37:30 +0530,468371,16.6,13.7,49.11,33.14
2021-11-02 15:38:00 +0530,468372,14.7,13.2,49.21,33.12
2021-11-02 15:38:30 +0530,468373,20.9,14.1,49.21,33.09
2021-11-02 15:39:00 +0530,468374,21.1,13.9,49.34,33.08
2021-11-02 15:39:30 +0530,468375,18.4,14.4,49.46,33.07
2021-11-02 15:40:00 +0530,468376,17.5,13.8,49.63,33.05
2021-11-02 15:40:30 +0530,468377,16.8,14.1,49.6,33.02
2021-11-02 15:41:00 +0530,468378,17.5,13.9,49.66,32.99
2021-11-02 15:41:30 +0530,468379,17.4,14.9,49.63,32.93
2021-11-02 15:42:00 +0530,468380,16.8,15.1,49.74,32.89
2021-11-02 15:42:30 +0530,468381,15.8,14.4,49.81,32.85
2021-11-02 15:43:00 +0530,468382,16.4,14.1,49.98,32.81
2021-11-02 15:43:30 +0530,468383,16.5,14.6,50.08,32.75
2021-11-02 15:44:00 +0530,468384,15.2,12.8,50.26,32.69
2021-11-02 15:44:30 +0530,468385,17.0,15.2,50.36,32.64
2021-11-02 15:45:00 +0530,468386,16.9,12.7,50.53,32.58
2021-11-02 15:45:30 +0530,468387,17.7,15.9,50.64,32.55
2021-11-02 15:46:00 +0530,468388,19.3,15.9,50.81,32.52
2021-11-02 15:46:30 +0530,468389,20.6,18.6,50.91,32.49
2021-11-02 15:47:00 +0530,468390,20.9,18.8,51.11,32.47
2021-11-02 15:47:30 +0530,468391,18.4,16.4,51.11,32.45
2021-11-02 15:48:00 +0530,468392,18.4,16.2,51.21,32.44
2021-11-02 15:48:30 +0530,468393,18.6,16.7,51.31,32.42
2021-11-02 15:49:00 +0530,468394,21.2,17.3,51.42,32.41
2021-11-02 15:49:30 +0530,468395,19.1,17.1,51.39,32.39
2021-11-02 15:50:00 +0530,468396,18.7,16.7,51.59,32.35
2021-11-02 15:50:30 +0530,468397,18.7,16.7,51.59,32.35
2021-11-02 15:51:00 +0530,468398,18.3,14.4,51.94,32.2
2021-11-02 15:51:30 +0530,468399,24.7,18.6,52.09,32.2
2021-11-02 15:52:00 +0530,468400,20.3,18.2,52.12,32.22
2021-11-02 15:52:30 +0530,468401,20.3,17.6,52.12,32.23
2021-11-02 15:53:00 +0530,468402,20.1,17.9,52.12,32.24
2021-11-02 15:53:30 +0530,468403,20.1,17.9,52.12,32.24
2021-11-02 15:54:00 +0530,468404,20.6,14.9,52.33,32.13
2021-11-02 15:54:30 +0530,468405,21.2,16.7,52.15,32.14
2021-11-02 15:55:00 +0530,468406,25.7,18.2,52.12,32.13
2021-11-02 15:55:30 +0530,468407,23.0,17.6,52.21,32.13
2021-11-02 15:56:00 +0530,468408,25.4,17.2,52.15,32.13
2021-11-02 15:56:30 +0530,468409,23.5,18.0,52.18,32.12
2021-11-02 15:57:00 +0530,468410,22.2,17.6,52.3,32.12
2021-11-02 15:57:30 +0530,468411,20.1,17.8,52.18,32.11
2021-11-02 15:58:00 +0530,468412,19.6,17.1,52.15,32.12
2021-11-02 15:58:30 +0530,468413,20.1,16.9,52.18,32.12
2021-11-02 15:59:00 +0530,468414,27.8,18.7,52.33,32.12
2021-11-02 15:59:30 +0530,468415,23.5,17.3,52.24,32.13
2021-11-02 16:00:00 +0530,468416,23.1,16.4,52.18,32.12
2021-11-02 16:00:30 +0530,468417,22.9,17.9,52.3,32.13
2021-11-02 16:01:00 +0530,468418,20.7,17.0,52.15,32.14
2021-11-02 16:01:30 +0530,468419,19.2,16.2,52.18,32.14
2021-11-02 16:02:00 +0530,468420,18.7,16.0,52.18,32.15
2021-11-02 16:02:30 +0530,468421,25.8,17.6,52.21,32.15
2021-11-02 16:03:00 +0530,468422,21.5,17.0,52.3,32.17
2021-11-02 16:03:30 +0530,468423,19.0,16.8,52.24,32.17
2021-11-02 16:04:00 +0530,468424,19.4,16.3,52.18,32.18
2021-11-02 16:04:30 +0530,468425,19.3,16.2,52.09,32.18
2021-11-02 16:05:00 +0530,468426,20.7,12.0,52.12,32.17
2021-11-02 16:05:30 +0530,468427,19.5,16.2,52.12,32.16
2021-11-02 16:06:00 +0530,468428,17.5,15.6,52.18,32.16
2021-11-02 16:06:30 +0530,468429,17.4,15.6,52.15,32.15
2021-11-02 16:07:00 +0530,468430,17.6,15.8,52.21,32.14
2021-11-02 16:07:30 +0530,468431,19.0,16.1,52.3,32.13
2021-11-02 16:08:00 +0530,468432,18.4,16.1,52.24,32.12
2021-11-02 16:08:30 +0530,468433,16.3,13.8,52.8,31.92
2021-11-02 16:09:00 +0530,468434,19.7,16.5,52.8,31.94
2021-11-02 16:09:30 +0530,468435,18.1,16.3,52.75,31.95
2021-11-02 16:10:00 +0530,468436,22.3,16.2,52.8,31.96
2021-11-02 16:10:30 +0530,468437,20.7,16.8,52.86,31.97
2021-11-02 16:11:00 +0530,468438,13.1,11.9,52.98,31.96
2021-11-02 16:11:30 +0530,468439,17.6,15.9,52.92,31.97
2021-11-02 16:12:00 +0530,468440,18.9,16.2,52.86,31.98
2021-11-02 16:12:30 +0530,468441,38.9,19.2,53.01,31.99
2021-11-02 16:13:00 +0530,468442,22.7,16.6,52.98,32.0
2021-11-02 16:13:30 +0530,468443,19.2,15.9,52.98,32.0
2021-11-02 16:14:00 +0530,468444,17.0,15.4,52.95,32.01
2021-11-02 16:14:30 +0530,468445,17.9,16.0,53.07,32.02
2021-11-02 16:15:00 +0530,468446,21.0,17.1,53.1,32.02
2021-11-02 16:15:30 +0530,468447,21.0,16.4,53.1,32.02
2021-11-02 16:16:00 +0530,468448,18.9,15.9,53.07,32.04
2021-11-02 16:16:30 +0530,468449,19.2,16.0,53.1,32.07
2021-11-02 16:17:00 +0530,468450,21.0,13.6,53.3,32.07
2021-11-02 16:17:30 +0530,468451,20.9,17.1,53.18,32.09
2021-11-02 16:18:00 +0530,468452,25.2,17.2,53.1,32.12
2021-11-02 16:18:30 +0530,468453,19.9,16.9,53.07,32.15
2021-11-02 16:19:00 +0530,468454,21.9,17.1,53.01,32.17
2021-11-02 16:19:30 +0530,468455,24.8,16.5,53.1,32.19
2021-11-02 16:20:00 +0530,468456,20.2,16.4,52.98,32.22
2021-11-02 16:20:30 +0530,468457,20.1,16.2,52.98,32.24
2021-11-02 16:21:00 +0530,468458,25.8,17.7,53.07,32.25
2021-11-02 16:21:30 +0530,468459,19.9,13.7,53.04,32.23
2021-11-02 16:22:00 +0530,468460,17.6,13.3,52.98,32.22
2021-11-02 16:22:30 +0530,468461,22.7,14.0,52.94,32.2
2021-11-02 16:23:00 +0530,468462,20.0,17.6,52.94,32.2
2021-11-02 16:23:30 +0530,468463,21.0,17.6,52.98,32.2
2021-11-02 16:24:00 +0530,468464,24.8,17.7,53.01,32.22
2021-11-02 16:24:30 +0530,468465,21.0,15.9,52.86,32.2
2021-11-02 16:25:00 +0530,468466,22.2,17.3,52.98,32.22
2021-11-02 16:25:30 +0530,468467,24.3,13.8,53.01,32.17
2021-11-02 16:26:00 +0530,468468,24.8,17.2,53.07,32.17
2021-11-02 16:26:30 +0530,468469,19.5,16.1,52.92,32.17
2021-11-02 16:27:00 +0530,468470,20.2,15.6,52.77,32.15
2021-11-02 16:27:30 +0530,468471,23.5,17.4,52.83,32.14
2021-11-02 16:28:00 +0530,468472,22.8,18.7,52.83,32.13
2021-11-02 16:28:30 +0530,468473,20.0,14.9,52.53,32.11
2021-11-02 16:29:00 +0530,468474,21.3,16.1,52.62,32.08
2021-11-02 16:29:30 +0530,468475,19.8,15.4,52.56,32.07
2021-11-02 16:30:00 +0530,468476,26.3,16.1,52.59,32.03
2021-11-02 16:30:30 +0530,468477,19.7,14.6,52.51,32.02
2021-11-02 16:31:00 +0530,468478,24.8,15.3,52.54,31.98
2021-11-02 16:31:30 +0530,468479,21.1,16.3,52.59,31.95
2021-11-02 16:32:00 +0530,468480,29.8,18.3,52.78,31.92
2021-11-02 16:32:30 +0530,468481,21.6,17.8,52.78,31.88
2021-11-02 16:33:00 +0530,468482,18.9,15.2,52.78,31.87
2021-11-02 16:33:30 +0530,468483,20.4,15.1,52.81,31.85
2021-11-02 16:34:00 +0530,468484,16.8,13.8,52.78,31.84
2021-11-02 16:34:30 +0530,468485,17.3,10.4,52.78,31.82
2021-11-02 16:35:00 +0530,468486,14.4,13.0,52.63,31.81
2021-11-02 16:35:30 +0530,468487,15.8,13.7,52.72,31.78
2021-11-02 16:36:00 +0530,468488,15.5,13.9,52.78,31.76
2021-11-02 16:36:30 +0530,468489,10.8,9.7,52.95,31.7
2021-11-02 16:37:00 +0530,468490,16.8,11.7,53.1,31.66
2021-11-02 16:37:30 +0530,468491,18.1,14.7,53.19,31.64
2021-11-02 16:38:00 +0530,468492,14.0,12.6,53.37,31.59
2021-11-02 16:38:30 +0530,468493,19.6,12.8,53.49,31.55
2021-11-02 16:39:00 +0530,468494,18.5,15.2,53.49,31.54
2021-11-02 16:39:30 +0530,468495,22.9,16.9,53.58,31.54
2021-11-02 16:40:00 +0530,468496,19.4,16.4,53.61,31.53
2021-11-02 16:40:30 +0530,468497,18.1,15.9,53.64,31.51
2021-11-02 16:41:00 +0530,468498,19.0,15.4,53.75,31.49
2021-11-02 16:41:30 +0530,468499,26.9,16.7,53.75,31.48
2021-11-02 16:42:00 +0530,468500,24.4,14.2,53.88,31.44
2021-11-02 16:42:30 +0530,468501,27.3,17.0,53.9,31.45
2021-11-02 16:43:00 +0530,468502,25.9,15.5,53.75,31.45
2021-11-02 16:43:30 +0530,468503,17.8,14.8,53.61,31.46
2021-11-02 16:44:00 +0530,468504,20.3,14.7,53.67,31.45
2021-11-02 16:44:30 +0530,468505,18.5,14.8,53.67,31.46
2021-11-02 16:45:00 +0530,468506,19.4,15.1,53.72,31.45
2021-11-02 16:45:30 +0530,468507,19.4,15.2,53.72,31.45
2021-11-02 16:46:30 +0530,468508,19.1,12.8,54.29,31.23
2021-11-02 16:47:00 +0530,468509,23.0,18.4,54.26,31.27
2021-11-02 16:47:30 +0530,468510,17.1,15.3,54.2,31.3
2021-11-02 16:48:00 +0530,468511,20.0,15.4,54.17,31.31
2021-11-02 16:48:30 +0530,468512,29.7,17.9,54.14,31.33
2021-11-02 16:49:00 +0530,468513,29.3,19.9,54.2,31.34
2021-11-02 16:49:30 +0530,468514,39.9,24.9,54.14,31.35
2021-11-02 16:50:00 +0530,468515,28.2,18.6,54.2,31.33
2021-11-02 16:50:30 +0530,468516,24.2,21.6,54.14,31.34
2021-11-02 16:51:00 +0530,468517,28.6,24.0,54.17,31.35
2021-11-02 16:51:30 +0530,468518,38.0,19.3,54.26,31.34
2021-11-02 16:52:00 +0530,468519,32.3,19.3,54.14,31.36
2021-11-02 16:52:30 +0530,468520,31.6,17.2,54.2,31.37
2021-11-02 16:53:00 +0530,468521,22.0,16.4,54.2,31.38
2021-11-02 16:53:30 +0530,468522,36.2,17.9,54.29,31.41
2021-11-02 16:54:00 +0530,468523,35.6,16.9,54.11,31.43
2021-11-02 16:54:30 +0530,468524,19.2,15.1,53.88,31.44
2021-11-02 16:55:00 +0530,468525,19.7,14.2,53.72,31.44
2021-11-02 16:55:30 +0530,468526,23.3,14.3,53.61,31.45
2021-11-02 16:56:00 +0530,468527,17.1,11.2,53.7,31.42
2021-11-02 16:56:30 +0530,468528,30.5,16.4,53.67,31.43
2021-11-02 16:57:00 +0530,468529,16.0,14.3,53.64,31.43
2021-11-02 16:57:30 +0530,468530,23.0,14.6,53.64,31.42
2021-11-02 16:58:00 +0530,468531,19.6,14.4,53.61,31.43
2021-11-02 16:58:30 +0530,468532,19.3,14.9,53.52,31.43
2021-11-02 16:59:00 +0530,468533,28.6,16.6,53.67,31.45
2021-11-02 16:59:30 +0530,468534,21.6,14.7,53.64,31.45
2021-11-02 17:00:00 +0530,468535,21.0,14.4,53.61,31.45
2021-11-02 17:00:30 +0530,468536,26.1,15.3,53.61,31.46
2021-11-02 17:01:00 +0530,468537,19.3,14.8,53.61,31.46
2021-11-02 17:01:30 +0530,468538,16.6,14.8,53.49,31.45
2021-11-02 17:02:00 +0530,468539,19.7,14.8,53.55,31.44
2021-11-02 17:02:30 +0530,468540,18.4,14.4,53.55,31.43
2021-11-02 17:03:00 +0530,468541,23.9,15.4,53.64,31.43
2021-11-02 17:03:30 +0530,468542,30.2,16.1,53.7,31.42
2021-11-02 17:04:00 +0530,468543,27.5,16.1,53.75,31.42
2021-11-02 17:04:30 +0530,468544,31.8,16.4,53.78,31.42
2021-11-02 17:05:00 +0530,468545,44.2,18.1,53.88,31.42
2021-11-02 17:05:30 +0530,468546,33.0,16.8,53.96,31.43
2021-11-02 17:06:00 +0530,468547,28.7,16.4,53.96,31.43
2021-11-02 17:06:30 +0530,468548,18.1,11.4,53.88,31.42
2021-11-02 17:07:00 +0530,468549,18.1,11.4,53.9,31.38
2021-11-02 17:07:30 +0530,468550,22.2,11.8,53.84,31.36
2021-11-02 17:08:00 +0530,468551,17.3,15.0,53.88,31.35
2021-11-02 17:08:30 +0530,468552,24.0,15.3,53.91,31.35
2021-11-02 17:09:00 +0530,468553,26.2,15.2,53.88,31.35
2021-11-02 17:09:30 +0530,468554,25.9,15.1,53.88,31.34
2021-11-02 17:10:00 +0530,468555,20.7,15.3,53.91,31.31
2021-11-02 17:10:30 +0530,468556,19.0,15.4,53.94,31.3
2021-11-02 17:11:00 +0530,468557,30.6,13.9,54.14,31.26
2021-11-02 17:11:30 +0530,468558,17.8,13.9,54.14,31.25
2021-11-02 17:12:00 +0530,468559,24.7,15.3,54.23,31.23
2021-11-02 17:12:30 +0530,468560,22.1,14.4,54.35,31.22
2021-11-02 17:13:00 +0530,468561,17.0,14.4,54.43,31.21
2021-11-02 17:13:30 +0530,468562,35.0,16.4,54.59,31.19
2021-11-02 17:14:00 +0530,468563,27.5,16.0,54.62,31.19
2021-11-02 17:14:30 +0530,468564,27.0,15.4,54.62,31.16
2021-11-02 17:15:00 +0530,468565,25.0,12.6,54.76,31.13
2021-11-02 17:15:30 +0530,468566,25.0,12.6,54.76,31.13
2021-11-02 17:16:00 +0530,468567,13.2,11.4,55.2,30.96
2021-11-02 17:16:30 +0530,468568,21.3,14.8,55.0,31.02
2021-11-02 17:17:00 +0530,468569,26.5,15.3,54.85,31.02
2021-11-02 17:17:30 +0530,468570,18.2,11.4,54.97,31.02
2021-11-02 17:18:00 +0530,468571,23.4,14.9,54.82,31.02
2021-11-02 17:18:30 +0530,468572,26.5,15.6,54.94,31.02
2021-11-02 17:19:00 +0530,468573,25.4,15.7,54.88,31.02
2021-11-02 17:19:30 +0530,468574,21.8,14.7,54.82,31.02
2021-11-02 17:20:00 +0530,468575,27.5,14.7,54.71,31.02
2021-11-02 17:20:30 +0530,468576,19.4,14.1,54.47,31.02
2021-11-02 17:21:00 +0530,468577,15.2,12.5,54.33,31.02
2021-11-02 17:21:30 +0530,468578,20.1,12.5,54.2,31.02
2021-11-02 17:22:00 +0530,468579,18.1,13.7,54.35,31.0
2021-11-02 17:22:30 +0530,468580,18.7,13.5,54.38,30.97
2021-11-02 17:23:00 +0530,468581,22.2,10.6,54.5,30.91
2021-11-02 17:23:30 +0530,468582,26.1,15.7,54.62,30.91
2021-11-02 17:24:00 +0530,468583,21.3,13.2,54.47,30.89
2021-11-02 17:24:30 +0530,468584,21.4,13.9,54.59,30.87
2021-11-02 17:25:00 +0530,468585,17.5,12.8,54.53,30.85
2021-11-02 17:25:30 +0530,468586,15.6,12.0,54.44,30.84
2021-11-02 17:26:00 +0530,468587,16.6,11.7,54.44,30.82
2021-11-02 17:26:30 +0530,468588,16.3,12.4,54.5,30.8
2021-11-02 17:27:00 +0530,468589,19.5,12.3,54.56,30.78
2021-11-02 17:27:30 +0530,468590,23.4,12.9,54.65,30.77
2021-11-02 17:28:00 +0530,468591,18.5,12.7,54.74,30.76
2021-11-02 17:28:30 +0530,468592,18.5,12.8,54.8,30.77
2021-11-02 17:29:00 +0530,468593,20.3,13.2,54.94,30.76
2021-11-02 17:29:30 +0530,468594,22.6,13.3,54.85,30.76
2021-11-02 17:30:00 +0530,468595,20.0,13.1,54.71,30.76
2021-11-02 17:30:30 +0530,468596,28.6,12.6,54.71,30.75
2021-11-02 17:31:00 +0530,468597,19.3,12.2,54.59,30.74
2021-11-02 17:31:30 +0530,468598,16.6,11.2,54.56,30.72
2021-11-02 17:32:00 +0530,468599,11.2,10.1,54.44,30.72
2021-11-02 17:32:30 +0530,468600,15.8,10.6,54.36,30.7
2021-11-02 17:33:00 +0530,468601,14.2,10.8,54.3,30.7
2021-11-02 17:33:30 +0530,468602,15.9,10.6,54.33,30.68
2021-11-02 17:34:00 +0530,468603,14.5,11.1,54.45,30.67
2021-11-02 17:34:30 +0530,468604,12.1,7.7,54.62,30.64
2021-11-02 17:35:00 +0530,468605,14.5,10.9,54.59,30.63
2021-11-02 17:35:30 +0530,468606,19.0,10.9,54.56,30.63
2021-11-02 17:36:00 +0530,468607,18.7,11.2,54.59,30.62
2021-11-02 17:36:30 +0530,468608,28.1,12.9,54.65,30.62
2021-11-02 17:37:00 +0530,468609,15.0,10.8,54.47,30.63
2021-11-02 17:37:30 +0530,468610,16.9,10.9,54.45,30.63
2021-11-02 17:38:00 +0530,468611,21.3,11.2,54.47,30.64
2021-11-02 17:38:30 +0530,468612,21.3,11.6,54.53,30.63
2021-11-02 17:39:00 +0530,468613,9.5,7.4,54.56,30.62
2021-11-02 17:39:30 +0530,468614,19.3,11.1,54.47,30.62
2021-11-02 17:40:00 +0530,468615,24.0,12.0,54.26,30.63
2021-11-02 17:40:30 +0530,468616,15.0,10.1,54.15,30.63
2021-11-02 17:41:00 +0530,468617,20.1,11.6,54.18,30.63
2021-11-02 17:41:30 +0530,468618,17.4,9.3,54.15,30.6
2021-11-02 17:42:00 +0530,468619,15.6,10.6,54.21,30.62
2021-11-02 17:42:30 +0530,468620,19.3,11.4,54.26,30.62
2021-11-02 17:43:00 +0530,468621,12.9,7.4,54.26,30.62
2021-11-02 17:43:30 +0530,468622,15.4,10.2,53.77,30.63
2021-11-02 17:44:00 +0530,468623,13.1,10.2,53.8,30.63
2021-11-02 17:44:30 +0530,468624,13.8,10.2,53.82,30.62
2021-11-02 17:45:00 +0530,468625,13.4,10.7,53.88,30.61
2021-11-02 17:45:30 +0530,468626,12.9,10.8,53.82,30.61
2021-11-02 17:46:00 +0530,468627,16.9,11.0,53.85,30.59
2021-11-02 17:46:30 +0530,468628,12.8,10.8,53.97,30.57
2021-11-02 17:47:00 +0530,468629,14.6,9.3,54.15,30.53
2021-11-02 17:47:30 +0530,468630,14.2,11.2,54.06,30.52
2021-11-02 17:48:00 +0530,468631,17.4,11.1,54.09,30.51
2021-11-02 17:48:30 +0530,468632,21.5,11.1,54.18,30.5
2021-11-02 17:49:00 +0530,468633,19.8,11.3,54.18,30.49
2021-11-02 17:49:30 +0530,468634,9.3,8.4,54.3,30.47
2021-11-02 17:50:00 +0530,468635,18.3,11.2,54.24,30.47
2021-11-02 17:50:30 +0530,468636,17.8,11.4,54.26,30.46
2021-11-02 17:51:00 +0530,468637,19.0,11.3,54.26,30.47
2021-11-02 17:51:30 +0530,468638,17.8,11.6,54.3,30.47
2021-11-02 17:52:00 +0530,468639,15.4,7.7,54.42,30.42
2021-11-02 17:52:30 +0530,468640,13.1,7.6,54.5,30.39
2021-11-02 17:53:00 +0530,468641,13.3,10.7,54.5,30.37
2021-11-02 17:53:30 +0530,468642,16.5,10.6,54.5,30.37
2021-11-02 17:54:00 +0530,468643,12.9,9.0,54.45,30.35
2021-11-02 17:54:30 +0530,468644,12.2,9.4,54.48,30.34
2021-11-02 17:55:00 +0530,468645,13.8,10.1,54.56,30.32
2021-11-02 17:55:30 +0530,468646,16.9,10.9,54.68,30.3
2021-11-02 17:56:00 +0530,468647,16.7,11.1,54.68,30.3
2021-11-02 17:56:30 +0530,468648,14.2,6.9,55.3,30.1
2021-11-02 17:57:00 +0530,468649,13.1,10.5,55.16,30.12
2021-11-02 17:57:30 +0530,468650,16.3,10.4,55.19,30.15
2021-11-02 17:58:00 +0530,468651,18.5,9.9,55.12,30.18
2021-11-02 17:58:30 +0530,468652,7.8,6.4,55.24,30.18
2021-11-02 17:59:00 +0530,468653,22.9,10.7,55.18,30.2
2021-11-02 17:59:30 +0530,468654,15.8,9.9,55.18,30.22
2021-11-02 18:00:00 +0530,468655,17.5,7.7,55.3,30.21
2021-11-02 18:00:30 +0530,468656,19.8,11.0,55.24,30.23
2021-11-02 18:01:00 +0530,468657,17.3,10.6,55.21,30.25
2021-11-02 18:01:30 +0530,468658,14.2,10.6,55.12,30.27
2021-11-02 18:02:00 +0530,468659,15.5,10.7,55.12,30.27
2021-11-02 18:02:30 +0530,468660,11.2,8.2,55.45,30.15
2021-11-02 18:03:00 +0530,468661,9.4,6.4,55.48,30.13
2021-11-02 18:03:30 +0530,468662,18.0,11.3,55.42,30.15
2021-11-02 18:04:00 +0530,468663,14.2,10.3,55.42,30.16
2021-11-02 18:04:30 +0530,468664,13.8,9.7,55.36,30.15
2021-11-02 18:05:00 +0530,468665,14.9,10.3,55.42,30.15
2021-11-02 18:05:30 +0530,468666,16.4,7.6,55.6,30.1
2021-11-02 18:06:00 +0530,468667,13.3,10.0,55.6,30.09
2021-11-02 18:06:30 +0530,468668,14.0,9.8,55.62,30.08
2021-11-02 18:07:00 +0530,468669,13.0,9.8,55.65,30.07
2021-11-02 18:07:30 +0530,468670,9.0,6.5,55.83,30.04
2021-11-02 18:08:00 +0530,468671,13.0,9.4,55.89,30.03
2021-11-02 18:08:30 +0530,468672,8.2,5.2,55.98,30.0
2021-11-02 18:09:00 +0530,468673,10.2,9.1,55.89,30.01
2021-11-02 18:09:30 +0530,468674,12.9,9.2,55.83,30.01
2021-11-02 18:10:00 +0530,468675,13.0,9.5,55.86,29.98
2021-11-02 18:10:30 +0530,468676,11.7,8.6,55.89,29.97
2021-11-02 18:11:00 +0530,468677,12.7,8.8,55.92,29.95
2021-11-02 18:11:30 +0530,468678,13.4,8.6,55.92,29.94
2021-11-02 18:12:00 +0530,468679,16.9,5.9,56.1,29.91
2021-11-02 18:12:30 +0530,468680,12.0,8.2,56.1,29.9
2021-11-02 18:13:00 +0530,468681,11.0,8.2,56.1,29.9
2021-11-02 18:13:30 +0530,468682,11.8,5.7,56.45,29.77
2021-11-02 18:14:00 +0530,468683,11.6,8.4,56.45,29.78
2021-11-02 18:14:30 +0530,468684,13.3,8.3,56.36,29.8
2021-11-02 18:15:00 +0530,468685,12.5,8.0,56.27,29.8
2021-11-02 18:15:30 +0530,468686,12.0,8.4,56.27,29.8
2021-11-02 18:16:00 +0530,468687,11.4,8.1,56.3,29.81
2021-11-02 18:16:30 +0530,468688,10.7,8.5,56.27,29.81
2021-11-02 18:17:00 +0530,468689,12.3,8.5,56.33,29.8
2021-11-02 18:17:30 +0530,468690,13.8,8.1,56.3,29.8
2021-11-02 18:18:00 +0530,468691,13.0,4.7,56.45,29.77
2021-11-02 18:18:30 +0530,468692,13.2,8.4,56.45,29.77
2021-11-02 18:19:00 +0530,468693,8.9,8.2,56.45,29.76
2021-11-02 18:19:30 +0530,468694,12.9,8.7,56.54,29.76
2021-11-02 18:20:00 +0530,468695,9.5,5.7,56.77,29.74
2021-11-02 18:20:30 +0530,468696,9.4,8.1,56.68,29.74
2021-11-02 18:21:00 +0530,468697,11.3,6.4,56.74,29.72
2021-11-02 18:21:30 +0530,468698,13.3,8.8,56.65,29.74
2021-11-02 18:22:00 +0530,468699,15.6,8.9,56.68,29.75
2021-11-02 18:22:30 +0530,468700,10.8,5.2,56.77,29.74
2021-11-02 18:23:00 +0530,468701,7.3,5.4,56.71,29.73
2021-11-02 18:23:30 +0530,468702,8.3,7.4,56.45,29.75
2021-11-02 18:24:00 +0530,468703,8.6,4.8,56.51,29.73
2021-11-02 18:24:30 +0530,468704,12.7,5.1,56.54,29.72
2021-11-02 18:25:00 +0530,468705,12.7,5.1,56.54,29.72
2021-11-02 18:25:30 +0530,468706,12.0,4.3,57.13,29.53
2021-11-02 18:26:00 +0530,468707,14.0,8.1,56.92,29.6
2021-11-02 18:26:30 +0530,468708,16.7,5.3,56.95,29.61
2021-11-02 18:27:00 +0530,468709,14.2,7.9,56.83,29.64
2021-11-02 18:27:30 +0530,468710,9.6,5.3,56.92,29.65
2021-11-02 18:28:00 +0530,468711,15.0,8.7,56.83,29.67
2021-11-02 18:28:30 +0530,468712,12.4,7.1,56.74,29.7
2021-11-02 18:29:00 +0530,468713,13.7,7.9,56.68,29.72
2021-11-02 18:29:30 +0530,468714,14.1,8.1,56.65,29.73
2021-11-02 18:30:00 +0530,468715,7.4,4.6,56.77,29.71
2021-11-02 18:30:30 +0530,468716,11.3,8.1,56.77,29.71
2021-11-02 18:31:00 +0530,468717,13.0,8.1,56.83,29.72
2021-11-02 18:31:30 +0530,468718,10.3,7.6,56.74,29.72
2021-11-02 18:32:00 +0530,468719,10.1,8.1,56.71,29.73
2021-11-02 18:32:30 +0530,468720,12.4,7.8,56.68,29.74
2021-11-02 18:33:00 +0530,468721,23.9,10.3,56.83,29.75
2021-11-02 18:33:30 +0530,468722,20.1,8.9,56.8,29.76
2021-11-02 18:34:00 +0530,468723,12.6,9.0,56.74,29.77
2021-11-02 18:34:30 +0530,468724,10.6,9.2,56.74,29.77
2021-11-02 18:35:00 +0530,468725,11.9,8.8,56.71,29.77
2021-11-02 18:35:30 +0530,468726,13.9,9.6,56.71,29.79
2021-11-02 18:36:00 +0530,468727,13.2,8.8,56.74,29.79
2021-11-02 18:36:30 +0530,468728,12.3,9.0,56.71,29.8
2021-11-02 18:37:00 +0530,468729,13.7,9.1,56.71,29.8
2021-11-02 18:38:00 +0530,468730,13.4,6.3,57.16,29.65
2021-11-02 18:38:30 +0530,468731,14.9,8.3,57.1,29.68
2021-11-02 18:39:00 +0530,468732,11.5,8.6,56.97,29.72
2021-11-02 18:39:30 +0530,468733,15.3,8.1,56.97,29.74
2021-11-02 18:40:00 +0530,468734,16.2,6.3,57.0,29.73
2021-11-02 18:40:30 +0530,468735,10.0,6.7,57.1,29.73
2021-11-02 18:41:00 +0530,468736,13.9,9.2,56.86,29.75
2021-11-02 18:41:30 +0530,468737,17.5,10.6,56.74,29.76
2021-11-02 18:42:00 +0530,468738,15.5,8.8,56.71,29.78
2021-11-02 18:42:30 +0530,468739,12.1,8.1,56.62,29.8
2021-11-02 18:43:00 +0530,468740,14.2,8.4,56.57,29.81
2021-11-02 18:44:00 +0530,468742,13.1,6.1,56.51,29.82
2021-11-02 18:44:30 +0530,468743,20.4,7.3,56.62,29.82
2021-11-02 18:45:00 +0530,468744,12.2,6.4,56.59,29.83
2021-11-02 18:45:30 +0530,468745,23.0,11.1,56.51,29.85
2021-11-02 18:46:00 +0530,468741,12.4,11.1,56.27,29.86
2021-11-02 18:46:30 +0530,468746,25.1,22.8,56.1,29.86
2021-11-02 18:47:00 +0530,468747,11.2,7.9,56.1,29.86
2021-11-02 18:47:30 +0530,468748,12.6,7.4,56.07,29.86
2021-11-02 18:48:00 +0530,468749,8.2,6.3,55.83,29.85
2021-11-02 18:48:30 +0530,468750,6.8,4.9,56.03,29.8
2021-11-02 18:49:00 +0530,468751,12.6,7.7,56.01,29.79
2021-11-02 18:49:30 +0530,468752,10.4,7.8,55.92,29.79
2021-11-02 18:50:00 +0530,468753,16.7,8.7,56.01,29.78
2021-11-02 18:50:30 +0530,468754,19.7,8.4,56.07,29.78
2021-11-02 18:51:00 +0530,468755,20.7,6.3,56.1,29.74
2021-11-02 18:51:30 +0530,468756,13.2,8.4,56.24,29.77
2021-11-02 18:52:00 +0530,468757,14.1,8.9,56.24,29.79
2021-11-02 18:52:30 +0530,468758,10.9,7.6,56.16,29.79
2021-11-02 18:53:00 +0530,468759,13.6,7.8,56.24,29.79
2021-11-02 18:53:30 +0530,468760,13.5,8.3,56.45,29.78
2021-11-02 18:54:00 +0530,468761,13.0,8.3,56.57,29.77
2021-11-02 18:54:30 +0530,468762,10.8,8.5,56.68,29.77
2021-11-02 18:55:00 +0530,468763,10.9,4.3,56.89,29.75
2021-11-02 18:55:30 +0530,468764,14.1,6.0,57.03,29.72
2021-11-02 18:56:00 +0530,468765,13.0,8.4,57.1,29.72
2021-11-02 18:56:30 +0530,468766,8.6,5.6,57.27,29.67
2021-11-02 18:57:00 +0530,468767,13.2,8.4,57.33,29.67
2021-11-02 18:57:30 +0530,468768,13.4,9.1,57.39,29.67
2021-11-02 18:58:00 +0530,468769,13.7,9.4,57.51,29.67
2021-11-02 18:58:30 +0530,468770,15.5,9.0,57.56,29.66
2021-11-02 18:59:00 +0530,468771,13.1,8.9,57.56,29.67
2021-11-02 18:59:30 +0530,468772,12.4,8.9,57.65,29.66
2021-11-02 19:00:00 +0530,468773,10.3,4.6,57.83,29.65
2021-11-02 19:00:30 +0530,468774,10.1,8.8,57.8,29.66
2021-11-02 19:01:00 +0530,468775,12.9,9.4,57.86,29.66
2021-11-02 19:01:30 +0530,468776,12.3,8.7,57.89,29.66
2021-11-02 19:02:00 +0530,468777,17.9,8.6,57.95,29.66
2021-11-02 19:02:30 +0530,468778,12.1,8.2,58.03,29.66
2021-11-02 19:03:00 +0530,468779,11.8,8.3,58.09,29.66
2021-11-02 19:03:30 +0530,468780,10.6,8.1,58.15,29.66
2021-11-02 19:04:00 +0530,468781,13.0,8.7,58.18,29.66
2021-11-02 19:04:30 +0530,468782,11.9,9.2,58.24,29.66
2021-11-02 19:05:00 +0530,468783,14.1,8.1,58.24,29.66
2021-11-02 19:05:30 +0530,468784,16.9,8.5,58.3,29.66
2021-11-02 19:06:00 +0530,468785,11.7,8.0,58.32,29.66
2021-11-02 19:06:30 +0530,468786,8.5,7.6,58.35,29.66
2021-11-02 19:07:00 +0530,468787,11.2,7.9,58.47,29.64
2021-11-02 19:07:30 +0530,468788,12.4,8.8,58.47,29.64
2021-11-02 19:08:00 +0530,468789,15.3,8.0,58.47,29.64
2021-11-02 19:08:30 +0530,468790,14.2,8.8,58.41,29.63
2021-11-02 19:09:00 +0530,468791,15.2,8.4,58.47,29.63
2021-11-02 19:09:30 +0530,468792,14.4,9.0,58.5,29.62
2021-11-02 19:10:00 +0530,468793,10.9,8.0,58.53,29.61
2021-11-02 19:10:30 +0530,468794,11.7,8.4,58.56,29.61
2021-11-02 19:11:00 +0530,468795,13.3,11.2,58.62,29.6
2021-11-02 19:11:30 +0530,468796,15.1,9.1,58.7,29.6
2021-11-02 19:12:00 +0530,468797,18.2,10.1,58.67,29.61
2021-11-02 19:12:30 +0530,468798,11.5,8.9,58.65,29.62
2021-11-02 19:13:00 +0530,468799,19.8,11.5,58.56,29.63
2021-11-02 19:13:30 +0530,468800,22.9,17.9,58.5,29.63
2021-11-02 19:14:00 +0530,468801,6.6,4.8,58.5,29.61
2021-11-02 19:14:30 +0530,468802,16.9,9.2,58.38,29.64
2021-11-02 19:15:00 +0530,468803,11.3,8.3,58.35,29.66
2021-11-02 19:15:30 +0530,468804,9.8,5.8,58.47,29.64
2021-11-02 19:16:00 +0530,468805,13.1,8.1,58.38,29.65
2021-11-02 19:16:30 +0530,468806,10.2,7.9,58.3,29.66
2021-11-02 19:17:00 +0530,468807,12.3,7.8,58.03,29.67
2021-11-02 19:17:30 +0530,468808,12.2,5.3,58.12,29.64
2021-11-02 19:18:00 +0530,468809,8.8,7.4,57.86,29.66
2021-11-02 19:18:30 +0530,468810,12.9,6.4,58.03,29.65
2021-11-02 19:19:00 +0530,468811,10.7,8.4,58.0,29.66
2021-11-02 19:19:30 +0530,468812,10.3,8.1,57.86,29.66
2021-11-02 19:20:00 +0530,468813,11.9,10.4,57.77,29.66
2021-11-02 19:20:30 +0530,468814,10.4,7.8,57.74,29.65
2021-11-02 19:21:00 +0530,468815,13.8,8.2,57.77,29.65
2021-11-02 19:21:30 +0530,468816,14.5,8.4,57.71,29.64
2021-11-02 19:22:00 +0530,468817,13.4,8.4,57.74,29.62
2021-11-02 19:22:30 +0530,468818,13.3,10.4,57.74,29.61
2021-11-02 19:23:00 +0530,468819,14.8,10.3,57.77,29.58
2021-11-02 19:23:30 +0530,468820,23.2,18.6,57.89,29.57
2021-11-02 19:24:00 +0530,468821,18.9,14.8,57.92,29.56
2021-11-02 19:24:30 +0530,468822,12.2,10.0,58.12,29.52
2021-11-02 19:25:00 +0530,468823,20.5,16.1,58.12,29.52
2021-11-02 19:25:30 +0530,468824,23.2,17.6,58.15,29.51
2021-11-02 19:26:00 +0530,468825,31.1,20.7,58.21,29.5
2021-11-02 19:26:30 +0530,468826,25.1,16.4,58.29,29.5
2021-11-02 19:27:00 +0530,468827,13.3,11.9,58.35,29.48
2021-11-02 19:27:30 +0530,468828,12.7,11.1,58.47,29.48
2021-11-02 19:28:00 +0530,468829,16.1,10.9,58.48,29.47
2021-11-02 19:28:30 +0530,468830,16.0,10.6,58.54,29.46
2021-11-02 19:29:00 +0530,468831,23.6,18.4,58.62,29.46
2021-11-02 19:29:30 +0530,468832,19.5,12.3,58.71,29.46
2021-11-02 19:30:00 +0530,468833,17.5,11.8,58.71,29.46
2021-11-02 19:30:30 +0530,468834,15.1,11.4,58.71,29.47
2021-11-02 19:31:00 +0530,468835,12.2,10.9,58.71,29.48
2021-11-02 19:31:30 +0530,468836,13.1,11.4,58.74,29.48
2021-11-02 19:32:00 +0530,468837,12.8,11.5,58.8,29.49
2021-11-02 19:32:30 +0530,468838,15.7,13.2,58.8,29.49
2021-11-02 19:33:00 +0530,468839,11.9,10.8,58.89,29.46
2021-11-02 19:33:30 +0530,468840,11.9,10.8,58.89,29.46
2021-11-02 19:34:00 +0530,468841,11.5,10.3,59.24,29.24
2021-11-02 19:34:30 +0530,468842,15.8,14.1,59.41,29.28
2021-11-02 19:35:00 +0530,468843,15.3,13.9,59.41,29.3
2021-11-02 19:35:30 +0530,468844,16.0,14.4,59.38,29.32
2021-11-02 19:36:00 +0530,468845,13.4,11.6,59.51,29.3
2021-11-02 19:36:30 +0530,468846,16.2,14.3,59.44,29.3
2021-11-02 19:37:00 +0530,468847,15.3,13.7,59.48,29.31
2021-11-02 19:37:30 +0530,468848,17.1,14.2,59.48,29.33
2021-11-02 19:38:00 +0530,468849,18.5,13.2,59.48,29.33
2021-11-02 19:38:30 +0530,468850,18.4,13.7,59.48,29.35
2021-11-02 19:39:00 +0530,468851,15.0,12.7,59.35,29.37
2021-11-02 19:39:30 +0530,468852,20.5,13.3,59.41,29.38
2021-11-02 19:40:00 +0530,468853,15.6,12.8,59.33,29.41
2021-11-02 19:40:30 +0530,468854,16.4,12.3,59.27,29.42
2021-11-02 19:41:00 +0530,468855,15.9,12.8,59.27,29.43
2021-11-02 19:41:30 +0530,468856,15.8,12.8,59.27,29.43
2021-11-02 19:42:00 +0530,468857,14.2,12.7,59.27,29.43
2021-11-02 19:42:30 +0530,468858,15.6,12.0,59.27,29.43
2021-11-02 19:43:00 +0530,468859,10.5,7.1,59.3,29.39
2021-11-02 19:43:30 +0530,468860,17.8,13.4,59.3,29.43
2021-11-02 19:44:00 +0530,468861,17.5,13.1,59.27,29.45
2021-11-02 19:44:30 +0530,468862,13.3,8.3,59.33,29.44
2021-11-02 19:45:00 +0530,468863,15.5,11.9,59.24,29.45
2021-11-02 19:45:30 +0530,468864,14.3,12.3,59.24,29.46
2021-11-02 19:46:00 +0530,468865,14.4,11.4,59.18,29.46
2021-11-02 19:46:30 +0530,468866,16.8,15.2,59.21,29.46
2021-11-02 19:47:00 +0530,468867,15.5,13.9,59.27,29.45
2021-11-02 19:47:30 +0530,468868,12.6,11.3,59.3,29.44
2021-11-02 19:48:00 +0530,468869,12.6,11.3,59.35,29.43
2021-11-02 19:48:30 +0530,468870,18.4,11.9,59.48,29.42
2021-11-02 19:49:00 +0530,468871,14.7,11.9,59.54,29.42
2021-11-02 19:49:30 +0530,468872,15.6,11.7,59.59,29.42
2021-11-02 19:50:00 +0530,468873,14.0,12.3,59.56,29.42
2021-11-02 19:50:30 +0530,468874,11.6,8.2,59.71,29.38
2021-11-02 19:51:00 +0530,468875,16.1,12.7,59.68,29.38
2021-11-02 19:51:30 +0530,468876,16.4,12.5,59.71,29.38
2021-11-02 19:52:00 +0530,468877,18.7,12.3,59.73,29.38
2021-11-02 19:52:30 +0530,468878,17.5,12.6,59.77,29.38
2021-11-02 19:53:01 +0530,468879,17.5,12.6,59.77,29.38
2021-11-02 19:53:30 +0530,468880,12.0,9.6,60.38,29.21
2021-11-02 19:54:00 +0530,468881,16.1,12.7,60.24,29.26
2021-11-02 19:54:30 +0530,468882,19.0,13.4,60.24,29.29
2021-11-02 19:55:00 +0530,468883,22.7,13.8,60.15,29.32
2021-11-02 19:55:30 +0530,468884,15.3,12.7,60.06,29.34
2021-11-02 19:56:00 +0530,468885,10.1,9.3,60.09,29.34
2021-11-02 19:56:30 +0530,468886,13.3,11.9,59.83,29.36
2021-11-02 19:57:00 +0530,468887,16.4,12.7,59.89,29.36
2021-11-02 19:57:30 +0530,468888,11.0,9.2,59.94,29.34
2021-11-02 19:58:00 +0530,468889,14.3,12.8,59.83,29.34
2021-11-02 19:58:30 +0530,468890,20.4,18.3,59.8,29.35
2021-11-02 19:59:00 +0530,468891,15.7,14.2,59.68,29.34
2021-11-02 19:59:30 +0530,468892,13.4,12.1,59.56,29.33
2021-11-02 20:00:00 +0530,468893,10.4,8.3,59.56,29.29
2021-11-02 20:00:30 +0530,468894,13.7,12.5,59.56,29.26
2021-11-02 20:01:00 +0530,468895,15.9,12.7,59.56,29.24
2021-11-02 20:01:30 +0530,468896,12.8,11.3,59.62,29.23
2021-11-02 20:02:00 +0530,468897,12.2,10.9,59.65,29.21
2021-11-02 20:02:30 +0530,468898,12.2,10.4,59.65,29.21
2021-11-02 20:03:00 +0530,468899,8.8,8.0,59.8,29.19
2021-11-02 20:03:30 +0530,468900,12.2,10.9,59.77,29.18
2021-11-02 20:04:00 +0530,468901,8.9,7.7,59.88,29.14
2021-11-02 20:04:30 +0530,468902,13.3,12.1,59.91,29.13
2021-11-02 20:05:00 +0530,468903,13.9,12.7,59.94,29.13
2021-11-02 20:05:30 +0530,468904,10.8,9.7,60.09,29.09
2021-11-02 20:06:00 +0530,468905,12.6,11.5,60.09,29.09
2021-11-02 20:06:30 +0530,468906,12.1,11.1,60.09,29.09
2021-11-02 20:07:00 +0530,468907,11.3,8.6,60.21,29.07
2021-11-02 20:07:30 +0530,468908,12.6,11.3,60.21,29.06
2021-11-02 20:08:00 +0530,468909,12.4,11.4,60.21,29.06
2021-11-02 20:08:30 +0530,468910,12.2,11.1,60.21,29.07
2021-11-02 20:09:00 +0530,468911,13.4,11.9,60.23,29.07
2021-11-02 20:09:30 +0530,468912,13.5,12.1,60.29,29.08
2021-11-02 20:10:00 +0530,468913,13.1,11.7,60.23,29.08
2021-11-02 20:10:30 +0530,468914,13.3,11.9,60.23,29.09
2021-11-02 20:11:00 +0530,468915,14.0,9.0,60.35,29.08
2021-11-02 20:11:30 +0530,468916,14.0,12.6,60.29,29.09
2021-11-02 20:12:00 +0530,468917,12.9,11.8,60.21,29.12
2021-11-02 20:12:30 +0530,468918,13.5,12.2,60.21,29.13
2021-11-02 20:13:00 +0530,468919,9.8,9.0,60.35,29.11
2021-11-02 20:13:30 +0530,468920,13.6,12.4,60.29,29.12
2021-11-02 20:14:00 +0530,468921,11.1,8.4,60.38,29.11
2021-11-02 20:14:30 +0530,468922,13.5,12.3,60.32,29.12
2021-11-02 20:15:00 +0530,468923,13.6,12.3,60.23,29.13
2021-11-02 20:15:30 +0530,468924,10.7,9.4,60.35,29.12
2021-11-02 20:16:00 +0530,468925,13.8,12.6,60.21,29.13
2021-11-02 20:16:30 +0530,468926,14.0,12.6,60.21,29.15
2021-11-02 20:17:00 +0530,468927,14.7,13.3,60.21,29.17
2021-11-02 20:17:30 +0530,468928,19.3,15.8,60.26,29.17
2021-11-02 20:18:00 +0530,468929,16.6,14.1,60.26,29.17
2021-11-02 20:18:30 +0530,468930,13.2,12.1,60.12,29.18
2021-11-02 20:19:00 +0530,468931,13.9,12.2,60.09,29.19
2021-11-02 20:19:30 +0530,468932,13.7,12.4,60.06,29.19
2021-11-02 20:20:00 +0530,468933,13.1,11.9,60.03,29.19
2021-11-02 20:20:30 +0530,468934,14.3,12.9,60.06,29.17
2021-11-02 20:21:00 +0530,468935,14.7,13.2,60.12,29.17
2021-11-02 20:21:30 +0530,468936,14.6,13.1,60.12,29.17
2021-11-02 20:22:00 +0530,468937,14.5,13.0,60.12,29.17
2021-11-02 20:22:30 +0530,468938,14.2,12.9,60.06,29.17
2021-11-02 20:23:00 +0530,468939,13.7,12.3,60.12,29.14
2021-11-02 20:23:30 +0530,468940,16.3,13.7,60.09,29.14
2021-11-02 20:24:00 +0530,468941,11.0,9.1,60.23,29.12
2021-11-02 20:24:30 +0530,468942,17.2,13.3,60.21,29.12
2021-11-02 20:25:00 +0530,468943,11.8,8.9,60.32,29.11
2021-11-02 20:25:30 +0530,468944,15.8,14.1,60.29,29.12
2021-11-02 20:26:00 +0530,468945,13.8,12.3,60.15,29.13
2021-11-02 20:26:30 +0530,468946,13.0,11.7,60.06,29.15
2021-11-02 20:27:00 +0530,468947,12.7,11.4,59.97,29.13
2021-11-02 20:27:30 +0530,468948,15.0,13.3,60.06,29.14
2021-11-02 20:28:00 +0530,468949,14.6,13.0,60.09,29.14
2021-11-02 20:28:30 +0530,468950,21.9,12.8,60.15,29.11
2021-11-02 20:29:00 +0530,468951,24.0,17.6,60.09,29.12
2021-11-02 20:29:30 +0530,468952,14.9,10.6,60.21,29.09
2021-11-02 20:30:00 +0530,468953,14.6,12.7,60.09,29.11
2021-11-02 20:30:30 +0530,468954,14.0,12.5,60.06,29.12
2021-11-02 20:31:00 +0530,468955,10.4,9.2,60.18,29.09
2021-11-02 20:31:30 +0530,468956,14.1,12.8,60.15,29.11
2021-11-02 20:32:00 +0530,468957,14.2,12.8,60.15,29.11
2021-11-02 20:32:30 +0530,468958,14.6,13.1,60.12,29.12
2021-11-02 20:33:00 +0530,468959,15.4,12.8,60.06,29.12
2021-11-02 20:33:30 +0530,468960,14.4,13.2,60.02,29.13
2021-11-02 20:34:00 +0530,468961,15.5,9.8,60.02,29.08
2021-11-02 20:34:30 +0530,468962,11.2,10.3,60.21,29.07
2021-11-02 20:35:00 +0530,468963,15.1,13.7,60.09,29.08
2021-11-02 20:35:30 +0530,468964,15.7,14.1,60.09,29.08
2021-11-02 20:36:00 +0530,468965,18.2,16.3,60.02,29.08
2021-11-02 20:36:30 +0530,468966,17.4,14.4,60.02,29.08
2021-11-02 20:37:00 +0530,468967,15.2,13.9,60.06,29.06
2021-11-02 20:37:30 +0530,468968,17.0,14.7,60.12,29.06
2021-11-02 20:38:00 +0530,468969,14.8,13.5,60.09,29.06
2021-11-02 20:38:30 +0530,468970,15.1,13.6,60.06,29.05
2021-11-02 20:39:00 +0530,468971,15.9,14.2,60.12,29.05
2021-11-02 20:39:30 +0530,468972,16.2,14.7,60.12,29.07
2021-11-02 20:40:00 +0530,468973,22.0,16.5,60.09,29.07
2021-11-02 20:40:30 +0530,468974,62.4,33.6,60.15,29.07
2021-11-02 20:41:00 +0530,468975,39.3,21.7,60.18,29.06
2021-11-02 20:41:30 +0530,468976,15.5,13.9,60.21,29.07
2021-11-02 20:42:00 +0530,468977,18.7,14.9,60.23,29.07
2021-11-02 20:42:30 +0530,468978,10.9,9.8,60.35,29.05
2021-11-02 20:43:00 +0530,468979,15.7,13.8,60.29,29.05
2021-11-02 20:43:30 +0530,468980,16.6,15.1,60.32,29.05
2021-11-02 20:44:00 +0530,468981,12.0,10.9,60.41,29.03
2021-11-02 20:44:30 +0530,468982,12.0,10.9,60.41,29.03
2021-11-02 20:45:00 +0530,468983,14.5,10.9,60.99,28.85
2021-11-02 20:45:30 +0530,468984,16.2,14.6,60.79,28.88
2021-11-02 20:46:00 +0530,468985,13.3,10.6,60.79,28.88
2021-11-02 20:46:30 +0530,468986,15.7,14.0,60.61,28.9
2021-11-02 20:47:00 +0530,468987,18.3,16.6,60.58,28.92
2021-11-02 20:47:30 +0530,468988,15.8,14.3,60.53,28.93
2021-11-02 20:48:00 +0530,468989,17.4,15.8,60.5,28.93
2021-11-02 20:48:30 +0530,468990,16.9,15.1,60.5,28.94
2021-11-02 20:49:00 +0530,468991,18.1,16.4,60.5,28.94
2021-11-02 20:49:30 +0530,468992,17.4,15.4,60.5,28.95
2021-11-02 20:50:00 +0530,468993,12.6,11.4,60.56,28.94
2021-11-02 20:50:30 +0530,468994,15.6,14.1,60.47,28.94
2021-11-02 20:51:00 +0530,468995,15.4,13.7,60.47,28.95
2021-11-02 20:51:30 +0530,468996,15.8,14.4,60.44,28.97
2021-11-02 20:52:00 +0530,468997,16.5,14.7,60.41,28.98
2021-11-02 20:52:30 +0530,468998,18.8,16.8,60.44,28.99
2021-11-02 20:53:00 +0530,468999,24.1,17.8,60.41,29.0
2021-11-02 20:53:30 +0530,469000,21.2,18.9,60.41,29.01
2021-11-02 20:54:00 +0530,469001,23.8,19.7,60.47,29.02
2021-11-02 20:54:30 +0530,469002,18.2,16.3,60.47,29.03
2021-11-02 20:55:00 +0530,469003,16.2,14.2,60.35,29.04
2021-11-02 20:55:30 +0530,469004,15.9,14.3,60.29,29.04
2021-11-02 20:56:00 +0530,469005,16.3,14.6,60.29,29.04
2021-11-02 20:56:30 +0530,469006,16.2,14.7,60.41,29.04
2021-11-02 20:57:00 +0530,469007,15.3,13.8,60.35,29.04
2021-11-02 20:57:30 +0530,469008,16.9,15.1,60.41,29.04
2021-11-02 20:58:00 +0530,469009,17.8,15.5,60.41,29.04
2021-11-02 20:58:30 +0530,469010,16.6,14.8,60.38,29.04
2021-11-02 20:59:00 +0530,469011,19.3,17.4,60.41,29.04
2021-11-02 20:59:30 +0530,469012,16.7,15.1,60.44,29.04
2021-11-02 21:00:00 +0530,469013,17.7,15.8,60.41,29.04
2021-11-02 21:00:30 +0530,469014,24.2,19.6,60.41,29.05
2021-11-02 21:01:00 +0530,469015,20.2,15.9,60.44,29.05
2021-11-02 21:01:30 +0530,469016,21.5,16.6,60.44,29.05
2021-11-02 21:02:30 +0530,469017,17.4,13.4,60.93,28.89
2021-11-02 21:03:00 +0530,469018,19.5,15.1,60.82,28.94
2021-11-02 21:03:30 +0530,469019,17.0,15.2,60.73,28.98
2021-11-02 21:04:00 +0530,469020,12.2,10.9,60.73,28.95
2021-11-02 21:04:30 +0530,469021,17.0,14.7,60.67,28.99
2021-11-02 21:05:00 +0530,469022,12.4,11.2,60.76,28.98
2021-11-02 21:05:30 +0530,469023,19.5,15.9,60.73,28.99
2021-11-02 21:06:00 +0530,469024,21.6,16.1,60.79,29.0
2021-11-02 21:06:30 +0530,469025,20.5,16.3,60.7,29.02
2021-11-02 21:07:00 +0530,469026,17.7,15.2,60.67,29.02
2021-11-02 21:07:30 +0530,469027,17.6,11.7,60.85,29.02
2021-11-02 21:08:00 +0530,469028,14.3,11.6,60.91,29.0
2021-11-02 21:08:30 +0530,469029,16.6,15.0,60.85,29.02
2021-11-02 21:09:00 +0530,469030,18.4,15.5,60.85,29.03
2021-11-02 21:09:30 +0530,469031,17.9,15.6,60.85,29.03
2021-11-02 21:10:00 +0530,469032,18.0,16.3,60.85,29.04
2021-11-02 21:10:30 +0530,469033,21.7,17.1,60.85,29.04
2021-11-02 21:11:00 +0530,469034,20.0,17.7,60.94,29.04
2021-11-02 21:11:30 +0530,469035,22.1,17.8,60.99,29.04
2021-11-02 21:12:00 +0530,469036,19.6,17.8,61.05,29.04
2021-11-02 21:12:30 +0530,469037,18.1,15.3,61.05,29.04
2021-11-02 21:13:00 +0530,469038,17.7,15.8,61.09,29.04
2021-11-02 21:13:30 +0530,469039,18.4,16.4,61.15,29.03
2021-11-02 21:14:00 +0530,469040,18.4,16.5,61.15,29.03
2021-11-02 21:14:30 +0530,469041,15.9,13.5,61.29,29.01
2021-11-02 21:15:00 +0530,469042,18.3,16.5,61.23,29.02
2021-11-02 21:15:30 +0530,469043,19.8,16.8,61.23,29.02
2021-11-02 21:16:00 +0530,469044,18.8,16.9,61.23,29.02
2021-11-02 21:16:30 +0530,469045,22.0,18.4,61.29,29.04
2021-11-02 21:17:00 +0530,469046,21.5,19.2,61.29,29.04
2021-11-02 21:17:30 +0530,469047,20.2,18.1,61.29,29.05
2021-11-02 21:18:00 +0530,469048,19.3,17.6,61.23,29.06
2021-11-02 21:18:30 +0530,469049,15.9,14.2,61.38,29.04
2021-11-02 21:19:00 +0530,469050,17.1,14.3,61.44,29.02
2021-11-02 21:19:30 +0530,469051,25.1,19.2,61.44,29.04
2021-11-02 21:20:00 +0530,469052,24.2,17.9,61.38,29.05
2021-11-02 21:20:30 +0530,469053,18.2,16.4,61.32,29.06
2021-11-02 21:21:00 +0530,469054,18.2,16.2,61.32,29.07
2021-11-02 21:21:30 +0530,469055,18.2,13.8,61.47,29.05
2021-11-02 21:22:00 +0530,469056,20.8,17.6,61.41,29.05
2021-11-02 21:22:30 +0530,469057,21.8,17.7,61.41,29.06
2021-11-02 21:23:00 +0530,469058,19.5,17.3,61.47,29.07
2021-11-02 21:23:30 +0530,469059,17.8,16.2,61.47,29.07
2021-11-02 21:24:00 +0530,469060,21.6,16.8,61.47,29.07
2021-11-02 21:24:30 +0530,469061,17.5,13.2,61.55,29.06
2021-11-02 21:25:00 +0530,469062,18.3,16.4,61.53,29.05
2021-11-02 21:25:30 +0530,469063,18.8,16.9,61.58,29.04
2021-11-02 21:26:00 +0530,469064,18.4,16.5,61.64,29.05
2021-11-02 21:26:30 +0530,469065,19.5,16.0,61.64,29.06
2021-11-02 21:27:00 +0530,469066,16.3,12.6,61.88,29.02
2021-11-02 21:27:30 +0530,469067,18.6,15.6,61.82,29.01
2021-11-02 21:28:00 +0530,469068,18.7,16.6,61.85,29.01
2021-11-02 21:28:30 +0530,469069,21.0,19.1,61.88,29.0
2021-11-02 21:29:00 +0530,469070,18.1,16.3,61.93,29.0
2021-11-02 21:29:30 +0530,469071,18.1,16.4,61.99,28.98
2021-11-02 21:30:00 +0530,469072,16.7,15.2,62.08,28.98
2021-11-02 21:30:30 +0530,469073,18.0,16.2,62.17,28.95
2021-11-02 21:31:00 +0530,469074,18.6,16.7,62.25,28.94
2021-11-02 21:31:30 +0530,469075,18.5,16.6,62.31,28.92
2021-11-02 21:32:00 +0530,469076,18.6,16.6,62.34,28.91
2021-11-02 21:32:30 +0530,469077,19.0,17.0,62.46,28.9
2021-11-02 21:33:00 +0530,469078,18.7,16.9,62.52,28.9
2021-11-02 21:33:30 +0530,469079,14.4,12.7,62.7,28.86
2021-11-02 21:34:00 +0530,469080,15.7,14.2,62.81,28.84
2021-11-02 21:34:30 +0530,469081,18.5,16.6,62.81,28.85
2021-11-02 21:35:00 +0530,469082,19.1,17.3,62.81,28.85
2021-11-02 21:35:30 +0530,469083,18.7,16.9,62.81,28.86
2021-11-02 21:36:00 +0530,469084,18.0,16.2,62.81,28.86
2021-11-02 21:36:30 +0530,469085,17.3,15.6,62.84,28.87
2021-11-02 21:37:00 +0530,469086,17.1,15.5,62.84,28.86
2021-11-02 21:37:30 +0530,469087,16.2,14.2,63.24,28.75
2021-11-02 21:38:00 +0530,469088,15.8,14.1,63.22,28.75
2021-11-02 21:38:30 +0530,469089,15.4,13.8,63.83,28.57
2021-11-02 21:39:00 +0530,469090,18.4,16.4,63.63,28.64
2021-11-02 21:39:30 +0530,469091,20.7,18.6,63.6,28.7
2021-11-02 21:40:00 +0530,469092,18.3,16.7,63.45,28.73
2021-11-02 21:40:30 +0530,469093,17.5,16.0,63.37,28.75
2021-11-02 21:41:00 +0530,469094,18.0,16.2,63.34,28.78
2021-11-02 21:41:30 +0530,469095,22.8,17.1,63.31,28.8
2021-11-02 21:42:00 +0530,469096,17.7,13.4,63.37,28.79
2021-11-02 21:42:30 +0530,469097,19.4,17.3,63.27,28.8
2021-11-02 21:43:00 +0530,469098,16.0,14.4,63.37,28.79
2021-11-02 21:43:30 +0530,469099,18.5,16.6,63.31,28.8
2021-11-02 21:44:00 +0530,469100,19.2,17.4,63.27,28.83
2021-11-02 21:44:30 +0530,469101,19.3,17.4,63.27,28.83
2021-11-02 21:45:00 +0530,469102,14.9,13.3,63.89,28.69
2021-11-02 21:45:30 +0530,469103,19.9,13.7,63.78,28.7
2021-11-02 21:46:00 +0530,469104,19.4,17.5,63.57,28.74
2021-11-02 21:46:30 +0530,469105,19.4,17.4,63.43,28.77
2021-11-02 21:47:00 +0530,469106,21.0,18.9,63.4,28.82
2021-11-02 21:47:30 +0530,469107,19.7,17.8,63.31,28.84
2021-11-02 21:48:00 +0530,469108,19.1,17.2,63.25,28.85
2021-11-02 21:48:30 +0530,469109,19.1,17.1,63.22,28.85
2021-11-02 21:49:00 +0530,469110,15.0,13.8,63.25,28.83
2021-11-02 21:49:30 +0530,469111,19.6,17.7,63.27,28.85
2021-11-02 21:50:00 +0530,469112,19.5,17.7,63.22,28.87
2021-11-02 21:50:30 +0530,469113,20.2,15.6,63.37,28.85
2021-11-02 21:51:00 +0530,469114,20.2,15.6,63.37,28.85
2021-11-02 21:51:30 +0530,469115,18.0,16.2,63.92,28.7
2021-11-02 21:52:00 +0530,469116,19.8,17.9,63.72,28.73
2021-11-02 21:52:30 +0530,469117,16.7,15.3,63.72,28.74
2021-11-02 21:53:00 +0530,469118,21.6,19.5,63.63,28.77
2021-11-02 21:53:30 +0530,469119,20.6,18.6,63.57,28.79
2021-11-02 21:54:00 +0530,469120,23.6,19.7,63.6,28.83
2021-11-02 21:54:30 +0530,469121,21.0,18.9,63.57,28.85
2021-11-02 21:55:00 +0530,469122,21.0,18.9,63.57,28.85
2021-11-02 21:55:30 +0530,469123,17.5,15.4,63.75,28.76
2021-11-02 21:56:00 +0530,469124,19.7,17.7,63.69,28.79
2021-11-02 21:56:30 +0530,469125,18.7,16.9,63.66,28.8
2021-11-02 21:57:00 +0530,469126,18.0,16.2,63.63,28.82
2021-11-02 21:57:30 +0530,469127,18.0,16.2,63.63,28.82
2021-11-02 21:58:00 +0530,469128,15.2,14.0,64.07,28.72
2021-11-02 21:58:30 +0530,469129,20.4,18.6,63.92,28.74
2021-11-02 21:59:00 +0530,469130,18.2,16.6,63.78,28.77
2021-11-02 21:59:30 +0530,469131,17.3,15.8,63.75,28.79
2021-11-02 22:00:00 +0530,469132,18.9,16.9,63.75,28.8
2021-11-02 22:00:30 +0530,469133,18.9,17.1,63.75,28.83
2021-11-02 22:01:00 +0530,469134,18.7,16.2,63.69,28.83
2021-11-02 22:01:31 +0530,469135,18.7,16.2,63.69,28.83
2021-11-02 22:02:00 +0530,469136,21.3,14.7,64.01,28.74
2021-11-02 22:02:30 +0530,469137,17.1,15.4,63.92,28.73
2021-11-02 22:03:00 +0530,469138,19.4,17.3,63.92,28.77
2021-11-02 22:03:30 +0530,469139,19.2,17.2,63.83,28.79
2021-11-02 22:04:00 +0530,469140,18.4,16.7,63.81,28.83
2021-11-02 22:04:30 +0530,469141,23.0,17.7,63.81,28.85
2021-11-02 22:05:00 +0530,469142,24.3,19.2,63.84,28.86
2021-11-02 22:05:30 +0530,469143,21.6,18.7,63.75,28.88
2021-11-02 22:06:00 +0530,469144,18.6,16.6,63.66,28.9
2021-11-02 22:06:30 +0530,469145,17.8,15.6,63.48,28.91
2021-11-02 22:07:00 +0530,469146,16.8,15.1,63.37,28.91
2021-11-02 22:07:30 +0530,469147,18.5,15.4,63.4,28.93
2021-11-02 22:08:00 +0530,469148,18.2,13.1,63.57,28.91
2021-11-02 22:08:30 +0530,469149,17.8,16.0,63.37,28.93
2021-11-02 22:09:00 +0530,469150,17.5,15.8,63.27,28.93
2021-11-02 22:09:30 +0530,469151,16.5,14.9,63.22,28.93
2021-11-02 22:10:00 +0530,469152,17.6,15.8,63.25,28.92
2021-11-02 22:10:30 +0530,469153,13.0,12.0,63.4,28.9
2021-11-02 22:11:00 +0530,469154,11.9,10.9,63.46,28.87
2021-11-02 22:11:30 +0530,469155,17.1,15.4,63.37,28.87
2021-11-02 22:12:00 +0530,469156,17.4,15.6,63.37,28.87
2021-11-02 22:12:30 +0530,469157,16.7,15.1,63.31,28.86
2021-11-02 22:13:00 +0530,469158,17.1,15.3,63.31,28.85
2021-11-02 22:13:30 +0530,469159,16.6,15.1,63.22,28.85
2021-11-02 22:14:00 +0530,469160,16.7,15.1,63.27,28.85
2021-11-02 22:14:30 +0530,469161,17.0,15.4,63.34,28.85
2021-11-02 22:15:00 +0530,469162,17.3,15.6,63.4,28.83
2021-11-02 22:15:30 +0530,469163,16.9,15.4,63.43,28.83
2021-11-02 22:16:00 +0530,469164,16.4,14.7,63.43,28.82
2021-11-02 22:16:30 +0530,469165,17.0,15.6,63.48,28.82
2021-11-02 22:17:00 +0530,469166,17.5,15.7,63.48,28.82
2021-11-02 22:17:30 +0530,469167,17.1,15.4,63.48,28.83
2021-11-02 22:18:00 +0530,469168,17.9,16.0,63.48,28.83
2021-11-02 22:18:30 +0530,469169,17.9,16.3,63.48,28.85
2021-11-02 22:19:00 +0530,469170,28.1,17.6,63.46,28.86
2021-11-02 22:19:30 +0530,469171,17.8,15.9,63.37,28.87
2021-11-02 22:20:00 +0530,469172,14.5,13.3,63.48,28.86
2021-11-02 22:20:30 +0530,469173,18.5,16.6,63.4,28.88
2021-11-02 22:21:00 +0530,469174,17.9,16.2,63.27,28.91
2021-11-02 22:21:30 +0530,469175,13.2,12.0,63.25,28.88
2021-11-02 22:22:00 +0530,469176,15.5,13.9,63.43,28.87
2021-11-02 22:22:30 +0530,469177,15.9,14.3,63.46,28.86
2021-11-02 22:23:00 +0530,469178,18.5,16.6,63.34,28.88
2021-11-02 22:23:30 +0530,469179,15.9,14.3,63.48,28.86
2021-11-02 22:24:00 +0530,469180,18.9,17.1,63.4,28.87
2021-11-02 22:24:30 +0530,469181,17.9,16.2,63.34,28.89
2021-11-02 22:25:00 +0530,469182,15.9,13.1,63.43,28.86
2021-11-02 22:25:30 +0530,469183,17.8,16.1,63.34,28.87
2021-11-02 22:26:00 +0530,469184,17.7,15.8,63.31,28.86
2021-11-02 22:26:30 +0530,469185,16.9,15.3,63.25,28.87
2021-11-02 22:27:00 +0530,469186,13.3,12.2,63.4,28.85
2021-11-02 22:27:30 +0530,469187,13.5,12.3,63.48,28.82
2021-11-02 22:28:00 +0530,469188,13.1,12.1,63.54,28.78
2021-11-02 22:28:30 +0530,469189,17.2,15.5,63.43,28.8
2021-11-02 22:29:00 +0530,469190,17.0,15.3,63.43,28.8
2021-11-02 22:29:30 +0530,469191,17.5,15.8,63.4,28.8
2021-11-02 22:30:00 +0530,469192,16.3,14.7,63.4,28.82
2021-11-02 22:30:30 +0530,469193,16.7,15.2,63.37,28.8
2021-11-02 22:31:00 +0530,469194,14.3,10.4,63.34,28.78
2021-11-02 22:31:30 +0530,469195,13.5,12.1,63.51,28.77
2021-11-02 22:32:00 +0530,469196,17.1,15.5,63.43,28.78
2021-11-02 22:32:30 +0530,469197,16.3,14.9,63.37,28.78
2021-11-02 22:33:00 +0530,469198,15.8,14.3,63.34,28.79
2021-11-02 22:33:30 +0530,469199,15.8,14.3,63.34,28.79
2021-11-02 22:34:30 +0530,469200,13.2,12.1,63.95,28.6
2021-11-02 22:35:00 +0530,469201,16.1,14.7,63.77,28.62
2021-11-02 22:35:30 +0530,469202,15.8,14.3,63.75,28.65
2021-11-02 22:36:00 +0530,469203,16.3,14.6,63.66,28.67
2021-11-02 22:36:30 +0530,469204,16.2,14.6,63.66,28.68
2021-11-02 22:37:00 +0530,469205,16.4,14.8,63.72,28.67
2021-11-02 22:37:30 +0530,469206,16.1,14.7,63.75,28.68
2021-11-02 22:38:00 +0530,469207,16.3,14.8,63.72,28.69
2021-11-02 22:38:30 +0530,469208,12.8,11.6,63.86,28.65
2021-11-02 22:39:00 +0530,469209,16.9,15.3,63.8,28.67
2021-11-02 22:39:30 +0530,469210,17.6,15.7,63.78,28.68
2021-11-02 22:40:00 +0530,469211,16.8,15.0,63.75,28.68
2021-11-02 22:40:30 +0530,469212,17.0,15.3,63.75,28.68
2021-11-02 22:41:00 +0530,469213,16.4,14.8,63.78,28.67
2021-11-02 22:41:30 +0530,469214,15.2,13.9,63.8,28.65
2021-11-02 22:42:00 +0530,469215,16.0,14.5,63.83,28.67
2021-11-02 22:42:30 +0530,469216,15.7,14.2,63.83,28.65
2021-11-02 22:43:00 +0530,469217,15.7,14.2,63.83,28.65
2021-11-02 22:43:30 +0530,469218,16.0,14.7,63.86,28.65
2021-11-02 22:44:00 +0530,469219,16.0,14.4,63.89,28.65
2021-11-02 22:44:30 +0530,469220,16.1,14.6,63.86,28.64
2021-11-02 22:45:00 +0530,469221,16.0,14.4,63.89,28.64
2021-11-02 22:45:30 +0530,469222,12.8,11.7,64.07,28.61
2021-11-02 22:46:00 +0530,469223,15.8,14.4,64.01,28.62
2021-11-02 22:46:30 +0530,469224,15.3,12.2,64.18,28.59
2021-11-02 22:47:00 +0530,469225,20.1,18.4,64.09,28.61
2021-11-02 22:47:30 +0530,469226,17.6,15.8,64.07,28.61
2021-11-02 22:48:00 +0530,469227,17.3,15.6,64.04,28.64
2021-11-02 22:48:30 +0530,469228,16.4,14.8,64.01,28.68
2021-11-02 22:49:00 +0530,469229,15.3,14.0,63.89,28.69
2021-11-02 22:49:30 +0530,469230,15.2,14.0,63.89,28.69
2021-11-02 22:50:00 +0530,469231,11.8,10.7,64.53,28.5
2021-11-02 22:50:30 +0530,469232,11.7,10.6,64.68,28.54
2021-11-02 22:51:00 +0530,469233,13.4,12.1,64.71,28.46
2021-11-02 22:51:30 +0530,469234,17.2,15.7,64.53,28.5
2021-11-02 22:52:00 +0530,469235,17.0,15.4,64.24,28.55
2021-11-02 22:52:30 +0530,469236,10.4,8.9,64.01,28.57
2021-11-02 22:53:00 +0530,469237,19.9,15.6,64.04,28.59
2021-11-02 22:53:30 +0530,469238,15.7,14.2,63.8,28.61
2021-11-02 22:54:00 +0530,469239,16.2,14.5,63.74,28.64
2021-11-02 22:54:30 +0530,469240,15.6,14.1,63.78,28.65
2021-11-02 22:55:00 +0530,469241,16.4,12.5,63.89,28.67
2021-11-02 22:55:30 +0530,469242,16.6,15.1,63.72,28.69
2021-11-02 22:56:00 +0530,469243,16.6,14.9,63.66,28.71
2021-11-02 22:56:30 +0530,469244,18.6,16.6,63.57,28.73
2021-11-02 22:57:00 +0530,469245,13.0,11.7,63.63,28.73
2021-11-02 22:57:30 +0530,469246,17.4,15.6,63.4,28.76
2021-11-02 22:58:00 +0530,469247,17.8,15.9,63.31,28.77
2021-11-02 22:58:30 +0530,469248,16.6,14.8,63.27,28.8
2021-11-02 22:59:00 +0530,469249,17.1,15.3,63.16,28.85
2021-11-02 22:59:30 +0530,469250,12.6,11.4,63.19,28.83
2021-11-02 23:00:00 +0530,469251,16.5,14.4,63.08,28.84
2021-11-02 23:00:30 +0530,469252,17.3,14.7,62.98,28.85
2021-11-02 23:01:00 +0530,469253,17.2,14.8,62.87,28.85
2021-11-02 23:01:30 +0530,469254,15.9,14.3,62.76,28.85
2021-11-02 23:02:00 +0530,469255,15.5,14.0,62.76,28.85
2021-11-02 23:02:30 +0530,469256,15.7,14.0,62.76,28.86
2021-11-02 23:03:00 +0530,469257,13.8,12.6,62.63,28.86
2021-11-02 23:03:30 +0530,469258,10.3,9.3,62.7,28.84
2021-11-02 23:04:00 +0530,469259,10.4,9.5,62.7,28.84
2021-11-02 23:04:30 +0530,469260,13.6,9.9,62.98,28.72
2021-11-02 23:05:00 +0530,469261,10.4,9.4,63.05,28.72
2021-11-02 23:05:30 +0530,469262,16.7,13.0,62.7,28.75
2021-11-02 23:06:00 +0530,469263,14.1,12.5,62.6,28.77
2021-11-02 23:06:30 +0530,469264,24.6,14.4,62.63,28.79
2021-11-02 23:07:00 +0530,469265,19.9,13.0,62.6,28.82
2021-11-02 23:07:30 +0530,469266,13.2,11.8,62.43,28.84
2021-11-02 23:08:00 +0530,469267,13.8,12.2,62.34,28.85
2021-11-02 23:08:30 +0530,469268,14.5,12.6,62.31,28.85
2021-11-02 23:09:00 +0530,469269,14.4,12.6,62.31,28.85
2021-11-02 23:09:30 +0530,469270,11.9,7.7,62.31,28.83
2021-11-02 23:10:00 +0530,469271,15.1,12.8,62.37,28.85
2021-11-02 23:10:30 +0530,469272,13.0,11.7,62.31,28.88
2021-11-02 23:11:00 +0530,469273,14.2,10.9,62.25,28.87
2021-11-02 23:11:30 +0530,469274,13.0,11.8,62.08,28.88
2021-11-02 23:12:00 +0530,469275,10.8,9.3,62.25,28.85
2021-11-02 23:12:30 +0530,469276,14.2,12.8,62.22,28.85
2021-11-02 23:13:00 +0530,469277,18.5,12.9,62.22,28.85
2021-11-02 23:13:30 +0530,469278,12.9,11.6,62.25,28.85
2021-11-02 23:14:00 +0530,469279,12.7,11.4,62.2,28.85
2021-11-02 23:14:30 +0530,469280,16.3,11.7,62.22,28.84
2021-11-02 23:15:00 +0530,469281,15.4,11.7,62.25,28.85
2021-11-02 23:15:30 +0530,469282,21.0,12.9,62.25,28.85
2021-11-02 23:16:00 +0530,469283,14.0,11.8,62.2,28.85
2021-11-02 23:16:30 +0530,469284,18.5,12.7,62.05,28.86
2021-11-02 23:17:00 +0530,469285,25.8,13.3,61.96,28.86
2021-11-02 23:17:30 +0530,469286,15.8,11.3,61.84,28.87
2021-11-02 23:18:00 +0530,469287,12.1,10.9,61.87,28.87
2021-11-02 23:18:30 +0530,469288,14.6,11.6,61.87,28.87
2021-11-02 23:19:00 +0530,469289,18.6,11.9,61.9,28.87
2021-11-02 23:19:30 +0530,469290,18.2,11.4,61.9,28.87
2021-11-02 23:20:00 +0530,469291,14.3,11.3,61.84,28.89
2021-11-02 23:20:30 +0530,469292,13.3,11.1,61.82,28.88
2021-11-02 23:21:00 +0530,469293,13.1,11.5,61.79,28.89
2021-11-02 23:21:30 +0530,469294,11.0,9.9,61.7,28.89
2021-11-02 23:22:00 +0530,469295,12.0,10.7,61.67,28.88
2021-11-02 23:22:30 +0530,469296,14.9,11.4,61.73,28.88
2021-11-02 23:23:00 +0530,469297,11.1,10.1,61.73,28.88
2021-11-02 23:23:30 +0530,469298,11.7,10.6,61.73,28.87
2021-11-02 23:24:00 +0530,469299,12.6,11.3,61.76,28.87
2021-11-02 23:24:30 +0530,469300,12.2,10.7,61.76,28.87
2021-11-02 23:25:00 +0530,469301,8.1,7.3,61.87,28.86
2021-11-02 23:25:30 +0530,469302,12.4,9.7,61.67,28.86
2021-11-02 23:26:00 +0530,469303,11.3,9.6,61.61,28.86
2021-11-02 23:26:30 +0530,469304,16.9,11.3,61.61,28.87
2021-11-02 23:27:00 +0530,469305,17.0,11.4,61.61,28.87
2021-11-02 23:27:30 +0530,469306,25.3,11.9,61.61,28.87
2021-11-02 23:28:00 +0530,469307,17.0,10.2,61.58,28.88
2021-11-02 23:28:30 +0530,469308,14.0,10.2,61.55,28.89
2021-11-02 23:29:00 +0530,469309,12.3,11.0,61.49,28.89
2021-11-02 23:29:30 +0530,469310,10.4,9.5,61.41,28.89
2021-11-02 23:30:00 +0530,469311,11.7,10.3,61.34,28.89
2021-11-02 23:30:30 +0530,469312,11.8,10.6,61.38,28.88
2021-11-02 23:31:00 +0530,469313,10.9,9.8,61.44,28.87
2021-11-02 23:31:30 +0530,469314,9.9,8.9,61.41,28.86
2021-11-02 23:32:00 +0530,469315,10.4,9.1,61.44,28.85
2021-11-02 23:32:30 +0530,469316,9.9,9.0,61.41,28.85
2021-11-02 23:33:00 +0530,469317,11.6,9.0,61.46,28.83
2021-11-02 23:33:30 +0530,469318,10.7,9.6,61.55,28.82
2021-11-02 23:34:00 +0530,469319,12.1,9.4,61.58,28.82
2021-11-02 23:34:30 +0530,469320,13.3,9.6,61.58,28.82
2021-11-02 23:35:00 +0530,469321,13.9,9.5,61.58,28.82
2021-11-02 23:35:30 +0530,469322,12.4,8.9,61.49,28.83
2021-11-02 23:36:00 +0530,469323,10.5,8.8,61.52,28.83
2021-11-02 23:36:30 +0530,469324,10.3,9.3,61.49,28.83
2021-11-02 23:37:00 +0530,469325,9.8,8.4,61.44,28.82
2021-11-02 23:37:30 +0530,469326,9.3,8.5,61.34,28.82
2021-11-02 23:38:00 +0530,469327,9.0,8.1,61.31,28.8
2021-11-02 23:38:30 +0530,469328,10.9,9.2,61.38,28.78
2021-11-02 23:39:00 +0530,469329,9.8,8.5,61.41,28.79
2021-11-02 23:39:30 +0530,469330,9.8,8.8,61.43,28.77
2021-11-02 23:40:00 +0530,469331,6.6,5.8,61.63,28.75
2021-11-02 23:40:30 +0530,469332,9.8,8.8,61.58,28.75
2021-11-02 23:41:00 +0530,469333,10.2,9.2,61.58,28.75
2021-11-02 23:41:30 +0530,469334,13.0,9.2,61.58,28.75
2021-11-02 23:42:00 +0530,469335,10.3,9.1,61.63,28.76
2021-11-02 23:42:30 +0530,469336,10.0,8.9,61.63,28.76
2021-11-02 23:43:30 +0530,469337,10.3,6.8,62.25,28.58
2021-11-02 23:44:00 +0530,469338,14.4,9.4,62.1,28.61
2021-11-02 23:44:30 +0530,469339,12.2,9.6,62.02,28.64
2021-11-02 23:45:00 +0530,469340,10.2,9.1,61.9,28.68
2021-11-02 23:45:30 +0530,469341,8.8,8.0,61.84,28.68
2021-11-02 23:46:00 +0530,469342,9.7,8.7,61.81,28.69
2021-11-02 23:46:30 +0530,469343,12.7,9.3,61.87,28.69
2021-11-02 23:47:00 +0530,469344,10.1,6.9,61.9,28.65
2021-11-02 23:47:30 +0530,469345,10.8,8.9,61.9,28.68
2021-11-02 23:48:00 +0530,469346,11.7,6.3,62.02,28.65
2021-11-02 23:48:30 +0530,469347,10.1,8.7,61.93,28.65
2021-11-02 23:49:00 +0530,469348,9.5,8.6,61.96,28.65
2021-11-02 23:49:30 +0530,469349,9.8,8.9,61.96,28.68
2021-11-02 23:50:00 +0530,469350,11.1,9.1,61.96,28.68
2021-11-02 23:50:30 +0530,469351,9.3,8.3,61.96,28.68
2021-11-02 23:51:00 +0530,469352,9.3,8.4,61.99,28.68
2021-11-02 23:51:30 +0530,469353,7.8,6.3,62.13,28.64
2021-11-02 23:52:00 +0530,469354,9.8,8.8,62.08,28.62
2021-11-02 23:52:30 +0530,469355,9.4,8.6,62.08,28.64
2021-11-02 23:53:00 +0530,469356,6.5,5.7,62.22,28.6
2021-11-02 23:53:30 +0530,469357,10.0,8.9,62.16,28.59
2021-11-02 23:54:00 +0530,469358,26.0,7.2,62.28,28.57
2021-11-02 23:54:30 +0530,469359,12.6,8.7,62.19,28.58
2021-11-02 23:55:00 +0530,469360,7.1,5.1,62.25,28.54
2021-11-02 23:55:30 +0530,469361,9.2,8.3,62.28,28.54
2021-11-02 23:56:00 +0530,469362,9.1,8.2,62.37,28.53
2021-11-02 23:56:30 +0530,469363,8.9,8.1,62.4,28.52
2021-11-02 23:57:00 +0530,469364,8.7,7.8,62.43,28.49
2021-11-02 23:57:30 +0530,469365,9.3,8.5,62.54,28.48
2021-11-02 23:58:00 +0530,469366,10.0,8.5,62.6,28.46
2021-11-02 23:58:30 +0530,469367,9.2,8.2,62.66,28.47
2021-11-02 23:59:00 +0530,469368,10.2,9.2,62.66,28.47
2021-11-02 23:59:30 +0530,469369,9.1,8.2,62.66,28.47
2021-11-03 00:00:00 +0530,469370,8.9,8.2,62.6,28.47
2021-11-03 00:00:30 +0530,469371,8.9,8.1,62.63,28.47
2021-11-03 00:01:00 +0530,469372,13.4,5.7,62.75,28.45
2021-11-03 00:01:30 +0530,469373,11.8,8.8,62.75,28.45
2021-11-03 00:02:00 +0530,469374,10.6,8.3,62.72,28.45
2021-11-03 00:02:30 +0530,469375,9.5,8.6,62.72,28.46
2021-11-03 00:03:00 +0530,469376,10.5,8.7,62.69,28.47
2021-11-03 00:03:30 +0530,469377,9.3,8.4,62.69,28.48
2021-11-03 00:04:00 +0530,469378,8.4,7.7,62.6,28.48
2021-11-03 00:04:30 +0530,469379,9.1,8.2,62.57,28.47
2021-11-03 00:05:00 +0530,469380,9.1,8.4,62.6,28.47
2021-11-03 00:05:30 +0530,469381,8.4,7.8,62.6,28.47
2021-11-03 00:06:00 +0530,469382,9.4,4.8,62.75,28.47
2021-11-03 00:06:30 +0530,469383,8.8,8.1,62.63,28.49
2021-11-03 00:07:00 +0530,469384,9.4,8.5,62.57,28.52
2021-11-03 00:07:30 +0530,469385,8.9,7.9,62.48,28.53
2021-11-03 00:08:00 +0530,469386,9.0,8.3,62.48,28.54
2021-11-03 00:08:30 +0530,469387,26.0,11.1,62.46,28.53
2021-11-03 00:09:00 +0530,469388,24.2,10.3,62.46,28.54
2021-11-03 00:09:30 +0530,469389,9.5,8.2,62.46,28.54
2021-11-03 00:10:00 +0530,469390,9.1,8.3,62.46,28.53
2021-11-03 00:10:30 +0530,469391,16.6,9.0,62.54,28.53
2021-11-03 00:11:00 +0530,469392,13.3,8.7,62.57,28.53
2021-11-03 00:11:30 +0530,469393,9.6,8.2,62.54,28.54
2021-11-03 00:12:00 +0530,469394,8.7,7.9,62.54,28.54
2021-11-03 00:12:30 +0530,469395,10.9,7.9,62.57,28.54
2021-11-03 00:13:00 +0530,469396,9.3,8.4,62.63,28.55
2021-11-03 00:13:30 +0530,469397,8.4,7.7,62.57,28.55
2021-11-03 00:14:00 +0530,469398,8.5,7.7,62.6,28.55
2021-11-03 00:14:30 +0530,469399,10.8,9.1,62.6,28.56
2021-11-03 00:15:00 +0530,469400,12.3,9.4,62.6,28.57
2021-11-03 00:15:30 +0530,469401,9.4,8.4,62.57,28.58
2021-11-03 00:16:00 +0530,469402,9.2,7.9,62.54,28.59
2021-11-03 00:16:30 +0530,469403,8.4,7.8,62.48,28.59
2021-11-03 00:17:00 +0530,469404,9.3,8.4,62.54,28.59
2021-11-03 00:17:30 +0530,469405,9.4,8.5,62.6,28.59
2021-11-03 00:18:00 +0530,469406,9.5,8.6,62.57,28.6
2021-11-03 00:18:30 +0530,469407,9.2,8.4,62.54,28.6
2021-11-03 00:19:00 +0530,469408,9.8,8.8,62.54,28.6
2021-11-03 00:19:30 +0530,469409,8.9,8.1,62.57,28.59
2021-11-03 00:20:00 +0530,469410,8.9,8.2,62.6,28.59
2021-11-03 00:20:30 +0530,469411,16.1,9.6,62.69,28.59
2021-11-03 00:21:00 +0530,469412,14.1,9.8,62.72,28.59
2021-11-03 00:21:30 +0530,469413,11.7,9.5,62.66,28.6
2021-11-03 00:22:00 +0530,469414,10.3,9.3,62.63,28.61
2021-11-03 00:22:30 +0530,469415,9.8,8.9,62.66,28.61
2021-11-03 00:23:00 +0530,469416,9.5,8.7,62.63,28.61
2021-11-03 00:23:30 +0530,469417,9.7,8.8,62.63,28.61
2021-11-03 00:24:00 +0530,469418,6.7,5.8,63.24,28.42
2021-11-03 00:24:30 +0530,469419,9.4,8.4,63.12,28.45
2021-11-03 00:25:00 +0530,469420,9.6,8.6,63.07,28.47
2021-11-03 00:25:30 +0530,469421,7.1,6.2,63.07,28.45
2021-11-03 00:26:00 +0530,469422,9.5,8.6,63.16,28.48
2021-11-03 00:26:30 +0530,469423,9.3,8.4,63.07,28.49
2021-11-03 00:27:00 +0530,469424,10.3,8.7,63.07,28.5
2021-11-03 00:27:30 +0530,469425,10.3,8.7,63.04,28.53
2021-11-03 00:28:00 +0530,469426,9.7,8.6,63.04,28.53
2021-11-03 00:28:30 +0530,469427,9.9,7.9,62.89,28.54
2021-11-03 00:29:00 +0530,469428,8.6,7.9,62.86,28.54
2021-11-03 00:29:30 +0530,469429,8.2,7.5,62.92,28.52
2021-11-03 00:30:00 +0530,469430,5.4,4.9,63.07,28.48
2021-11-03 00:30:30 +0530,469431,9.0,8.1,63.07,28.47
2021-11-03 00:31:00 +0530,469432,9.1,8.2,63.1,28.47
2021-11-03 00:31:30 +0530,469433,8.4,7.6,63.16,28.47
2021-11-03 00:32:00 +0530,469434,8.6,7.8,63.16,28.47
2021-11-03 00:32:30 +0530,469435,6.6,5.1,63.34,28.46
2021-11-03 00:33:00 +0530,469436,9.2,8.3,63.24,28.47
2021-11-03 00:33:30 +0530,469437,11.0,8.9,63.27,28.49
2021-11-03 00:34:00 +0530,469438,8.7,7.9,63.18,28.49
2021-11-03 00:34:30 +0530,469439,4.6,4.2,63.34,28.47
2021-11-03 00:35:00 +0530,469440,5.6,4.8,63.34,28.46
2021-11-03 00:35:30 +0530,469441,9.9,8.5,63.24,28.48
2021-11-03 00:36:00 +0530,469442,10.4,8.6,63.24,28.49
2021-11-03 00:36:30 +0530,469443,15.1,9.3,63.18,28.5
2021-11-03 00:37:00 +0530,469444,8.9,7.7,63.16,28.5
2021-11-03 00:37:30 +0530,469445,4.4,4.1,63.31,28.48
2021-11-03 00:38:00 +0530,469446,8.6,7.8,63.27,28.47
2021-11-03 00:38:30 +0530,469447,9.1,8.2,63.27,28.47
2021-11-03 00:39:00 +0530,469448,8.7,7.9,63.27,28.48
2021-11-03 00:39:30 +0530,469449,9.1,8.3,63.24,28.49
2021-11-03 00:40:00 +0530,469450,8.7,7.9,63.24,28.49
2021-11-03 00:40:30 +0530,469451,8.6,7.8,63.27,28.5
2021-11-03 00:41:00 +0530,469452,16.0,9.1,63.27,28.5
2021-11-03 00:41:30 +0530,469453,12.7,5.2,63.42,28.48
2021-11-03 00:42:00 +0530,469454,6.4,4.8,63.51,28.45
2021-11-03 00:42:30 +0530,469455,11.8,5.7,63.53,28.43
2021-11-03 00:43:00 +0530,469456,7.8,7.1,63.39,28.44
2021-11-03 00:43:30 +0530,469457,8.2,7.4,63.39,28.44
2021-11-03 00:44:00 +0530,469458,9.2,8.3,63.44,28.44
2021-11-03 00:44:30 +0530,469459,10.4,5.9,63.5,28.44
2021-11-03 00:45:00 +0530,469460,18.4,7.6,63.51,28.45
2021-11-03 00:46:00 +0530,469461,16.7,14.7,63.6,28.44
2021-11-03 00:46:30 +0530,469462,2.6,2.5,63.62,28.42
2021-11-03 00:47:00 +0530,469463,10.2,8.3,63.65,28.44
2021-11-03 00:47:30 +0530,469464,9.4,8.4,63.69,28.45
2021-11-03 00:48:00 +0530,469465,8.1,5.3,63.65,28.44
2021-11-03 00:48:30 +0530,469466,10.6,8.1,63.48,28.45
2021-11-03 00:49:00 +0530,469467,8.9,8.1,63.37,28.46
2021-11-03 00:49:30 +0530,469468,8.9,8.1,63.34,28.48
2021-11-03 00:50:00 +0530,469469,8.6,7.9,63.34,28.49
2021-11-03 00:50:30 +0530,469470,15.9,10.1,63.31,28.5
2021-11-03 00:51:00 +0530,469471,9.4,8.4,63.31,28.52
2021-11-03 00:51:30 +0530,469472,9.3,8.3,63.27,28.54
2021-11-03 00:52:00 +0530,469473,10.2,8.9,63.27,28.54
2021-11-03 00:52:30 +0530,469474,9.1,8.2,63.27,28.55
2021-11-03 00:53:00 +0530,469475,9.0,8.2,63.27,28.56
2021-11-03 00:53:30 +0530,469476,9.8,8.7,63.27,28.57
2021-11-03 00:54:00 +0530,469477,8.9,8.2,63.18,28.58
2021-11-03 00:54:30 +0530,469478,9.3,8.1,63.16,28.58
2021-11-03 00:55:00 +0530,469479,9.8,8.8,63.18,28.58
2021-11-03 00:55:30 +0530,469480,9.5,8.4,63.16,28.59
2021-11-03 00:56:00 +0530,469481,9.1,8.2,63.13,28.59
2021-11-03 00:56:30 +0530,469482,9.3,8.4,63.21,28.58
2021-11-03 00:57:00 +0530,469483,7.4,4.8,63.37,28.55
2021-11-03 00:57:30 +0530,469484,8.9,8.1,63.34,28.54
2021-11-03 00:58:00 +0530,469485,5.2,4.8,63.48,28.53
2021-11-03 00:58:30 +0530,469486,8.7,8.1,63.37,28.53
2021-11-03 00:59:00 +0530,469487,9.1,8.3,63.34,28.52
2021-11-03 00:59:30 +0530,469488,9.1,8.3,63.34,28.52
2021-11-03 01:00:00 +0530,469489,17.8,9.4,63.82,28.4
2021-11-03 01:00:30 +0530,469490,16.5,10.2,63.71,28.42
2021-11-03 01:01:00 +0530,469491,10.2,6.4,63.79,28.42
2021-11-03 01:01:30 +0530,469492,9.6,7.0,63.74,28.41
2021-11-03 01:02:00 +0530,469493,9.7,8.7,63.6,28.43
2021-11-03 01:02:30 +0530,469494,6.0,5.5,63.74,28.43
2021-11-03 01:03:00 +0530,469495,6.0,5.5,63.74,28.43
2021-11-03 01:03:30 +0530,469496,8.6,7.8,63.92,28.32
2021-11-03 01:04:00 +0530,469497,10.7,9.7,63.94,28.32
2021-11-03 01:04:30 +0530,469498,9.6,8.9,63.92,28.33
2021-11-03 01:05:00 +0530,469499,10.0,9.1,63.94,28.33
2021-11-03 01:05:30 +0530,469500,9.8,9.0,63.92,28.33
2021-11-03 01:06:00 +0530,469501,9.8,9.0,63.92,28.33
2021-11-03 01:06:30 +0530,469502,10.5,9.6,63.94,28.33
2021-11-03 01:07:00 +0530,469503,10.6,9.7,64.0,28.33
2021-11-03 01:07:30 +0530,469504,11.1,10.2,64.0,28.34
2021-11-03 01:08:00 +0530,469505,10.3,9.4,63.97,28.34
2021-11-03 01:08:30 +0530,469506,10.1,9.2,63.94,28.35
2021-11-03 01:09:00 +0530,469507,10.3,9.4,63.94,28.37
2021-11-03 01:09:30 +0530,469508,10.7,9.7,63.97,28.38
2021-11-03 01:10:00 +0530,469509,10.5,9.4,63.85,28.39
2021-11-03 01:10:30 +0530,469510,6.4,5.8,63.97,28.38
2021-11-03 01:11:00 +0530,469511,9.3,8.6,63.82,28.4
2021-11-03 01:11:30 +0530,469512,8.9,7.5,63.94,28.39
2021-11-03 01:12:00 +0530,469513,10.8,9.5,63.82,28.39
2021-11-03 01:12:30 +0530,469514,9.5,8.6,63.79,28.41
2021-11-03 01:13:00 +0530,469515,10.1,9.2,63.76,28.41
2021-11-03 01:13:30 +0530,469516,10.2,9.4,63.74,28.42
2021-11-03 01:14:00 +0530,469517,11.1,10.0,63.76,28.43
2021-11-03 01:14:30 +0530,469518,10.5,9.7,63.71,28.44
2021-11-03 01:15:00 +0530,469519,8.1,7.3,63.82,28.42
2021-11-03 01:15:30 +0530,469520,11.0,9.9,63.76,28.42
2021-11-03 01:16:00 +0530,469521,10.9,9.9,63.74,28.42
2021-11-03 01:16:30 +0530,469522,10.7,9.8,63.76,28.41
2021-11-03 01:17:00 +0530,469523,10.8,9.7,63.76,28.41
2021-11-03 01:17:30 +0530,469524,13.8,10.3,63.79,28.4
2021-11-03 01:18:00 +0530,469525,10.9,9.8,63.82,28.41
2021-11-03 01:18:30 +0530,469526,12.9,11.6,63.79,28.4
2021-11-03 01:19:00 +0530,469527,12.4,11.2,63.79,28.4
2021-11-03 01:19:30 +0530,469528,10.4,9.4,63.71,28.41
2021-11-03 01:20:00 +0530,469529,8.5,6.1,63.94,28.37
2021-11-03 01:20:30 +0530,469530,11.4,9.9,63.94,28.37
2021-11-03 01:21:00 +0530,469531,12.8,10.2,63.94,28.35
2021-11-03 01:21:30 +0530,469532,39.5,14.3,63.97,28.37
2021-11-03 01:22:00 +0530,469533,22.1,11.4,63.94,28.37
2021-11-03 01:22:31 +0530,469534,22.1,11.4,63.94,28.37
2021-11-03 01:23:00 +0530,469535,9.2,6.9,64.38,28.28
2021-11-03 01:23:30 +0530,469536,8.4,7.1,64.43,28.28
2021-11-03 01:24:00 +0530,469537,11.4,10.0,64.24,28.28
2021-11-03 01:24:30 +0530,469538,10.7,9.6,64.21,28.29
2021-11-03 01:25:00 +0530,469539,17.8,10.9,64.14,28.31
2021-11-03 01:25:30 +0530,469540,11.3,10.1,64.09,28.33
2021-11-03 01:26:00 +0530,469541,10.5,9.4,64.09,28.34
2021-11-03 01:26:30 +0530,469542,13.9,10.2,64.03,28.35
2021-11-03 01:27:00 +0530,469543,13.9,10.2,64.03,28.35
2021-11-03 01:27:30 +0530,469544,8.9,6.4,64.35,28.25
2021-11-03 01:28:00 +0530,469545,10.3,9.3,64.26,28.28
2021-11-03 01:28:30 +0530,469546,9.3,7.1,64.38,28.26
2021-11-03 01:29:00 +0530,469547,10.9,10.0,64.26,28.28
2021-11-03 01:29:30 +0530,469548,11.9,10.2,64.21,28.28
2021-11-03 01:30:00 +0530,469549,11.0,9.9,64.18,28.3
2021-11-03 01:30:30 +0530,469550,7.1,6.4,64.18,28.29
2021-11-03 01:31:00 +0530,469551,10.5,9.4,64.06,28.31
2021-11-03 01:31:30 +0530,469552,6.1,5.7,64.14,28.31
2021-11-03 01:32:00 +0530,469553,9.6,8.8,63.94,28.32
2021-11-03 01:32:30 +0530,469554,10.5,9.6,63.82,28.33
2021-11-03 01:33:00 +0530,469555,9.9,9.0,63.79,28.34
2021-11-03 01:33:30 +0530,469556,10.7,9.7,63.76,28.35
2021-11-03 01:34:00 +0530,469557,9.7,8.9,63.74,28.34
2021-11-03 01:34:30 +0530,469558,10.6,9.6,63.76,28.34
2021-11-03 01:35:00 +0530,469559,10.9,9.4,63.79,28.34
2021-11-03 01:35:30 +0530,469560,9.9,8.9,63.85,28.33
2021-11-03 01:36:00 +0530,469561,14.7,7.4,64.03,28.31
2021-11-03 01:36:30 +0530,469562,11.4,10.2,63.94,28.32
2021-11-03 01:37:00 +0530,469563,10.6,9.6,63.82,28.33
2021-11-03 01:37:30 +0530,469564,7.0,6.4,64.0,28.31
2021-11-03 01:38:00 +0530,469565,9.7,7.5,64.06,28.29
2021-11-03 01:38:30 +0530,469566,12.3,10.0,64.0,28.32
2021-11-03 01:39:00 +0530,469567,34.5,18.8,63.92,28.33
2021-11-03 01:39:30 +0530,469568,6.4,6.0,63.97,28.31
2021-11-03 01:40:00 +0530,469569,10.5,9.5,63.76,28.32
2021-11-03 01:40:30 +0530,469570,9.8,9.1,63.74,28.32
2021-11-03 01:41:00 +0530,469571,10.5,9.6,63.71,28.32
2021-11-03 01:41:30 +0530,469572,10.2,9.4,63.68,28.3
2021-11-03 01:42:00 +0530,469573,10.0,9.2,63.71,28.29
2021-11-03 01:42:30 +0530,469574,10.0,9.1,63.73,28.28
2021-11-03 01:43:00 +0530,469575,10.5,9.5,63.76,28.28
2021-11-03 01:43:30 +0530,469576,10.4,9.5,63.79,28.28
2021-11-03 01:44:00 +0530,469577,6.6,6.1,63.94,28.28
2021-11-03 01:44:30 +0530,469578,10.5,9.6,63.82,28.28
2021-11-03 01:45:00 +0530,469579,10.5,9.6,63.88,28.28
2021-11-03 01:45:30 +0530,469580,10.2,9.3,63.88,28.28
2021-11-03 01:46:00 +0530,469581,10.3,9.4,63.94,28.28
2021-11-03 01:46:30 +0530,469582,13.9,12.9,63.91,28.28
2021-11-03 01:47:00 +0530,469583,10.0,9.1,63.82,28.28
2021-11-03 01:47:30 +0530,469584,10.1,9.2,63.79,28.28
2021-11-03 01:48:00 +0530,469585,10.6,9.6,63.79,28.28
2021-11-03 01:48:30 +0530,469586,10.0,9.2,63.82,28.28
2021-11-03 01:49:00 +0530,469587,10.8,9.9,63.88,28.28
2021-11-03 01:49:30 +0530,469588,10.4,9.6,63.88,28.28
2021-11-03 01:50:00 +0530,469589,11.7,10.5,63.88,28.28
2021-11-03 01:50:30 +0530,469590,8.1,7.4,64.08,28.26
2021-11-03 01:51:00 +0530,469591,11.1,10.2,63.97,28.26
2021-11-03 01:51:30 +0530,469592,11.0,10.1,63.97,28.26
2021-11-03 01:52:30 +0530,469593,10.6,8.2,64.61,28.06
2021-11-03 01:53:00 +0530,469594,14.3,8.4,64.64,28.08
2021-11-03 01:53:30 +0530,469595,12.3,11.2,64.47,28.12
2021-11-03 01:54:00 +0530,469596,12.2,11.1,64.35,28.15
2021-11-03 01:54:30 +0530,469597,12.1,11.0,64.24,28.17
2021-11-03 01:55:00 +0530,469598,11.7,10.7,64.18,28.19
2021-11-03 01:55:30 +0530,469599,12.0,11.0,64.14,28.21
2021-11-03 01:56:00 +0530,469600,11.4,10.4,64.14,28.23
2021-11-03 01:56:30 +0530,469601,11.5,10.5,64.14,28.26
2021-11-03 01:57:00 +0530,469602,8.9,8.2,64.21,28.24
2021-11-03 01:57:30 +0530,469603,14.4,11.8,64.11,28.26
2021-11-03 01:58:00 +0530,469604,8.5,7.7,64.24,28.26
2021-11-03 01:58:30 +0530,469605,12.6,11.6,63.91,28.28
2021-11-03 01:59:00 +0530,469606,13.0,11.8,63.88,28.28
2021-11-03 01:59:30 +0530,469607,13.5,12.2,63.82,28.28
2021-11-03 02:00:00 +0530,469608,11.8,10.9,63.56,28.28
2021-11-03 02:00:30 +0530,469609,11.8,10.7,63.56,28.28
2021-11-03 02:01:00 +0530,469610,12.3,11.3,63.56,28.28
2021-11-03 02:01:30 +0530,469611,12.1,11.1,63.62,28.28
2021-11-03 02:02:00 +0530,469612,12.3,11.3,63.68,28.27
2021-11-03 02:02:30 +0530,469613,8.8,8.1,63.82,28.24
2021-11-03 02:03:00 +0530,469614,11.7,10.7,63.68,28.25
2021-11-03 02:03:30 +0530,469615,8.5,7.3,63.73,28.23
2021-11-03 02:04:00 +0530,469616,12.3,11.1,63.62,28.23
2021-11-03 02:04:30 +0530,469617,12.4,11.4,63.59,28.24
2021-11-03 02:05:00 +0530,469618,12.5,11.5,63.56,28.24
2021-11-03 02:05:30 +0530,469619,12.0,10.9,63.5,28.25
2021-11-03 02:06:00 +0530,469620,11.8,10.7,63.41,28.23
2021-11-03 02:06:30 +0530,469621,11.8,10.8,63.35,28.24
2021-11-03 02:07:00 +0530,469622,12.1,10.8,63.27,28.21
2021-11-03 02:07:30 +0530,469623,12.4,11.4,63.3,28.21
2021-11-03 02:08:00 +0530,469624,13.8,12.3,63.33,28.21
2021-11-03 02:08:30 +0530,469625,12.5,11.3,63.35,28.23
2021-11-03 02:09:00 +0530,469626,12.4,11.2,63.35,28.23
2021-11-03 02:09:30 +0530,469627,11.6,10.6,63.41,28.23
2021-11-03 02:10:00 +0530,469628,12.0,11.0,63.44,28.24
2021-11-03 02:10:30 +0530,469629,7.3,6.7,63.47,28.2
2021-11-03 02:11:00 +0530,469630,12.5,11.3,63.5,28.23
2021-11-03 02:11:30 +0530,469631,11.9,11.0,63.44,28.25
2021-11-03 02:12:00 +0530,469632,12.9,11.9,63.35,28.28
2021-11-03 02:12:30 +0530,469633,12.0,11.1,63.3,28.28
2021-11-03 02:13:00 +0530,469634,12.3,11.2,63.27,28.28
2021-11-03 02:13:30 +0530,469635,12.4,11.3,63.24,28.29
2021-11-03 02:14:00 +0530,469636,12.4,11.3,63.18,28.29
2021-11-03 02:14:30 +0530,469637,12.3,11.3,63.15,28.3
2021-11-03 02:15:00 +0530,469638,11.9,10.8,63.15,28.31
2021-11-03 02:15:30 +0530,469639,12.4,11.1,63.07,28.31
2021-11-03 02:16:00 +0530,469640,12.6,11.3,63.07,28.31
2021-11-03 02:16:30 +0530,469641,12.6,11.4,63.07,28.31
2021-11-03 02:17:00 +0530,469642,7.4,6.8,63.06,28.28
2021-11-03 02:17:30 +0530,469643,12.2,11.1,63.03,28.29
2021-11-03 02:18:00 +0530,469644,9.9,8.1,63.21,28.28
2021-11-03 02:18:30 +0530,469645,12.6,11.3,63.09,28.28
2021-11-03 02:19:00 +0530,469646,11.8,10.8,63.04,28.3
2021-11-03 02:19:30 +0530,469647,11.9,10.9,63.04,28.32
2021-11-03 02:20:00 +0530,469648,11.7,10.5,62.98,28.32
2021-11-03 02:20:30 +0530,469649,12.0,10.9,62.92,28.33
2021-11-03 02:21:00 +0530,469650,11.0,8.7,63.12,28.31
2021-11-03 02:21:30 +0530,469651,12.6,11.0,63.04,28.31
2021-11-03 02:22:00 +0530,469652,11.7,10.6,63.04,28.33
2021-11-03 02:22:30 +0530,469653,19.4,11.9,63.01,28.34
2021-11-03 02:23:00 +0530,469654,12.4,11.2,62.98,28.37
2021-11-03 02:23:30 +0530,469655,9.6,8.6,63.1,28.34
2021-11-03 02:24:00 +0530,469656,12.1,11.1,62.98,28.35
2021-11-03 02:24:30 +0530,469657,12.1,11.1,62.89,28.38
2021-11-03 02:25:00 +0530,469658,12.3,11.3,62.83,28.4
2021-11-03 02:25:30 +0530,469659,12.3,11.1,62.77,28.41
2021-11-03 02:26:00 +0530,469660,12.7,11.4,62.72,28.42
2021-11-03 02:26:30 +0530,469661,8.0,7.3,62.75,28.4
2021-11-03 02:27:00 +0530,469662,8.4,7.6,62.8,28.37
2021-11-03 02:27:30 +0530,469663,11.2,10.3,62.72,28.37
2021-11-03 02:28:00 +0530,469664,12.0,10.9,62.75,28.37
2021-11-03 02:28:30 +0530,469665,11.9,10.8,62.75,28.37
2021-11-03 02:29:00 +0530,469666,9.3,8.6,62.89,28.33
2021-11-03 02:29:30 +0530,469667,12.5,11.5,62.8,28.32
2021-11-03 02:30:00 +0530,469668,9.4,8.6,62.98,28.28
2021-11-03 02:30:30 +0530,469669,12.0,11.1,62.98,28.28
2021-11-03 02:31:00 +0530,469670,11.6,10.7,63.07,28.28
2021-11-03 02:31:30 +0530,469671,12.2,11.2,63.03,28.28
2021-11-03 02:32:00 +0530,469672,12.7,11.7,63.1,28.28
2021-11-03 02:32:30 +0530,469673,12.3,11.3,63.07,28.28
2021-11-03 02:33:00 +0530,469674,12.9,11.9,63.07,28.29
2021-11-03 02:33:30 +0530,469675,12.7,11.7,63.06,28.29
2021-11-03 02:34:00 +0530,469676,7.9,7.3,63.18,28.28
2021-11-03 02:34:30 +0530,469677,11.8,10.9,63.06,28.28
2021-11-03 02:35:00 +0530,469678,12.4,11.4,63.03,28.28
2021-11-03 02:35:30 +0530,469679,12.5,11.5,63.03,28.28
2021-11-03 02:36:00 +0530,469680,14.0,12.6,63.09,28.26
2021-11-03 02:36:30 +0530,469681,12.8,11.6,63.15,28.25
2021-11-03 02:37:00 +0530,469682,12.6,11.5,63.18,28.24
2021-11-03 02:37:30 +0530,469683,12.6,11.5,63.21,28.25
2021-11-03 02:38:00 +0530,469684,8.4,7.7,63.35,28.21
2021-11-03 02:38:30 +0530,469685,12.6,11.6,63.27,28.23
2021-11-03 02:39:00 +0530,469686,13.3,12.3,63.27,28.24
2021-11-03 02:39:30 +0530,469687,12.9,11.9,63.3,28.24
2021-11-03 02:40:00 +0530,469688,12.1,11.2,63.21,28.25
2021-11-03 02:40:30 +0530,469689,11.1,9.5,63.35,28.21
2021-11-03 02:41:00 +0530,469690,12.8,11.7,63.3,28.23
2021-11-03 02:41:30 +0530,469691,12.7,11.6,63.3,28.24
2021-11-03 02:42:00 +0530,469692,12.1,11.2,63.27,28.25
2021-11-03 02:42:30 +0530,469693,12.7,11.6,63.24,28.26
2021-11-03 02:43:00 +0530,469694,12.3,11.3,63.3,28.26
2021-11-03 02:43:30 +0530,469695,12.4,11.4,63.3,28.27
2021-11-03 02:44:00 +0530,469696,13.0,11.8,63.3,28.28
2021-11-03 02:44:30 +0530,469697,11.6,9.8,63.44,28.26
2021-11-03 02:45:00 +0530,469698,12.6,11.4,63.33,28.27
2021-11-03 02:45:30 +0530,469699,13.4,12.2,63.3,28.28
2021-11-03 02:46:00 +0530,469700,12.8,11.8,63.27,28.28
2021-11-03 02:47:00 +0530,469701,10.1,9.1,63.35,28.26
2021-11-03 02:47:30 +0530,469702,12.5,11.4,63.33,28.26
2021-11-03 02:48:00 +0530,469703,13.1,11.9,63.33,28.25
2021-11-03 02:48:30 +0530,469704,13.5,12.3,63.3,28.26
2021-11-03 02:49:00 +0530,469705,12.2,11.2,63.3,28.26
2021-11-03 02:49:30 +0530,469706,12.3,11.2,63.27,28.27
2021-11-03 02:50:00 +0530,469707,12.3,11.3,63.24,28.26
2021-11-03 02:50:30 +0530,469708,16.2,12.1,63.3,28.25
2021-11-03 02:51:00 +0530,469709,9.2,8.2,63.5,28.23
2021-11-03 02:51:30 +0530,469710,12.3,11.3,63.41,28.21
2021-11-03 02:52:00 +0530,469711,12.5,11.4,63.44,28.23
2021-11-03 02:52:30 +0530,469712,20.2,12.9,63.47,28.23
2021-11-03 02:53:00 +0530,469713,13.0,11.7,63.44,28.23
2021-11-03 02:53:30 +0530,469714,13.5,12.3,63.47,28.24
2021-11-03 02:54:00 +0530,469715,12.5,11.4,63.44,28.24
2021-11-03 02:54:30 +0530,469716,12.6,11.4,63.44,28.27
2021-11-03 02:55:00 +0530,469717,12.3,11.3,63.41,28.28
2021-11-03 02:55:30 +0530,469718,18.1,12.8,63.41,28.28
2021-11-03 02:56:00 +0530,469719,13.3,8.9,63.5,28.26
2021-11-03 02:56:30 +0530,469720,20.4,13.3,63.44,28.28
2021-11-03 02:57:00 +0530,469721,13.8,12.4,63.35,28.28
2021-11-03 02:57:30 +0530,469722,9.9,8.6,63.47,28.27
2021-11-03 02:58:00 +0530,469723,9.7,8.7,63.5,28.25
2021-11-03 02:58:30 +0530,469724,13.0,11.8,63.33,28.26
2021-11-03 02:59:00 +0530,469725,9.9,8.5,63.44,28.23
2021-11-03 02:59:30 +0530,469726,14.0,11.7,63.3,28.24
2021-11-03 03:00:00 +0530,469727,12.5,11.3,63.27,28.25
2021-11-03 03:00:30 +0530,469728,13.4,12.2,63.27,28.27
2021-11-03 03:01:00 +0530,469729,13.2,12.0,63.27,28.28
2021-11-03 03:01:30 +0530,469730,8.7,7.8,63.44,28.27
2021-11-03 03:02:00 +0530,469731,12.5,11.4,63.33,28.28
2021-11-03 03:02:30 +0530,469732,13.7,12.4,63.3,28.28
2021-11-03 03:03:00 +0530,469733,12.5,11.4,63.33,28.28
2021-11-03 03:03:30 +0530,469734,12.6,11.6,63.33,28.29
2021-11-03 03:04:00 +0530,469735,14.2,12.9,63.3,28.29
2021-11-03 03:04:30 +0530,469736,9.7,8.9,63.44,28.28
2021-11-03 03:05:00 +0530,469737,13.2,12.1,63.33,28.28
2021-11-03 03:05:30 +0530,469738,8.9,8.2,63.47,28.28
2021-11-03 03:06:00 +0530,469739,12.8,11.6,63.24,28.28
2021-11-03 03:06:30 +0530,469740,12.9,11.9,63.24,28.28
2021-11-03 03:07:00 +0530,469741,12.8,11.7,63.24,28.29
2021-11-03 03:07:30 +0530,469742,8.6,7.9,63.35,28.29
2021-11-03 03:08:00 +0530,469743,12.6,11.4,63.33,28.28
2021-11-03 03:08:30 +0530,469744,12.5,11.4,63.36,28.28
2021-11-03 03:09:00 +0530,469745,13.5,12.1,63.33,28.28
2021-11-03 03:09:30 +0530,469746,12.9,11.8,63.3,28.28
2021-11-03 03:10:00 +0530,469747,8.1,7.4,63.21,28.28
2021-11-03 03:10:30 +0530,469748,12.2,11.3,63.18,28.28
2021-11-03 03:11:00 +0530,469749,12.6,11.4,63.15,28.28
2021-11-03 03:11:30 +0530,469750,12.9,11.9,63.21,28.28
2021-11-03 03:12:00 +0530,469751,11.7,10.8,63.27,28.28
2021-11-03 03:12:30 +0530,469752,11.6,10.6,63.15,28.28
2021-11-03 03:13:00 +0530,469753,10.7,9.9,63.03,28.27
2021-11-03 03:13:30 +0530,469754,12.0,10.9,63.09,28.26
2021-11-03 03:14:00 +0530,469755,12.3,11.1,63.12,28.25
2021-11-03 03:14:30 +0530,469756,11.5,10.6,63.12,28.24
2021-11-03 03:15:00 +0530,469757,8.4,7.7,63.15,28.19
2021-11-03 03:15:30 +0530,469758,12.0,10.9,63.18,28.2
2021-11-03 03:16:00 +0530,469759,12.0,11.1,63.21,28.19
2021-11-03 03:16:30 +0530,469760,11.8,10.9,63.21,28.19
2021-11-03 03:17:00 +0530,469761,8.1,7.3,63.35,28.16
2021-11-03 03:17:30 +0530,469762,11.6,10.6,63.3,28.16
2021-11-03 03:18:00 +0530,469763,8.5,7.8,63.44,28.14
2021-11-03 03:18:30 +0530,469764,11.2,10.3,63.33,28.14
2021-11-03 03:19:00 +0530,469765,11.7,10.6,63.35,28.13
2021-11-03 03:19:30 +0530,469766,12.1,11.0,63.35,28.13
2021-11-03 03:20:00 +0530,469767,11.3,10.4,63.33,28.13
2021-11-03 03:20:30 +0530,469768,12.0,11.0,63.33,28.13
2021-11-03 03:21:00 +0530,469769,11.8,10.7,63.35,28.12
2021-11-03 03:21:30 +0530,469770,11.9,10.8,63.41,28.12
2021-11-03 03:22:00 +0530,469771,9.1,8.4,63.53,28.1
2021-11-03 03:22:30 +0530,469772,11.6,10.6,63.38,28.1
2021-11-03 03:23:00 +0530,469773,11.1,10.2,63.32,28.1
2021-11-03 03:23:30 +0530,469774,12.0,11.1,63.35,28.1
2021-11-03 03:24:00 +0530,469775,11.7,10.7,63.32,28.09
2021-11-03 03:24:30 +0530,469776,11.2,10.3,63.41,28.09
2021-11-03 03:25:00 +0530,469777,7.9,7.2,63.56,28.06
2021-11-03 03:25:30 +0530,469778,12.3,11.2,63.5,28.06
2021-11-03 03:26:00 +0530,469779,12.5,11.3,63.53,28.08
2021-11-03 03:26:30 +0530,469780,11.0,10.1,63.47,28.08
2021-11-03 03:27:00 +0530,469781,8.9,7.9,63.59,28.05
2021-11-03 03:27:30 +0530,469782,12.1,11.1,63.53,28.06
2021-11-03 03:28:00 +0530,469783,12.1,11.1,63.47,28.08
2021-11-03 03:28:30 +0530,469784,7.5,7.0,63.59,28.05
2021-11-03 03:29:00 +0530,469785,11.3,10.4,63.53,28.06
2021-11-03 03:29:30 +0530,469786,11.4,10.4,63.5,28.08
2021-11-03 03:30:00 +0530,469787,12.7,11.6,63.47,28.09
2021-11-03 03:30:30 +0530,469788,11.4,10.4,63.38,28.1
2021-11-03 03:31:00 +0530,469789,11.5,10.4,63.33,28.11
2021-11-03 03:31:30 +0530,469790,11.5,10.4,63.33,28.11
2021-11-03 03:32:00 +0530,469791,10.1,7.7,63.82,27.94
2021-11-03 03:32:30 +0530,469792,12.1,10.9,63.85,27.98
2021-11-03 03:33:00 +0530,469793,11.4,10.4,63.7,28.02
2021-11-03 03:33:30 +0530,469794,11.9,10.9,63.56,28.05
2021-11-03 03:34:00 +0530,469795,11.4,10.4,63.44,28.09
2021-11-03 03:34:30 +0530,469796,11.6,10.7,63.41,28.1
2021-11-03 03:35:00 +0530,469797,11.4,10.4,63.38,28.11
2021-11-03 03:35:30 +0530,469798,11.4,10.4,63.41,28.12
2021-11-03 03:36:00 +0530,469799,12.3,11.3,63.35,28.13
2021-11-03 03:36:30 +0530,469800,11.7,10.8,63.41,28.13
2021-11-03 03:37:00 +0530,469801,11.6,10.7,63.33,28.15
2021-11-03 03:37:30 +0530,469802,11.3,10.4,63.33,28.16
2021-11-03 03:38:00 +0530,469803,10.5,7.4,63.3,28.14
2021-11-03 03:38:30 +0530,469804,12.5,11.3,63.3,28.17
2021-11-03 03:39:00 +0530,469805,12.5,11.4,63.27,28.18
2021-11-03 03:39:30 +0530,469806,12.8,11.6,63.24,28.21
2021-11-03 03:40:00 +0530,469807,10.1,8.1,63.3,28.2
2021-11-03 03:40:30 +0530,469808,12.8,11.7,63.21,28.21
2021-11-03 03:41:00 +0530,469809,12.3,11.2,63.21,28.24
2021-11-03 03:41:30 +0530,469810,12.3,11.3,63.03,28.25
2021-11-03 03:42:00 +0530,469811,12.1,11.0,62.95,28.25
2021-11-03 03:42:30 +0530,469812,7.9,7.2,63.06,28.23
2021-11-03 03:43:00 +0530,469813,12.0,11.1,62.98,28.23
2021-11-03 03:43:30 +0530,469814,11.9,10.9,63.01,28.23
2021-11-03 03:44:00 +0530,469815,12.4,11.4,63.01,28.21
2021-11-03 03:44:30 +0530,469816,12.1,11.1,63.03,28.21
2021-11-03 03:45:00 +0530,469817,11.8,10.8,63.06,28.21
2021-11-03 03:45:30 +0530,469818,11.7,10.8,63.06,28.21
2021-11-03 03:46:00 +0530,469819,12.3,11.2,63.09,28.23
2021-11-03 03:46:30 +0530,469820,9.5,8.3,63.21,28.21
2021-11-03 03:47:00 +0530,469821,12.0,11.0,63.12,28.23
2021-11-03 03:47:30 +0530,469822,11.6,10.5,63.01,28.24
2021-11-03 03:48:00 +0530,469823,12.0,10.9,62.95,28.24
2021-11-03 03:48:30 +0530,469824,11.8,10.6,62.86,28.26
2021-11-03 03:49:00 +0530,469825,11.5,10.6,62.83,28.27
2021-11-03 03:49:30 +0530,469826,12.0,10.9,62.83,28.28
2021-11-03 03:50:00 +0530,469827,11.9,10.9,62.8,28.28
2021-11-03 03:50:30 +0530,469828,11.7,10.7,62.83,28.28
2021-11-03 03:51:00 +0530,469829,12.1,11.1,62.77,28.28
2021-11-03 03:51:30 +0530,469830,12.2,11.2,62.71,28.28
2021-11-03 03:52:00 +0530,469831,12.1,11.1,62.68,28.28
2021-11-03 03:52:30 +0530,469832,8.6,7.8,62.83,28.28
2021-11-03 03:53:00 +0530,469833,12.1,11.2,62.77,28.26
2021-11-03 03:53:30 +0530,469834,9.5,8.5,62.98,28.23
2021-11-03 03:54:00 +0530,469835,12.4,11.3,62.95,28.23
2021-11-03 03:54:30 +0530,469836,13.1,11.8,63.01,28.23
2021-11-03 03:55:00 +0530,469837,11.9,8.1,63.06,28.19
2021-11-03 03:55:30 +0530,469838,8.9,8.1,63.21,28.2
2021-11-03 03:56:00 +0530,469839,10.1,8.7,63.27,28.19
2021-11-03 03:56:30 +0530,469840,13.3,12.2,63.18,28.2
2021-11-03 03:57:00 +0530,469841,12.1,11.2,63.15,28.23
2021-11-03 03:57:30 +0530,469842,12.2,11.2,63.12,28.25
2021-11-03 03:58:00 +0530,469843,12.3,11.3,63.09,28.26
2021-11-03 03:58:30 +0530,469844,12.3,11.2,63.09,28.27
2021-11-03 03:59:00 +0530,469845,13.0,11.9,63.09,28.28
2021-11-03 03:59:30 +0530,469846,13.0,11.8,63.12,28.27
2021-11-03 04:00:00 +0530,469847,13.4,12.3,63.18,28.27
2021-11-03 04:00:30 +0530,469848,12.9,11.7,63.18,28.26
2021-11-03 04:01:00 +0530,469849,12.4,9.1,63.35,28.23
2021-11-03 04:01:30 +0530,469850,12.5,11.3,63.27,28.24
2021-11-03 04:02:00 +0530,469851,13.0,11.9,63.24,28.23
2021-11-03 04:02:30 +0530,469852,13.5,12.2,63.24,28.23
2021-11-03 04:03:00 +0530,469853,13.8,12.6,63.27,28.24
2021-11-03 04:03:30 +0530,469854,13.7,12.6,63.33,28.23
2021-11-03 04:04:00 +0530,469855,13.9,12.8,63.35,28.21
2021-11-03 04:04:30 +0530,469856,11.7,10.2,63.53,28.19
2021-11-03 04:05:00 +0530,469857,13.7,12.4,63.47,28.2
2021-11-03 04:05:30 +0530,469858,12.6,11.4,63.44,28.2
2021-11-03 04:06:00 +0530,469859,13.0,11.9,63.44,28.2
2021-11-03 04:06:30 +0530,469860,12.7,11.6,63.5,28.19
2021-11-03 04:07:00 +0530,469861,14.0,12.5,63.5,28.19
2021-11-03 04:07:30 +0530,469862,12.8,11.8,63.53,28.19
2021-11-03 04:08:00 +0530,469863,13.1,11.9,63.53,28.19
2021-11-03 04:08:30 +0530,469864,13.5,12.4,63.53,28.19
2021-11-03 04:09:00 +0530,469865,13.3,12.1,63.53,28.19
2021-11-03 04:09:30 +0530,469866,9.8,8.9,63.68,28.15
2021-11-03 04:10:00 +0530,469867,13.3,12.0,63.59,28.15
2021-11-03 04:10:30 +0530,469868,10.1,9.2,63.73,28.13
2021-11-03 04:11:00 +0530,469869,12.5,11.6,63.68,28.13
2021-11-03 04:11:30 +0530,469870,13.3,12.2,63.68,28.14
2021-11-03 04:12:00 +0530,469871,13.4,12.3,63.68,28.15
2021-11-03 04:12:30 +0530,469872,14.0,12.8,63.65,28.15
2021-11-03 04:13:00 +0530,469873,13.6,12.4,63.62,28.15
2021-11-03 04:13:30 +0530,469874,13.5,12.4,63.59,28.17
2021-11-03 04:14:00 +0530,469875,10.7,9.8,63.73,28.14
2021-11-03 04:14:30 +0530,469876,12.7,11.8,63.65,28.14
2021-11-03 04:15:00 +0530,469877,13.2,12.2,63.68,28.14
2021-11-03 04:15:30 +0530,469878,13.3,12.3,63.68,28.14
2021-11-03 04:16:00 +0530,469879,10.2,9.4,64.08,28.02
2021-11-03 04:16:30 +0530,469880,13.0,12.1,63.99,28.03
2021-11-03 04:17:00 +0530,469881,13.1,12.0,63.97,28.04
2021-11-03 04:17:30 +0530,469882,13.0,11.8,63.88,28.05
2021-11-03 04:18:00 +0530,469883,13.3,12.3,63.88,28.06
2021-11-03 04:18:30 +0530,469884,13.4,12.2,63.91,28.04
2021-11-03 04:19:00 +0530,469885,10.4,9.6,64.08,28.02
2021-11-03 04:19:30 +0530,469886,10.1,9.1,64.17,28.0
2021-11-03 04:20:00 +0530,469887,13.6,12.5,64.11,27.99
2021-11-03 04:20:30 +0530,469888,13.7,12.6,64.14,28.0
2021-11-03 04:21:00 +0530,469889,13.9,12.7,64.17,28.0
2021-11-03 04:21:30 +0530,469890,14.0,12.8,64.2,27.99
2021-11-03 04:22:00 +0530,469891,13.6,12.6,64.2,27.99
2021-11-03 04:22:30 +0530,469892,14.2,13.1,64.26,27.98
2021-11-03 04:23:00 +0530,469893,14.4,13.2,64.32,27.97
2021-11-03 04:23:30 +0530,469894,13.4,12.4,64.34,27.97
2021-11-03 04:24:00 +0530,469895,14.5,13.1,64.4,27.95
2021-11-03 04:24:30 +0530,469896,13.9,12.9,64.47,27.96
2021-11-03 04:25:00 +0530,469897,14.6,13.4,64.46,27.95
2021-11-03 04:25:30 +0530,469898,14.5,13.4,64.49,27.95
2021-11-03 04:26:00 +0530,469899,14.6,13.4,64.52,27.95
2021-11-03 04:26:30 +0530,469900,14.7,13.4,64.58,27.96
2021-11-03 04:27:00 +0530,469901,14.2,13.0,64.55,27.96
2021-11-03 04:27:30 +0530,469902,14.3,13.1,64.4,27.96
2021-11-03 04:28:00 +0530,469903,13.8,12.7,64.47,27.96
2021-11-03 04:28:30 +0530,469904,16.3,14.6,64.52,27.95
2021-11-03 04:29:00 +0530,469905,14.6,13.3,64.52,27.96
2021-11-03 04:29:30 +0530,469906,14.7,13.1,64.52,27.94
2021-11-03 04:30:00 +0530,469907,15.0,13.7,64.55,27.95
2021-11-03 04:30:30 +0530,469908,14.5,13.3,64.57,27.94
2021-11-03 04:31:00 +0530,469909,14.4,13.1,64.6,27.94
2021-11-03 04:31:30 +0530,469910,12.4,11.3,64.81,27.91
2021-11-03 04:32:00 +0530,469911,14.1,12.9,64.75,27.91
2021-11-03 04:32:30 +0530,469912,15.0,13.7,64.75,27.93
2021-11-03 04:33:00 +0530,469913,15.6,14.3,64.66,27.94
2021-11-03 04:33:30 +0530,469914,14.9,13.6,64.6,27.95
2021-11-03 04:34:00 +0530,469915,14.8,13.6,64.6,27.95
2021-11-03 04:34:30 +0530,469916,15.2,14.1,64.64,27.96
2021-11-03 04:35:00 +0530,469917,14.2,13.1,64.64,27.96
2021-11-03 04:35:30 +0530,469918,15.6,14.1,64.61,27.98
2021-11-03 04:36:00 +0530,469919,11.6,10.7,64.57,27.95
2021-11-03 04:36:30 +0530,469920,14.6,13.5,64.55,27.97
2021-11-03 04:37:00 +0530,469921,14.4,13.4,64.52,27.98
2021-11-03 04:37:30 +0530,469922,14.8,13.6,64.5,27.98
2021-11-03 04:38:00 +0530,469923,14.8,13.6,64.52,27.98
2021-11-03 04:38:30 +0530,469924,15.1,13.9,64.52,27.98
2021-11-03 04:39:00 +0530,469925,14.6,13.4,64.52,27.98
2021-11-03 04:39:30 +0530,469926,15.2,13.9,64.52,27.98
2021-11-03 04:40:00 +0530,469927,11.0,10.1,64.69,27.95
2021-11-03 04:40:30 +0530,469928,15.3,14.0,64.61,27.96
2021-11-03 04:41:00 +0530,469929,14.4,13.3,64.55,27.97
2021-11-03 04:41:30 +0530,469930,15.4,14.2,64.52,27.97
2021-11-03 04:42:00 +0530,469931,15.2,14.0,64.52,27.97
2021-11-03 04:42:30 +0530,469932,15.2,13.9,64.47,27.98
2021-11-03 04:43:00 +0530,469933,15.1,13.8,64.5,27.96
2021-11-03 04:43:30 +0530,469934,15.0,13.8,64.52,27.96
2021-11-03 04:44:00 +0530,469935,14.9,13.7,64.52,27.97
2021-11-03 04:44:30 +0530,469936,12.0,10.9,64.66,27.94
2021-11-03 04:45:00 +0530,469937,12.2,10.3,64.81,27.91
2021-11-03 04:45:30 +0530,469938,15.3,13.8,64.66,27.93
2021-11-03 04:46:00 +0530,469939,15.0,13.7,64.66,27.93
2021-11-03 04:46:30 +0530,469940,18.4,16.9,64.63,27.94
2021-11-03 04:47:00 +0530,469941,15.1,13.9,64.66,27.95
2021-11-03 04:47:30 +0530,469942,13.0,11.6,64.84,27.94
2021-11-03 04:48:00 +0530,469943,16.2,14.7,64.75,27.95
2021-11-03 04:48:30 +0530,469944,15.0,13.8,64.69,27.96
2021-11-03 04:49:00 +0530,469945,15.5,14.3,64.67,27.97
2021-11-03 04:49:30 +0530,469946,15.6,14.3,64.67,27.98
2021-11-03 04:50:00 +0530,469947,14.9,13.6,64.67,27.99
2021-11-03 04:50:30 +0530,469948,11.3,10.4,64.79,27.97
2021-11-03 04:51:00 +0530,469949,15.6,14.3,64.67,27.96
2021-11-03 04:51:30 +0530,469950,12.0,11.0,64.78,27.93
2021-11-03 04:52:00 +0530,469951,15.9,14.5,64.75,27.93
2021-11-03 04:52:30 +0530,469952,15.9,14.5,64.75,27.93
2021-11-03 04:53:00 +0530,469953,15.4,14.2,64.81,27.91
2021-11-03 04:53:30 +0530,469954,11.9,10.6,64.81,27.87
2021-11-03 04:54:00 +0530,469955,15.8,14.2,64.92,27.88
2021-11-03 04:54:30 +0530,469956,15.2,13.9,64.9,27.88
2021-11-03 04:55:00 +0530,469957,15.5,14.1,64.92,27.87
2021-11-03 04:55:30 +0530,469958,15.5,14.1,64.9,27.88
2021-11-03 04:56:00 +0530,469959,15.5,14.2,64.87,27.88
2021-11-03 04:56:30 +0530,469960,15.5,14.2,64.9,27.87
2021-11-03 04:57:00 +0530,469961,15.0,13.8,64.87,27.88
2021-11-03 04:57:30 +0530,469962,15.1,13.9,64.87,27.87
2021-11-03 04:58:00 +0530,469963,15.4,14.2,64.87,27.87
2021-11-03 04:58:30 +0530,469964,15.3,14.0,64.87,27.88
2021-11-03 04:59:00 +0530,469965,15.1,13.9,64.9,27.88
2021-11-03 04:59:30 +0530,469966,12.9,10.8,65.01,27.86
2021-11-03 05:00:00 +0530,469967,11.8,10.9,64.92,27.83
2021-11-03 05:00:30 +0530,469968,14.4,13.3,64.95,27.85
2021-11-03 05:01:00 +0530,469969,15.0,13.7,64.9,27.86
2021-11-03 05:01:30 +0530,469970,14.9,13.7,64.87,27.86
2021-11-03 05:02:00 +0530,469971,14.3,13.1,64.78,27.87
2021-11-03 05:02:30 +0530,469972,14.9,13.7,64.69,27.86
2021-11-03 05:03:00 +0530,469973,15.0,13.7,64.69,27.86
2021-11-03 05:03:30 +0530,469974,11.4,10.3,64.9,27.85
2021-11-03 05:04:00 +0530,469975,15.1,13.8,64.81,27.85
2021-11-03 05:04:30 +0530,469976,15.2,13.9,64.81,27.86
2021-11-03 05:05:00 +0530,469977,15.5,14.2,64.78,27.87
2021-11-03 05:05:30 +0530,469978,15.0,13.7,64.75,27.88
2021-11-03 05:06:00 +0530,469979,15.0,13.8,64.69,27.89
2021-11-03 05:06:30 +0530,469980,15.0,13.8,64.66,27.9
2021-11-03 05:07:00 +0530,469981,15.4,14.2,64.66,27.9
2021-11-03 05:07:30 +0530,469982,15.2,13.9,64.66,27.91
2021-11-03 05:08:00 +0530,469983,15.1,13.9,64.6,27.93
2021-11-03 05:08:30 +0530,469984,15.4,14.1,64.6,27.93
2021-11-03 05:09:00 +0530,469985,12.5,11.3,64.75,27.9
2021-11-03 05:09:30 +0530,469986,15.5,14.2,64.66,27.9
2021-11-03 05:10:00 +0530,469987,16.2,14.9,64.63,27.91
2021-11-03 05:10:30 +0530,469988,15.8,14.4,64.66,27.91
2021-11-03 05:11:00 +0530,469989,16.5,15.1,64.6,27.94
2021-11-03 05:11:30 +0530,469990,16.3,14.9,64.55,27.94
2021-11-03 05:12:00 +0530,469991,15.7,14.3,64.55,27.95
2021-11-03 05:12:30 +0530,469992,14.9,13.6,64.43,27.96
2021-11-03 05:13:00 +0530,469993,15.9,14.4,64.37,27.95
2021-11-03 05:13:30 +0530,469994,11.7,10.7,64.55,27.91
2021-11-03 05:14:00 +0530,469995,14.8,13.6,64.46,27.9
2021-11-03 05:14:30 +0530,469996,14.5,13.3,64.49,27.9
2021-11-03 05:15:00 +0530,469997,16.1,14.7,64.49,27.9
2021-11-03 05:15:30 +0530,469998,13.3,10.7,64.66,27.88
2021-11-03 05:16:00 +0530,469999,15.5,14.1,64.6,27.89
2021-11-03 05:16:30 +0530,470000,14.2,13.1,64.55,27.89
2021-11-03 05:17:00 +0530,470001,14.4,13.3,64.52,27.89
2021-11-03 05:17:30 +0530,470002,15.3,13.9,64.55,27.89
2021-11-03 05:18:00 +0530,470003,10.7,9.7,64.69,27.86
2021-11-03 05:18:30 +0530,470004,14.9,13.6,64.69,27.85
2021-11-03 05:19:00 +0530,470005,15.0,13.8,64.75,27.85
2021-11-03 05:19:30 +0530,470006,15.4,14.1,64.78,27.85
2021-11-03 05:20:00 +0530,470007,15.6,14.2,64.81,27.86
2021-11-03 05:20:30 +0530,470008,14.9,13.7,64.78,27.86
2021-11-03 05:21:00 +0530,470009,87.4,24.7,64.81,27.87
2021-11-03 05:21:30 +0530,470010,28.3,16.2,64.81,27.88
2021-11-03 05:22:00 +0530,470011,14.5,13.1,64.75,27.89
2021-11-03 05:22:30 +0530,470012,15.2,13.6,64.75,27.89
2021-11-03 05:23:00 +0530,470013,15.8,14.3,64.75,27.89
2021-11-03 05:23:30 +0530,470014,14.6,13.3,64.75,27.89
2021-11-03 05:24:00 +0530,470015,14.3,13.0,64.69,27.89
2021-11-03 05:24:30 +0530,470016,15.3,13.8,64.66,27.89
2021-11-03 05:25:00 +0530,470017,13.9,12.7,64.6,27.9
2021-11-03 05:25:30 +0530,470018,14.1,12.8,64.6,27.9
2021-11-03 05:26:00 +0530,470019,14.0,12.8,64.6,27.89
2021-11-03 05:26:30 +0530,470020,12.5,10.9,64.78,27.87
2021-11-03 05:27:00 +0530,470021,14.9,13.6,64.75,27.87
2021-11-03 05:27:30 +0530,470022,14.9,13.6,64.75,27.88
2021-11-03 05:28:00 +0530,470023,11.4,10.4,64.87,27.86
2021-11-03 05:28:30 +0530,470024,13.8,12.5,64.78,27.87
2021-11-03 05:29:00 +0530,470025,13.5,12.3,64.69,27.87
2021-11-03 05:29:30 +0530,470026,13.8,12.6,64.66,27.87
2021-11-03 05:30:00 +0530,470027,10.8,9.8,64.84,27.86
2021-11-03 05:30:30 +0530,470028,10.7,9.7,64.92,27.83
2021-11-03 05:31:00 +0530,470029,14.1,12.8,64.87,27.84
2021-11-03 05:31:30 +0530,470030,14.2,12.8,64.84,27.85
2021-11-03 05:32:00 +0530,470031,13.5,12.2,64.81,27.85
2021-11-03 05:32:30 +0530,470032,12.9,11.9,64.69,27.86
2021-11-03 05:33:00 +0530,470033,13.5,12.3,64.63,27.86
2021-11-03 05:33:30 +0530,470034,13.3,12.2,64.63,27.86
2021-11-03 05:34:00 +0530,470035,13.1,12.0,64.63,27.86
2021-11-03 05:34:30 +0530,470036,7.4,6.9,65.19,27.65
2021-11-03 05:35:00 +0530,470037,9.4,8.3,65.3,27.66
2021-11-03 05:35:30 +0530,470038,12.3,11.1,65.08,27.68
2021-11-03 05:36:00 +0530,470039,12.6,11.6,65.01,27.69
2021-11-03 05:36:30 +0530,470040,12.6,9.7,65.13,27.68
2021-11-03 05:37:00 +0530,470041,12.9,11.7,65.04,27.69
2021-11-03 05:37:30 +0530,470042,12.7,11.6,65.01,27.7
2021-11-03 05:38:00 +0530,470043,11.9,10.9,64.9,27.72
2021-11-03 05:38:30 +0530,470044,12.5,11.3,64.9,27.73
2021-11-03 05:39:00 +0530,470045,13.1,11.9,64.9,27.74
2021-11-03 05:39:30 +0530,470046,15.9,12.2,64.84,27.74
2021-11-03 05:40:00 +0530,470047,11.9,10.7,64.78,27.75
2021-11-03 05:40:30 +0530,470048,8.6,7.7,64.87,27.73
2021-11-03 05:41:00 +0530,470049,12.7,11.4,64.78,27.73
2021-11-03 05:41:30 +0530,470050,10.0,7.6,64.9,27.71
2021-11-03 05:42:00 +0530,470051,12.6,11.5,64.78,27.71
2021-11-03 05:42:30 +0530,470052,19.6,12.1,64.81,27.71
2021-11-03 05:43:00 +0530,470053,12.6,11.3,64.81,27.71
2021-11-03 05:43:30 +0530,470054,16.3,8.8,64.87,27.67
2021-11-03 05:44:00 +0530,470055,17.5,12.3,64.92,27.7
2021-11-03 05:44:30 +0530,470056,10.2,9.1,65.08,27.68
2021-11-03 05:45:00 +0530,470057,15.4,11.7,64.98,27.7
2021-11-03 05:45:30 +0530,470058,12.6,11.3,64.87,27.7
2021-11-03 05:46:00 +0530,470059,11.0,8.8,65.01,27.68
2021-11-03 05:46:30 +0530,470060,23.6,15.5,64.9,27.69
2021-11-03 05:47:00 +0530,470061,9.1,8.2,65.04,27.69
2021-11-03 05:47:30 +0530,470062,13.4,11.6,64.92,27.7
2021-11-03 05:48:00 +0530,470063,16.6,11.9,64.92,27.7
2021-11-03 05:48:30 +0530,470064,17.1,11.9,64.84,27.72
2021-11-03 05:49:00 +0530,470065,15.4,11.6,64.81,27.72
2021-11-03 05:49:30 +0530,470066,11.6,10.5,64.78,27.73
2021-11-03 05:50:00 +0530,470067,12.6,10.6,64.75,27.73
2021-11-03 05:50:30 +0530,470068,13.7,12.2,64.72,27.74
2021-11-03 05:51:00 +0530,470069,10.9,7.7,64.9,27.72
2021-11-03 05:51:30 +0530,470070,14.9,11.6,64.78,27.73
2021-11-03 05:52:00 +0530,470071,7.4,6.6,64.87,27.72
2021-11-03 05:52:30 +0530,470072,8.7,7.9,64.92,27.7
2021-11-03 05:53:00 +0530,470073,14.2,11.2,64.9,27.7
2021-11-03 05:53:30 +0530,470074,11.7,10.8,64.84,27.7
2021-11-03 05:54:00 +0530,470075,12.5,11.3,64.87,27.71
2021-11-03 05:54:30 +0530,470076,12.6,11.3,64.87,27.71
2021-11-03 05:55:00 +0530,470077,11.0,8.7,65.42,27.59
2021-11-03 05:55:30 +0530,470078,11.9,8.8,65.39,27.59
2021-11-03 05:56:00 +0530,470079,12.6,11.5,65.3,27.61
2021-11-03 05:56:30 +0530,470080,13.2,11.8,65.25,27.64
2021-11-03 05:57:00 +0530,470081,13.7,12.2,65.22,27.66
2021-11-03 05:57:30 +0530,470082,14.9,12.2,65.13,27.68
2021-11-03 05:58:00 +0530,470083,21.1,13.3,65.08,27.7
2021-11-03 05:58:30 +0530,470084,19.1,13.2,65.04,27.72
2021-11-03 05:59:00 +0530,470085,23.0,13.6,65.01,27.73
2021-11-03 05:59:30 +0530,470086,14.0,12.4,64.98,27.75
2021-11-03 06:00:00 +0530,470087,14.1,12.6,64.95,27.76
2021-11-03 06:00:30 +0530,470088,16.4,11.9,64.98,27.78
2021-11-03 06:01:00 +0530,470089,15.6,12.8,64.92,27.8
2021-11-03 06:01:30 +0530,470090,14.0,12.6,64.92,27.81
2021-11-03 06:02:00 +0530,470091,14.7,12.6,64.9,27.82
2021-11-03 06:02:30 +0530,470092,15.7,12.9,64.87,27.83
2021-11-03 06:03:00 +0530,470093,14.0,12.6,64.84,27.84
2021-11-03 06:03:30 +0530,470094,16.7,13.1,64.87,27.85
2021-11-03 06:04:00 +0530,470095,15.4,13.9,64.81,27.86
2021-11-03 06:04:30 +0530,470096,15.8,13.5,64.81,27.87
2021-11-03 06:05:00 +0530,470097,18.7,13.1,64.84,27.87
2021-11-03 06:05:30 +0530,470098,17.7,13.8,64.78,27.89
2021-11-03 06:06:00 +0530,470099,15.6,13.4,64.75,27.89
2021-11-03 06:06:30 +0530,470100,14.4,13.2,64.66,27.89
2021-11-03 06:07:00 +0530,470101,15.4,14.1,64.57,27.89
2021-11-03 06:07:30 +0530,470102,15.6,14.3,64.6,27.89
2021-11-03 06:08:00 +0530,470103,16.1,14.4,64.6,27.89
2021-11-03 06:08:30 +0530,470104,11.5,10.5,64.78,27.88
2021-11-03 06:09:00 +0530,470105,11.9,10.9,64.78,27.85
2021-11-03 06:09:30 +0530,470106,11.3,10.2,64.84,27.83
2021-11-03 06:10:00 +0530,470107,11.2,10.3,64.87,27.8
2021-11-03 06:10:30 +0530,470108,15.6,14.2,64.81,27.8
2021-11-03 06:11:00 +0530,470109,15.8,14.4,64.81,27.8
2021-11-03 06:11:30 +0530,470110,17.4,12.3,65.27,27.69
2021-11-03 06:12:00 +0530,470111,16.0,14.4,65.13,27.71
2021-11-03 06:12:30 +0530,470112,15.8,14.3,65.1,27.72
2021-11-03 06:13:00 +0530,470113,11.3,10.1,65.27,27.71
2021-11-03 06:13:30 +0530,470114,15.6,14.1,65.22,27.72
2021-11-03 06:14:00 +0530,470115,19.3,15.1,65.19,27.74
2021-11-03 06:14:30 +0530,470116,15.4,13.9,65.1,27.74
2021-11-03 06:15:00 +0530,470117,16.6,15.1,65.08,27.75
2021-11-03 06:15:30 +0530,470118,15.9,14.5,65.04,27.76
2021-11-03 06:16:00 +0530,470119,12.4,11.1,65.19,27.75
2021-11-03 06:16:30 +0530,470120,16.2,14.9,65.07,27.76
2021-11-03 06:17:00 +0530,470121,16.2,14.8,65.04,27.79
2021-11-03 06:17:30 +0530,470122,16.3,14.9,65.04,27.8
2021-11-03 06:18:00 +0530,470123,16.0,14.6,65.01,27.82
2021-11-03 06:18:30 +0530,470124,15.5,14.2,64.87,27.82
2021-11-03 06:19:00 +0530,470125,13.5,12.3,65.04,27.81
2021-11-03 06:19:30 +0530,470126,11.7,10.8,65.04,27.78
2021-11-03 06:20:00 +0530,470127,11.7,10.5,65.08,27.74
2021-11-03 06:20:30 +0530,470128,16.8,15.3,64.87,27.76
2021-11-03 06:21:00 +0530,470129,15.3,13.8,64.84,27.76
2021-11-03 06:21:30 +0530,470130,15.8,14.3,64.87,27.76
2021-11-03 06:22:00 +0530,470131,16.3,14.8,64.87,27.78
2021-11-03 06:22:30 +0530,470132,16.0,14.4,64.87,27.78
2021-11-03 06:23:00 +0530,470133,17.8,16.1,64.87,27.79
2021-11-03 06:23:30 +0530,470134,17.9,15.8,64.87,27.79
2021-11-03 06:24:00 +0530,470135,14.0,12.7,64.98,27.75
2021-11-03 06:24:30 +0530,470136,16.8,15.0,64.95,27.76
2021-11-03 06:25:00 +0530,470137,16.1,14.6,64.92,27.78
2021-11-03 06:25:30 +0530,470138,16.0,14.5,64.87,27.79
2021-11-03 06:26:00 +0530,470139,21.1,15.3,64.81,27.79
2021-11-03 06:26:30 +0530,470140,17.4,15.7,64.87,27.79
2021-11-03 06:27:00 +0530,470141,17.3,15.6,64.87,27.8
2021-11-03 06:27:30 +0530,470142,16.3,14.8,64.81,27.79
2021-11-03 06:28:00 +0530,470143,13.8,12.4,64.95,27.78
2021-11-03 06:28:30 +0530,470144,16.9,15.3,64.87,27.76
2021-11-03 06:29:00 +0530,470145,17.6,16.0,64.87,27.78
2021-11-03 06:29:30 +0530,470146,19.0,16.0,64.87,27.79
2021-11-03 06:30:00 +0530,470147,16.9,15.3,64.84,27.81
2021-11-03 06:30:30 +0530,470148,14.2,12.7,64.98,27.79
2021-11-03 06:31:00 +0530,470149,17.9,16.1,64.84,27.81
2021-11-03 06:31:30 +0530,470150,17.6,15.8,64.81,27.83
2021-11-03 06:32:00 +0530,470151,17.9,16.2,64.75,27.83
2021-11-03 06:32:30 +0530,470152,16.3,14.7,64.6,27.86
2021-11-03 06:33:00 +0530,470153,16.3,14.8,64.6,27.86
2021-11-03 06:33:30 +0530,470154,14.2,12.7,64.95,27.76
2021-11-03 06:34:00 +0530,470155,17.7,16.1,64.9,27.8
2021-11-03 06:34:30 +0530,470156,13.9,12.1,64.95,27.8
2021-11-03 06:35:00 +0530,470157,16.1,13.6,65.01,27.8
2021-11-03 06:35:30 +0530,470158,12.9,11.2,64.98,27.79
2021-11-03 06:36:00 +0530,470159,17.4,15.7,64.84,27.82
2021-11-03 06:36:30 +0530,470160,18.6,16.6,64.75,27.83
2021-11-03 06:37:00 +0530,470161,17.0,15.4,64.66,27.86
2021-11-03 06:37:30 +0530,470162,18.4,15.8,64.6,27.87
2021-11-03 06:38:00 +0530,470163,17.6,15.9,64.6,27.88
2021-11-03 06:38:30 +0530,470164,17.4,15.7,64.6,27.89
2021-11-03 06:39:00 +0530,470165,18.6,15.7,64.6,27.9
2021-11-03 06:39:30 +0530,470166,17.9,16.1,64.55,27.93
2021-11-03 06:40:00 +0530,470167,11.9,10.9,64.46,27.89
2021-11-03 06:40:30 +0530,470168,17.0,15.4,64.49,27.91
2021-11-03 06:41:00 +0530,470169,16.2,14.7,64.4,27.91
2021-11-03 06:41:30 +0530,470170,17.1,15.5,64.37,27.93
2021-11-03 06:42:00 +0530,470171,16.7,15.1,64.4,27.91
2021-11-03 06:42:30 +0530,470172,18.7,16.1,64.49,27.9
2021-11-03 06:43:00 +0530,470173,18.0,16.1,64.49,27.91
2021-11-03 06:43:30 +0530,470174,18.0,15.3,64.52,27.91
2021-11-03 06:44:00 +0530,470176,17.6,15.7,64.55,27.91
2021-11-03 06:44:30 +0530,470177,16.4,13.1,64.52,27.93
2021-11-03 06:45:00 +0530,470178,14.5,12.7,64.43,27.91
2021-11-03 06:45:30 +0530,470179,17.6,15.7,64.37,27.94
2021-11-03 06:46:00 +0530,470175,19.0,17.3,64.2,27.93
2021-11-03 06:46:30 +0530,470180,30.8,28.7,64.14,27.93
2021-11-03 06:47:00 +0530,470181,16.9,15.2,64.22,27.93
2021-11-03 06:47:30 +0530,470182,16.4,11.3,64.37,27.89
2021-11-03 06:48:00 +0530,470183,17.1,15.4,64.4,27.93
2021-11-03 06:48:30 +0530,470184,17.0,15.5,64.31,27.94
2021-11-03 06:49:00 +0530,470185,18.9,16.1,64.28,27.95
2021-11-03 06:49:30 +0530,470186,16.8,11.4,64.4,27.95
2021-11-03 06:50:00 +0530,470187,17.5,15.6,64.32,27.96
2021-11-03 06:50:30 +0530,470188,17.2,15.7,64.14,27.98
2021-11-03 06:51:00 +0530,470189,16.6,15.0,64.08,27.98
2021-11-03 06:51:30 +0530,470190,13.6,12.2,64.26,27.97
2021-11-03 06:52:00 +0530,470191,11.9,10.9,64.17,27.94
2021-11-03 06:52:30 +0530,470192,12.1,11.1,64.22,27.96
2021-11-03 06:53:00 +0530,470193,13.6,12.4,64.63,27.84
2021-11-03 06:53:30 +0530,470194,13.6,12.4,64.63,27.84
2021-11-03 06:54:00 +0530,470195,14.9,13.3,64.81,27.76
2021-11-03 06:54:30 +0530,470196,17.2,15.2,64.63,27.81
2021-11-03 06:55:00 +0530,470197,17.1,15.6,64.46,27.83
2021-11-03 06:55:30 +0530,470198,13.4,12.2,64.43,27.82
2021-11-03 06:56:00 +0530,470199,16.9,15.1,64.4,27.85
2021-11-03 06:56:30 +0530,470200,17.1,15.4,64.37,27.87
2021-11-03 06:57:00 +0530,470201,21.4,16.6,64.4,27.89
2021-11-03 06:57:30 +0530,470202,23.7,16.8,64.37,27.9
2021-11-03 06:58:00 +0530,470203,16.8,15.4,64.28,27.93
2021-11-03 06:58:30 +0530,470204,16.9,15.3,64.2,27.94
2021-11-03 06:59:00 +0530,470205,16.2,14.8,64.23,27.96
2021-11-03 06:59:30 +0530,470206,16.8,15.2,64.23,27.96
2021-11-03 07:00:00 +0530,470207,16.8,15.2,64.14,27.97
2021-11-03 07:00:30 +0530,470208,16.8,15.3,64.11,27.97
2021-11-03 07:01:00 +0530,470209,17.0,15.3,64.05,27.98
2021-11-03 07:01:30 +0530,470210,17.0,15.3,63.99,27.99
2021-11-03 07:02:00 +0530,470211,14.8,11.3,64.08,27.98
2021-11-03 07:02:30 +0530,470212,18.5,15.5,63.94,27.98
2021-11-03 07:03:00 +0530,470213,17.5,15.7,63.99,27.98
2021-11-03 07:03:30 +0530,470214,19.8,15.9,63.99,27.98
2021-11-03 07:04:00 +0530,470215,16.6,15.1,63.94,27.98
2021-11-03 07:04:30 +0530,470216,16.5,12.3,64.05,27.96
2021-11-03 07:05:00 +0530,470217,16.8,15.2,63.96,27.96
2021-11-03 07:05:30 +0530,470218,17.8,12.2,64.14,27.94
2021-11-03 07:06:00 +0530,470219,17.0,15.4,64.08,27.94
2021-11-03 07:06:30 +0530,470220,16.4,14.8,64.08,27.96
2021-11-03 07:07:00 +0530,470221,16.6,15.2,64.02,27.97
2021-11-03 07:07:30 +0530,470222,15.2,12.9,64.17,27.96
2021-11-03 07:08:00 +0530,470223,17.4,15.7,64.02,27.98
2021-11-03 07:08:30 +0530,470224,18.4,15.8,64.02,28.0
2021-11-03 07:09:00 +0530,470225,17.3,15.8,64.02,28.03
2021-11-03 07:09:30 +0530,470226,17.4,15.7,63.97,28.04
2021-11-03 07:10:00 +0530,470227,17.6,15.9,63.97,28.04
2021-11-03 07:10:30 +0530,470228,15.2,12.6,64.26,27.96
2021-11-03 07:11:00 +0530,470229,16.8,15.1,64.05,27.99
2021-11-03 07:11:30 +0530,470230,13.2,11.5,64.11,28.0
2021-11-03 07:12:00 +0530,470231,16.5,14.8,63.94,28.02
2021-11-03 07:12:30 +0530,470232,16.2,14.7,63.85,28.03
2021-11-03 07:13:00 +0530,470233,17.2,15.5,63.79,28.05
2021-11-03 07:13:30 +0530,470234,17.1,15.3,63.85,28.06
2021-11-03 07:14:00 +0530,470235,16.2,14.5,63.79,28.08
2021-11-03 07:14:31 +0530,470236,16.2,14.5,63.79,28.08
2021-11-03 07:15:00 +0530,470237,14.9,13.1,64.2,27.99
2021-11-03 07:15:30 +0530,470238,16.9,15.2,64.08,28.03
2021-11-03 07:16:00 +0530,470239,17.0,15.2,63.91,28.08
2021-11-03 07:16:30 +0530,470240,28.8,13.8,64.02,28.09
2021-11-03 07:17:00 +0530,470241,21.4,16.6,63.91,28.1
2021-11-03 07:17:30 +0530,470242,12.1,11.1,63.94,28.11
2021-11-03 07:18:00 +0530,470243,17.4,15.7,63.7,28.13
2021-11-03 07:18:30 +0530,470244,16.7,15.3,63.68,28.15
2021-11-03 07:19:00 +0530,470245,18.0,16.3,63.59,28.17
2021-11-03 07:19:30 +0530,470246,17.0,15.4,63.56,28.18
2021-11-03 07:20:00 +0530,470247,17.3,15.7,63.56,28.19
2021-11-03 07:20:30 +0530,470248,21.0,18.9,63.59,28.21
2021-11-03 07:21:00 +0530,470249,20.6,15.9,63.59,28.21
2021-11-03 07:21:30 +0530,470250,18.0,16.1,63.53,28.24
2021-11-03 07:22:00 +0530,470251,17.4,15.7,63.5,28.24
2021-11-03 07:22:30 +0530,470252,17.8,16.1,63.47,28.26
2021-11-03 07:23:00 +0530,470253,22.3,20.3,63.44,28.28
2021-11-03 07:23:30 +0530,470254,17.7,15.8,63.44,28.28
2021-11-03 07:24:00 +0530,470255,18.4,16.7,63.47,28.28
2021-11-03 07:24:30 +0530,470256,16.3,12.0,63.53,28.28
2021-11-03 07:25:00 +0530,470257,19.3,16.3,63.41,28.28
2021-11-03 07:25:30 +0530,470258,17.6,15.7,63.39,28.3
2021-11-03 07:26:00 +0530,470259,20.4,16.7,63.33,28.32
2021-11-03 07:26:30 +0530,470260,35.1,18.8,63.3,28.34
2021-11-03 07:27:00 +0530,470261,19.4,13.4,63.39,28.33
2021-11-03 07:27:30 +0530,470262,16.8,13.9,63.53,28.31
2021-11-03 07:28:00 +0530,470263,18.4,16.5,63.44,28.33
2021-11-03 07:28:30 +0530,470264,14.0,12.4,63.53,28.33
2021-11-03 07:29:00 +0530,470265,17.4,15.7,63.36,28.37
2021-11-03 07:29:30 +0530,470266,17.8,16.0,63.18,28.39
2021-11-03 07:30:00 +0530,470267,17.8,16.0,63.1,28.4
2021-11-03 07:30:30 +0530,470268,16.7,15.1,63.07,28.43
2021-11-03 07:31:00 +0530,470269,13.6,12.2,63.07,28.41
2021-11-03 07:31:30 +0530,470270,18.8,16.1,63.04,28.45
2021-11-03 07:32:00 +0530,470271,18.4,15.7,63.04,28.47
2021-11-03 07:32:30 +0530,470272,15.9,12.6,63.16,28.48
2021-11-03 07:33:00 +0530,470273,18.1,16.5,62.92,28.52
2021-11-03 07:33:30 +0530,470274,14.2,12.8,63.01,28.53
2021-11-03 07:34:00 +0530,470275,18.7,16.3,62.89,28.57
2021-11-03 07:34:30 +0530,470276,12.4,11.3,62.92,28.57
2021-11-03 07:35:00 +0530,470277,18.4,16.2,62.75,28.6
2021-11-03 07:35:30 +0530,470278,20.0,15.9,62.63,28.64
2021-11-03 07:36:00 +0530,470279,12.6,11.4,62.69,28.64
2021-11-03 07:36:30 +0530,470280,17.3,15.4,62.6,28.68
2021-11-03 07:37:00 +0530,470281,17.0,15.4,62.52,28.69
2021-11-03 07:37:30 +0530,470282,17.4,15.6,62.52,28.72
2021-11-03 07:38:00 +0530,470283,21.2,15.9,62.52,28.74
2021-11-03 07:38:30 +0530,470284,21.4,16.7,62.49,28.78
2021-11-03 07:39:00 +0530,470285,17.4,15.6,62.31,28.82
2021-11-03 07:39:30 +0530,470286,23.1,16.7,62.14,28.84
2021-11-03 07:40:00 +0530,470287,23.0,16.1,62.14,28.85
2021-11-03 07:40:30 +0530,470288,22.9,16.7,62.14,28.86
2021-11-03 07:41:00 +0530,470289,19.2,15.4,62.05,28.88
2021-11-03 07:41:30 +0530,470290,16.8,14.6,61.87,28.89
2021-11-03 07:42:00 +0530,470291,17.9,14.6,61.87,28.9
2021-11-03 07:42:30 +0530,470292,15.0,13.4,61.76,28.91
2021-11-03 07:43:00 +0530,470293,13.0,11.7,61.38,28.93
2021-11-03 07:43:30 +0530,470294,12.9,11.7,61.38,28.91
2021-11-03 07:44:00 +0530,470295,10.9,9.9,61.52,28.89
2021-11-03 07:44:30 +0530,470296,9.7,8.3,61.52,28.86
2021-11-03 07:45:00 +0530,470297,12.5,11.4,61.26,28.87
2021-11-03 07:45:30 +0530,470298,12.5,11.3,61.26,28.87
2021-11-03 07:46:00 +0530,470299,7.7,6.9,61.87,28.65
2021-11-03 07:46:30 +0530,470300,15.7,14.2,61.73,28.69
2021-11-03 07:47:00 +0530,470301,12.2,11.1,61.52,28.72
2021-11-03 07:47:30 +0530,470302,14.7,12.3,61.49,28.74
2021-11-03 07:48:00 +0530,470303,12.6,11.3,61.41,28.76
2021-11-03 07:48:30 +0530,470304,13.8,11.2,61.28,28.77
2021-11-03 07:49:00 +0530,470305,14.5,12.4,61.34,28.78
2021-11-03 07:49:30 +0530,470306,12.6,11.4,61.26,28.8
2021-11-03 07:50:00 +0530,470307,12.6,11.4,61.09,28.83
2021-11-03 07:50:30 +0530,470308,13.9,12.3,61.11,28.85
2021-11-03 07:51:00 +0530,470309,13.2,11.9,61.14,28.85
2021-11-03 07:51:30 +0530,470310,13.1,11.9,61.2,28.87
2021-11-03 07:52:00 +0530,470311,13.8,12.3,61.26,28.89
2021-11-03 07:52:30 +0530,470312,15.9,12.7,61.34,28.91
2021-11-03 07:53:00 +0530,470313,16.9,12.2,61.31,28.92
2021-11-03 07:53:30 +0530,470314,20.1,13.4,61.14,28.94
2021-11-03 07:54:00 +0530,470315,16.1,13.3,61.2,28.97
2021-11-03 07:54:30 +0530,470316,13.4,12.0,61.02,28.98
2021-11-03 07:55:00 +0530,470317,15.9,12.7,61.05,29.0
2021-11-03 07:55:30 +0530,470318,21.5,13.2,61.09,29.01
2021-11-03 07:56:00 +0530,470319,24.7,14.4,61.15,29.04
2021-11-03 07:56:30 +0530,470320,22.2,13.7,61.12,29.07
2021-11-03 07:57:00 +0530,470321,15.4,12.0,60.61,29.09
2021-11-03 07:57:30 +0530,470322,13.7,11.7,60.23,29.12
2021-11-03 07:58:00 +0530,470323,12.4,11.1,59.97,29.14
2021-11-03 07:58:30 +0530,470324,12.9,11.6,59.91,29.16
2021-11-03 07:59:00 +0530,470325,16.5,13.1,59.77,29.17
2021-11-03 07:59:30 +0530,470326,13.2,11.9,59.68,29.18
2021-11-03 08:00:00 +0530,470327,13.0,8.4,59.8,29.16
2021-11-03 08:00:30 +0530,470328,13.3,11.6,59.62,29.15
2021-11-03 08:01:00 +0530,470329,9.7,8.7,59.77,29.14
2021-11-03 08:01:30 +0530,470330,19.2,12.2,59.8,29.15
2021-11-03 08:02:00 +0530,470331,24.2,10.4,59.88,29.14
2021-11-03 08:02:30 +0530,470332,22.4,12.8,59.86,29.16
2021-11-03 08:03:00 +0530,470333,23.1,12.6,59.8,29.17
2021-11-03 08:03:30 +0530,470334,20.1,13.1,59.77,29.21
2021-11-03 08:04:00 +0530,470335,14.5,11.2,59.59,29.21
2021-11-03 08:04:30 +0530,470336,17.5,12.0,59.53,29.23
2021-11-03 08:05:00 +0530,470337,16.7,11.6,59.44,29.26
2021-11-03 08:05:30 +0530,470338,13.7,12.3,59.44,29.28
2021-11-03 08:06:00 +0530,470339,14.7,12.5,59.41,29.28
2021-11-03 08:06:30 +0530,470340,15.3,11.4,59.48,29.32
2021-11-03 08:07:00 +0530,470341,13.4,11.5,59.24,29.33
2021-11-03 08:07:30 +0530,470342,13.4,10.8,59.12,29.35
2021-11-03 08:08:00 +0530,470343,11.6,10.5,58.89,29.35
2021-11-03 08:08:30 +0530,470344,13.6,9.9,59.03,29.34
2021-11-03 08:09:00 +0530,470345,14.0,11.3,58.97,29.35
2021-11-03 08:09:30 +0530,470346,13.5,11.3,59.03,29.36
2021-11-03 08:10:00 +0530,470347,14.6,11.3,59.03,29.38
2021-11-03 08:10:30 +0530,470348,17.8,12.8,59.15,29.41
2021-11-03 08:11:00 +0530,470349,17.7,12.4,58.97,29.42
2021-11-03 08:11:30 +0530,470350,14.7,11.4,58.83,29.43
2021-11-03 08:12:00 +0530,470351,16.8,11.3,58.71,29.44
2021-11-03 08:12:30 +0530,470352,12.0,10.9,58.54,29.45
2021-11-03 08:13:00 +0530,470353,14.6,10.8,58.45,29.45
2021-11-03 08:13:30 +0530,470354,12.3,11.0,58.51,29.45
2021-11-03 08:14:00 +0530,470355,15.1,11.5,58.59,29.46
2021-11-03 08:14:30 +0530,470356,15.3,11.4,58.45,29.47
2021-11-03 08:15:00 +0530,470357,11.5,10.3,58.24,29.49
2021-11-03 08:15:30 +0530,470358,10.6,9.8,58.12,29.49
2021-11-03 08:16:00 +0530,470359,16.1,10.1,58.21,29.49
2021-11-03 08:16:30 +0530,470360,13.0,10.3,58.27,29.49
2021-11-03 08:17:00 +0530,470361,10.0,7.1,58.24,29.48
2021-11-03 08:17:30 +0530,470362,11.8,10.6,58.18,29.49
2021-11-03 08:18:00 +0530,470363,11.9,9.8,58.06,29.5
2021-11-03 08:18:30 +0530,470364,14.0,10.1,58.12,29.52
2021-11-03 08:19:00 +0530,470365,14.7,10.8,58.06,29.54
2021-11-03 08:19:30 +0530,470366,12.3,10.2,57.94,29.57
2021-11-03 08:20:00 +0530,470367,12.6,10.4,58.0,29.57
2021-11-03 08:20:30 +0530,470368,12.1,10.6,57.86,29.59
2021-11-03 08:21:00 +0530,470369,11.6,10.1,57.74,29.59
2021-11-03 08:21:30 +0530,470370,10.5,9.4,57.59,29.59
2021-11-03 08:22:00 +0530,470371,10.4,9.3,57.33,29.6
2021-11-03 08:22:30 +0530,470372,10.3,9.2,57.18,29.6
2021-11-03 08:23:00 +0530,470373,11.6,9.4,57.24,29.6
2021-11-03 08:23:30 +0530,470374,8.0,5.9,57.39,29.57
2021-11-03 08:24:00 +0530,470375,14.1,9.8,57.48,29.61
2021-11-03 08:24:30 +0530,470376,14.5,9.8,57.65,29.63
2021-11-03 08:25:00 +0530,470377,11.4,10.1,57.65,29.66
2021-11-03 08:25:30 +0530,470378,12.4,10.1,57.62,29.67
2021-11-03 08:26:00 +0530,470379,10.6,9.4,57.42,29.71
2021-11-03 08:26:30 +0530,470380,11.5,10.1,57.27,29.72
2021-11-03 08:27:00 +0530,470381,8.2,7.3,57.33,29.72
2021-11-03 08:27:30 +0530,470382,13.1,9.9,57.13,29.72
2021-11-03 08:28:00 +0530,470383,14.2,9.8,57.13,29.72
2021-11-03 08:28:30 +0530,470384,12.4,6.8,57.27,29.71
2021-11-03 08:29:00 +0530,470385,11.9,10.0,57.16,29.71
2021-11-03 08:29:30 +0530,470386,11.6,9.9,57.21,29.72
2021-11-03 08:30:00 +0530,470387,11.5,9.9,57.16,29.74
2021-11-03 08:30:30 +0530,470388,11.6,9.8,57.1,29.76
2021-11-03 08:31:00 +0530,470389,13.5,10.2,57.1,29.78
2021-11-03 08:31:30 +0530,470390,12.5,7.2,57.24,29.78
2021-11-03 08:32:00 +0530,470391,11.1,10.0,57.13,29.8
2021-11-03 08:32:30 +0530,470392,9.2,6.7,57.33,29.81
2021-11-03 08:33:00 +0530,470393,11.3,10.1,57.16,29.85
2021-11-03 08:33:30 +0530,470394,10.6,9.5,56.89,29.89
2021-11-03 08:34:00 +0530,470395,13.8,9.7,56.65,29.91
2021-11-03 08:34:30 +0530,470396,16.5,10.1,56.68,29.92
2021-11-03 08:35:00 +0530,470397,11.1,6.3,56.74,29.9
2021-11-03 08:35:30 +0530,470398,12.7,9.4,56.65,29.91
2021-11-03 08:36:00 +0530,470399,12.9,9.7,56.59,29.91
2021-11-03 08:36:30 +0530,470400,15.0,9.9,56.8,29.92
2021-11-03 08:37:00 +0530,470401,11.4,8.8,56.54,29.92
2021-11-03 08:37:30 +0530,470402,16.1,9.9,56.65,29.93
2021-11-03 08:38:00 +0530,470403,14.7,9.5,56.8,29.93
2021-11-03 08:38:30 +0530,470404,13.2,9.3,56.74,29.93
2021-11-03 08:39:00 +0530,470405,8.0,6.3,57.27,29.76
2021-11-03 08:39:30 +0530,470406,11.0,9.9,56.97,29.76
2021-11-03 08:40:00 +0530,470407,12.0,9.4,56.95,29.78
2021-11-03 08:40:30 +0530,470408,11.1,9.7,56.86,29.8
2021-11-03 08:41:00 +0530,470409,12.7,9.6,56.86,29.81
2021-11-03 08:41:30 +0530,470410,7.5,6.5,57.0,29.8
2021-11-03 08:42:00 +0530,470411,11.4,7.0,56.97,29.77
2021-11-03 08:42:30 +0530,470412,12.0,9.2,56.95,29.76
2021-11-03 08:43:00 +0530,470413,8.1,7.4,57.21,29.75
2021-11-03 08:43:30 +0530,470414,12.2,9.5,57.0,29.76
2021-11-03 08:44:00 +0530,470415,11.6,10.4,57.16,29.76
2021-11-03 08:44:30 +0530,470416,12.1,9.6,57.16,29.79
2021-11-03 08:45:00 +0530,470417,10.7,9.4,56.97,29.8
2021-11-03 08:45:30 +0530,470418,10.5,7.6,57.24,29.79
2021-11-03 08:46:00 +0530,470419,7.8,5.7,57.36,29.79
2021-11-03 08:46:30 +0530,470420,22.7,20.8,57.0,29.79
2021-11-03 08:47:00 +0530,470421,9.0,6.9,57.13,29.77
2021-11-03 08:47:30 +0530,470422,15.2,9.5,57.0,29.79
2021-11-03 08:48:00 +0530,470423,12.2,9.2,56.97,29.81
2021-11-03 08:48:30 +0530,470424,10.2,8.7,56.94,29.82
2021-11-03 08:49:00 +0530,470425,7.9,6.6,57.1,29.82
2021-11-03 08:49:30 +0530,470426,13.5,10.2,57.13,29.82
2021-11-03 08:50:00 +0530,470427,15.8,10.3,57.03,29.85
2021-11-03 08:50:30 +0530,470428,9.1,6.4,57.21,29.82
2021-11-03 08:51:00 +0530,470429,10.9,6.7,57.33,29.81
2021-11-03 08:51:30 +0530,470430,14.4,10.0,57.21,29.82
2021-11-03 08:52:00 +0530,470431,28.2,12.7,57.35,29.85
2021-11-03 08:52:30 +0530,470432,29.3,12.5,57.33,29.86
2021-11-03 08:53:00 +0530,470433,16.6,11.1,57.24,29.88
2021-11-03 08:53:30 +0530,470434,24.8,13.4,57.39,29.89
2021-11-03 08:54:00 +0530,470435,50.5,16.5,57.45,29.9
2021-11-03 08:54:30 +0530,470436,26.6,12.1,57.3,29.93
2021-11-03 08:55:00 +0530,470437,20.4,11.6,57.24,29.95
2021-11-03 08:55:30 +0530,470438,16.2,11.3,57.24,29.96
2021-11-03 08:56:00 +0530,470439,20.9,11.8,57.18,29.97
2021-11-03 08:56:30 +0530,470440,16.5,11.2,57.24,30.0
2021-11-03 08:57:00 +0530,470441,12.4,11.1,57.24,30.01
2021-11-03 08:57:30 +0530,470442,12.9,9.3,57.24,30.01
2021-11-03 08:58:00 +0530,470443,18.2,11.7,57.33,30.02
2021-11-03 08:58:30 +0530,470444,14.2,11.9,57.24,30.04
2021-11-03 08:59:00 +0530,470445,12.8,11.4,57.3,30.05
2021-11-03 08:59:30 +0530,470446,18.0,12.3,57.33,30.06
2021-11-03 09:00:00 +0530,470447,18.6,12.4,57.39,30.06
2021-11-03 09:00:30 +0530,470448,25.1,9.9,58.13,29.94
2021-11-03 09:01:00 +0530,470449,17.0,12.9,57.68,30.0
2021-11-03 09:01:30 +0530,470450,18.6,13.2,57.42,30.03
2021-11-03 09:02:00 +0530,470451,18.8,13.4,57.39,30.04
2021-11-03 09:02:30 +0530,470452,17.8,13.0,57.39,30.06
2021-11-03 09:03:00 +0530,470453,16.4,13.5,57.36,30.07
2021-11-03 09:03:30 +0530,470454,16.1,13.8,57.36,30.08
2021-11-03 09:04:00 +0530,470455,20.5,14.4,57.48,30.09
2021-11-03 09:04:30 +0530,470456,19.3,13.3,57.39,30.1
2021-11-03 09:05:00 +0530,470457,23.3,11.7,57.51,30.08
2021-11-03 09:05:30 +0530,470458,23.3,11.0,57.62,30.07
2021-11-03 09:06:00 +0530,470459,21.4,11.0,57.62,30.07
2021-11-03 09:06:30 +0530,470460,18.7,10.3,58.18,29.94
2021-11-03 09:07:00 +0530,470461,29.7,14.6,57.97,30.0
2021-11-03 09:07:30 +0530,470462,19.6,13.0,57.77,30.06
2021-11-03 09:08:00 +0530,470463,20.0,13.1,57.68,30.11
2021-11-03 09:08:30 +0530,470464,22.2,13.6,57.62,30.17
2021-11-03 09:09:00 +0530,470465,24.2,13.9,57.59,30.22
2021-11-03 09:09:30 +0530,470466,21.1,13.6,57.27,30.26
2021-11-03 09:10:00 +0530,470467,18.5,13.2,57.06,30.31
2021-11-03 09:10:30 +0530,470468,24.4,13.1,56.94,30.35
2021-11-03 09:11:00 +0530,470469,22.7,13.2,56.94,30.35
2021-11-03 09:12:00 +0530,470470,13.3,9.3,57.06,30.24
2021-11-03 09:12:30 +0530,470471,15.5,12.9,56.91,30.28
2021-11-03 09:13:00 +0530,470472,15.3,12.3,56.83,30.32
2021-11-03 09:13:30 +0530,470473,17.2,12.4,56.74,30.34
2021-11-03 09:14:00 +0530,470474,17.4,12.0,56.77,30.37
2021-11-03 09:14:30 +0530,470475,13.4,11.2,56.65,30.38
2021-11-03 09:15:00 +0530,470476,14.8,11.0,56.53,30.4
2021-11-03 09:15:30 +0530,470477,13.6,11.2,56.56,30.4
2021-11-03 09:16:00 +0530,470478,12.9,10.9,56.56,30.41
2021-11-03 09:16:30 +0530,470479,13.4,11.3,56.5,30.42
2021-11-03 09:17:00 +0530,470480,16.7,11.0,56.36,30.42
2021-11-03 09:17:30 +0530,470481,22.2,12.1,56.42,30.42
2021-11-03 09:18:00 +0530,470482,12.7,10.4,56.39,30.44
2021-11-03 09:18:30 +0530,470483,12.8,10.3,56.45,30.44
2021-11-03 09:19:00 +0530,470484,12.5,10.6,56.36,30.42
2021-11-03 09:19:30 +0530,470485,11.0,9.9,56.32,30.42
2021-11-03 09:20:00 +0530,470486,16.7,10.1,56.45,30.41
2021-11-03 09:20:30 +0530,470487,10.1,7.2,56.59,30.38
2021-11-03 09:21:00 +0530,470488,16.0,10.9,56.56,30.37
2021-11-03 09:21:30 +0530,470489,16.8,10.8,56.56,30.37
2021-11-03 09:22:00 +0530,470490,13.8,10.4,56.59,30.38
2021-11-03 09:22:30 +0530,470491,18.0,11.1,56.77,30.4
2021-11-03 09:23:00 +0530,470492,15.0,8.3,56.92,30.41
2021-11-03 09:23:30 +0530,470493,13.8,9.8,56.77,30.45
2021-11-03 09:24:00 +0530,470494,15.6,9.4,56.45,30.48
2021-11-03 09:24:30 +0530,470495,15.4,9.4,56.45,30.48
2021-11-03 09:25:30 +0530,470496,15.8,8.4,56.62,30.31
2021-11-03 09:26:00 +0530,470497,10.1,8.8,56.48,30.33
2021-11-03 09:26:30 +0530,470498,11.2,9.7,56.51,30.34
2021-11-03 09:27:00 +0530,470499,11.2,9.6,56.48,30.34
2021-11-03 09:27:30 +0530,470500,11.0,9.7,56.48,30.35
2021-11-03 09:28:00 +0530,470501,15.7,10.7,56.48,30.34
2021-11-03 09:28:30 +0530,470502,11.5,9.7,56.51,30.35
2021-11-03 09:29:00 +0530,470503,11.5,6.7,56.53,30.33
2021-11-03 09:29:30 +0530,470504,14.4,10.1,56.48,30.32
2021-11-03 09:30:00 +0530,470505,54.4,14.7,56.56,30.32
2021-11-03 09:30:30 +0530,470506,12.8,9.6,56.77,30.3
2021-11-03 09:31:00 +0530,470507,22.7,11.8,56.86,30.3
2021-11-03 09:31:30 +0530,470508,18.0,10.6,56.83,30.32
2021-11-03 09:32:00 +0530,470509,12.0,8.7,56.53,30.34
2021-11-03 09:32:30 +0530,470510,12.3,7.6,55.71,30.34
2021-11-03 09:33:00 +0530,470511,8.3,7.3,55.56,30.35
2021-11-03 09:33:30 +0530,470512,8.9,8.1,55.65,30.33
2021-11-03 09:34:00 +0530,470513,11.3,7.4,55.8,30.33
2021-11-03 09:34:30 +0530,470514,12.5,7.6,55.83,30.35
2021-11-03 09:35:00 +0530,470515,9.6,7.7,55.86,30.37
2021-11-03 09:35:30 +0530,470516,14.8,8.2,55.83,30.39
2021-11-03 09:36:00 +0530,470517,12.4,7.8,55.68,30.42
2021-11-03 09:36:30 +0530,470518,11.5,7.8,55.62,30.46
2021-11-03 09:37:00 +0530,470519,11.7,7.7,55.45,30.48
2021-11-03 09:37:30 +0530,470520,19.7,7.7,55.27,30.51
2021-11-03 09:38:00 +0530,470521,21.5,8.3,55.27,30.54
2021-11-03 09:38:30 +0530,470522,15.0,7.8,55.27,30.57
2021-11-03 09:39:00 +0530,470523,8.0,4.2,55.24,30.6
2021-11-03 09:39:30 +0530,470524,12.3,7.2,55.15,30.64
2021-11-03 09:40:00 +0530,470525,9.0,7.3,55.0,30.68
2021-11-03 09:40:30 +0530,470526,10.4,7.6,55.12,30.74
2021-11-03 09:41:00 +0530,470527,9.0,7.1,55.07,30.77
2021-11-03 09:41:30 +0530,470528,13.8,7.6,54.94,30.81
2021-11-03 09:42:00 +0530,470529,13.0,8.4,54.8,30.84
2021-11-03 09:42:30 +0530,470530,20.4,9.4,54.85,30.87
2021-11-03 09:43:00 +0530,470531,10.0,8.4,54.65,30.93
2021-11-03 09:43:30 +0530,470532,14.0,10.6,54.53,30.96
2021-11-03 09:44:00 +0530,470533,12.2,8.3,54.56,30.97
2021-11-03 09:44:30 +0530,470534,9.1,7.2,54.47,31.0
2021-11-03 09:45:00 +0530,470535,23.6,8.6,54.5,31.02
2021-11-03 09:45:30 +0530,470536,13.8,7.2,54.26,31.04
2021-11-03 09:46:00 +0530,470537,13.9,7.4,54.17,31.07
2021-11-03 09:46:30 +0530,470538,38.0,17.9,54.29,31.1
2021-11-03 09:47:30 +0530,470539,14.5,9.9,54.29,31.2
2021-11-03 09:48:00 +0530,470540,12.6,7.8,54.05,31.24
2021-11-03 09:48:30 +0530,470541,11.3,7.9,53.88,31.27
2021-11-03 09:49:00 +0530,470542,10.4,7.5,53.67,31.3
2021-11-03 09:49:30 +0530,470543,10.4,8.2,53.64,31.31
2021-11-03 09:50:00 +0530,470544,11.1,7.6,53.61,31.33
2021-11-03 09:50:30 +0530,470545,10.1,7.5,53.61,31.33
2021-11-03 09:51:30 +0530,470546,10.7,5.3,54.11,31.14
2021-11-03 09:52:00 +0530,470547,12.8,8.3,53.91,31.16
2021-11-03 09:52:30 +0530,470548,31.0,11.2,53.99,31.19
2021-11-03 09:53:00 +0530,470549,23.3,9.9,54.08,31.21
2021-11-03 09:53:30 +0530,470550,16.2,9.2,54.05,31.23
2021-11-03 09:54:00 +0530,470551,13.7,9.2,54.05,31.23
2021-11-03 09:54:30 +0530,470552,17.5,9.2,54.08,31.23
2021-11-03 09:55:00 +0530,470553,8.6,5.1,54.17,31.23
2021-11-03 09:55:30 +0530,470554,12.1,6.1,54.11,31.21
2021-11-03 09:56:00 +0530,470555,11.2,5.2,54.2,31.21
2021-11-03 09:56:30 +0530,470556,24.0,9.7,54.26,31.24
2021-11-03 09:57:00 +0530,470557,19.0,9.4,54.2,31.27
2021-11-03 09:57:30 +0530,470558,18.2,6.8,54.32,31.28
2021-11-03 09:58:00 +0530,470559,15.9,6.6,54.2,31.29
2021-11-03 09:58:30 +0530,470560,16.5,9.2,53.84,31.31
2021-11-03 09:59:00 +0530,470561,20.0,9.9,53.91,31.34
2021-11-03 09:59:30 +0530,470562,14.3,9.0,53.91,31.36
2021-11-03 10:00:00 +0530,470563,14.7,9.9,53.84,31.4
2021-11-03 10:00:30 +0530,470564,18.7,10.4,53.72,31.42
2021-11-03 10:01:00 +0530,470565,65.1,54.2,53.75,31.43
2021-11-03 10:01:30 +0530,470566,27.6,12.7,53.88,31.43
2021-11-03 10:02:00 +0530,470567,23.3,13.8,53.84,31.48
2021-11-03 10:02:30 +0530,470568,17.6,11.2,53.49,31.51
2021-11-03 10:03:00 +0530,470569,20.6,10.7,53.46,31.53
2021-11-03 10:03:30 +0530,470570,21.6,10.2,53.43,31.57
2021-11-03 10:04:00 +0530,470571,30.8,13.7,53.55,31.6
2021-11-03 10:04:30 +0530,470572,25.2,10.8,53.66,31.64
2021-11-03 10:05:00 +0530,470573,23.5,7.9,53.75,31.66
2021-11-03 10:05:30 +0530,470574,20.7,10.4,53.37,31.71
2021-11-03 10:06:00 +0530,470575,20.3,10.3,53.19,31.74
2021-11-03 10:06:30 +0530,470576,14.1,9.7,52.89,31.8
2021-11-03 10:07:00 +0530,470577,14.3,9.6,52.72,31.83
2021-11-03 10:07:30 +0530,470578,20.8,10.8,52.81,31.86
2021-11-03 10:08:00 +0530,470579,17.5,9.7,52.62,31.89
2021-11-03 10:08:30 +0530,470580,12.1,8.8,52.48,31.9
2021-11-03 10:09:00 +0530,470581,12.1,8.8,52.48,31.9
2021-11-03 10:09:30 +0530,470582,9.8,6.6,52.89,31.82
2021-11-03 10:10:00 +0530,470583,14.1,9.1,52.75,31.86
2021-11-03 10:10:30 +0530,470584,17.8,10.1,52.98,31.9
2021-11-03 10:11:00 +0530,470585,15.6,8.9,52.69,31.94
2021-11-03 10:11:30 +0530,470586,16.9,9.4,52.65,31.95
2021-11-03 10:12:00 +0530,470587,21.4,7.2,52.69,31.96
2021-11-03 10:12:30 +0530,470588,25.1,11.1,52.59,32.0
2021-11-03 10:13:00 +0530,470589,13.7,10.1,52.54,32.03
2021-11-03 10:13:30 +0530,470590,16.5,9.6,52.21,32.04
2021-11-03 10:14:00 +0530,470591,15.5,9.6,52.15,32.05
2021-11-03 10:14:30 +0530,470592,12.5,7.2,52.21,32.03
2021-11-03 10:15:00 +0530,470593,16.1,10.5,52.15,32.03
2021-11-03 10:15:30 +0530,470594,17.1,9.4,52.18,32.02
2021-11-03 10:16:00 +0530,470595,12.5,8.9,52.04,32.0
2021-11-03 10:16:30 +0530,470596,13.5,9.3,51.98,31.99
2021-11-03 10:17:00 +0530,470597,11.9,8.9,52.04,31.97
2021-11-03 10:17:30 +0530,470598,14.5,9.4,52.12,31.95
2021-11-03 10:18:00 +0530,470599,14.3,9.7,52.21,31.95
2021-11-03 10:18:30 +0530,470600,19.3,10.3,52.36,31.94
2021-11-03 10:19:00 +0530,470601,22.7,10.4,52.42,31.93
2021-11-03 10:19:30 +0530,470602,16.5,9.2,52.33,31.93
2021-11-03 10:20:00 +0530,470603,8.9,8.0,52.12,31.92
2021-11-03 10:20:30 +0530,470604,13.2,8.6,52.3,31.9
2021-11-03 10:21:00 +0530,470605,19.1,7.5,52.48,31.9
2021-11-03 10:21:30 +0530,470606,14.2,11.2,52.59,31.92
2021-11-03 10:22:00 +0530,470607,12.7,8.5,52.48,31.92
2021-11-03 10:22:30 +0530,470608,11.9,5.4,52.16,31.89
2021-11-03 10:23:00 +0530,470609,19.1,10.8,52.3,31.88
2021-11-03 10:23:30 +0530,470610,12.4,9.7,52.45,31.86
2021-11-03 10:24:00 +0530,470611,15.6,10.2,52.6,31.85
2021-11-03 10:24:30 +0530,470612,24.5,9.2,52.87,31.82
2021-11-03 10:25:00 +0530,470613,15.5,10.4,52.72,31.82
2021-11-03 10:25:30 +0530,470614,19.7,10.0,52.72,31.81
2021-11-03 10:26:00 +0530,470615,21.5,10.3,52.72,31.8
2021-11-03 10:26:30 +0530,470616,20.4,9.7,52.72,31.8
2021-11-03 10:27:00 +0530,470617,11.1,9.4,52.72,31.79
2021-11-03 10:27:30 +0530,470618,18.9,9.2,52.78,31.75
2021-11-03 10:28:00 +0530,470619,18.1,10.4,52.84,31.74
2021-11-03 10:28:30 +0530,470620,19.7,10.1,52.92,31.73
2021-11-03 10:29:00 +0530,470621,21.2,11.2,53.01,31.73
2021-11-03 10:29:30 +0530,470622,17.4,9.8,53.07,31.74
2021-11-03 10:30:00 +0530,470623,14.0,9.9,52.95,31.75
2021-11-03 10:30:30 +0530,470624,28.6,11.2,53.01,31.75
2021-11-03 10:31:00 +0530,470625,29.8,11.4,53.13,31.76
2021-11-03 10:31:30 +0530,470626,22.0,10.3,53.01,31.79
2021-11-03 10:32:00 +0530,470627,24.2,10.9,52.75,31.79
2021-11-03 10:32:30 +0530,470628,18.1,9.7,52.78,31.8
2021-11-03 10:33:00 +0530,470629,24.7,11.8,52.92,31.8
2021-11-03 10:33:30 +0530,470630,33.8,12.9,52.78,31.82
2021-11-03 10:34:00 +0530,470631,21.3,10.2,52.92,31.83
2021-11-03 10:34:30 +0530,470632,16.3,10.3,52.84,31.84
2021-11-03 10:35:00 +0530,470633,14.9,9.9,52.72,31.86
2021-11-03 10:35:30 +0530,470634,16.5,9.7,52.54,31.87
2021-11-03 10:36:00 +0530,470635,14.0,9.2,52.36,31.88
2021-11-03 10:36:30 +0530,470636,16.5,9.6,52.39,31.9
2021-11-03 10:37:00 +0530,470637,17.9,10.3,52.36,31.92
2021-11-03 10:37:30 +0530,470638,24.9,11.1,52.48,31.93
2021-11-03 10:38:00 +0530,470639,47.3,13.2,52.62,31.95
2021-11-03 10:38:30 +0530,470640,18.7,10.1,52.65,31.98
2021-11-03 10:39:00 +0530,470641,20.6,9.8,52.45,32.02
2021-11-03 10:39:30 +0530,470642,19.4,9.2,52.36,32.05
2021-11-03 10:40:00 +0530,470643,20.7,10.9,52.09,32.1
2021-11-03 10:40:30 +0530,470644,22.6,10.4,52.09,32.13
2021-11-03 10:41:00 +0530,470645,27.6,11.0,52.15,32.16
2021-11-03 10:41:30 +0530,470646,19.9,10.3,52.12,32.18
2021-11-03 10:42:00 +0530,470647,15.8,9.9,52.03,32.2
2021-11-03 10:42:30 +0530,470648,17.7,10.2,52.09,32.22
2021-11-03 10:43:00 +0530,470649,38.2,12.3,52.2,32.24
2021-11-03 10:43:30 +0530,470650,19.5,9.6,52.15,32.27
2021-11-03 10:44:00 +0530,470651,17.3,9.4,51.93,32.29
2021-11-03 10:44:30 +0530,470652,19.9,9.6,51.87,32.33
2021-11-03 10:45:00 +0530,470653,19.3,9.6,51.69,32.35
2021-11-03 10:45:30 +0530,470654,17.0,8.7,51.29,32.38
2021-11-03 10:46:00 +0530,470655,20.2,8.6,50.72,32.4
2021-11-03 10:46:30 +0530,470656,42.0,22.0,50.85,32.4
2021-11-03 10:47:00 +0530,470657,40.0,12.3,51.02,32.4
2021-11-03 10:47:30 +0530,470658,33.2,10.5,50.81,32.41
2021-11-03 10:48:00 +0530,470659,74.1,16.9,50.77,32.41
2021-11-03 10:48:30 +0530,470660,37.1,9.1,51.08,32.41
2021-11-03 10:49:00 +0530,470661,20.4,9.8,50.98,32.41
2021-11-03 10:49:30 +0530,470662,16.9,9.1,50.88,32.41
2021-11-03 10:50:00 +0530,470663,14.1,9.4,50.95,32.41
2021-11-03 10:50:30 +0530,470664,14.2,7.6,51.12,32.4
2021-11-03 10:51:00 +0530,470665,17.8,10.2,51.15,32.41
2021-11-03 10:51:30 +0530,470666,16.6,9.4,51.04,32.41
2021-11-03 10:52:00 +0530,470667,13.9,9.1,50.98,32.41
2021-11-03 10:52:30 +0530,470668,16.4,9.2,50.98,32.41
2021-11-03 10:53:00 +0530,470669,15.7,9.1,50.98,32.43
2021-11-03 10:53:30 +0530,470670,14.0,8.6,50.88,32.45
2021-11-03 10:54:00 +0530,470671,13.7,8.8,50.74,32.46
2021-11-03 10:54:30 +0530,470672,15.2,9.2,50.81,32.46
2021-11-03 10:55:00 +0530,470673,18.1,9.9,50.95,32.46
2021-11-03 10:55:30 +0530,470674,18.8,9.4,50.95,32.45
2021-11-03 10:56:00 +0530,470675,9.5,6.2,51.08,32.41
2021-11-03 10:56:30 +0530,470676,14.2,9.1,50.92,32.41
2021-11-03 10:57:00 +0530,470677,14.0,8.6,51.08,32.38
2021-11-03 10:57:30 +0530,470678,12.3,8.2,50.98,32.35
2021-11-03 10:58:00 +0530,470679,14.6,8.6,50.92,32.34
2021-11-03 10:58:30 +0530,470680,9.9,6.1,51.08,32.29
2021-11-03 10:59:00 +0530,470681,14.4,8.7,51.02,32.27
2021-11-03 10:59:30 +0530,470682,13.3,5.9,51.15,32.24
2021-11-03 11:00:00 +0530,470683,12.5,9.0,51.19,32.23
2021-11-03 11:00:30 +0530,470684,10.9,8.8,51.09,32.22
2021-11-03 11:01:00 +0530,470685,13.0,8.2,51.33,32.2
2021-11-03 11:01:30 +0530,470686,15.4,9.3,51.43,32.18
2021-11-03 11:02:00 +0530,470687,13.7,8.9,51.5,32.16
2021-11-03 11:02:30 +0530,470688,11.6,8.9,51.46,32.14
2021-11-03 11:03:00 +0530,470689,13.4,8.8,51.6,32.12
2021-11-03 11:03:30 +0530,470690,12.1,8.7,51.84,32.09
2021-11-03 11:04:00 +0530,470691,13.0,9.3,51.74,32.07
2021-11-03 11:04:30 +0530,470692,14.8,8.3,51.71,32.04
2021-11-03 11:05:00 +0530,470693,16.1,9.0,51.98,32.02
2021-11-03 11:05:30 +0530,470694,17.4,9.4,51.91,32.0
2021-11-03 11:06:00 +0530,470695,15.7,9.0,52.07,31.99
2021-11-03 11:06:30 +0530,470696,16.2,9.6,51.88,31.97
2021-11-03 11:07:00 +0530,470697,16.0,9.5,51.85,31.95
2021-11-03 11:07:30 +0530,470698,14.0,9.0,51.88,31.93
2021-11-03 11:08:00 +0530,470699,21.4,10.5,51.91,31.9
2021-11-03 11:08:30 +0530,470700,17.3,9.6,52.01,31.89
2021-11-03 11:09:00 +0530,470701,19.7,9.5,52.13,31.88
2021-11-03 11:09:30 +0530,470702,17.1,9.8,52.27,31.88
2021-11-03 11:10:00 +0530,470703,13.9,8.8,52.4,31.88
2021-11-03 11:10:30 +0530,470704,15.5,9.1,52.54,31.89
2021-11-03 11:11:00 +0530,470705,18.4,9.6,52.48,31.9
2021-11-03 11:11:30 +0530,470706,19.8,10.2,52.42,31.93
2021-11-03 11:12:00 +0530,470707,21.2,10.6,52.48,31.93
2021-11-03 11:12:30 +0530,470708,10.8,6.8,52.57,31.83
2021-11-03 11:13:00 +0530,470709,14.6,9.2,52.45,31.86
2021-11-03 11:13:30 +0530,470710,10.8,9.2,52.36,31.89
2021-11-03 11:14:00 +0530,470711,15.8,9.7,52.21,31.9
2021-11-03 11:14:30 +0530,470712,39.6,11.8,52.18,31.93
2021-11-03 11:15:00 +0530,470713,25.7,11.3,52.18,31.95
2021-11-03 11:15:30 +0530,470714,28.5,10.7,52.3,31.98
2021-11-03 11:16:00 +0530,470715,25.1,11.4,52.36,32.02
2021-11-03 11:16:30 +0530,470716,20.6,10.1,52.24,32.08
2021-11-03 11:17:00 +0530,470717,12.5,9.3,52.18,32.12
2021-11-03 11:17:30 +0530,470718,20.4,10.7,51.94,32.18
2021-11-03 11:18:00 +0530,470719,11.3,6.3,52.03,32.2
2021-11-03 11:18:30 +0530,470720,17.6,10.1,52.03,32.29
2021-11-03 11:19:00 +0530,470721,15.3,7.9,51.83,32.34
2021-11-03 11:19:30 +0530,470722,7.9,6.6,51.5,32.37
2021-11-03 11:20:00 +0530,470723,21.1,11.0,51.46,32.41
2021-11-03 11:20:30 +0530,470724,25.7,10.9,51.31,32.46
2021-11-03 11:21:00 +0530,470725,19.1,10.6,51.24,32.52
2021-11-03 11:21:30 +0530,470726,12.7,9.1,50.98,32.56
2021-11-03 11:22:00 +0530,470727,15.8,9.5,50.97,32.59
2021-11-03 11:22:30 +0530,470728,10.5,8.6,50.56,32.61
2021-11-03 11:23:00 +0530,470729,11.0,8.2,50.59,32.6
2021-11-03 11:23:30 +0530,470730,11.4,5.5,50.57,32.54
2021-11-03 11:24:00 +0530,470731,12.8,8.6,50.74,32.44
2021-11-03 11:24:30 +0530,470732,14.2,8.7,51.15,32.37
2021-11-03 11:25:00 +0530,470733,17.5,8.8,51.46,32.27
2021-11-03 11:25:30 +0530,470734,13.7,8.5,51.63,32.18
2021-11-03 11:26:00 +0530,470735,15.8,8.8,51.81,32.05
2021-11-03 11:26:30 +0530,470736,13.2,8.7,52.15,31.96
2021-11-03 11:27:00 +0530,470737,10.9,8.0,52.27,31.88
2021-11-03 11:27:30 +0530,470738,13.0,8.9,52.51,31.78
2021-11-03 11:28:00 +0530,470739,17.8,10.1,52.78,31.7
2021-11-03 11:28:30 +0530,470740,16.1,8.9,52.81,31.63
2021-11-03 11:29:00 +0530,470741,13.6,8.7,53.04,31.55
2021-11-03 11:29:30 +0530,470742,13.5,8.7,53.17,31.49
2021-11-03 11:30:00 +0530,470743,21.6,9.5,53.4,31.41
2021-11-03 11:30:30 +0530,470744,8.0,6.6,53.7,31.33
2021-11-03 11:31:00 +0530,470745,16.6,9.3,53.84,31.28
2021-11-03 11:31:30 +0530,470746,17.1,9.3,53.84,31.25
2021-11-03 11:32:00 +0530,470747,9.9,8.9,53.78,31.21
2021-11-03 11:32:30 +0530,470748,10.7,8.9,53.67,31.16
2021-11-03 11:33:00 +0530,470749,12.5,8.2,53.97,31.1
2021-11-03 11:33:30 +0530,470750,15.5,7.8,54.06,31.04
2021-11-03 11:34:00 +0530,470751,23.4,13.8,54.23,31.02
2021-11-03 11:34:30 +0530,470752,19.0,10.4,54.09,30.98
2021-11-03 11:35:00 +0530,470753,11.5,9.6,54.2,30.92
2021-11-03 11:35:30 +0530,470754,28.3,10.8,54.53,30.87
2021-11-03 11:36:00 +0530,470755,13.0,9.1,54.68,30.83
2021-11-03 11:36:30 +0530,470756,13.9,9.1,54.83,30.79
2021-11-03 11:37:00 +0530,470757,7.2,5.5,54.97,30.74
2021-11-03 11:37:30 +0530,470758,10.5,8.8,55.12,30.7
2021-11-03 11:38:00 +0530,470759,11.1,9.4,55.27,30.67
2021-11-03 11:38:30 +0530,470760,13.6,9.0,55.51,30.66
2021-11-03 11:39:00 +0530,470761,13.1,9.2,55.65,30.64
2021-11-03 11:39:30 +0530,470762,21.9,9.9,55.88,30.64
2021-11-03 11:40:00 +0530,470763,16.1,9.2,55.42,30.64
2021-11-03 11:40:30 +0530,470764,17.9,8.0,55.12,30.64
2021-11-03 11:41:00 +0530,470765,14.7,8.6,55.42,30.64
2021-11-03 11:41:30 +0530,470766,15.3,9.2,55.48,30.64
2021-11-03 11:42:00 +0530,470767,18.4,9.2,55.48,30.64
2021-11-03 11:42:30 +0530,470768,29.8,8.4,55.53,30.66
2021-11-03 11:43:00 +0530,470769,22.2,9.6,55.59,30.66
2021-11-03 11:43:30 +0530,470770,45.5,12.9,55.83,30.68
2021-11-03 11:44:00 +0530,470771,30.8,11.5,56.07,30.71
2021-11-03 11:44:30 +0530,470772,30.2,12.1,56.24,30.76
2021-11-03 11:45:00 +0530,470773,20.3,11.4,56.15,30.83
2021-11-03 11:45:30 +0530,470774,38.8,14.3,56.36,30.94
2021-11-03 11:46:00 +0530,470775,32.4,12.4,55.94,31.02
2021-11-03 11:46:30 +0530,470776,13.4,9.2,55.71,31.1
2021-11-03 11:47:00 +0530,470777,13.2,8.2,54.94,31.25
2021-11-03 11:47:30 +0530,470778,15.6,10.4,54.26,31.37
2021-11-03 11:48:00 +0530,470779,18.7,11.7,54.08,31.48
2021-11-03 11:48:30 +0530,470780,28.8,13.3,53.96,31.58
2021-11-03 11:49:00 +0530,470781,25.0,12.1,53.66,31.7
2021-11-03 11:49:30 +0530,470782,15.7,10.8,53.25,31.83
2021-11-03 11:50:00 +0530,470783,21.4,12.2,53.01,31.96
2021-11-03 11:50:30 +0530,470784,21.9,8.9,52.8,32.08
2021-11-03 11:51:00 +0530,470785,25.2,12.2,52.71,32.17
2021-11-03 11:51:30 +0530,470786,13.4,10.7,52.15,32.29
2021-11-03 11:52:00 +0530,470787,14.5,9.8,51.9,32.39
2021-11-03 11:52:30 +0530,470788,14.9,7.3,51.69,32.45
2021-11-03 11:53:00 +0530,470789,19.8,10.1,51.45,32.54
2021-11-03 11:53:30 +0530,470790,13.5,9.6,51.11,32.63
2021-11-03 11:54:00 +0530,470791,14.3,9.8,50.76,32.72
2021-11-03 11:54:30 +0530,470792,20.3,10.8,51.03,32.77
2021-11-03 11:55:00 +0530,470793,24.7,11.4,51.13,32.85
2021-11-03 11:55:30 +0530,470794,21.6,10.0,50.82,32.92
2021-11-03 11:56:00 +0530,470795,20.1,11.3,50.64,33.0
2021-11-03 11:56:30 +0530,470796,18.5,10.2,49.63,33.07
2021-11-03 11:57:00 +0530,470797,14.8,8.7,48.98,33.14
2021-11-03 11:57:30 +0530,470798,10.2,8.1,48.47,33.16
2021-11-03 11:58:00 +0530,470799,11.4,8.1,48.33,33.18
2021-11-03 11:58:30 +0530,470800,10.7,8.0,48.19,33.21
2021-11-03 11:59:00 +0530,470801,14.3,8.9,48.3,33.22
2021-11-03 11:59:30 +0530,470802,26.4,10.9,48.47,33.25
2021-11-03 12:00:00 +0530,470803,19.6,10.5,48.49,33.29
2021-11-03 12:00:30 +0530,470804,14.8,10.5,48.28,33.32
2021-11-03 12:01:00 +0530,470805,12.6,7.8,48.52,33.33
2021-11-03 12:01:30 +0530,470806,21.5,10.9,48.79,33.37
2021-11-03 12:02:00 +0530,470807,24.2,10.7,48.79,33.43
2021-11-03 12:02:30 +0530,470808,26.2,9.2,48.72,33.46
2021-11-03 12:03:00 +0530,470809,19.4,10.1,48.28,33.52
2021-11-03 12:03:30 +0530,470810,24.8,10.8,48.38,33.58
2021-11-03 12:04:00 +0530,470811,15.5,10.3,48.23,33.63
2021-11-03 12:04:30 +0530,470812,11.4,8.3,47.89,33.66
2021-11-03 12:05:00 +0530,470813,16.6,9.7,47.48,33.7
2021-11-03 12:05:30 +0530,470814,13.3,9.2,47.35,33.73
2021-11-03 12:06:00 +0530,470815,15.3,9.4,47.48,33.76
2021-11-03 12:06:30 +0530,470816,17.0,9.6,47.17,33.78
2021-11-03 12:07:00 +0530,470817,15.3,7.0,47.15,33.78
2021-11-03 12:07:30 +0530,470818,18.4,9.6,47.34,33.81
2021-11-03 12:08:00 +0530,470819,17.1,10.1,47.27,33.83
2021-11-03 12:08:30 +0530,470820,16.3,9.7,47.13,33.89
2021-11-03 12:09:00 +0530,470821,11.0,9.2,46.93,33.93
2021-11-03 12:09:30 +0530,470822,17.5,8.9,46.93,33.95
2021-11-03 12:10:00 +0530,470823,14.1,8.9,46.82,33.96
2021-11-03 12:10:30 +0530,470824,14.2,8.9,46.79,33.96
2021-11-03 12:11:00 +0530,470825,19.8,9.7,46.89,33.97
2021-11-03 12:11:30 +0530,470826,15.2,8.4,46.51,34.01
2021-11-03 12:12:00 +0530,470827,18.0,8.9,46.44,34.03
2021-11-03 12:12:30 +0530,470828,21.7,6.3,46.51,34.05
2021-11-03 12:13:00 +0530,470829,10.6,6.2,46.65,34.07
2021-11-03 12:13:30 +0530,470830,19.2,10.0,46.79,34.11
2021-11-03 12:14:00 +0530,470831,19.3,9.4,46.81,34.16
2021-11-03 12:14:30 +0530,470832,12.7,8.6,45.93,34.2
2021-11-03 12:15:00 +0530,470833,18.9,8.7,45.96,34.23
2021-11-03 12:15:30 +0530,470834,11.6,8.3,45.96,34.26
2021-11-03 12:16:00 +0530,470835,13.6,8.3,46.15,34.3
2021-11-03 12:16:30 +0530,470836,17.7,9.3,46.12,34.33
2021-11-03 12:17:00 +0530,470837,29.5,11.9,46.05,34.36
2021-11-03 12:17:30 +0530,470838,14.7,8.9,45.57,34.41
2021-11-03 12:18:00 +0530,470839,17.3,8.3,45.4,34.45
2021-11-03 12:18:30 +0530,470840,10.0,7.4,45.05,34.48
2021-11-03 12:19:00 +0530,470841,9.2,7.8,44.95,34.49
2021-11-03 12:19:30 +0530,470842,11.2,7.7,45.12,34.5
2021-11-03 12:20:00 +0530,470843,11.7,7.7,45.19,34.52
2021-11-03 12:20:30 +0530,470844,11.5,5.3,45.46,34.5
2021-11-03 12:21:00 +0530,470845,11.6,8.1,45.28,34.51
2021-11-03 12:21:30 +0530,470846,19.1,9.6,45.12,34.51
2021-11-03 12:22:00 +0530,470847,28.3,7.8,45.22,34.49
2021-11-03 12:22:30 +0530,470848,20.2,10.1,45.28,34.5
2021-11-03 12:23:00 +0530,470849,27.3,11.3,45.25,34.51
2021-11-03 12:23:30 +0530,470850,122.0,17.7,45.49,34.5
2021-11-03 12:24:00 +0530,470851,64.3,14.4,45.42,34.53
2021-11-03 12:24:30 +0530,470852,20.1,9.3,44.98,34.57
2021-11-03 12:25:00 +0530,470853,25.0,9.7,44.81,34.6
2021-11-03 12:25:30 +0530,470854,15.6,8.7,44.95,34.6
2021-11-03 12:26:00 +0530,470855,21.1,9.3,45.05,34.61
2021-11-03 12:26:30 +0530,470856,22.1,9.1,45.05,34.61
2021-11-03 12:27:00 +0530,470857,18.5,6.8,45.05,34.6
2021-11-03 12:27:30 +0530,470858,16.9,9.4,44.91,34.62
2021-11-03 12:28:00 +0530,470859,24.9,10.2,45.07,34.63
2021-11-03 12:28:30 +0530,470860,17.8,9.6,44.87,34.64
2021-11-03 12:29:00 +0530,470861,27.7,10.2,45.21,34.66
2021-11-03 12:29:30 +0530,470862,21.5,8.9,45.11,34.67
2021-11-03 12:30:00 +0530,470863,14.0,8.4,44.97,34.67
2021-11-03 12:30:30 +0530,470864,24.1,10.4,45.35,34.67
2021-11-03 12:31:00 +0530,470865,27.2,11.0,45.41,34.68
2021-11-03 12:31:30 +0530,470866,34.3,11.3,45.28,34.68
2021-11-03 12:32:00 +0530,470867,43.7,12.7,44.6,34.69
2021-11-03 12:32:30 +0530,470868,30.4,11.6,44.74,34.7
2021-11-03 12:33:00 +0530,470869,27.6,9.9,44.9,34.71
2021-11-03 12:33:30 +0530,470870,38.2,10.8,44.83,34.74
2021-11-03 12:34:00 +0530,470871,32.2,11.0,44.8,34.74
2021-11-03 12:34:30 +0530,470872,18.8,6.9,44.9,34.74
2021-11-03 12:35:00 +0530,470873,32.5,11.8,45.07,34.75
2021-11-03 12:35:30 +0530,470874,55.7,15.2,45.01,34.77
2021-11-03 12:36:00 +0530,470875,24.6,9.6,44.77,34.78
2021-11-03 12:36:30 +0530,470876,31.1,11.3,44.77,34.79
2021-11-03 12:37:00 +0530,470877,25.1,11.1,44.83,34.81
2021-11-03 12:37:30 +0530,470878,23.0,9.5,44.99,34.81
2021-11-03 12:38:00 +0530,470879,25.6,10.6,44.99,34.81
2021-11-03 12:38:30 +0530,470880,25.7,10.8,45.14,34.8
2021-11-03 12:39:00 +0530,470881,27.4,10.9,45.28,34.8
2021-11-03 12:39:30 +0530,470882,24.0,12.4,44.9,34.8
2021-11-03 12:40:00 +0530,470883,19.5,10.6,44.9,34.78
2021-11-03 12:40:30 +0530,470884,26.4,11.2,44.94,34.78
2021-11-03 12:41:00 +0530,470885,16.8,9.2,45.01,34.76
2021-11-03 12:41:30 +0530,470886,11.7,9.8,44.8,34.75
2021-11-03 12:42:00 +0530,470887,13.9,9.9,44.74,34.71
2021-11-03 12:42:30 +0530,470888,14.9,6.6,44.97,34.67
2021-11-03 12:43:00 +0530,470889,15.6,7.9,45.14,34.62
2021-11-03 12:43:30 +0530,470890,15.4,9.6,45.05,34.61
2021-11-03 12:44:00 +0530,470892,17.4,9.9,45.19,34.6
2021-11-03 12:44:30 +0530,470893,17.8,9.9,45.32,34.59
2021-11-03 12:45:00 +0530,470894,22.7,9.3,45.46,34.57
2021-11-03 12:45:30 +0530,470895,22.1,8.3,45.25,34.56
2021-11-03 12:46:00 +0530,470896,25.9,12.3,45.32,34.55
2021-11-03 12:46:30 +0530,470891,26.3,14.8,45.53,34.56
2021-11-03 12:47:00 +0530,470897,28.9,22.3,45.49,34.54
2021-11-03 12:47:30 +0530,470898,16.3,9.6,45.77,34.52
2021-11-03 12:48:00 +0530,470899,19.3,9.7,45.86,34.54
2021-11-03 12:48:30 +0530,470900,22.6,9.7,45.83,34.56
2021-11-03 12:49:00 +0530,470901,27.7,11.0,45.93,34.61
2021-11-03 12:49:30 +0530,470902,21.3,10.2,45.62,34.64
2021-11-03 12:50:00 +0530,470903,34.8,12.7,45.76,34.67
2021-11-03 12:50:30 +0530,470904,22.6,9.9,45.65,34.68
2021-11-03 12:51:00 +0530,470905,16.7,9.6,45.55,34.71
2021-11-03 12:51:30 +0530,470906,20.9,7.6,45.41,34.71
2021-11-03 12:52:00 +0530,470907,19.9,7.5,45.07,34.71
2021-11-03 12:52:30 +0530,470908,22.5,10.7,45.01,34.74
2021-11-03 12:53:00 +0530,470909,13.5,9.8,44.94,34.77
2021-11-03 12:53:30 +0530,470910,17.3,10.1,45.11,34.79
2021-11-03 12:54:00 +0530,470911,25.3,10.6,45.16,34.81
2021-11-03 12:54:30 +0530,470912,28.2,12.3,44.93,34.82
2021-11-03 12:55:00 +0530,470913,26.6,11.6,44.93,34.82
2021-11-03 12:55:30 +0530,470914,50.7,13.7,44.99,34.81
2021-11-03 12:56:00 +0530,470915,32.4,11.5,44.93,34.81
2021-11-03 12:56:30 +0530,470916,23.8,10.4,45.27,34.82
2021-11-03 12:57:00 +0530,470917,29.6,10.1,45.41,34.81
2021-11-03 12:57:30 +0530,470918,19.2,10.4,45.09,34.82
2021-11-03 12:58:00 +0530,470919,18.0,10.0,44.93,34.82
2021-11-03 12:58:30 +0530,470920,22.2,10.6,45.03,34.82
2021-11-03 12:59:00 +0530,470921,20.7,10.7,45.16,34.83
2021-11-03 12:59:30 +0530,470922,14.0,9.2,44.69,34.83
2021-11-03 13:00:00 +0530,470923,22.8,9.8,44.65,34.82
2021-11-03 13:00:30 +0530,470924,17.5,6.3,44.83,34.76
2021-11-03 13:01:00 +0530,470925,29.2,9.9,45.07,34.69
2021-11-03 13:01:30 +0530,470926,25.3,11.1,45.28,34.68
2021-11-03 13:02:00 +0530,470927,22.7,9.2,45.35,34.64
2021-11-03 13:02:30 +0530,470928,18.2,9.3,45.21,34.62
2021-11-03 13:03:00 +0530,470929,15.0,8.0,45.28,34.6
2021-11-03 13:03:30 +0530,470930,12.8,8.4,45.49,34.59
2021-11-03 13:04:00 +0530,470931,11.3,7.9,45.09,34.57
2021-11-03 13:04:30 +0530,470932,11.1,7.7,44.67,34.55
2021-11-03 13:05:00 +0530,470933,16.7,8.0,44.61,34.53
2021-11-03 13:05:30 +0530,470934,10.2,8.2,44.81,34.51
2021-11-03 13:06:00 +0530,470935,19.6,9.2,44.98,34.49
2021-11-03 13:06:30 +0530,470936,17.9,9.5,44.98,34.47
2021-11-03 13:07:00 +0530,470937,16.5,8.2,44.72,34.46
2021-11-03 13:07:30 +0530,470938,31.1,9.8,44.83,34.45
2021-11-03 13:08:00 +0530,470939,8.3,4.9,44.79,34.42
2021-11-03 13:08:30 +0530,470940,13.3,8.2,44.72,34.41
2021-11-03 13:09:00 +0530,470941,9.7,7.8,44.76,34.4
2021-11-03 13:09:30 +0530,470942,16.0,8.2,44.96,34.4
2021-11-03 13:10:00 +0530,470943,10.0,4.5,44.96,34.38
2021-11-03 13:10:30 +0530,470944,7.2,4.6,44.72,34.36
2021-11-03 13:11:00 +0530,470945,14.3,8.3,44.86,34.37
2021-11-03 13:11:30 +0530,470946,12.5,6.8,44.69,34.36
2021-11-03 13:12:00 +0530,470947,11.6,6.7,44.86,34.36
2021-11-03 13:12:30 +0530,470948,13.7,7.9,44.79,34.36
2021-11-03 13:13:00 +0530,470949,13.6,6.2,44.48,34.36
2021-11-03 13:13:30 +0530,470950,9.2,5.9,44.21,34.35
2021-11-03 13:14:00 +0530,470951,7.4,3.3,44.35,34.32
2021-11-03 13:14:30 +0530,470952,12.2,5.8,44.28,34.31
2021-11-03 13:15:00 +0530,470953,7.9,5.4,44.35,34.31
2021-11-03 13:15:30 +0530,470954,9.9,3.3,44.06,34.27
2021-11-03 13:16:00 +0530,470955,10.5,6.4,44.06,34.25
2021-11-03 13:16:30 +0530,470956,6.5,3.7,44.22,34.22
2021-11-03 13:17:00 +0530,470957,21.8,7.8,44.13,34.22
2021-11-03 13:17:30 +0530,470958,7.4,5.8,44.13,34.22
2021-11-03 13:18:00 +0530,470959,15.3,6.2,44.09,34.22
2021-11-03 13:18:30 +0530,470960,13.5,6.3,44.09,34.23
2021-11-03 13:19:00 +0530,470961,12.5,6.2,44.02,34.23
2021-11-03 13:19:30 +0530,470962,18.6,7.2,44.02,34.22
2021-11-03 13:20:00 +0530,470963,14.2,6.2,44.06,34.22
2021-11-03 13:20:30 +0530,470964,10.9,6.2,44.13,34.22
2021-11-03 13:21:00 +0530,470965,12.4,3.6,44.29,34.19
2021-11-03 13:21:30 +0530,470966,10.5,6.0,44.39,34.19
2021-11-03 13:22:00 +0530,470967,9.7,5.6,44.36,34.18
2021-11-03 13:22:30 +0530,470968,16.7,6.3,44.6,34.19
2021-11-03 13:23:00 +0530,470969,17.7,7.8,44.9,34.2
2021-11-03 13:23:30 +0530,470970,9.5,5.7,44.02,34.21
2021-11-03 13:24:00 +0530,470971,13.8,6.1,43.48,34.21
2021-11-03 13:24:30 +0530,470972,10.7,5.2,43.27,34.2
2021-11-03 13:25:00 +0530,470973,8.1,4.4,43.03,34.2
2021-11-03 13:25:30 +0530,470974,22.4,6.8,43.24,34.18
2021-11-03 13:26:00 +0530,470975,22.0,6.7,43.55,34.17
2021-11-03 13:26:30 +0530,470976,29.1,8.2,43.55,34.16
2021-11-03 13:27:00 +0530,470977,14.3,2.9,43.75,34.12
2021-11-03 13:27:30 +0530,470978,19.3,6.5,43.92,34.14
2021-11-03 13:28:00 +0530,470979,11.6,5.2,43.82,34.14
2021-11-03 13:28:30 +0530,470980,8.5,1.8,43.76,34.1
2021-11-03 13:29:00 +0530,470981,8.5,1.8,43.76,34.1
2021-11-03 13:30:00 +0530,470982,17.5,4.8,44.3,33.94
2021-11-03 13:30:30 +0530,470983,7.4,2.9,44.3,33.95
2021-11-03 13:31:00 +0530,470984,8.2,4.8,44.13,34.0
2021-11-03 13:31:30 +0530,470985,13.0,5.4,44.24,34.02
2021-11-03 13:32:00 +0530,470986,19.2,7.1,44.51,34.04
2021-11-03 13:32:30 +0530,470987,11.2,5.6,44.61,34.05
2021-11-03 13:33:00 +0530,470988,8.7,3.2,44.67,34.06
2021-11-03 13:33:30 +0530,470989,11.3,6.5,44.58,34.07
2021-11-03 13:34:00 +0530,470990,12.7,6.7,44.37,34.1
2021-11-03 13:34:30 +0530,470991,6.9,3.7,44.24,34.08
2021-11-03 13:35:00 +0530,470992,7.4,3.8,44.54,34.1
2021-11-03 13:35:30 +0530,470993,9.6,5.6,44.39,34.12
2021-11-03 13:36:00 +0530,470994,8.2,5.3,44.09,34.12
2021-11-03 13:36:30 +0530,470995,5.9,5.2,43.92,34.11
2021-11-03 13:37:00 +0530,470996,6.2,5.4,43.8,34.11
2021-11-03 13:37:30 +0530,470997,19.8,6.6,43.96,34.09
2021-11-03 13:38:00 +0530,470998,12.9,6.1,44.17,34.09
2021-11-03 13:38:30 +0530,470999,23.1,8.3,44.74,34.1
2021-11-03 13:39:00 +0530,471000,12.4,6.9,44.7,34.11
2021-11-03 13:39:30 +0530,471001,14.5,6.8,44.9,34.12
2021-11-03 13:40:00 +0530,471002,7.9,5.3,44.83,34.17
2021-11-03 13:40:30 +0530,471003,11.5,6.9,45.0,34.19
2021-11-03 13:41:00 +0530,471004,11.4,7.2,44.9,34.21
2021-11-03 13:41:30 +0530,471005,11.9,6.4,44.77,34.24
2021-11-03 13:42:00 +0530,471006,15.4,9.7,44.53,34.25
2021-11-03 13:42:30 +0530,471007,24.2,11.0,44.46,34.26
2021-11-03 13:43:00 +0530,471008,7.0,5.6,44.26,34.25
2021-11-03 13:43:30 +0530,471009,11.9,6.0,44.19,34.25
2021-11-03 13:44:00 +0530,471010,9.5,6.1,44.26,34.25
2021-11-03 13:44:30 +0530,471011,10.4,6.4,44.32,34.25
2021-11-03 13:45:00 +0530,471012,9.8,5.6,44.46,34.25
2021-11-03 13:45:30 +0530,471013,8.4,5.6,44.6,34.24
2021-11-03 13:46:00 +0530,471014,18.2,6.7,44.29,34.23
2021-11-03 13:46:30 +0530,471015,18.6,7.1,44.22,34.23
2021-11-03 13:47:00 +0530,471016,8.8,4.4,44.22,34.21
2021-11-03 13:47:30 +0530,471017,9.2,5.8,44.19,34.2
2021-11-03 13:48:00 +0530,471018,12.7,6.3,44.29,34.21
2021-11-03 13:48:30 +0530,471019,9.7,6.3,44.09,34.21
2021-11-03 13:49:00 +0530,471020,68.4,10.1,44.36,34.2
2021-11-03 13:49:30 +0530,471021,16.0,6.4,44.09,34.22
2021-11-03 13:50:00 +0530,471022,8.3,5.7,44.19,34.25
2021-11-03 13:50:30 +0530,471023,11.5,5.9,44.25,34.3
2021-11-03 13:51:00 +0530,471024,12.9,6.3,44.21,34.34
2021-11-03 13:51:30 +0530,471025,12.1,5.8,44.07,34.37
2021-11-03 13:52:00 +0530,471026,13.8,6.7,44.04,34.38
2021-11-03 13:52:30 +0530,471027,13.9,6.1,43.84,34.4
2021-11-03 13:53:00 +0530,471028,9.7,5.4,43.5,34.41
2021-11-03 13:53:30 +0530,471029,6.8,4.9,43.19,34.42
2021-11-03 13:54:00 +0530,471030,10.4,5.4,43.12,34.42
2021-11-03 13:54:30 +0530,471031,8.8,5.2,43.22,34.42
2021-11-03 13:55:00 +0530,471032,10.8,5.4,43.02,34.41
2021-11-03 13:55:30 +0530,471033,8.4,5.4,43.22,34.38
2021-11-03 13:56:00 +0530,471034,6.8,4.9,43.22,34.35
2021-11-03 13:56:30 +0530,471035,6.1,4.9,43.39,34.31
2021-11-03 13:57:00 +0530,471036,8.2,5.6,43.55,34.26
2021-11-03 13:57:30 +0530,471037,11.7,6.1,43.75,34.22
2021-11-03 13:58:00 +0530,471038,8.2,5.2,43.64,34.18
2021-11-03 13:58:30 +0530,471039,6.1,4.9,43.85,34.12
2021-11-03 13:59:00 +0530,471040,6.4,5.4,44.03,34.1
2021-11-03 13:59:30 +0530,471041,8.7,5.8,44.24,34.07
2021-11-03 14:00:00 +0530,471042,6.0,3.1,44.27,34.02
2021-11-03 14:00:30 +0530,471043,8.3,5.6,44.34,34.02
2021-11-03 14:01:00 +0530,471044,17.5,5.8,44.3,34.01
2021-11-03 14:01:30 +0530,471045,11.8,6.1,44.34,34.01
2021-11-03 14:02:00 +0530,471046,13.0,5.9,44.03,34.02
2021-11-03 14:02:30 +0530,471047,5.8,5.1,43.83,34.02
2021-11-03 14:03:00 +0530,471048,8.7,5.7,44.1,34.0
2021-11-03 14:03:30 +0530,471049,4.7,2.9,44.2,33.95
2021-11-03 14:04:00 +0530,471050,7.8,4.7,43.77,33.92
2021-11-03 14:04:30 +0530,471051,4.2,2.4,43.87,33.85
2021-11-03 14:05:00 +0530,471052,5.2,2.5,44.08,33.78
2021-11-03 14:05:30 +0530,471053,8.2,6.1,44.19,33.76
2021-11-03 14:06:00 +0530,471054,9.1,6.1,44.25,33.76
2021-11-03 14:06:30 +0530,471055,6.7,6.1,44.32,33.76
2021-11-03 14:07:00 +0530,471056,9.7,5.9,44.6,33.74
2021-11-03 14:07:30 +0530,471057,12.9,6.6,44.83,33.73
2021-11-03 14:08:00 +0530,471058,12.8,6.9,45.0,33.73
2021-11-03 14:08:30 +0530,471059,5.3,4.0,45.14,33.72
2021-11-03 14:09:00 +0530,471060,13.5,7.2,45.18,33.72
2021-11-03 14:09:30 +0530,471061,8.7,6.4,45.31,33.74
2021-11-03 14:10:00 +0530,471062,10.3,7.2,45.31,33.76
2021-11-03 14:10:30 +0530,471063,8.8,6.4,45.07,33.76
2021-11-03 14:11:00 +0530,471064,7.7,6.1,45.07,33.76
2021-11-03 14:11:30 +0530,471065,4.2,3.0,45.35,33.74
2021-11-03 14:12:00 +0530,471066,8.8,6.7,45.21,33.74
2021-11-03 14:12:30 +0530,471067,7.6,5.6,44.77,33.72
2021-11-03 14:13:00 +0530,471068,6.8,4.2,44.93,33.68
2021-11-03 14:13:30 +0530,471069,6.9,6.2,44.67,33.67
2021-11-03 14:14:00 +0530,471070,6.9,6.2,44.67,33.67
2021-11-03 14:14:30 +0530,471071,8.5,6.4,44.93,33.67
2021-11-03 14:15:00 +0530,471072,6.8,6.1,44.83,33.67
2021-11-03 14:15:30 +0530,471073,6.8,6.1,44.77,33.67
2021-11-03 14:16:00 +0530,471074,8.0,6.1,45.0,33.67
2021-11-03 14:16:30 +0530,471075,10.4,6.4,45.07,33.68
2021-11-03 14:17:00 +0530,471076,10.5,6.7,44.97,33.68
2021-11-03 14:17:30 +0530,471077,11.0,6.1,45.14,33.67
2021-11-03 14:18:00 +0530,471078,14.8,7.6,45.21,33.67
2021-11-03 14:18:30 +0530,471079,13.0,4.9,45.41,33.66
2021-11-03 14:19:00 +0530,471080,16.8,4.8,44.93,33.66
2021-11-03 14:19:30 +0530,471081,11.8,6.5,44.87,33.7
2021-11-03 14:20:00 +0530,471082,9.0,6.2,44.77,33.73
2021-11-03 14:20:30 +0530,471083,22.3,8.6,44.6,33.76
2021-11-03 14:21:00 +0530,471084,18.1,7.9,44.46,33.76
2021-11-03 14:21:30 +0530,471085,18.0,7.9,44.43,33.76
2021-11-03 14:22:00 +0530,471086,10.1,6.6,44.43,33.76
2021-11-03 14:22:30 +0530,471087,10.0,5.1,44.63,33.76
2021-11-03 14:23:00 +0530,471088,13.3,6.4,44.63,33.76
2021-11-03 14:23:30 +0530,471089,13.0,6.4,44.87,33.78
2021-11-03 14:24:00 +0530,471090,13.4,6.8,44.55,33.81
2021-11-03 14:24:30 +0530,471091,11.4,6.3,44.48,33.82
2021-11-03 14:25:00 +0530,471092,16.4,7.2,44.42,33.85
2021-11-03 14:25:30 +0530,471093,12.0,7.3,44.52,33.85
2021-11-03 14:26:00 +0530,471094,11.4,6.4,44.55,33.86
2021-11-03 14:26:30 +0530,471095,15.8,7.8,44.42,33.87
2021-11-03 14:27:00 +0530,471096,13.6,6.9,44.59,33.87
2021-11-03 14:27:30 +0530,471097,13.6,6.9,44.52,33.88
2021-11-03 14:28:00 +0530,471098,11.5,6.4,44.59,33.89
2021-11-03 14:28:30 +0530,471099,16.0,7.0,44.65,33.9
2021-11-03 14:29:00 +0530,471100,13.1,6.4,44.69,33.9
2021-11-03 14:29:30 +0530,471101,10.6,6.7,44.86,33.9
2021-11-03 14:30:00 +0530,471102,15.7,8.5,45.13,33.92
2021-11-03 14:30:30 +0530,471103,11.9,7.1,45.39,33.95
2021-11-03 14:31:00 +0530,471104,20.6,8.4,45.32,33.99
2021-11-03 14:31:30 +0530,471105,21.1,7.6,45.43,34.0
2021-11-03 14:32:00 +0530,471106,19.2,7.8,45.19,34.05
2021-11-03 14:32:30 +0530,471107,19.3,7.6,45.12,34.1
2021-11-03 14:33:00 +0530,471108,24.7,8.6,45.32,34.16
2021-11-03 14:33:30 +0530,471109,12.6,6.4,44.16,34.19
2021-11-03 14:34:00 +0530,471110,16.9,7.1,43.82,34.23
2021-11-03 14:34:30 +0530,471111,14.3,7.2,43.75,34.26
2021-11-03 14:35:00 +0530,471112,8.1,6.1,43.77,34.31
2021-11-03 14:35:30 +0530,471113,10.4,6.0,43.87,34.32
2021-11-03 14:36:00 +0530,471114,18.6,8.1,43.7,34.34
2021-11-03 14:36:30 +0530,471115,14.0,7.1,43.6,34.35
2021-11-03 14:37:00 +0530,471116,13.4,7.1,43.67,34.36
2021-11-03 14:37:30 +0530,471117,10.3,6.8,43.46,34.37
2021-11-03 14:38:00 +0530,471118,15.5,7.9,43.5,34.38
2021-11-03 14:38:30 +0530,471119,11.2,4.3,43.19,34.38
2021-11-03 14:39:00 +0530,471120,16.7,7.7,43.29,34.41
2021-11-03 14:39:30 +0530,471121,11.5,4.0,43.43,34.41
2021-11-03 14:40:00 +0530,471122,10.9,5.7,42.74,34.45
2021-11-03 14:40:30 +0530,471123,8.6,5.9,42.87,34.47
2021-11-03 14:41:00 +0530,471124,8.5,6.2,42.97,34.49
2021-11-03 14:41:30 +0530,471125,8.3,5.5,42.7,34.5
2021-11-03 14:42:00 +0530,471126,5.4,2.7,42.7,34.47
2021-11-03 14:42:30 +0530,471127,8.5,5.4,42.67,34.46
2021-11-03 14:43:00 +0530,471128,8.2,5.4,42.68,34.46
2021-11-03 14:43:30 +0530,471129,8.3,5.3,42.74,34.46
2021-11-03 14:44:00 +0530,471130,15.8,6.4,42.95,34.46
2021-11-03 14:44:30 +0530,471131,9.4,6.6,43.18,34.47
2021-11-03 14:45:00 +0530,471132,5.9,2.9,43.16,34.46
2021-11-03 14:45:30 +0530,471133,7.9,5.7,43.06,34.45
2021-11-03 14:46:00 +0530,471134,9.2,6.1,43.12,34.46
2021-11-03 14:46:30 +0530,471135,9.9,6.2,43.12,34.46
2021-11-03 14:47:00 +0530,471136,4.0,3.1,43.68,34.3
2021-11-03 14:47:30 +0530,471137,9.6,6.1,43.46,34.35
2021-11-03 14:48:00 +0530,471138,8.8,6.1,43.6,34.41
2021-11-03 14:48:30 +0530,471139,12.3,6.6,43.8,34.47
2021-11-03 14:49:00 +0530,471140,14.4,4.0,43.72,34.48
2021-11-03 14:49:30 +0530,471141,15.6,6.5,43.35,34.49
2021-11-03 14:50:00 +0530,471142,7.4,3.5,43.01,34.48
2021-11-03 14:50:30 +0530,471143,11.0,6.1,43.04,34.49
2021-11-03 14:51:00 +0530,471144,8.1,5.6,43.01,34.49
2021-11-03 14:51:30 +0530,471145,6.1,5.3,42.81,34.48
2021-11-03 14:52:00 +0530,471146,10.5,4.4,42.85,34.46
2021-11-03 14:52:30 +0530,471147,9.5,5.8,42.77,34.47
2021-11-03 14:53:00 +0530,471148,13.7,7.3,42.81,34.48
2021-11-03 14:53:30 +0530,471149,10.1,6.4,43.11,34.49
2021-11-03 14:54:00 +0530,471150,12.8,6.6,43.08,34.49
2021-11-03 14:54:30 +0530,471151,14.8,6.6,43.28,34.5
2021-11-03 14:55:00 +0530,471152,9.6,3.2,43.42,34.48
2021-11-03 14:55:30 +0530,471153,12.9,5.8,43.45,34.5
2021-11-03 14:56:00 +0530,471154,10.9,5.7,43.35,34.51
2021-11-03 14:56:30 +0530,471155,10.1,5.7,42.77,34.52
2021-11-03 14:57:00 +0530,471156,13.2,5.9,42.56,34.51
2021-11-03 14:57:30 +0530,471157,6.1,4.9,42.74,34.49
2021-11-03 14:58:00 +0530,471158,10.0,5.3,42.74,34.49
2021-11-03 14:58:30 +0530,471159,9.9,6.0,42.97,34.48
2021-11-03 14:59:00 +0530,471160,15.4,6.9,43.28,34.5
2021-11-03 14:59:30 +0530,471161,20.3,8.4,43.32,34.53
2021-11-03 15:00:00 +0530,471162,15.3,6.6,43.32,34.57
2021-11-03 15:00:30 +0530,471164,18.6,13.3,43.21,34.61
2021-11-03 15:01:00 +0530,471163,11.6,5.7,43.01,34.61
2021-11-03 15:01:30 +0530,471165,10.6,7.6,42.97,34.61
2021-11-03 15:02:00 +0530,471166,5.3,2.9,42.87,34.62
2021-11-03 15:02:30 +0530,471167,6.0,5.1,42.72,34.63
2021-11-03 15:03:00 +0530,471168,6.7,5.3,42.97,34.64
2021-11-03 15:03:30 +0530,471169,8.6,5.3,42.79,34.65
2021-11-03 15:04:00 +0530,471170,7.8,5.3,42.93,34.63
2021-11-03 15:04:30 +0530,471171,7.1,2.8,43.14,34.61
2021-11-03 15:05:00 +0530,471172,11.4,6.0,43.45,34.62
2021-11-03 15:05:30 +0530,471173,10.7,5.8,43.16,34.63
2021-11-03 15:06:00 +0530,471174,9.0,5.2,43.16,34.65
2021-11-03 15:06:30 +0530,471175,9.3,5.9,43.0,34.67
2021-11-03 15:07:00 +0530,471176,12.3,6.2,43.0,34.67
2021-11-03 15:07:30 +0530,471177,11.7,6.7,43.0,34.67
2021-11-03 15:08:00 +0530,471178,9.8,6.1,42.72,34.68
2021-11-03 15:08:30 +0530,471179,14.3,6.3,42.72,34.67
2021-11-03 15:09:00 +0530,471180,14.3,6.3,42.79,34.68
2021-11-03 15:09:30 +0530,471181,15.7,7.0,43.16,34.67
2021-11-03 15:10:00 +0530,471182,13.6,7.1,43.16,34.68
2021-11-03 15:10:30 +0530,471183,14.8,4.1,43.44,34.67
2021-11-03 15:11:00 +0530,471184,17.2,7.8,43.61,34.69
2021-11-03 15:11:30 +0530,471185,16.8,7.1,43.48,34.71
2021-11-03 15:12:00 +0530,471186,8.8,6.2,43.0,34.74
2021-11-03 15:12:30 +0530,471187,11.6,6.7,42.9,34.75
2021-11-03 15:13:00 +0530,471188,13.4,7.1,43.0,34.76
2021-11-03 15:13:30 +0530,471189,14.4,6.9,43.1,34.77
2021-11-03 15:14:00 +0530,471190,9.7,3.4,42.76,34.76
2021-11-03 15:14:30 +0530,471191,15.8,7.1,42.62,34.78
2021-11-03 15:15:00 +0530,471192,13.3,6.4,42.72,34.8
2021-11-03 15:15:30 +0530,471193,7.2,3.6,42.76,34.79
2021-11-03 15:16:00 +0530,471194,9.9,6.0,42.52,34.79
2021-11-03 15:16:30 +0530,471195,13.8,6.8,42.61,34.81
2021-11-03 15:17:00 +0530,471196,12.9,6.7,42.92,34.81
2021-11-03 15:17:30 +0530,471197,11.9,6.2,42.81,34.82
2021-11-03 15:18:00 +0530,471198,10.4,6.1,42.74,34.83
2021-11-03 15:18:30 +0530,471199,9.4,5.7,42.78,34.83
2021-11-03 15:19:00 +0530,471200,8.0,5.3,42.48,34.82
2021-11-03 15:19:30 +0530,471201,10.2,5.9,42.68,34.81
2021-11-03 15:20:00 +0530,471202,23.6,7.6,42.81,34.8
2021-11-03 15:20:30 +0530,471203,11.3,5.9,42.65,34.8
2021-11-03 15:21:00 +0530,471204,8.4,5.9,42.42,34.78
2021-11-03 15:21:30 +0530,471205,16.1,7.1,42.48,34.75
2021-11-03 15:22:00 +0530,471206,10.0,5.9,42.52,34.73
2021-11-03 15:22:30 +0530,471207,12.4,6.6,42.79,34.71
2021-11-03 15:23:00 +0530,471208,12.2,6.6,42.83,34.7
2021-11-03 15:23:30 +0530,471209,8.3,5.8,42.9,34.69
2021-11-03 15:24:00 +0530,471210,7.7,5.5,42.97,34.67
2021-11-03 15:24:30 +0530,471211,4.4,2.5,43.21,34.6
2021-11-03 15:25:00 +0530,471212,8.7,6.1,43.28,34.57
2021-11-03 15:25:30 +0530,471213,5.6,2.6,43.69,34.52
2021-11-03 15:26:00 +0530,471214,10.3,6.0,43.48,34.52
2021-11-03 15:26:30 +0530,471215,8.9,3.3,43.52,34.5
2021-11-03 15:27:00 +0530,471216,7.3,5.6,43.18,34.49
2021-11-03 15:27:30 +0530,471217,13.0,6.3,43.21,34.47
2021-11-03 15:28:00 +0530,471218,17.4,7.9,43.28,34.46
2021-11-03 15:28:30 +0530,471219,14.7,5.7,43.39,34.42
2021-11-03 15:29:00 +0530,471220,13.6,6.4,43.26,34.41
2021-11-03 15:29:30 +0530,471221,9.3,3.3,43.43,34.37
2021-11-03 15:30:00 +0530,471222,13.6,6.7,43.57,34.37
2021-11-03 15:30:30 +0530,471223,15.0,6.6,43.43,34.36
2021-11-03 15:31:00 +0530,471224,9.0,5.4,43.09,34.34
2021-11-03 15:31:30 +0530,471225,7.5,5.1,43.06,34.32
2021-11-03 15:32:00 +0530,471226,6.6,5.3,43.19,34.29
2021-11-03 15:32:30 +0530,471227,9.6,6.0,43.2,34.26
2021-11-03 15:33:00 +0530,471228,35.1,6.4,43.55,34.23
2021-11-03 15:33:30 +0530,471229,20.7,7.6,43.68,34.22
2021-11-03 15:34:00 +0530,471230,11.1,5.8,43.61,34.21
2021-11-03 15:34:30 +0530,471231,12.9,6.4,43.64,34.21
2021-11-03 15:35:00 +0530,471232,19.0,6.9,43.85,34.2
2021-11-03 15:35:30 +0530,471233,26.3,5.3,43.85,34.17
2021-11-03 15:36:00 +0530,471234,10.6,5.7,43.99,34.18
2021-11-03 15:36:30 +0530,471235,12.8,6.1,43.95,34.17
2021-11-03 15:37:00 +0530,471236,6.5,2.4,43.75,34.12
2021-11-03 15:37:30 +0530,471237,10.4,5.3,43.52,34.11
2021-11-03 15:38:00 +0530,471238,7.3,5.5,43.45,34.1
2021-11-03 15:38:30 +0530,471239,10.5,5.9,43.52,34.09
2021-11-03 15:39:00 +0530,471240,8.8,5.8,43.66,34.08
2021-11-03 15:39:30 +0530,471241,16.0,6.1,43.93,34.06
2021-11-03 15:40:00 +0530,471242,20.3,7.8,44.06,34.04
2021-11-03 15:40:30 +0530,471243,8.3,6.0,43.9,34.03
2021-11-03 15:41:00 +0530,471244,8.4,5.7,43.9,34.03
2021-11-03 15:41:30 +0530,471245,10.9,3.3,44.35,33.81
2021-11-03 15:42:00 +0530,471246,7.9,5.7,44.45,33.82
2021-11-03 15:42:30 +0530,471247,13.8,6.8,44.55,33.85
2021-11-03 15:43:00 +0530,471248,15.0,7.3,44.65,33.85
2021-11-03 15:43:30 +0530,471249,12.9,3.1,44.83,33.82
2021-11-03 15:44:00 +0530,471250,7.9,5.7,44.59,33.86
2021-11-03 15:44:30 +0530,471251,8.0,5.4,44.76,33.87
2021-11-03 15:45:00 +0530,471252,12.7,6.4,44.9,33.89
2021-11-03 15:45:30 +0530,471253,11.7,6.3,44.72,33.9
2021-11-03 15:46:00 +0530,471254,9.4,6.1,44.62,33.91
2021-11-03 15:46:30 +0530,471255,10.5,5.4,44.59,33.91
2021-11-03 15:47:00 +0530,471256,15.0,8.1,44.59,33.91
2021-11-03 15:47:30 +0530,471257,14.0,2.7,44.45,33.89
2021-11-03 15:48:00 +0530,471258,13.4,5.9,44.18,33.9
2021-11-03 15:48:30 +0530,471259,9.3,5.6,44.28,33.91
2021-11-03 15:49:00 +0530,471260,11.8,4.3,44.28,33.91
2021-11-03 15:49:30 +0530,471261,13.4,6.3,44.15,33.92
2021-11-03 15:50:00 +0530,471262,21.0,3.9,44.28,33.9
2021-11-03 15:50:30 +0530,471263,15.0,5.9,44.22,33.91
2021-11-03 15:51:00 +0530,471264,8.4,5.3,44.11,33.92
2021-11-03 15:51:30 +0530,471265,9.9,5.9,44.08,33.92
2021-11-03 15:52:00 +0530,471266,13.2,6.6,44.25,33.91
2021-11-03 15:52:30 +0530,471267,13.5,6.8,44.35,33.91
2021-11-03 15:53:00 +0530,471268,8.4,4.0,44.55,33.87
2021-11-03 15:53:30 +0530,471269,10.5,6.1,44.52,33.87
2021-11-03 15:54:00 +0530,471270,8.8,7.9,44.42,33.86
2021-11-03 15:54:30 +0530,471271,3.9,2.9,44.45,33.8
2021-11-03 15:55:00 +0530,471272,8.2,5.8,44.52,33.77
2021-11-03 15:55:30 +0530,471273,7.1,5.8,44.53,33.76
2021-11-03 15:56:00 +0530,471274,9.4,5.9,44.67,33.76
2021-11-03 15:56:30 +0530,471275,10.3,3.3,44.87,33.74
2021-11-03 15:57:00 +0530,471276,10.7,6.6,45.07,33.74
2021-11-03 15:57:30 +0530,471277,14.6,6.6,45.0,33.74
2021-11-03 15:58:00 +0530,471278,8.6,3.4,44.97,33.73
2021-11-03 15:58:30 +0530,471279,8.4,6.3,44.93,33.73
2021-11-03 15:59:00 +0530,471280,11.2,6.9,45.14,33.75
2021-11-03 15:59:30 +0530,471281,14.5,6.6,44.67,33.76
2021-11-03 16:00:00 +0530,471282,15.7,6.6,44.5,33.76
2021-11-03 16:00:30 +0530,471283,10.3,5.9,44.22,33.76
2021-11-03 16:01:00 +0530,471284,10.3,5.9,44.22,33.76
2021-11-03 16:01:30 +0530,471285,11.4,3.5,44.43,33.66
2021-11-03 16:02:00 +0530,471286,11.1,6.2,44.57,33.67
2021-11-03 16:02:30 +0530,471287,17.4,6.6,44.57,33.7
2021-11-03 16:03:00 +0530,471288,14.8,4.0,44.5,33.68
2021-11-03 16:03:30 +0530,471289,11.4,6.0,44.13,33.71
2021-11-03 16:04:00 +0530,471290,12.4,10.3,43.99,33.72
2021-11-03 16:04:30 +0530,471291,12.8,5.2,43.71,33.73
2021-11-03 16:05:00 +0530,471292,11.3,5.7,43.68,33.73
2021-11-03 16:05:30 +0530,471293,17.9,7.4,43.85,33.73
2021-11-03 16:06:00 +0530,471294,39.2,10.1,43.85,33.73
2021-11-03 16:06:30 +0530,471295,33.0,9.3,43.99,33.73
2021-11-03 16:07:00 +0530,471296,13.2,7.7,43.95,33.73
2021-11-03 16:07:30 +0530,471297,11.4,6.4,43.99,33.72
2021-11-03 16:08:00 +0530,471298,12.2,6.2,43.61,33.72
2021-11-03 16:08:30 +0530,471299,18.4,6.6,43.41,33.72
2021-11-03 16:09:00 +0530,471300,9.7,5.8,43.41,33.71
2021-11-03 16:09:30 +0530,471301,41.4,10.2,43.48,33.7
2021-11-03 16:10:00 +0530,471302,12.3,5.7,43.55,33.68
2021-11-03 16:10:30 +0530,471303,10.5,5.4,43.48,33.65
2021-11-03 16:11:00 +0530,471304,15.6,6.6,43.68,33.65
2021-11-03 16:11:30 +0530,471305,19.2,5.6,43.88,33.62
2021-11-03 16:12:00 +0530,471306,25.3,7.9,43.85,33.63
2021-11-03 16:12:30 +0530,471307,24.0,8.7,43.88,33.64
2021-11-03 16:13:00 +0530,471308,33.0,9.8,44.06,33.65
2021-11-03 16:13:30 +0530,471309,21.2,9.2,43.88,33.66
2021-11-03 16:14:00 +0530,471310,18.0,5.6,44.06,33.65
2021-11-03 16:14:30 +0530,471311,17.3,7.8,44.09,33.65
2021-11-03 16:15:00 +0530,471312,28.0,9.8,44.19,33.66
2021-11-03 16:15:30 +0530,471313,18.9,8.2,44.39,33.68
2021-11-03 16:16:00 +0530,471314,12.2,5.3,44.13,33.68
2021-11-03 16:16:30 +0530,471315,12.9,5.9,44.19,33.7
2021-11-03 16:17:00 +0530,471316,18.8,7.2,44.29,33.7
2021-11-03 16:17:30 +0530,471317,12.0,6.7,44.29,33.7
2021-11-03 16:18:00 +0530,471318,20.4,8.3,44.32,33.71
2021-11-03 16:18:30 +0530,471319,10.8,5.7,44.6,33.68
2021-11-03 16:19:00 +0530,471320,12.9,7.0,44.32,33.71
2021-11-03 16:19:30 +0530,471321,9.4,5.6,44.25,33.72
2021-11-03 16:20:00 +0530,471322,16.9,5.7,44.32,33.72
2021-11-03 16:20:30 +0530,471323,28.1,7.7,44.6,33.73
2021-11-03 16:21:00 +0530,471324,26.4,7.9,44.67,33.76
2021-11-03 16:21:30 +0530,471325,25.9,7.6,44.87,33.76
2021-11-03 16:22:00 +0530,471326,27.3,7.3,44.7,33.76
2021-11-03 16:22:30 +0530,471327,11.1,5.8,44.77,33.76
2021-11-03 16:23:00 +0530,471328,9.0,5.4,44.67,33.76
2021-11-03 16:23:30 +0530,471329,9.7,6.2,44.32,33.76
2021-11-03 16:24:00 +0530,471330,12.5,6.8,44.32,33.74
2021-11-03 16:24:30 +0530,471331,13.0,6.6,44.63,33.72
2021-11-03 16:25:00 +0530,471332,12.8,6.3,44.83,33.7
2021-11-03 16:25:30 +0530,471333,12.1,6.5,44.83,33.68
2021-11-03 16:26:00 +0530,471334,15.7,6.8,44.93,33.67
2021-11-03 16:26:30 +0530,471335,13.4,3.8,44.93,33.63
2021-11-03 16:27:00 +0530,471336,15.9,7.3,44.93,33.61
2021-11-03 16:27:30 +0530,471337,16.2,6.7,45.18,33.59
2021-11-03 16:28:00 +0530,471338,11.5,6.7,45.09,33.59
2021-11-03 16:28:30 +0530,471339,7.6,5.6,44.67,33.56
2021-11-03 16:29:00 +0530,471340,20.7,7.2,44.78,33.56
2021-11-03 16:29:30 +0530,471341,26.3,7.7,44.91,33.57
2021-11-03 16:30:00 +0530,471342,11.3,6.0,44.93,33.59
2021-11-03 16:30:30 +0530,471343,12.4,6.7,44.97,33.6
2021-11-03 16:31:00 +0530,471344,18.6,11.2,44.97,33.61
2021-11-03 16:31:30 +0530,471345,12.4,9.4,45.0,33.61
2021-11-03 16:32:00 +0530,471346,10.0,6.5,45.11,33.61
2021-11-03 16:32:30 +0530,471347,15.4,6.3,45.14,33.6
2021-11-03 16:33:00 +0530,471348,8.6,5.6,45.07,33.59
2021-11-03 16:33:30 +0530,471349,10.8,6.5,45.07,33.59
2021-11-03 16:34:00 +0530,471350,15.7,9.6,44.95,33.59
2021-11-03 16:34:30 +0530,471351,12.0,7.9,44.64,33.58
2021-11-03 16:35:00 +0530,471352,9.2,6.1,44.51,33.57
2021-11-03 16:35:30 +0530,471353,19.7,12.8,44.54,33.55
2021-11-03 16:36:00 +0530,471354,25.5,18.2,44.67,33.55
2021-11-03 16:36:30 +0530,471355,28.4,19.9,44.78,33.56
2021-11-03 16:37:00 +0530,471356,71.5,48.2,44.85,33.57
2021-11-03 16:37:30 +0530,471357,43.8,25.7,44.81,33.57
2021-11-03 16:38:00 +0530,471358,56.1,40.8,44.91,33.58
2021-11-03 16:38:30 +0530,471359,42.0,32.8,44.85,33.59
2021-11-03 16:39:00 +0530,471360,65.3,52.2,44.98,33.57
2021-11-03 16:39:30 +0530,471361,132.5,109.7,45.02,33.57
2021-11-03 16:40:00 +0530,471362,24.0,19.0,44.95,33.55
2021-11-03 16:40:30 +0530,471363,59.0,47.7,44.81,33.53
2021-11-03 16:41:00 +0530,471364,36.9,22.1,44.78,33.52
2021-11-03 16:41:30 +0530,471365,35.1,24.4,44.85,33.52
2021-11-03 16:42:00 +0530,471366,64.1,39.0,45.09,33.52
2021-11-03 16:42:30 +0530,471367,35.4,26.9,45.12,33.51
2021-11-03 16:43:00 +0530,471368,25.3,18.4,45.05,33.51
2021-11-03 16:43:30 +0530,471369,25.9,18.8,45.16,33.5
2021-11-03 16:44:00 +0530,471370,20.3,13.5,45.09,33.5
2021-11-03 16:44:30 +0530,471371,25.6,22.9,44.98,33.49
2021-11-03 16:45:00 +0530,471372,12.4,9.6,45.02,33.48
2021-11-03 16:45:30 +0530,471373,12.3,7.3,45.09,33.46
2021-11-03 16:46:00 +0530,471374,11.9,7.6,45.19,33.45
2021-11-03 16:46:30 +0530,471375,17.0,10.6,45.37,33.43
2021-11-03 16:47:00 +0530,471376,17.1,11.3,45.54,33.41
2021-11-03 16:47:30 +0530,471377,30.0,16.4,45.84,33.4
2021-11-03 16:48:00 +0530,471378,27.6,15.1,45.7,33.38
2021-11-03 16:48:30 +0530,471379,18.4,13.7,45.57,33.38
2021-11-03 16:49:00 +0530,471380,7.1,3.0,45.3,33.33
2021-11-03 16:49:30 +0530,471381,20.4,13.1,45.23,33.33
2021-11-03 16:50:00 +0530,471382,23.5,16.9,45.13,33.31
2021-11-03 16:50:30 +0530,471383,16.7,11.5,45.13,33.29
2021-11-03 16:51:00 +0530,471384,10.8,7.1,45.26,33.27
2021-11-03 16:51:30 +0530,471385,13.3,6.6,45.09,33.26
2021-11-03 16:52:00 +0530,471386,5.7,4.2,45.14,33.21
2021-11-03 16:52:30 +0530,471387,13.8,6.6,45.17,33.17
2021-11-03 16:53:00 +0530,471388,13.0,8.1,45.14,33.16
2021-11-03 16:53:30 +0530,471389,20.1,12.1,45.31,33.16
2021-11-03 16:54:00 +0530,471390,20.9,13.7,45.45,33.15
2021-11-03 16:54:30 +0530,471391,31.0,18.6,45.28,33.13
2021-11-03 16:55:00 +0530,471392,26.6,20.2,45.24,33.12
2021-11-03 16:55:30 +0530,471393,30.2,21.9,45.21,33.11
2021-11-03 16:56:00 +0530,471394,13.6,8.2,44.84,33.08
2021-11-03 16:56:30 +0530,471395,17.3,9.7,44.84,33.08
2021-11-03 16:57:00 +0530,471396,16.4,8.3,44.91,33.06
2021-11-03 16:57:30 +0530,471397,18.7,7.6,44.91,33.05
2021-11-03 16:58:00 +0530,471398,19.5,7.7,44.98,33.03
2021-11-03 16:58:30 +0530,471399,22.0,7.5,44.95,33.03
2021-11-03 16:59:00 +0530,471400,15.7,6.4,44.91,33.01
2021-11-03 16:59:30 +0530,471401,14.6,4.6,44.88,32.99
2021-11-03 17:00:00 +0530,471402,31.3,10.6,45.02,32.99
2021-11-03 17:00:30 +0530,471403,30.7,8.9,44.95,32.99
2021-11-03 17:01:00 +0530,471404,40.8,7.1,45.08,32.98
2021-11-03 17:01:30 +0530,471405,34.2,8.5,44.84,32.98
2021-11-03 17:02:00 +0530,471406,27.7,7.6,44.74,32.98
2021-11-03 17:02:30 +0530,471407,29.1,7.8,44.84,32.99
2021-11-03 17:03:00 +0530,471408,8.9,3.2,44.95,32.97
2021-11-03 17:03:30 +0530,471409,21.1,6.4,44.84,32.97
2021-11-03 17:04:00 +0530,471410,26.5,9.1,45.05,32.97
2021-11-03 17:04:30 +0530,471411,14.4,6.1,44.95,32.97
2021-11-03 17:05:00 +0530,471412,17.6,5.9,44.88,32.97
2021-11-03 17:05:30 +0530,471413,14.2,5.9,44.98,32.96
2021-11-03 17:06:00 +0530,471414,23.8,4.6,44.95,32.93
2021-11-03 17:06:30 +0530,471415,19.8,6.6,44.98,32.92
2021-11-03 17:07:00 +0530,471416,14.9,5.7,45.08,32.91
2021-11-03 17:07:30 +0530,471417,13.1,6.4,45.08,32.91
2021-11-03 17:08:00 +0530,471418,22.4,7.4,45.28,32.9
2021-11-03 17:08:30 +0530,471419,16.1,6.6,45.42,32.9
2021-11-03 17:09:00 +0530,471420,17.9,6.2,45.47,32.9
2021-11-03 17:09:30 +0530,471421,12.0,5.6,45.3,32.89
2021-11-03 17:10:00 +0530,471422,11.7,5.9,45.09,32.88
2021-11-03 17:10:30 +0530,471423,19.7,7.8,45.19,32.85
2021-11-03 17:11:00 +0530,471424,12.6,5.9,45.16,32.85
2021-11-03 17:11:30 +0530,471425,10.7,6.5,45.12,32.84
2021-11-03 17:12:00 +0530,471426,6.4,3.1,45.23,32.77
2021-11-03 17:12:30 +0530,471427,9.6,3.9,45.4,32.75
2021-11-03 17:13:00 +0530,471428,14.1,5.8,45.41,32.74
2021-11-03 17:13:30 +0530,471429,11.9,5.7,45.38,32.73
2021-11-03 17:14:00 +0530,471430,11.9,4.7,45.34,32.73
2021-11-03 17:14:30 +0530,471431,10.8,5.3,45.34,32.72
2021-11-03 17:15:00 +0530,471432,10.6,5.9,45.45,32.71
2021-11-03 17:15:30 +0530,471433,11.3,6.9,45.48,32.71
2021-11-03 17:16:00 +0530,471434,9.0,3.2,45.61,32.67
2021-11-03 17:16:30 +0530,471435,14.6,7.2,45.78,32.66
2021-11-03 17:17:00 +0530,471436,11.6,5.9,45.71,32.64
2021-11-03 17:17:30 +0530,471437,17.7,6.7,45.75,32.63
2021-11-03 17:18:00 +0530,471438,7.7,2.4,45.92,32.59
2021-11-03 17:18:30 +0530,471439,12.4,6.2,45.96,32.59
2021-11-03 17:19:00 +0530,471440,63.9,9.7,46.09,32.57
2021-11-03 17:19:30 +0530,471441,12.3,5.4,46.2,32.56
2021-11-03 17:20:00 +0530,471442,14.3,6.2,46.25,32.55
2021-11-03 17:20:30 +0530,471443,27.7,6.0,46.31,32.53
2021-11-03 17:21:00 +0530,471444,25.1,8.6,46.41,32.53
2021-11-03 17:21:30 +0530,471445,31.0,9.6,46.54,32.54
2021-11-03 17:22:00 +0530,471446,21.4,8.6,46.51,32.54
2021-11-03 17:22:30 +0530,471447,5.7,2.3,46.57,32.52
2021-11-03 17:23:00 +0530,471448,12.6,5.9,46.47,32.53
2021-11-03 17:23:30 +0530,471449,11.3,5.3,46.51,32.53
2021-11-03 17:24:00 +0530,471450,16.0,6.1,46.54,32.54
2021-11-03 17:24:30 +0530,471451,6.5,2.1,46.67,32.5
2021-11-03 17:25:00 +0530,471452,8.4,4.9,46.71,32.5
2021-11-03 17:25:30 +0530,471453,8.6,5.3,46.78,32.5
2021-11-03 17:26:00 +0530,471454,13.2,5.9,46.81,32.49
2021-11-03 17:26:30 +0530,471455,24.1,6.8,46.88,32.5
2021-11-03 17:27:00 +0530,471456,15.4,6.1,47.02,32.49
2021-11-03 17:27:30 +0530,471457,12.8,6.3,47.02,32.48
2021-11-03 17:28:00 +0530,471458,10.4,5.9,47.02,32.48
2021-11-03 17:28:30 +0530,471459,8.8,5.7,47.09,32.46
2021-11-03 17:29:00 +0530,471460,12.5,6.1,47.22,32.45
2021-11-03 17:29:30 +0530,471461,11.0,5.7,47.18,32.42
2021-11-03 17:30:00 +0530,471462,13.0,5.7,47.25,32.41
2021-11-03 17:30:30 +0530,471463,13.0,6.4,47.29,32.39
2021-11-03 17:31:00 +0530,471464,13.5,8.1,47.5,32.38
2021-11-03 17:31:30 +0530,471465,16.8,6.9,47.47,32.37
2021-11-03 17:32:00 +0530,471466,13.6,7.4,47.57,32.35
2021-11-03 17:32:30 +0530,471467,14.7,6.8,47.57,32.33
2021-11-03 17:33:00 +0530,471468,14.9,6.1,47.67,32.32
2021-11-03 17:33:30 +0530,471469,10.2,3.1,47.83,32.3
2021-11-03 17:34:00 +0530,471470,14.7,6.8,47.83,32.29
2021-11-03 17:34:30 +0530,471471,14.8,7.2,47.83,32.28
2021-11-03 17:35:00 +0530,471472,12.5,6.8,47.83,32.27
2021-11-03 17:35:30 +0530,471473,11.8,6.1,47.87,32.26
2021-11-03 17:36:00 +0530,471474,11.4,6.0,48.01,32.24
2021-11-03 17:36:30 +0530,471475,11.3,6.0,48.04,32.23
2021-11-03 17:37:00 +0530,471476,15.3,6.3,48.12,32.22
2021-11-03 17:37:30 +0530,471477,13.2,7.1,48.18,32.19
2021-11-03 17:38:00 +0530,471478,15.4,6.8,48.25,32.18
2021-11-03 17:38:30 +0530,471479,14.4,6.5,48.25,32.18
2021-11-03 17:39:00 +0530,471480,11.8,6.4,48.18,32.17
2021-11-03 17:39:30 +0530,471481,12.6,6.6,48.25,32.17
2021-11-03 17:40:00 +0530,471482,8.3,3.1,48.38,32.14
2021-11-03 17:40:30 +0530,471483,13.5,6.7,48.38,32.13
2021-11-03 17:41:00 +0530,471484,12.9,6.8,48.35,32.14
2021-11-03 17:41:30 +0530,471485,9.5,5.9,48.35,32.13
2021-11-03 17:42:00 +0530,471486,11.3,5.7,48.42,32.12
2021-11-03 17:42:30 +0530,471487,27.1,8.4,48.45,32.11
2021-11-03 17:43:00 +0530,471488,11.9,6.5,48.59,32.1
2021-11-03 17:43:30 +0530,471489,15.7,6.7,48.62,32.09
2021-11-03 17:44:00 +0530,471490,19.8,7.2,48.79,32.08
2021-11-03 17:44:30 +0530,471491,10.7,6.6,48.76,32.07
2021-11-03 17:45:00 +0530,471492,11.2,6.7,48.87,32.07
2021-11-03 17:45:30 +0530,471493,15.9,3.9,48.94,32.02
2021-11-03 17:46:00 +0530,471494,21.9,8.3,49.24,32.03
2021-11-03 17:46:30 +0530,471495,19.7,7.9,49.37,32.03
2021-11-03 17:47:00 +0530,471496,19.6,8.0,49.44,32.03
2021-11-03 17:47:30 +0530,471497,12.0,3.9,49.44,31.94
2021-11-03 17:48:00 +0530,471498,17.7,7.8,49.51,31.96
2021-11-03 17:48:30 +0530,471499,15.4,7.7,49.61,31.98
2021-11-03 17:49:00 +0530,471500,14.8,7.4,49.48,31.99
2021-11-03 17:49:30 +0530,471501,12.3,6.9,49.44,32.0
2021-11-03 17:50:00 +0530,471502,17.4,8.1,49.48,31.99
2021-11-03 17:50:30 +0530,471503,28.0,10.0,49.58,32.0
2021-11-03 17:51:00 +0530,471504,19.3,7.7,49.61,32.0
2021-11-03 17:51:30 +0530,471505,19.3,7.9,49.68,32.01
2021-11-03 17:52:00 +0530,471506,16.7,7.6,49.61,32.0
2021-11-03 17:52:30 +0530,471507,19.0,8.1,49.61,32.0
2021-11-03 17:53:00 +0530,471508,15.5,7.6,49.58,32.0
2021-11-03 17:53:30 +0530,471509,19.6,6.8,49.79,31.98
2021-11-03 17:54:00 +0530,471510,14.1,8.2,49.61,31.98
2021-11-03 17:54:30 +0530,471511,13.4,4.9,49.89,31.96
2021-11-03 17:55:00 +0530,471512,12.8,4.7,49.89,31.96
2021-11-03 17:55:30 +0530,471513,14.4,5.1,50.2,31.76
2021-11-03 17:56:00 +0530,471514,14.4,4.2,50.23,31.8
2021-11-03 17:56:30 +0530,471515,18.8,8.0,50.13,31.82
2021-11-03 17:57:00 +0530,471516,11.0,4.3,50.16,31.83
2021-11-03 17:57:30 +0530,471517,15.4,6.9,50.03,31.84
2021-11-03 17:58:00 +0530,471518,19.6,8.4,50.16,31.84
2021-11-03 17:58:30 +0530,471519,13.5,4.8,50.27,31.83
2021-11-03 17:59:00 +0530,471520,19.9,7.9,50.23,31.84
2021-11-03 17:59:30 +0530,471521,14.0,7.4,50.2,31.84
2021-11-03 18:00:00 +0530,471522,11.7,7.2,50.23,31.84
2021-11-03 18:00:30 +0530,471523,18.7,7.7,50.23,31.84
2021-11-03 18:01:00 +0530,471524,12.8,6.9,50.27,31.84
2021-11-03 18:01:30 +0530,471525,13.8,8.0,50.3,31.83
2021-11-03 18:02:00 +0530,471526,21.5,7.2,50.5,31.81
2021-11-03 18:02:30 +0530,471527,19.4,9.6,50.57,31.81
2021-11-03 18:03:00 +0530,471528,21.0,9.1,50.63,31.81
2021-11-03 18:03:30 +0530,471529,21.8,11.3,50.7,31.82
2021-11-03 18:04:00 +0530,471530,21.1,11.3,50.7,31.82
2021-11-03 18:04:30 +0530,471531,14.1,5.9,51.11,31.65
2021-11-03 18:05:00 +0530,471532,21.6,8.9,50.88,31.68
2021-11-03 18:05:30 +0530,471533,21.8,9.8,50.85,31.7
2021-11-03 18:06:00 +0530,471534,16.1,9.8,50.94,31.72
2021-11-03 18:06:30 +0530,471535,23.7,10.4,50.91,31.75
2021-11-03 18:07:00 +0530,471536,18.3,9.2,50.81,31.76
2021-11-03 18:07:30 +0530,471537,28.1,10.4,50.74,31.79
2021-11-03 18:08:00 +0530,471538,27.5,7.1,50.74,31.74
2021-11-03 18:08:30 +0530,471539,19.4,9.4,50.67,31.76
2021-11-03 18:09:00 +0530,471540,20.1,9.9,50.63,31.78
2021-11-03 18:09:30 +0530,471541,18.1,9.6,50.74,31.76
2021-11-03 18:10:00 +0530,471542,27.8,13.2,50.91,31.78
2021-11-03 18:10:30 +0530,471543,23.4,12.6,50.74,31.78
2021-11-03 18:11:00 +0530,471544,18.3,9.9,50.74,31.78
2021-11-03 18:11:30 +0530,471545,18.3,9.9,50.67,31.76
2021-11-03 18:12:00 +0530,471546,19.3,9.1,50.74,31.75
2021-11-03 18:12:30 +0530,471547,14.7,8.6,50.77,31.76
2021-11-03 18:13:00 +0530,471548,19.2,8.1,50.7,31.75
2021-11-03 18:13:30 +0530,471549,15.5,8.6,50.81,31.75
2021-11-03 18:14:00 +0530,471550,19.6,8.8,50.81,31.74
2021-11-03 18:14:30 +0530,471551,10.7,5.0,50.92,31.72
2021-11-03 18:15:00 +0530,471552,16.8,8.6,50.92,31.72
2021-11-03 18:15:30 +0530,471553,15.9,8.0,51.01,31.72
2021-11-03 18:16:00 +0530,471554,16.8,8.1,51.04,31.72
2021-11-03 18:16:30 +0530,471555,15.9,8.6,51.14,31.73
2021-11-03 18:17:00 +0530,471556,12.9,7.7,51.24,31.72
2021-11-03 18:17:30 +0530,471557,16.2,8.6,51.41,31.72
2021-11-03 18:18:00 +0530,471558,18.0,8.6,51.56,31.72
2021-11-03 18:18:30 +0530,471559,20.1,9.4,51.89,31.71
2021-11-03 18:19:00 +0530,471560,30.6,10.3,51.98,31.71
2021-11-03 18:19:30 +0530,471561,13.7,5.8,52.01,31.68
2021-11-03 18:20:00 +0530,471562,15.6,8.9,51.98,31.69
2021-11-03 18:20:30 +0530,471563,18.9,9.2,52.13,31.68
2021-11-03 18:21:00 +0530,471564,18.9,10.1,52.25,31.67
2021-11-03 18:21:30 +0530,471565,17.7,11.8,52.36,31.67
2021-11-03 18:22:00 +0530,471566,23.3,12.2,52.4,31.65
2021-11-03 18:22:30 +0530,471567,15.3,8.2,52.36,31.65
2021-11-03 18:23:00 +0530,471568,15.3,8.3,52.43,31.63
2021-11-03 18:23:30 +0530,471569,15.9,9.0,52.49,31.61
2021-11-03 18:24:00 +0530,471570,18.1,8.5,52.54,31.6
2021-11-03 18:24:30 +0530,471571,17.6,8.9,52.63,31.58
2021-11-03 18:25:00 +0530,471572,15.9,8.6,52.72,31.57
2021-11-03 18:25:30 +0530,471573,14.3,8.9,52.78,31.57
2021-11-03 18:26:00 +0530,471574,16.5,9.7,52.87,31.56
2021-11-03 18:26:30 +0530,471575,17.7,8.8,52.98,31.56
2021-11-03 18:27:00 +0530,471576,15.6,9.2,53.07,31.54
2021-11-03 18:27:30 +0530,471577,23.2,9.1,53.17,31.54
2021-11-03 18:28:00 +0530,471578,16.6,9.1,53.25,31.53
2021-11-03 18:28:30 +0530,471579,19.5,9.3,53.37,31.53
2021-11-03 18:29:00 +0530,471580,22.1,11.1,53.43,31.53
2021-11-03 18:29:30 +0530,471581,17.5,10.1,53.34,31.54
2021-11-03 18:30:00 +0530,471582,19.8,10.1,53.34,31.54
2021-11-03 18:30:30 +0530,471583,21.1,10.7,53.34,31.54
2021-11-03 18:31:00 +0530,471584,17.4,9.7,53.4,31.53
2021-11-03 18:31:30 +0530,471585,22.8,10.2,53.46,31.53
2021-11-03 18:32:00 +0530,471586,16.6,9.4,53.46,31.53
2021-11-03 18:32:30 +0530,471587,18.4,9.5,53.52,31.54
2021-11-03 18:33:00 +0530,471588,16.4,8.7,53.49,31.53
2021-11-03 18:33:30 +0530,471589,11.1,8.4,53.52,31.52
2021-11-03 18:34:00 +0530,471590,14.0,9.2,53.67,31.51
2021-11-03 18:34:30 +0530,471591,6.1,4.8,53.84,31.48
2021-11-03 18:35:00 +0530,471592,14.0,10.8,53.84,31.48
2021-11-03 18:35:30 +0530,471593,19.8,9.2,53.96,31.48
2021-11-03 18:36:00 +0530,471594,12.9,5.8,53.9,31.41
2021-11-03 18:36:30 +0530,471595,16.9,9.6,53.96,31.41
2021-11-03 18:37:00 +0530,471596,16.5,8.6,54.02,31.4
2021-11-03 18:37:30 +0530,471597,17.8,9.1,54.17,31.38
2021-11-03 18:38:00 +0530,471598,14.4,8.6,54.08,31.37
2021-11-03 18:38:30 +0530,471599,18.4,7.9,54.23,31.33
2021-11-03 18:39:00 +0530,471600,16.2,9.8,54.26,31.31
2021-11-03 18:39:30 +0530,471601,12.1,6.0,54.38,31.29
2021-11-03 18:40:00 +0530,471602,17.5,6.4,54.46,31.26
2021-11-03 18:40:30 +0530,471603,23.1,10.9,54.59,31.24
2021-11-03 18:41:00 +0530,471604,16.0,9.1,54.59,31.24
2021-11-03 18:41:30 +0530,471605,21.5,9.6,54.7,31.23
2021-11-03 18:42:00 +0530,471606,14.1,8.6,54.7,31.22
2021-11-03 18:42:30 +0530,471607,14.4,8.1,54.64,31.21
2021-11-03 18:43:00 +0530,471608,15.3,8.8,54.84,31.21
2021-11-03 18:43:30 +0530,471609,15.5,9.3,54.84,31.2
2021-11-03 18:44:00 +0530,471610,25.4,12.9,54.87,31.2
2021-11-03 18:45:00 +0530,478144,14.2,6.5,54.87,31.2
2021-11-03 18:45:30 +0530,478145,16.6,7.2,54.87,31.2
2021-11-03 18:46:00 +0530,478146,13.5,10.3,54.81,31.21
2021-11-03 18:47:00 +0530,478147,19.9,11.3,54.94,31.21
2021-11-03 18:47:30 +0530,478148,30.1,8.8,55.03,31.21
2021-11-03 18:48:00 +0530,478149,20.6,10.8,54.94,31.21
2021-11-03 18:48:30 +0530,478151,14.3,7.1,54.94,31.21
2021-11-03 18:49:00 +0530,478152,20.7,8.2,55.05,31.21
2021-11-03 18:49:30 +0530,478153,20.7,8.2,55.05,31.21
2021-11-03 18:50:00 +0530,478154,14.2,8.3,55.23,31.06
2021-11-03 18:50:30 +0530,478155,16.4,11.4,55.26,31.08
2021-11-03 18:51:00 +0530,478156,21.7,8.9,55.56,31.04
2021-11-03 18:51:30 +0530,471612,18.9,11.5,55.44,31.04
2021-11-03 18:52:00 +0530,471613,12.0,7.2,55.33,31.04
2021-11-03 18:52:30 +0530,471614,20.9,11.6,55.5,31.04
2021-11-03 18:53:00 +0530,471611,22.5,16.3,55.44,31.04
2021-11-03 18:53:30 +0530,471615,23.2,20.2,55.47,31.04
2021-11-03 18:54:00 +0530,471616,11.6,7.8,55.94,30.93
2021-11-03 18:54:30 +0530,471617,9.8,7.1,55.97,30.92
2021-11-03 18:55:00 +0530,471618,8.5,6.5,55.91,30.92
2021-11-03 18:55:30 +0530,471619,12.7,9.7,55.77,30.94
2021-11-03 18:56:00 +0530,471620,16.2,9.6,55.77,30.95
2021-11-03 18:56:30 +0530,471621,13.5,10.1,55.74,30.97
2021-11-03 18:57:00 +0530,471622,12.4,7.5,55.77,30.95
2021-11-03 18:57:30 +0530,471623,22.0,10.8,55.8,30.96
2021-11-03 18:58:00 +0530,471624,20.0,10.3,55.74,30.96
2021-11-03 18:58:30 +0530,471625,21.4,11.2,55.8,30.97
2021-11-03 18:59:00 +0530,471626,25.2,11.4,55.77,30.98
2021-11-03 18:59:30 +0530,471627,28.0,15.1,55.8,30.99
2021-11-03 19:00:00 +0530,471628,29.7,16.6,55.8,31.0
2021-11-03 19:00:30 +0530,471629,26.4,17.7,55.68,31.02
2021-11-03 19:01:00 +0530,471630,26.4,13.7,55.77,31.02
2021-11-03 19:01:30 +0530,471631,13.6,8.3,55.71,31.02
2021-11-03 19:02:00 +0530,471632,21.3,12.4,55.61,31.02
2021-11-03 19:02:30 +0530,471633,19.9,11.6,55.47,31.02
2021-11-03 19:03:00 +0530,471634,16.3,10.5,55.41,31.02
2021-11-03 19:03:30 +0530,471635,14.7,10.2,55.47,31.02
2021-11-03 19:04:00 +0530,471636,20.6,11.0,55.33,31.02
2021-11-03 19:04:30 +0530,471637,19.5,12.1,55.26,31.02
2021-11-03 19:05:00 +0530,471638,19.1,14.4,55.41,31.02
2021-11-03 19:05:30 +0530,471639,17.4,9.8,55.2,31.02
2021-11-03 19:06:00 +0530,471640,14.7,9.2,55.12,31.02
2021-11-03 19:06:30 +0530,471641,13.3,8.9,55.06,31.02
2021-11-03 19:07:00 +0530,471642,9.7,6.4,55.17,30.98
2021-11-03 19:07:30 +0530,471643,14.3,10.1,55.2,30.98
2021-11-03 19:08:00 +0530,471644,18.1,11.1,55.26,30.98
2021-11-03 19:08:30 +0530,471645,28.8,16.1,55.44,30.97
2021-11-03 19:09:00 +0530,471646,17.2,11.3,55.33,30.97
2021-11-03 19:09:30 +0530,471647,18.3,11.0,55.41,30.97
2021-11-03 19:10:00 +0530,471648,15.6,10.3,55.23,30.96
2021-11-03 19:10:30 +0530,471649,13.7,10.1,55.26,30.97
2021-11-03 19:11:00 +0530,471650,17.5,10.2,55.33,30.97
2021-11-03 19:11:30 +0530,471651,12.2,9.1,55.36,30.97
2021-11-03 19:12:00 +0530,471652,10.6,9.5,55.26,30.96
2021-11-03 19:12:30 +0530,471653,17.4,9.5,55.23,30.94
2021-11-03 19:13:00 +0530,471654,16.0,10.7,55.26,30.94
2021-11-03 19:13:30 +0530,471655,14.7,8.2,55.44,30.91
2021-11-03 19:14:00 +0530,471656,19.1,10.9,55.41,30.9
2021-11-03 19:14:30 +0530,471657,13.1,10.0,55.41,30.9
2021-11-03 19:15:00 +0530,471658,15.7,10.6,55.47,30.87
2021-11-03 19:15:30 +0530,471659,15.8,10.9,55.56,30.86
2021-11-03 19:16:00 +0530,471660,17.3,10.5,55.56,30.85
2021-11-03 19:16:30 +0530,471661,19.7,10.3,55.59,30.83
2021-11-03 19:17:00 +0530,471662,16.5,11.2,55.65,30.82
2021-11-03 19:17:30 +0530,471663,22.8,12.6,55.68,30.81
2021-11-03 19:18:00 +0530,471664,20.9,11.4,55.71,30.79
2021-11-03 19:18:30 +0530,471665,13.4,8.1,55.86,30.76
2021-11-03 19:19:00 +0530,471666,13.9,10.3,55.89,30.76
2021-11-03 19:19:30 +0530,471667,20.4,11.2,55.97,30.76
2021-11-03 19:20:00 +0530,471668,18.2,10.9,55.91,30.75
2021-11-03 19:20:30 +0530,471669,16.5,10.9,55.97,30.74
2021-11-03 19:21:00 +0530,471670,22.3,13.9,56.12,30.72
2021-11-03 19:21:30 +0530,471671,27.0,13.5,56.32,30.71
2021-11-03 19:22:00 +0530,471672,21.7,11.6,56.18,30.71
2021-11-03 19:22:30 +0530,471673,15.8,11.2,56.03,30.71
2021-11-03 19:23:00 +0530,471674,16.9,11.5,56.07,30.71
2021-11-03 19:23:30 +0530,471675,16.3,11.6,56.12,30.7
2021-11-03 19:24:00 +0530,471676,18.7,12.2,56.12,30.7
2021-11-03 19:24:30 +0530,471677,11.8,8.4,56.21,30.67
2021-11-03 19:25:00 +0530,471678,16.2,11.3,56.12,30.67
2021-11-03 19:25:30 +0530,471679,12.6,7.6,56.21,30.65
2021-11-03 19:26:00 +0530,471680,11.3,7.6,56.32,30.63
2021-11-03 19:26:30 +0530,471681,26.3,10.4,56.45,30.61
2021-11-03 19:27:00 +0530,471682,19.9,14.3,56.36,30.62
2021-11-03 19:27:30 +0530,471683,18.7,14.4,56.36,30.62
2021-11-03 19:28:00 +0530,471684,17.8,9.2,56.77,30.45
2021-11-03 19:28:30 +0530,471685,22.9,10.7,56.86,30.45
2021-11-03 19:29:00 +0530,471686,34.4,13.9,56.92,30.51
2021-11-03 19:29:30 +0530,471687,15.1,11.1,56.59,30.55
2021-11-03 19:30:00 +0530,471688,17.0,11.9,56.48,30.57
2021-11-03 19:30:30 +0530,471689,21.4,12.6,56.5,30.6
2021-11-03 19:31:30 +0530,471690,15.8,8.8,56.45,30.6
2021-11-03 19:32:00 +0530,471691,18.6,9.3,56.5,30.57
2021-11-03 19:32:30 +0530,471692,16.9,12.1,56.36,30.6
2021-11-03 19:33:00 +0530,471693,17.7,12.1,56.24,30.6
2021-11-03 19:33:30 +0530,471694,16.7,11.6,56.12,30.6
2021-11-03 19:34:00 +0530,471695,19.8,12.3,55.97,30.6
2021-11-03 19:34:30 +0530,471696,18.3,11.6,55.83,30.6
2021-11-03 19:35:00 +0530,471697,16.3,11.4,55.83,30.57
2021-11-03 19:35:30 +0530,471698,20.7,11.4,55.74,30.57
2021-11-03 19:36:00 +0530,471699,15.3,8.6,55.94,30.55
2021-11-03 19:36:30 +0530,471700,26.7,15.2,55.83,30.55
2021-11-03 19:37:00 +0530,471701,17.4,12.2,55.65,30.55
2021-11-03 19:37:30 +0530,471702,17.6,11.6,55.65,30.55
2021-11-03 19:38:00 +0530,471703,17.7,12.8,55.71,30.55
2021-11-03 19:38:30 +0530,471704,20.2,11.9,55.62,30.54
2021-11-03 19:39:00 +0530,471705,13.4,10.4,55.56,30.54
2021-11-03 19:40:00 +0530,471706,12.2,8.3,55.83,30.49
2021-11-03 19:40:30 +0530,471707,14.9,10.9,55.68,30.49
2021-11-03 19:41:00 +0530,471708,16.4,11.1,55.68,30.49
2021-11-03 19:41:30 +0530,471709,19.1,11.9,55.86,30.5
2021-11-03 19:42:00 +0530,471710,17.8,11.2,55.74,30.5
2021-11-03 19:42:30 +0530,471711,17.8,11.2,55.74,30.5
2021-11-03 19:43:00 +0530,471712,15.4,8.7,55.94,30.39
2021-11-03 19:43:30 +0530,471713,14.6,10.8,55.89,30.4
2021-11-03 19:44:00 +0530,471714,18.4,12.2,55.94,30.42
2021-11-03 19:44:30 +0530,471715,18.0,11.9,55.89,30.44
2021-11-03 19:45:00 +0530,471716,19.5,11.8,55.8,30.44
2021-11-03 19:45:30 +0530,471717,17.0,14.9,55.74,30.46
2021-11-03 19:46:00 +0530,471718,16.3,10.8,55.8,30.47
2021-11-03 19:46:30 +0530,471719,18.4,11.2,55.68,30.48
2021-11-03 19:47:00 +0530,471720,15.6,10.8,55.68,30.48
2021-11-03 19:47:30 +0530,471721,18.7,11.0,55.56,30.49
2021-11-03 19:48:00 +0530,471722,14.1,11.1,55.56,30.49
2021-11-03 19:48:30 +0530,471723,13.8,10.3,55.59,30.48
2021-11-03 19:49:00 +0530,471724,19.0,9.1,55.62,30.45
2021-11-03 19:49:30 +0530,471725,21.2,13.4,55.68,30.46
2021-11-03 19:50:00 +0530,471726,17.7,7.9,55.83,30.45
2021-11-03 19:50:30 +0530,471727,18.8,11.9,55.71,30.45
2021-11-03 19:51:00 +0530,471728,17.9,11.7,55.74,30.46
2021-11-03 19:51:30 +0530,471729,17.8,12.2,55.71,30.47
2021-11-03 19:52:00 +0530,471730,20.4,12.9,55.74,30.48
2021-11-03 19:52:30 +0530,471731,14.2,8.7,55.86,30.45
2021-11-03 19:53:00 +0530,471732,28.4,18.3,55.83,30.45
2021-11-03 19:53:30 +0530,471733,25.1,17.7,55.86,30.46
2021-11-03 19:54:00 +0530,471734,25.4,15.3,55.83,30.46
2021-11-03 19:54:30 +0530,471735,21.4,11.1,56.0,30.42
2021-11-03 19:55:00 +0530,471736,20.1,12.8,55.86,30.42
2021-11-03 19:55:30 +0530,471737,22.3,13.8,55.91,30.42
2021-11-03 19:56:00 +0530,471738,27.1,14.7,55.94,30.42
2021-11-03 19:56:30 +0530,471739,27.2,10.0,56.0,30.4
2021-11-03 19:57:00 +0530,471740,21.3,14.3,56.03,30.41
2021-11-03 19:57:30 +0530,471741,22.0,13.9,56.07,30.41
2021-11-03 19:58:00 +0530,471742,18.0,12.9,55.97,30.42
2021-11-03 19:58:30 +0530,471743,11.7,8.7,56.09,30.39
2021-11-03 19:59:00 +0530,471744,22.8,13.9,56.03,30.39
2021-11-03 19:59:30 +0530,471745,28.1,18.9,56.12,30.4
2021-11-03 20:00:00 +0530,471746,24.5,16.4,56.09,30.42
2021-11-03 20:00:30 +0530,471747,23.2,13.1,56.07,30.44
2021-11-03 20:01:00 +0530,471748,9.9,8.7,56.12,30.41
2021-11-03 20:01:30 +0530,471749,22.5,13.6,56.09,30.44
2021-11-03 20:02:00 +0530,471750,21.9,13.1,56.09,30.46
2021-11-03 20:02:30 +0530,471751,22.6,15.7,56.07,30.47
2021-11-03 20:03:00 +0530,471752,23.1,14.6,56.12,30.48
2021-11-03 20:03:30 +0530,471753,30.3,17.4,56.07,30.49
2021-11-03 20:04:00 +0530,471754,30.6,22.0,56.07,30.49
2021-11-03 20:04:30 +0530,471755,32.3,19.6,56.0,30.51
2021-11-03 20:05:00 +0530,471756,30.3,20.3,56.06,30.51
2021-11-03 20:05:30 +0530,471757,27.2,16.6,56.06,30.52
2021-11-03 20:06:00 +0530,471758,27.9,16.9,56.09,30.52
2021-11-03 20:06:30 +0530,471759,23.0,13.5,56.32,30.42
2021-11-03 20:07:00 +0530,471760,38.4,24.6,56.32,30.45
2021-11-03 20:07:30 +0530,471761,34.3,20.9,56.21,30.47
2021-11-03 20:08:00 +0530,471762,51.7,32.7,56.27,30.48
2021-11-03 20:08:30 +0530,471763,34.8,22.3,56.3,30.48
2021-11-03 20:09:00 +0530,471764,35.9,20.1,56.3,30.5
2021-11-03 20:09:30 +0530,471765,35.4,20.0,56.24,30.51
2021-11-03 20:10:00 +0530,471766,27.6,14.0,56.62,30.4
2021-11-03 20:10:30 +0530,471767,25.9,15.8,56.45,30.42
2021-11-03 20:11:00 +0530,471768,22.1,13.2,56.5,30.44
2021-11-03 20:11:30 +0530,471769,27.1,15.9,56.36,30.46
2021-11-03 20:12:00 +0530,471770,20.6,13.8,56.3,30.47
2021-11-03 20:12:30 +0530,471771,23.2,14.3,56.27,30.47
2021-11-03 20:13:00 +0530,471772,23.8,15.8,56.39,30.49
2021-11-03 20:13:30 +0530,471773,33.4,16.8,56.32,30.49
2021-11-03 20:14:00 +0530,471774,28.8,18.9,56.27,30.49
2021-11-03 20:14:30 +0530,471775,31.1,16.7,56.27,30.5
2021-11-03 20:15:00 +0530,471776,25.6,13.7,56.39,30.47
2021-11-03 20:15:30 +0530,471777,27.7,15.3,56.39,30.45
2021-11-03 20:16:00 +0530,471778,29.9,16.4,56.32,30.45
2021-11-03 20:16:30 +0530,471779,30.1,17.1,56.39,30.45
2021-11-03 20:17:00 +0530,471780,26.1,16.9,56.45,30.46
2021-11-03 20:17:30 +0530,471781,31.7,16.6,56.56,30.47
2021-11-03 20:18:00 +0530,471782,25.7,15.7,56.42,30.46
2021-11-03 20:18:30 +0530,471783,37.4,18.7,56.48,30.47
2021-11-03 20:19:00 +0530,471784,30.5,13.8,56.56,30.44
2021-11-03 20:19:30 +0530,471785,35.4,18.1,56.53,30.42
2021-11-03 20:20:00 +0530,471786,28.6,17.3,56.53,30.44
2021-11-03 20:20:30 +0530,471787,27.2,14.6,56.62,30.42
2021-11-03 20:21:00 +0530,471788,34.2,18.9,56.59,30.42
2021-11-03 20:21:30 +0530,471789,29.8,15.6,56.62,30.4
2021-11-03 20:22:00 +0530,471790,35.0,21.4,56.56,30.41
2021-11-03 20:22:30 +0530,471791,24.1,14.9,56.65,30.38
2021-11-03 20:23:00 +0530,471792,28.8,17.0,56.62,30.38
2021-11-03 20:23:31 +0530,471793,22.1,13.2,56.77,30.36
2021-11-03 20:24:00 +0530,471794,28.8,16.9,56.71,30.35
2021-11-03 20:24:30 +0530,471795,37.5,18.2,56.68,30.36
2021-11-03 20:25:00 +0530,471796,29.9,17.0,56.77,30.36
2021-11-03 20:25:30 +0530,471797,28.5,16.9,56.77,30.36
2021-11-03 20:26:00 +0530,471798,25.7,12.6,57.35,30.2
2021-11-03 20:26:30 +0530,471799,31.1,17.2,57.3,30.22
2021-11-03 20:27:00 +0530,471800,25.8,13.1,57.35,30.23
2021-11-03 20:27:30 +0530,471801,30.3,15.6,57.18,30.26
2021-11-03 20:28:00 +0530,471802,28.1,18.3,57.06,30.27
2021-11-03 20:28:30 +0530,471803,29.1,16.4,57.0,30.3
2021-11-03 20:29:00 +0530,471804,22.0,15.2,56.94,30.31
2021-11-03 20:29:30 +0530,471805,19.2,14.7,56.86,30.31
2021-11-03 20:30:00 +0530,471806,22.6,14.7,56.86,30.31
2021-11-03 20:30:30 +0530,471807,22.3,15.2,56.86,30.31
2021-11-03 20:31:00 +0530,471808,23.0,14.5,57.03,30.27
2021-11-03 20:31:30 +0530,471809,21.7,13.4,57.21,30.26
2021-11-03 20:32:00 +0530,471810,33.1,16.1,57.1,30.27
2021-11-03 20:32:30 +0530,471811,25.8,15.9,57.12,30.3
2021-11-03 20:33:00 +0530,471812,33.8,16.9,57.03,30.31
2021-11-03 20:33:30 +0530,471813,25.6,16.3,57.1,30.32
2021-11-03 20:34:00 +0530,471814,16.7,11.2,57.18,30.3
2021-11-03 20:34:30 +0530,471815,22.4,14.9,57.0,30.32
2021-11-03 20:35:00 +0530,471816,26.6,16.6,57.06,30.31
2021-11-03 20:35:30 +0530,471817,31.1,17.3,57.18,30.33
2021-11-03 20:36:00 +0530,471818,26.6,17.1,57.1,30.34
2021-11-03 20:36:30 +0530,471819,28.5,16.9,57.03,30.35
2021-11-03 20:37:00 +0530,471820,23.9,15.1,56.94,30.36
2021-11-03 20:37:30 +0530,471821,25.8,15.4,57.06,30.36
2021-11-03 20:38:00 +0530,471822,27.0,16.1,57.06,30.37
2021-11-03 20:38:30 +0530,471823,25.1,14.4,57.15,30.36
2021-11-03 20:39:00 +0530,471824,43.0,28.9,57.33,30.37
2021-11-03 20:39:30 +0530,471825,31.6,12.9,57.27,30.35
2021-11-03 20:40:00 +0530,471826,25.7,21.1,57.13,30.37
2021-11-03 20:40:30 +0530,471827,28.0,16.1,57.1,30.38
2021-11-03 20:41:00 +0530,471828,33.1,17.1,57.24,30.38
2021-11-03 20:41:30 +0530,471829,19.0,12.6,57.24,30.37
2021-11-03 20:42:00 +0530,471830,22.4,15.3,57.27,30.38
2021-11-03 20:42:30 +0530,471831,18.7,14.7,57.13,30.39
2021-11-03 20:43:00 +0530,471832,23.4,15.7,57.06,30.39
2021-11-03 20:43:30 +0530,471833,23.0,15.7,57.06,30.39
2021-11-03 20:44:00 +0530,471834,26.3,16.5,57.06,30.39
2021-11-03 20:44:30 +0530,471835,24.2,15.6,57.1,30.39
2021-11-03 20:45:00 +0530,471836,24.5,12.3,57.27,30.37
2021-11-03 20:45:30 +0530,471837,31.2,16.6,57.36,30.38
2021-11-03 20:46:00 +0530,471838,25.5,15.6,57.21,30.38
2021-11-03 20:46:30 +0530,471839,25.1,15.6,57.21,30.39
2021-11-03 20:47:00 +0530,471840,22.3,12.4,57.48,30.22
2021-11-03 20:47:30 +0530,471841,20.6,15.2,57.51,30.26
2021-11-03 20:48:00 +0530,471842,20.3,15.3,57.39,30.3
2021-11-03 20:48:30 +0530,471843,25.1,15.3,57.33,30.32
2021-11-03 20:49:00 +0530,471844,22.9,15.1,57.33,30.32
2021-11-03 20:49:30 +0530,471845,26.9,15.4,57.45,30.34
2021-11-03 20:50:00 +0530,471846,20.1,12.2,57.59,30.32
2021-11-03 20:50:30 +0530,471847,20.0,17.8,57.48,30.32
2021-11-03 20:51:00 +0530,471848,22.6,15.4,57.56,30.34
2021-11-03 20:51:30 +0530,471849,22.8,15.7,57.48,30.35
2021-11-03 20:52:00 +0530,471850,23.6,16.3,57.48,30.35
2021-11-03 20:52:30 +0530,471851,22.2,15.9,57.48,30.36
2021-11-03 20:53:00 +0530,471852,25.7,17.1,57.51,30.36
2021-11-03 20:53:30 +0530,471853,35.3,19.6,57.59,30.38
2021-11-03 20:54:00 +0530,471854,33.4,20.1,57.59,30.37
2021-11-03 20:54:30 +0530,471855,25.4,16.8,57.45,30.37
2021-11-03 20:55:00 +0530,471856,28.1,13.7,57.59,30.35
2021-11-03 20:55:30 +0530,471857,25.6,14.2,57.56,30.33
2021-11-03 20:56:00 +0530,471858,26.4,15.9,57.48,30.33
2021-11-03 20:56:30 +0530,471859,36.2,19.4,57.48,30.34
2021-11-03 20:57:00 +0530,471860,31.5,18.2,57.53,30.34
2021-11-03 20:57:30 +0530,471861,33.7,19.1,57.56,30.35
2021-11-03 20:58:00 +0530,471862,27.5,18.4,57.51,30.34
2021-11-03 20:58:30 +0530,471863,42.6,23.9,57.56,30.34
2021-11-03 20:59:00 +0530,471864,31.0,19.7,57.59,30.34
2021-11-03 20:59:30 +0530,471865,26.3,19.3,57.59,30.34
2021-11-03 21:00:00 +0530,471866,23.6,16.9,57.56,30.32
2021-11-03 21:00:30 +0530,471867,22.7,17.3,57.59,30.32
2021-11-03 21:01:00 +0530,471868,24.5,17.7,57.68,30.32
2021-11-03 21:01:30 +0530,471869,26.1,18.0,57.74,30.3
2021-11-03 21:02:00 +0530,471870,20.4,17.1,57.8,30.3
2021-11-03 21:02:30 +0530,471871,28.3,17.1,57.91,30.28
2021-11-03 21:03:00 +0530,471872,26.9,17.0,58.0,30.27
2021-11-03 21:03:30 +0530,471873,22.5,14.2,58.15,30.25
2021-11-03 21:04:00 +0530,471874,23.0,16.7,58.18,30.25
2021-11-03 21:04:30 +0530,471875,25.8,17.1,58.27,30.25
2021-11-03 21:05:00 +0530,471876,31.6,17.4,58.3,30.25
2021-11-03 21:05:30 +0530,471877,25.0,16.7,58.35,30.25
2021-11-03 21:06:00 +0530,471878,22.2,16.1,58.35,30.24
2021-11-03 21:06:30 +0530,471879,25.6,16.6,58.38,30.24
2021-11-03 21:07:00 +0530,471880,25.1,17.1,58.59,30.23
2021-11-03 21:07:30 +0530,471881,25.7,16.9,58.59,30.23
2021-11-03 21:08:00 +0530,471882,24.4,16.9,58.65,30.23
2021-11-03 21:08:30 +0530,471883,37.6,19.1,58.8,30.22
2021-11-03 21:09:00 +0530,471884,38.2,20.0,58.86,30.22
2021-11-03 21:09:30 +0530,471885,31.4,18.9,58.77,30.23
2021-11-03 21:10:00 +0530,471886,24.9,17.2,58.74,30.23
2021-11-03 21:10:30 +0530,471887,19.1,13.1,58.86,30.21
2021-11-03 21:11:00 +0530,471888,26.3,18.3,58.74,30.22
2021-11-03 21:11:30 +0530,471889,26.9,19.2,58.77,30.22
2021-11-03 21:12:00 +0530,471890,32.7,16.1,58.86,30.2
2021-11-03 21:12:30 +0530,471891,26.5,18.6,58.77,30.21
2021-11-03 21:13:00 +0530,471892,17.2,13.6,58.86,30.19
2021-11-03 21:13:30 +0530,471893,24.4,16.9,58.83,30.2
2021-11-03 21:14:00 +0530,471894,25.4,17.9,58.86,30.21
2021-11-03 21:14:30 +0530,471895,27.7,15.6,58.97,30.19
2021-11-03 21:15:00 +0530,471896,28.8,14.8,59.0,30.17
2021-11-03 21:15:30 +0530,471897,18.5,13.4,59.12,30.17
2021-11-03 21:16:00 +0530,471898,23.9,17.6,59.03,30.17
2021-11-03 21:16:30 +0530,471899,22.6,18.6,59.09,30.17
2021-11-03 21:17:00 +0530,471900,22.8,17.0,59.09,30.16
2021-11-03 21:17:30 +0530,471901,22.6,16.2,59.24,30.12
2021-11-03 21:18:00 +0530,471902,30.7,24.2,59.27,30.11
2021-11-03 21:18:30 +0530,471903,24.2,15.1,59.44,30.09
2021-11-03 21:19:00 +0530,471904,14.3,12.9,59.56,30.06
2021-11-03 21:19:30 +0530,471905,14.7,13.2,59.56,30.06
2021-11-03 21:20:30 +0530,471906,20.5,15.9,60.18,29.83
2021-11-03 21:21:00 +0530,471907,23.9,18.9,60.15,29.87
2021-11-03 21:21:30 +0530,471908,24.8,21.6,60.12,29.89
2021-11-03 21:22:00 +0530,471909,28.0,20.4,60.09,29.91
2021-11-03 21:22:30 +0530,471910,28.0,23.7,60.0,29.92
2021-11-03 21:23:00 +0530,471911,23.3,18.6,60.0,29.93
2021-11-03 21:23:30 +0530,471912,24.1,15.6,60.15,29.91
2021-11-03 21:24:00 +0530,471913,23.8,19.6,60.12,29.91
2021-11-03 21:24:30 +0530,471914,23.0,15.5,60.24,29.89
2021-11-03 21:25:00 +0530,471915,16.2,14.5,60.24,29.86
2021-11-03 21:25:30 +0530,471916,27.1,24.2,60.29,29.88
2021-11-03 21:26:00 +0530,471917,26.7,20.8,60.32,29.87
2021-11-03 21:26:30 +0530,471918,28.9,22.6,60.47,29.88
2021-11-03 21:27:00 +0530,471919,27.4,17.6,60.5,29.86
2021-11-03 21:27:30 +0530,471920,26.4,20.2,60.5,29.88
2021-11-03 21:28:00 +0530,471921,23.9,20.6,60.5,29.9
2021-11-03 21:28:30 +0530,471922,29.2,20.6,60.35,29.9
2021-11-03 21:29:00 +0530,471923,28.0,20.8,60.32,29.91
2021-11-03 21:29:30 +0530,471924,24.1,16.1,60.35,29.88
2021-11-03 21:30:00 +0530,471925,25.7,20.3,60.35,29.9
2021-11-03 21:30:30 +0530,471926,39.3,19.1,60.47,29.88
2021-11-03 21:31:00 +0530,471927,39.3,19.1,60.47,29.88
2021-11-03 21:31:30 +0530,471928,17.1,15.3,60.64,29.75
2021-11-03 21:32:00 +0530,471929,27.0,17.9,60.41,29.76
2021-11-03 21:32:30 +0530,471930,29.7,23.3,60.32,29.76
2021-11-03 21:33:00 +0530,471931,29.7,23.3,60.32,29.75
2021-11-03 21:33:30 +0530,471932,22.8,13.2,60.99,29.53
2021-11-03 21:34:00 +0530,471933,24.9,18.0,60.76,29.59
2021-11-03 21:34:30 +0530,471934,26.1,18.4,60.7,29.61
2021-11-03 21:35:00 +0530,471935,28.2,17.6,60.56,29.63
2021-11-03 21:35:30 +0530,471936,27.2,18.6,60.5,29.66
2021-11-03 21:36:00 +0530,471937,31.1,17.7,60.47,29.66
2021-11-03 21:36:30 +0530,471938,28.3,16.9,60.44,29.67
2021-11-03 21:37:00 +0530,471939,18.8,14.9,60.21,29.68
2021-11-03 21:37:30 +0530,471940,18.9,13.7,60.32,29.66
2021-11-03 21:38:00 +0530,471941,19.5,17.6,60.21,29.68
2021-11-03 21:38:30 +0530,471942,16.6,11.9,60.21,29.66
2021-11-03 21:39:00 +0530,471943,20.6,14.1,60.03,29.67
2021-11-03 21:39:30 +0530,471944,17.4,11.4,60.03,29.66
2021-11-03 21:40:00 +0530,471945,19.0,14.7,59.94,29.66
2021-11-03 21:40:30 +0530,471946,21.3,16.8,59.94,29.67
2021-11-03 21:41:00 +0530,471947,14.2,12.1,60.06,29.66
2021-11-03 21:41:30 +0530,471948,21.2,11.4,60.09,29.64
2021-11-03 21:42:00 +0530,471949,20.7,15.0,60.06,29.66
2021-11-03 21:42:30 +0530,471950,32.6,17.1,60.06,29.66
2021-11-03 21:43:00 +0530,471951,25.9,17.8,59.97,29.67
2021-11-03 21:43:30 +0530,471952,19.3,14.7,59.86,29.7
2021-11-03 21:44:00 +0530,471953,28.0,16.7,59.83,29.71
2021-11-03 21:44:30 +0530,471954,22.0,16.3,59.7,29.71
2021-11-03 21:45:00 +0530,471955,24.6,15.8,59.65,29.72
2021-11-03 21:45:30 +0530,471956,21.2,11.3,59.8,29.7
2021-11-03 21:46:00 +0530,471957,22.7,16.9,59.73,29.7
2021-11-03 21:46:30 +0530,471958,18.5,13.3,59.86,29.68
2021-11-03 21:47:00 +0530,471959,18.9,14.3,59.59,29.68
2021-11-03 21:47:30 +0530,471960,17.9,14.3,59.59,29.67
2021-11-03 21:48:00 +0530,471961,22.7,15.9,59.65,29.66
2021-11-03 21:48:30 +0530,471962,25.5,15.3,59.8,29.66
2021-11-03 21:49:00 +0530,471963,27.6,16.0,59.83,29.67
2021-11-03 21:49:30 +0530,471964,23.3,10.9,59.73,29.63
2021-11-03 21:50:00 +0530,471965,18.7,12.2,59.77,29.64
2021-11-03 21:50:30 +0530,471966,27.9,15.9,59.67,29.65
2021-11-03 21:51:00 +0530,471967,21.6,15.6,59.59,29.66
2021-11-03 21:51:30 +0530,471968,26.0,13.7,59.56,29.65
2021-11-03 21:52:00 +0530,471969,31.6,17.4,59.35,29.66
2021-11-03 21:52:30 +0530,471970,34.6,19.1,59.29,29.66
2021-11-03 21:53:00 +0530,471971,40.8,20.8,59.24,29.65
2021-11-03 21:53:30 +0530,471972,39.0,18.4,59.12,29.65
2021-11-03 21:54:00 +0530,471973,45.0,24.1,59.09,29.65
2021-11-03 21:54:30 +0530,471974,38.3,20.8,59.12,29.64
2021-11-03 21:55:00 +0530,471975,21.9,5.7,59.24,29.5
2021-11-03 21:55:30 +0530,471976,39.6,18.3,59.44,29.52
2021-11-03 21:56:00 +0530,471977,29.6,16.2,59.5,29.52
2021-11-03 21:56:30 +0530,471978,33.8,17.2,59.29,29.54
2021-11-03 21:57:00 +0530,471979,23.1,14.8,59.15,29.56
2021-11-03 21:57:30 +0530,471980,21.9,14.7,59.0,29.57
2021-11-03 21:58:00 +0530,471981,26.5,16.2,59.03,29.56
2021-11-03 21:58:30 +0530,471982,27.3,16.0,59.09,29.57
2021-11-03 21:59:00 +0530,471983,27.4,13.7,59.18,29.53
2021-11-03 21:59:30 +0530,471984,24.8,17.6,59.0,29.53
2021-11-03 22:00:00 +0530,471985,24.8,15.2,58.97,29.53
2021-11-03 22:00:30 +0530,471986,25.7,17.6,59.06,29.53
2021-11-03 22:01:00 +0530,471987,27.7,15.8,59.06,29.53
2021-11-03 22:01:30 +0530,471988,23.8,15.0,59.03,29.53
2021-11-03 22:02:00 +0530,471989,25.0,15.8,59.06,29.53
2021-11-03 22:02:30 +0530,471990,17.8,14.1,59.12,29.52
2021-11-03 22:03:00 +0530,471991,21.2,15.3,59.18,29.52
2021-11-03 22:03:30 +0530,471992,19.3,14.5,59.29,29.49
2021-11-03 22:04:00 +0530,471993,34.0,20.7,59.27,29.48
2021-11-03 22:04:30 +0530,471994,24.3,17.8,59.29,29.49
2021-11-03 22:05:00 +0530,471995,36.8,25.9,59.29,29.5
2021-11-03 22:05:30 +0530,471996,25.3,17.6,59.29,29.49
2021-11-03 22:06:00 +0530,471997,25.6,21.8,59.35,29.5
2021-11-03 22:06:30 +0530,471998,33.4,16.8,59.38,29.5
2021-11-03 22:07:00 +0530,471999,14.6,12.1,59.5,29.49
2021-11-03 22:07:30 +0530,472000,32.3,17.7,59.35,29.49
2021-11-03 22:08:00 +0530,472001,29.8,17.3,59.35,29.5
2021-11-03 22:08:30 +0530,472002,33.1,17.1,59.29,29.5
2021-11-03 22:09:00 +0530,472003,29.0,17.3,59.32,29.52
2021-11-03 22:09:30 +0530,472004,22.8,15.4,59.32,29.51
2021-11-03 22:10:00 +0530,472005,23.6,13.2,59.47,29.49
2021-11-03 22:10:30 +0530,472006,34.0,18.4,59.47,29.49
2021-11-03 22:11:00 +0530,472007,33.0,20.7,59.47,29.49
2021-11-03 22:11:30 +0530,472008,35.9,15.4,59.59,29.47
2021-11-03 22:12:01 +0530,472009,31.1,17.4,59.53,29.47
2021-11-03 22:12:30 +0530,472010,31.1,20.8,59.56,29.48
2021-11-03 22:13:00 +0530,472011,28.3,17.4,59.56,29.48
2021-11-03 22:13:30 +0530,472012,25.7,17.3,59.54,29.47
2021-11-03 22:14:00 +0530,472013,31.6,18.3,59.59,29.46
2021-11-03 22:14:30 +0530,472014,30.6,17.9,59.68,29.46
2021-11-03 22:15:00 +0530,472015,26.9,17.5,59.65,29.45
2021-11-03 22:15:30 +0530,472016,25.8,20.0,59.56,29.45
2021-11-03 22:16:00 +0530,472017,28.5,17.5,59.54,29.44
2021-11-03 22:16:30 +0530,472018,20.6,16.0,59.48,29.43
2021-11-03 22:17:00 +0530,472019,27.7,16.6,59.51,29.41
2021-11-03 22:17:30 +0530,472020,28.9,14.3,59.59,29.35
2021-11-03 22:18:00 +0530,472021,26.4,13.1,59.77,29.33
2021-11-03 22:18:30 +0530,472022,26.4,16.4,59.7,29.33
2021-11-03 22:19:00 +0530,472023,24.8,17.2,59.73,29.33
2021-11-03 22:19:30 +0530,472024,26.1,16.8,59.73,29.33
2021-11-03 22:20:00 +0530,472025,26.4,17.2,59.73,29.32
2021-11-03 22:20:30 +0530,472026,34.8,17.9,59.8,29.31
2021-11-03 22:21:00 +0530,472027,24.9,15.9,59.77,29.31
2021-11-03 22:21:30 +0530,472028,27.0,12.7,59.8,29.28
2021-11-03 22:22:00 +0530,472029,33.1,16.2,59.68,29.28
2021-11-03 22:22:30 +0530,472030,22.2,15.6,59.62,29.28
2021-11-03 22:23:00 +0530,472031,13.2,10.8,59.68,29.26
2021-11-03 22:23:30 +0530,472032,23.8,14.5,59.53,29.27
2021-11-03 22:24:00 +0530,472033,20.2,12.1,59.62,29.24
2021-11-03 22:24:30 +0530,472034,24.7,15.2,59.59,29.24
2021-11-03 22:25:00 +0530,472035,19.9,16.7,59.56,29.24
2021-11-03 22:25:30 +0530,472036,16.9,13.3,59.41,29.23
2021-11-03 22:26:00 +0530,472037,13.3,10.3,59.41,29.21
2021-11-03 22:26:30 +0530,472038,13.1,11.3,59.51,29.21
2021-11-03 22:27:00 +0530,472039,18.6,12.3,59.91,29.08
2021-11-03 22:27:30 +0530,472040,21.7,14.7,59.85,29.09
2021-11-03 22:28:00 +0530,472041,24.9,14.8,59.77,29.12
2021-11-03 22:28:30 +0530,472042,19.2,14.9,59.7,29.15
2021-11-03 22:29:00 +0530,472043,19.4,13.7,59.59,29.16
2021-11-03 22:29:30 +0530,472044,19.4,14.8,59.53,29.17
2021-11-03 22:30:00 +0530,472045,20.5,13.5,59.51,29.17
2021-11-03 22:30:30 +0530,472046,20.6,14.0,59.51,29.17
2021-11-03 22:31:00 +0530,472047,22.1,14.4,59.44,29.17
2021-11-03 22:31:30 +0530,472048,18.8,12.8,59.41,29.16
2021-11-03 22:32:00 +0530,472049,17.9,13.2,59.41,29.16
2021-11-03 22:32:30 +0530,472050,17.3,13.1,59.38,29.15
2021-11-03 22:33:00 +0530,472051,20.2,14.2,59.41,29.15
2021-11-03 22:33:30 +0530,472052,18.1,13.6,59.35,29.15
2021-11-03 22:34:00 +0530,472053,24.9,11.1,59.5,29.13
2021-11-03 22:34:30 +0530,472054,16.6,11.2,59.59,29.11
2021-11-03 22:35:00 +0530,472055,23.4,18.0,59.48,29.11
2021-11-03 22:35:30 +0530,472056,15.3,11.3,59.59,29.08
2021-11-03 22:36:00 +0530,472057,27.4,15.6,59.48,29.08
2021-11-03 22:36:30 +0530,472058,23.4,15.5,59.5,29.09
2021-11-03 22:37:00 +0530,472059,20.2,14.1,59.53,29.09
2021-11-03 22:37:30 +0530,472060,20.4,15.3,59.53,29.08
2021-11-03 22:38:00 +0530,472061,21.0,14.2,59.56,29.08
2021-11-03 22:38:30 +0530,472062,19.9,12.3,59.7,29.06
2021-11-03 22:39:00 +0530,472063,21.7,15.0,59.67,29.05
2021-11-03 22:39:30 +0530,472064,16.8,11.4,59.77,29.03
2021-11-03 22:40:00 +0530,472065,24.9,14.7,59.7,29.03
2021-11-03 22:40:30 +0530,472066,22.8,14.3,59.7,29.03
2021-11-03 22:41:00 +0530,472067,23.4,15.1,59.7,29.03
2021-11-03 22:41:30 +0530,472068,22.1,15.1,59.67,29.04
2021-11-03 22:42:00 +0530,472069,16.9,14.3,59.67,29.03
2021-11-03 22:42:30 +0530,472070,25.0,15.8,59.7,29.02
2021-11-03 22:43:00 +0530,472071,21.1,15.6,59.73,29.03
2021-11-03 22:43:30 +0530,472072,23.5,14.6,59.91,29.01
2021-11-03 22:44:00 +0530,472073,29.7,17.2,59.7,29.01
2021-11-03 22:44:30 +0530,472074,24.0,18.3,59.77,29.02
2021-11-03 22:45:00 +0530,472075,26.4,16.7,59.7,29.03
2021-11-03 22:45:30 +0530,472076,24.0,17.2,59.67,29.04
2021-11-03 22:46:00 +0530,472077,26.3,16.4,59.62,29.03
2021-11-03 22:46:30 +0530,472078,25.7,17.2,59.62,29.03
2021-11-03 22:47:00 +0530,472079,24.2,14.4,59.83,29.01
2021-11-03 22:47:30 +0530,472080,27.8,17.8,59.77,29.01
2021-11-03 22:48:00 +0530,472081,25.7,16.6,59.65,29.0
2021-11-03 22:48:30 +0530,472082,21.4,16.0,59.67,29.01
2021-11-03 22:49:00 +0530,472083,16.4,11.7,59.59,28.98
2021-11-03 22:49:30 +0530,472084,16.4,11.7,59.59,28.98
2021-11-03 22:50:00 +0530,472085,21.1,13.3,59.94,28.78
2021-11-03 22:50:30 +0530,472086,19.9,15.6,59.97,28.83
2021-11-03 22:51:00 +0530,472087,29.2,17.2,59.91,28.86
2021-11-03 22:51:30 +0530,472088,22.8,15.6,59.73,28.88
2021-11-03 22:52:00 +0530,472089,20.9,14.8,59.62,28.89
2021-11-03 22:52:30 +0530,472090,18.4,14.2,59.53,28.89
2021-11-03 22:53:00 +0530,472091,20.1,15.4,59.53,28.89
2021-11-03 22:53:30 +0530,472092,21.8,15.3,59.56,28.89
2021-11-03 22:54:00 +0530,472093,18.0,14.7,59.53,28.89
2021-11-03 22:54:30 +0530,472094,43.9,39.6,59.53,28.88
2021-11-03 22:55:00 +0530,472095,20.3,11.7,59.67,28.85
2021-11-03 22:55:30 +0530,472096,24.3,15.6,59.62,28.86
2021-11-03 22:56:00 +0530,472097,14.9,10.6,59.7,28.85
2021-11-03 22:56:30 +0530,472098,18.9,15.2,59.59,28.87
2021-11-03 22:57:00 +0530,472099,11.8,10.6,59.64,28.86
2021-11-03 22:57:30 +0530,472100,19.8,11.9,59.67,28.85
2021-11-03 22:58:00 +0530,472101,16.9,14.1,59.56,28.86
2021-11-03 22:58:30 +0530,472102,21.7,14.9,59.56,28.86
2021-11-03 22:59:00 +0530,472103,24.1,14.8,59.56,28.88
2021-11-03 22:59:30 +0530,472104,21.1,15.4,59.56,28.89
2021-11-03 23:00:00 +0530,472105,21.0,15.2,59.53,28.9
2021-11-03 23:00:30 +0530,472106,22.0,15.4,59.56,28.9
2021-11-03 23:01:00 +0530,472107,18.7,14.9,59.56,28.91
2021-11-03 23:01:30 +0530,472108,21.6,14.8,59.56,28.9
2021-11-03 23:02:00 +0530,472109,17.3,15.0,59.56,28.91
2021-11-03 23:02:30 +0530,472110,16.7,13.6,59.59,28.91
2021-11-03 23:03:00 +0530,472111,15.5,13.7,59.64,28.88
2021-11-03 23:03:30 +0530,472112,18.1,13.9,59.73,28.87
2021-11-03 23:04:00 +0530,472113,21.0,13.2,59.94,28.85
2021-11-03 23:04:30 +0530,472114,18.0,15.0,59.91,28.85
2021-11-03 23:05:00 +0530,472115,25.3,15.3,59.94,28.85
2021-11-03 23:05:30 +0530,472116,19.2,14.9,59.99,28.85
2021-11-03 23:06:00 +0530,472117,19.6,15.4,60.06,28.85
2021-11-03 23:06:30 +0530,472118,19.2,14.6,60.06,28.85
2021-11-03 23:07:00 +0530,472119,19.2,12.0,60.18,28.83
2021-11-03 23:07:30 +0530,472120,21.0,14.9,60.12,28.83
2021-11-03 23:08:00 +0530,472121,18.8,14.3,60.15,28.84
2021-11-03 23:08:30 +0530,472122,19.7,14.2,60.18,28.85
2021-11-03 23:09:00 +0530,472123,19.2,11.2,60.32,28.82
2021-11-03 23:09:30 +0530,472124,23.4,14.9,60.26,28.83
2021-11-03 23:10:00 +0530,472125,19.0,11.0,60.38,28.79
2021-11-03 23:10:30 +0530,472126,16.1,13.6,60.29,28.82
2021-11-03 23:11:00 +0530,472127,19.5,13.8,60.32,28.82
2021-11-03 23:11:30 +0530,472128,19.6,14.0,60.35,28.82
2021-11-03 23:12:00 +0530,472129,19.6,14.2,60.35,28.82
2021-11-03 23:12:30 +0530,472130,23.6,13.1,60.93,28.64
2021-11-03 23:13:00 +0530,472131,18.9,14.2,60.85,28.67
2021-11-03 23:13:30 +0530,472132,18.3,11.3,60.9,28.68
2021-11-03 23:14:00 +0530,472133,17.8,13.8,60.82,28.69
2021-11-03 23:14:30 +0530,472134,18.3,14.3,60.79,28.7
2021-11-03 23:15:00 +0530,472135,17.5,10.7,60.9,28.69
2021-11-03 23:15:30 +0530,472136,18.5,13.7,60.85,28.71
2021-11-03 23:16:00 +0530,472137,19.6,14.8,60.85,28.72
2021-11-03 23:16:30 +0530,472138,15.4,10.6,60.96,28.69
2021-11-03 23:17:00 +0530,472139,17.4,14.4,60.93,28.7
2021-11-03 23:17:30 +0530,472140,21.8,14.6,60.96,28.7
2021-11-03 23:18:00 +0530,472141,16.7,13.9,60.99,28.71
2021-11-03 23:18:30 +0530,472142,18.5,11.6,61.17,28.7
2021-11-03 23:19:00 +0530,472143,26.7,14.6,61.02,28.71
2021-11-03 23:19:30 +0530,472144,26.7,14.6,61.02,28.71
2021-11-03 23:20:00 +0530,472145,17.3,12.3,61.38,28.53
2021-11-03 23:20:30 +0530,472146,21.8,12.0,61.55,28.55
2021-11-03 23:21:00 +0530,472147,22.2,15.4,61.43,28.59
2021-11-03 23:21:30 +0530,472148,22.6,14.8,61.31,28.62
2021-11-03 23:22:00 +0530,472149,22.2,14.5,61.28,28.68
2021-11-03 23:22:30 +0530,472150,17.2,13.1,61.28,28.69
2021-11-03 23:23:00 +0530,472151,16.0,13.8,61.23,28.71
2021-11-03 23:23:30 +0530,472152,19.3,13.7,61.2,28.72
2021-11-03 23:24:00 +0530,472153,26.3,14.5,61.17,28.74
2021-11-03 23:24:30 +0530,472154,30.5,15.1,61.08,28.74
2021-11-03 23:25:00 +0530,472155,21.5,11.9,61.25,28.72
2021-11-03 23:25:30 +0530,472156,31.2,15.2,61.2,28.73
2021-11-03 23:26:00 +0530,472157,27.4,15.6,61.23,28.75
2021-11-03 23:26:30 +0530,472158,28.3,16.1,61.23,28.75
2021-11-03 23:27:00 +0530,472159,40.4,16.6,61.23,28.77
2021-11-03 23:27:30 +0530,472160,31.7,15.3,61.2,28.77
2021-11-03 23:28:00 +0530,472161,17.8,13.9,61.11,28.78
2021-11-03 23:28:30 +0530,472162,17.6,13.3,61.17,28.77
2021-11-03 23:29:00 +0530,472163,18.7,10.7,61.28,28.75
2021-11-03 23:29:30 +0530,472164,19.1,14.0,61.23,28.75
2021-11-03 23:30:00 +0530,472165,20.3,13.9,61.23,28.75
2021-11-03 23:30:30 +0530,472166,19.3,14.7,61.23,28.76
2021-11-03 23:31:00 +0530,472167,20.2,14.4,61.25,28.74
2021-11-03 23:31:30 +0530,472168,17.1,13.9,61.31,28.74
2021-11-03 23:32:00 +0530,472169,23.2,14.3,61.34,28.74
2021-11-03 23:32:30 +0530,472170,21.8,14.7,61.34,28.75
2021-11-03 23:33:00 +0530,472171,16.7,13.9,61.38,28.74
2021-11-03 23:33:30 +0530,472172,18.1,14.2,61.46,28.73
2021-11-03 23:34:00 +0530,472173,18.6,14.7,61.49,28.72
2021-11-03 23:34:30 +0530,472174,15.6,14.0,61.52,28.72
2021-11-03 23:35:00 +0530,472175,17.8,14.6,61.55,28.72
2021-11-03 23:35:30 +0530,472176,20.7,14.8,61.63,28.72
2021-11-03 23:36:00 +0530,472177,19.1,15.3,61.67,28.72
2021-11-03 23:36:30 +0530,472178,19.4,14.7,61.7,28.72
2021-11-03 23:37:00 +0530,472179,18.9,15.6,61.63,28.72
2021-11-03 23:37:30 +0530,472180,16.8,14.4,61.58,28.73
2021-11-03 23:38:00 +0530,472181,17.3,14.3,61.58,28.73
2021-11-03 23:38:30 +0530,472182,15.4,13.8,61.55,28.73
2021-11-03 23:39:00 +0530,472183,14.9,11.0,61.7,28.72
2021-11-03 23:39:30 +0530,472184,18.6,14.5,61.58,28.73
2021-11-03 23:40:00 +0530,472185,19.1,14.9,61.67,28.73
2021-11-03 23:40:30 +0530,472186,18.3,14.6,61.63,28.74
2021-11-03 23:41:00 +0530,472187,23.2,14.7,61.58,28.76
2021-11-03 23:41:30 +0530,472188,18.5,14.1,61.58,28.77
2021-11-03 23:42:00 +0530,472189,16.4,14.4,61.58,28.77
2021-11-03 23:42:30 +0530,472190,18.6,14.3,61.58,28.76
2021-11-03 23:43:00 +0530,472191,18.3,15.4,61.58,28.76
2021-11-03 23:43:30 +0530,472192,17.1,15.0,61.58,28.77
2021-11-03 23:44:00 +0530,472193,20.4,15.3,61.63,28.76
2021-11-03 23:44:30 +0530,472194,16.5,14.9,61.67,28.77
2021-11-03 23:45:00 +0530,472195,18.5,14.5,61.7,28.77
2021-11-03 23:45:30 +0530,472196,19.1,15.6,61.73,28.76
2021-11-03 23:46:00 +0530,472197,14.4,12.9,61.79,28.73
2021-11-03 23:46:30 +0530,472198,18.0,16.1,61.81,28.74
2021-11-03 23:47:00 +0530,472199,17.7,15.9,61.81,28.74
2021-11-03 23:47:30 +0530,472200,16.5,12.8,62.25,28.62
2021-11-03 23:48:00 +0530,472201,18.4,15.6,62.22,28.64
2021-11-03 23:48:30 +0530,472202,18.2,16.0,62.17,28.65
2021-11-03 23:49:00 +0530,472203,17.5,15.3,62.17,28.67
2021-11-03 23:49:30 +0530,472204,17.5,15.8,62.19,28.67
2021-11-03 23:50:00 +0530,472205,17.1,15.3,62.19,28.67
2021-11-03 23:50:30 +0530,472206,18.3,14.7,62.22,28.67
2021-11-03 23:51:00 +0530,472207,15.2,13.7,62.25,28.65
2021-11-03 23:51:30 +0530,472208,15.6,14.1,62.25,28.62
2021-11-03 23:52:00 +0530,472209,16.2,14.6,62.28,28.62
2021-11-03 23:52:30 +0530,472210,16.8,15.2,62.4,28.61
2021-11-03 23:53:00 +0530,472211,17.2,15.3,62.37,28.62
2021-11-03 23:53:30 +0530,472212,17.5,15.9,62.37,28.62
2021-11-03 23:54:00 +0530,472213,20.5,13.0,62.54,28.58
2021-11-03 23:54:30 +0530,472214,21.2,18.8,62.54,28.59
2021-11-03 23:55:00 +0530,472215,16.3,11.8,62.69,28.56
2021-11-03 23:55:30 +0530,472216,17.2,15.5,62.6,28.56
2021-11-03 23:56:00 +0530,472217,17.5,15.7,62.6,28.57
2021-11-03 23:56:30 +0530,472218,17.1,15.6,62.57,28.58
2021-11-03 23:57:00 +0530,472219,18.0,16.1,62.57,28.59
2021-11-03 23:57:30 +0530,472220,18.6,16.8,62.54,28.6
2021-11-03 23:58:00 +0530,472221,22.4,17.3,62.57,28.6
2021-11-03 23:58:30 +0530,472222,21.8,16.7,62.6,28.6
2021-11-03 23:59:00 +0530,472223,21.8,16.2,62.6,28.61
2021-11-03 23:59:30 +0530,472224,18.7,15.6,62.6,28.61
2021-11-04 00:00:00 +0530,472225,16.8,15.2,62.6,28.6
2021-11-04 00:00:30 +0530,472226,16.9,15.1,62.63,28.6
2021-11-04 00:01:00 +0530,472227,16.7,15.1,62.66,28.6
2021-11-04 00:01:30 +0530,472228,16.4,14.7,62.69,28.58
2021-11-04 00:02:00 +0530,472229,15.5,14.1,62.75,28.58
2021-11-04 00:02:30 +0530,472230,15.7,14.2,62.75,28.58
2021-11-04 00:03:00 +0530,472231,13.3,11.9,63.24,28.46
2021-11-04 00:03:30 +0530,472232,17.3,15.6,63.18,28.47
2021-11-04 00:04:00 +0530,472233,20.1,12.4,63.24,28.46
2021-11-04 00:04:30 +0530,472234,17.2,15.5,63.13,28.49
2021-11-04 00:05:00 +0530,472235,18.2,16.3,63.1,28.49
2021-11-04 00:05:30 +0530,472236,17.3,15.6,63.07,28.52
2021-11-04 00:06:00 +0530,472237,16.9,15.1,63.07,28.52
2021-11-04 00:06:30 +0530,472238,16.3,14.7,63.1,28.53
2021-11-04 00:07:00 +0530,472239,16.4,14.7,63.1,28.53
2021-11-04 00:07:30 +0530,472240,11.9,10.8,63.24,28.49
2021-11-04 00:08:00 +0530,472241,17.9,14.5,63.21,28.49
2021-11-04 00:08:30 +0530,472242,17.6,15.7,63.24,28.5
2021-11-04 00:09:00 +0530,472243,18.5,15.8,63.21,28.5
2021-11-04 00:09:30 +0530,472244,18.3,16.4,63.21,28.5
2021-11-04 00:10:00 +0530,472245,17.4,15.1,63.21,28.52
2021-11-04 00:10:30 +0530,472246,17.2,15.4,63.24,28.52
2021-11-04 00:11:00 +0530,472247,14.7,13.2,63.34,28.49
2021-11-04 00:11:30 +0530,472248,15.0,11.9,63.39,28.48
2021-11-04 00:12:00 +0530,472249,17.9,15.0,63.27,28.5
2021-11-04 00:12:30 +0530,472250,16.9,15.2,63.24,28.52
2021-11-04 00:13:00 +0530,472251,17.0,15.2,63.24,28.53
2021-11-04 00:13:30 +0530,472252,16.3,14.7,63.18,28.54
2021-11-04 00:14:00 +0530,472253,16.4,14.6,63.13,28.55
2021-11-04 00:14:30 +0530,472254,16.9,15.2,63.13,28.56
2021-11-04 00:15:00 +0530,472255,12.6,11.4,63.13,28.53
2021-11-04 00:15:30 +0530,472256,16.4,14.7,63.16,28.54
2021-11-04 00:16:00 +0530,472257,17.8,14.8,63.13,28.55
2021-11-04 00:16:30 +0530,472258,16.0,14.3,63.13,28.55
2021-11-04 00:17:00 +0530,472259,18.3,15.1,63.13,28.56
2021-11-04 00:17:30 +0530,472260,19.8,15.6,63.1,28.56
2021-11-04 00:18:00 +0530,472261,16.5,14.8,63.07,28.58
2021-11-04 00:18:30 +0530,472262,17.2,14.7,63.04,28.58
2021-11-04 00:19:00 +0530,472263,17.8,15.1,63.04,28.59
2021-11-04 00:19:30 +0530,472264,18.3,15.2,63.04,28.6
2021-11-04 00:20:00 +0530,472265,20.6,15.8,63.04,28.6
2021-11-04 00:20:30 +0530,472266,17.7,14.0,63.16,28.58
2021-11-04 00:21:00 +0530,472267,17.2,15.4,63.16,28.58
2021-11-04 00:21:30 +0530,472268,18.9,17.1,63.24,28.57
2021-11-04 00:22:00 +0530,472269,18.5,15.5,63.21,28.56
2021-11-04 00:22:30 +0530,472270,13.4,12.1,63.42,28.53
2021-11-04 00:23:00 +0530,472271,20.1,16.1,63.42,28.52
2021-11-04 00:23:30 +0530,472272,22.7,16.4,63.39,28.5
2021-11-04 00:24:00 +0530,472273,18.2,15.9,63.42,28.49
2021-11-04 00:24:30 +0530,472274,27.3,16.9,63.54,28.49
2021-11-04 00:25:00 +0530,472275,23.0,16.6,63.56,28.49
2021-11-04 00:25:30 +0530,472276,16.8,15.2,63.48,28.49
2021-11-04 00:26:00 +0530,472277,20.9,11.5,63.66,28.48
2021-11-04 00:26:30 +0530,472278,17.3,15.5,63.54,28.48
2021-11-04 00:27:00 +0530,472279,17.1,15.4,63.51,28.49
2021-11-04 00:27:30 +0530,472280,16.7,15.1,63.42,28.5
2021-11-04 00:28:00 +0530,472281,16.0,14.3,63.39,28.52
2021-11-04 00:28:30 +0530,472282,17.6,15.8,63.37,28.52
2021-11-04 00:29:00 +0530,472283,19.3,14.2,63.54,28.49
2021-11-04 00:29:30 +0530,472284,17.5,15.7,63.42,28.5
2021-11-04 00:30:00 +0530,472285,18.4,16.4,63.42,28.52
2021-11-04 00:30:30 +0530,472286,14.9,13.4,63.56,28.49
2021-11-04 00:31:00 +0530,472287,18.0,16.3,63.54,28.49
2021-11-04 00:31:30 +0530,472288,19.5,17.2,63.6,28.5
2021-11-04 00:32:00 +0530,472289,15.2,13.6,63.69,28.48
2021-11-04 00:32:30 +0530,472290,17.5,15.7,63.63,28.47
2021-11-04 00:33:00 +0530,472291,18.6,16.2,63.6,28.46
2021-11-04 00:33:30 +0530,472292,27.0,16.6,63.66,28.46
2021-11-04 00:34:00 +0530,472293,20.0,17.3,63.69,28.46
2021-11-04 00:34:30 +0530,472294,20.0,16.5,63.77,28.45
2021-11-04 00:35:00 +0530,472295,18.7,16.7,63.71,28.43
2021-11-04 00:35:30 +0530,472296,19.0,17.1,63.76,28.43
2021-11-04 00:36:00 +0530,472297,14.7,13.2,64.0,28.39
2021-11-04 00:36:30 +0530,472298,19.6,17.2,63.94,28.39
2021-11-04 00:37:00 +0530,472299,19.4,17.1,63.94,28.38
2021-11-04 00:37:30 +0530,472300,18.9,16.9,63.97,28.38
2021-11-04 00:38:00 +0530,472301,18.7,16.7,63.97,28.37
2021-11-04 00:38:30 +0530,472302,20.6,17.6,64.0,28.37
2021-11-04 00:39:00 +0530,472303,21.9,17.3,64.03,28.37
2021-11-04 00:39:30 +0530,472304,19.0,17.1,64.09,28.37
2021-11-04 00:40:00 +0530,472305,19.8,17.8,64.11,28.35
2021-11-04 00:40:30 +0530,472306,19.4,17.4,64.18,28.34
2021-11-04 00:41:00 +0530,472307,19.9,18.1,64.21,28.33
2021-11-04 00:41:30 +0530,472308,20.8,18.3,64.3,28.32
2021-11-04 00:42:00 +0530,472309,30.0,16.8,64.5,28.29
2021-11-04 00:42:30 +0530,472310,38.1,20.5,64.5,28.29
2021-11-04 00:43:00 +0530,472311,33.3,21.3,64.47,28.29
2021-11-04 00:43:30 +0530,472312,36.8,20.9,64.5,28.29
2021-11-04 00:44:00 +0530,472313,22.2,19.2,64.44,28.3
2021-11-04 00:44:30 +0530,472314,14.5,13.2,64.59,28.28
2021-11-04 00:45:00 +0530,472315,21.1,18.8,64.47,28.29
2021-11-04 00:45:30 +0530,472316,20.2,18.2,64.44,28.29
2021-11-04 00:46:00 +0530,472317,21.0,18.8,64.47,28.29
2021-11-04 00:46:30 +0530,472318,20.5,18.3,64.43,28.3
2021-11-04 00:47:00 +0530,472319,20.1,18.0,64.47,28.3
2021-11-04 00:48:00 +0530,472320,18.5,15.6,65.08,28.14
2021-11-04 00:48:30 +0530,472321,21.0,18.9,64.94,28.17
2021-11-04 00:49:00 +0530,472322,20.6,18.6,64.88,28.19
2021-11-04 00:49:30 +0530,472323,21.6,19.3,64.82,28.21
2021-11-04 00:50:00 +0530,472324,21.1,19.0,64.76,28.24
2021-11-04 00:50:30 +0530,472325,19.9,18.1,64.73,28.26
2021-11-04 00:51:00 +0530,472327,19.5,17.8,64.7,28.28
2021-11-04 00:51:30 +0530,472328,17.7,16.0,64.67,28.28
2021-11-04 00:52:00 +0530,472329,18.3,16.5,64.67,28.28
2021-11-04 00:52:30 +0530,472326,18.8,16.8,64.64,28.28
2021-11-04 00:53:30 +0530,472330,22.7,20.5,64.94,28.21
2021-11-04 00:54:00 +0530,472331,23.7,19.1,64.88,28.27
2021-11-04 00:54:30 +0530,472332,19.5,17.6,64.73,28.28
2021-11-04 00:55:00 +0530,472333,17.5,15.6,64.88,28.28
2021-11-04 00:55:30 +0530,472334,17.9,15.7,64.88,28.29
2021-11-04 00:56:00 +0530,472335,22.0,18.7,64.67,28.33
2021-11-04 00:56:30 +0530,472336,19.8,17.9,64.56,28.35
2021-11-04 00:57:00 +0530,472337,20.6,18.4,64.47,28.39
2021-11-04 00:57:30 +0530,472338,19.6,17.8,64.41,28.42
2021-11-04 00:58:00 +0530,472339,20.9,18.8,64.27,28.43
2021-11-04 00:58:30 +0530,472340,20.5,18.4,64.21,28.45
2021-11-04 00:59:00 +0530,472341,19.5,17.7,64.18,28.46
2021-11-04 00:59:30 +0530,472342,16.3,14.6,64.3,28.46
2021-11-04 01:00:00 +0530,472343,16.3,14.3,64.3,28.45
2021-11-04 01:00:30 +0530,472344,21.5,18.3,64.18,28.47
2021-11-04 01:01:00 +0530,472345,23.9,18.2,64.15,28.49
2021-11-04 01:01:30 +0530,472346,20.0,18.1,64.12,28.52
2021-11-04 01:02:00 +0530,472347,17.8,14.3,64.18,28.52
2021-11-04 01:02:30 +0530,472348,19.7,17.7,64.09,28.52
2021-11-04 01:03:00 +0530,472349,16.1,14.1,64.15,28.53
2021-11-04 01:03:30 +0530,472350,19.1,17.3,64.09,28.54
2021-11-04 01:04:00 +0530,472351,19.4,17.5,64.09,28.54
2021-11-04 01:04:30 +0530,472352,16.5,14.8,64.41,28.37
2021-11-04 01:05:00 +0530,472353,20.3,18.3,64.41,28.41
2021-11-04 01:05:30 +0530,472354,15.4,13.6,64.38,28.42
2021-11-04 01:06:00 +0530,472355,20.6,15.7,64.38,28.42
2021-11-04 01:06:30 +0530,472356,19.5,15.1,64.44,28.42
2021-11-04 01:07:00 +0530,472357,20.3,18.3,64.18,28.44
2021-11-04 01:07:30 +0530,472358,19.9,17.9,64.12,28.45
2021-11-04 01:08:00 +0530,472359,19.2,17.4,64.09,28.47
2021-11-04 01:08:30 +0530,472360,18.9,17.2,64.07,28.48
2021-11-04 01:09:00 +0530,472361,20.6,18.4,64.07,28.49
2021-11-04 01:09:30 +0530,472362,21.3,18.4,64.07,28.52
2021-11-04 01:10:00 +0530,472363,20.3,18.3,64.04,28.52
2021-11-04 01:10:30 +0530,472364,20.6,18.4,64.04,28.53
2021-11-04 01:11:00 +0530,472365,21.9,19.7,63.95,28.54
2021-11-04 01:11:30 +0530,472366,20.8,18.7,63.86,28.55
2021-11-04 01:12:00 +0530,472367,20.3,18.3,63.86,28.54
2021-11-04 01:12:30 +0530,472368,19.9,17.9,63.89,28.54
2021-11-04 01:13:00 +0530,472369,20.8,18.7,63.98,28.55
2021-11-04 01:13:30 +0530,472370,16.7,15.1,64.01,28.53
2021-11-04 01:14:00 +0530,472371,21.5,19.4,63.89,28.53
2021-11-04 01:14:30 +0530,472372,20.4,18.6,63.89,28.54
2021-11-04 01:15:00 +0530,472373,20.5,18.4,63.83,28.54
2021-11-04 01:15:30 +0530,472374,20.4,18.4,63.8,28.55
2021-11-04 01:16:00 +0530,472375,20.1,18.2,63.8,28.56
2021-11-04 01:16:30 +0530,472376,21.4,19.3,63.77,28.56
2021-11-04 01:17:00 +0530,472377,22.1,19.1,63.74,28.57
2021-11-04 01:17:30 +0530,472378,20.9,18.8,63.72,28.58
2021-11-04 01:18:00 +0530,472379,18.2,16.2,63.83,28.56
2021-11-04 01:18:30 +0530,472380,21.5,19.3,63.74,28.57
2021-11-04 01:19:00 +0530,472381,24.2,19.7,63.72,28.59
2021-11-04 01:19:30 +0530,472382,22.1,19.4,63.69,28.6
2021-11-04 01:20:00 +0530,472383,20.9,18.6,63.66,28.6
2021-11-04 01:20:30 +0530,472384,19.6,14.6,63.8,28.58
2021-11-04 01:21:00 +0530,472385,22.1,19.7,63.72,28.58
2021-11-04 01:21:30 +0530,472386,22.3,19.9,63.72,28.58
2021-11-04 01:22:00 +0530,472387,17.7,15.7,64.3,28.38
2021-11-04 01:22:30 +0530,472388,20.6,18.6,64.32,28.42
2021-11-04 01:23:00 +0530,472389,24.0,20.4,64.24,28.45
2021-11-04 01:23:30 +0530,472390,24.4,20.4,64.09,28.48
2021-11-04 01:24:00 +0530,472391,22.2,19.9,64.07,28.52
2021-11-04 01:24:30 +0530,472392,16.9,14.5,64.18,28.5
2021-11-04 01:25:00 +0530,472393,21.6,19.5,64.07,28.5
2021-11-04 01:25:30 +0530,472394,21.4,19.1,63.95,28.53
2021-11-04 01:26:00 +0530,472395,21.0,18.9,63.89,28.54
2021-11-04 01:26:30 +0530,472396,21.7,19.3,64.04,28.54
2021-11-04 01:27:00 +0530,472397,21.9,19.8,63.95,28.55
2021-11-04 01:27:30 +0530,472398,21.6,19.3,63.86,28.54
2021-11-04 01:28:00 +0530,472399,17.8,15.1,64.01,28.54
2021-11-04 01:28:30 +0530,472400,20.3,18.4,63.89,28.55
2021-11-04 01:29:00 +0530,472401,20.5,18.6,63.89,28.55
2021-11-04 01:29:30 +0530,472402,16.5,14.6,64.65,28.38
2021-11-04 01:30:00 +0530,472403,18.2,16.4,64.44,28.4
2021-11-04 01:30:30 +0530,472404,21.0,18.9,64.18,28.43
2021-11-04 01:31:00 +0530,472405,21.7,19.3,64.09,28.47
2021-11-04 01:31:30 +0530,472406,20.8,18.7,63.95,28.49
2021-11-04 01:32:00 +0530,472407,20.0,18.2,63.8,28.53
2021-11-04 01:32:30 +0530,472408,20.0,17.9,63.77,28.54
2021-11-04 01:33:00 +0530,472409,20.2,18.3,63.72,28.55
2021-11-04 01:33:30 +0530,472410,20.6,18.2,63.66,28.56
2021-11-04 01:34:00 +0530,472411,20.2,18.4,63.69,28.56
2021-11-04 01:34:30 +0530,472412,20.7,18.9,63.69,28.58
2021-11-04 01:35:00 +0530,472413,20.6,18.7,63.66,28.59
2021-11-04 01:35:30 +0530,472414,20.7,18.7,63.63,28.61
2021-11-04 01:36:00 +0530,472415,20.1,18.2,63.63,28.62
2021-11-04 01:36:30 +0530,472416,26.6,16.1,63.74,28.62
2021-11-04 01:37:00 +0530,472417,20.9,18.3,63.63,28.64
2021-11-04 01:37:30 +0530,472418,21.4,15.3,63.74,28.64
2021-11-04 01:38:00 +0530,472419,20.3,18.3,63.6,28.65
2021-11-04 01:38:30 +0530,472420,23.4,18.4,63.66,28.67
2021-11-04 01:39:00 +0530,472421,20.4,18.2,63.54,28.69
2021-11-04 01:39:30 +0530,472422,22.2,18.1,63.4,28.69
2021-11-04 01:40:00 +0530,472423,20.3,18.1,63.4,28.7
2021-11-04 01:40:30 +0530,472424,22.8,17.7,63.43,28.69
2021-11-04 01:41:00 +0530,472425,19.8,17.8,63.4,28.7
2021-11-04 01:41:30 +0530,472426,20.5,18.3,63.37,28.71
2021-11-04 01:42:00 +0530,472427,19.3,17.3,63.37,28.7
2021-11-04 01:42:30 +0530,472428,18.7,16.9,63.37,28.7
2021-11-04 01:43:00 +0530,472429,19.0,17.1,63.31,28.7
2021-11-04 01:43:30 +0530,472430,18.9,17.1,63.37,28.7
2021-11-04 01:44:00 +0530,472431,18.3,16.6,63.37,28.69
2021-11-04 01:44:30 +0530,472432,20.3,18.2,63.34,28.69
2021-11-04 01:45:00 +0530,472433,47.2,21.7,63.43,28.69
2021-11-04 01:45:30 +0530,472434,59.7,24.1,63.34,28.7
2021-11-04 01:46:00 +0530,472435,19.6,17.4,63.31,28.7
2021-11-04 01:46:30 +0530,472436,18.3,16.4,63.37,28.7
2021-11-04 01:47:00 +0530,472437,19.4,17.3,63.43,28.69
2021-11-04 01:47:30 +0530,472438,20.0,17.2,63.45,28.69
2021-11-04 01:48:00 +0530,472439,17.5,13.8,63.63,28.65
2021-11-04 01:48:30 +0530,472440,18.3,16.4,63.45,28.65
2021-11-04 01:49:00 +0530,472441,17.9,16.3,63.43,28.65
2021-11-04 01:49:30 +0530,472442,19.0,17.3,63.43,28.67
2021-11-04 01:50:00 +0530,472443,18.5,16.7,63.37,28.67
2021-11-04 01:50:30 +0530,472444,19.1,17.2,63.34,28.67
2021-11-04 01:51:00 +0530,472445,19.1,17.2,63.31,28.67
2021-11-04 01:51:30 +0530,472446,20.9,18.1,63.31,28.67
2021-11-04 01:52:00 +0530,472447,25.2,18.4,63.37,28.67
2021-11-04 01:52:30 +0530,472448,25.1,18.6,63.45,28.67
2021-11-04 01:53:00 +0530,472449,19.3,17.3,63.4,28.65
2021-11-04 01:53:30 +0530,472450,21.3,19.3,63.37,28.67
2021-11-04 01:54:01 +0530,472451,21.3,19.3,63.37,28.67
2021-11-04 01:54:30 +0530,472452,15.8,14.2,63.74,28.56
2021-11-04 01:55:00 +0530,472453,17.8,16.3,63.6,28.59
2021-11-04 01:55:30 +0530,472454,18.6,16.6,63.51,28.61
2021-11-04 01:56:00 +0530,472455,18.8,16.9,63.42,28.64
2021-11-04 01:56:30 +0530,472456,18.6,16.8,63.4,28.65
2021-11-04 01:57:00 +0530,472457,18.6,16.8,63.34,28.68
2021-11-04 01:57:30 +0530,472458,18.3,16.6,63.27,28.69
2021-11-04 01:58:00 +0530,472459,18.1,16.3,63.22,28.69
2021-11-04 01:58:30 +0530,472460,18.2,16.4,63.16,28.7
2021-11-04 01:59:00 +0530,472461,16.5,14.7,63.34,28.69
2021-11-04 01:59:30 +0530,472462,18.6,16.7,63.22,28.7
2021-11-04 02:00:00 +0530,472463,17.2,13.5,63.31,28.69
2021-11-04 02:00:30 +0530,472464,18.4,16.4,63.13,28.7
2021-11-04 02:01:00 +0530,472465,14.1,12.6,63.22,28.69
2021-11-04 02:01:30 +0530,472466,17.0,15.3,63.1,28.7
2021-11-04 02:02:00 +0530,472467,17.6,15.5,63.1,28.7
2021-11-04 02:02:30 +0530,472468,17.1,15.6,63.07,28.7
2021-11-04 02:03:00 +0530,472469,17.4,15.8,63.07,28.7
2021-11-04 02:03:30 +0530,472470,17.8,16.0,63.07,28.71
2021-11-04 02:04:00 +0530,472471,18.0,15.6,63.1,28.71
2021-11-04 02:04:30 +0530,472472,18.7,16.0,63.1,28.71
2021-11-04 02:05:00 +0530,472473,18.7,16.7,63.13,28.7
2021-11-04 02:05:30 +0530,472474,18.0,16.2,63.16,28.7
2021-11-04 02:06:00 +0530,472475,17.8,16.1,63.16,28.71
2021-11-04 02:06:30 +0530,472476,17.7,16.0,63.19,28.7
2021-11-04 02:07:00 +0530,472477,14.4,13.0,63.31,28.69
2021-11-04 02:07:30 +0530,472478,17.4,15.7,63.22,28.69
2021-11-04 02:08:00 +0530,472479,17.0,15.4,63.24,28.69
2021-11-04 02:08:30 +0530,472480,17.2,15.6,63.24,28.69
2021-11-04 02:09:00 +0530,472481,16.6,15.1,63.27,28.69
2021-11-04 02:09:30 +0530,472482,13.2,11.8,63.4,28.67
2021-11-04 02:10:00 +0530,472483,18.1,16.4,63.27,28.67
2021-11-04 02:10:30 +0530,472484,17.6,15.9,63.27,28.67
2021-11-04 02:11:00 +0530,472485,15.4,12.4,63.39,28.64
2021-11-04 02:11:30 +0530,472486,17.1,15.6,63.34,28.64
2021-11-04 02:12:00 +0530,472487,17.9,16.2,63.34,28.64
2021-11-04 02:12:30 +0530,472488,17.7,15.9,63.37,28.64
2021-11-04 02:13:00 +0530,472489,17.0,15.3,63.37,28.65
2021-11-04 02:13:30 +0530,472490,16.7,13.7,63.51,28.64
2021-11-04 02:14:00 +0530,472491,21.5,13.5,63.56,28.61
2021-11-04 02:14:30 +0530,472492,17.9,16.0,63.42,28.62
2021-11-04 02:15:00 +0530,472493,17.0,15.3,63.37,28.64
2021-11-04 02:15:30 +0530,472494,16.7,15.2,63.34,28.65
2021-11-04 02:16:00 +0530,472495,17.5,15.9,63.34,28.65
2021-11-04 02:16:30 +0530,472496,17.0,15.6,63.21,28.65
2021-11-04 02:17:00 +0530,472497,16.3,15.0,63.21,28.64
2021-11-04 02:17:30 +0530,472498,16.6,15.2,63.24,28.64
2021-11-04 02:18:00 +0530,472499,12.8,11.7,63.39,28.61
2021-11-04 02:18:30 +0530,472500,18.1,15.8,63.37,28.61
2021-11-04 02:19:00 +0530,472501,17.2,15.4,63.37,28.61
2021-11-04 02:19:30 +0530,472502,14.0,12.7,64.03,28.43
2021-11-04 02:20:00 +0530,472503,17.0,15.2,63.8,28.48
2021-11-04 02:20:30 +0530,472504,16.9,15.4,63.66,28.5
2021-11-04 02:21:00 +0530,472505,17.5,15.9,63.6,28.54
2021-11-04 02:21:30 +0530,472506,17.7,16.2,63.6,28.56
2021-11-04 02:22:00 +0530,472507,18.1,16.4,63.56,28.57
2021-11-04 02:22:31 +0530,472508,18.1,16.4,63.56,28.57
2021-11-04 02:23:02 +0530,472509,14.4,13.2,63.86,28.5
2021-11-04 02:23:31 +0530,472510,17.2,15.7,63.77,28.53
2021-11-04 02:24:01 +0530,472511,18.1,16.4,63.69,28.55
2021-11-04 02:24:31 +0530,472512,18.5,16.7,63.63,28.57
2021-11-04 02:25:01 +0530,472513,18.6,16.8,63.6,28.58
2021-11-04 02:25:31 +0530,472514,18.1,16.4,63.56,28.59
2021-11-04 02:26:01 +0530,472515,18.7,16.7,63.56,28.59
2021-11-04 02:26:31 +0530,472516,17.8,16.2,63.54,28.6
2021-11-04 02:27:01 +0530,472517,17.1,15.6,63.42,28.6
2021-11-04 02:27:31 +0530,472518,17.6,16.2,63.42,28.6
2021-11-04 02:28:01 +0530,472519,18.3,16.4,63.37,28.6
2021-11-04 02:28:31 +0530,472520,17.5,15.9,63.39,28.59
2021-11-04 02:29:01 +0530,472521,17.3,15.8,63.39,28.58
2021-11-04 02:29:31 +0530,472522,18.6,13.8,63.63,28.55
2021-11-04 02:30:01 +0530,472523,19.2,17.1,63.63,28.55
2021-11-04 02:30:31 +0530,472524,18.8,16.9,63.69,28.54
2021-11-04 02:31:01 +0530,472525,17.1,13.6,63.83,28.52
2021-11-04 02:31:31 +0530,472526,19.2,17.5,63.74,28.54
2021-11-04 02:32:01 +0530,472527,18.0,16.4,63.72,28.54
2021-11-04 02:32:31 +0530,472528,18.6,16.9,63.69,28.54
2021-11-04 02:33:01 +0530,472529,17.8,16.1,63.69,28.55
2021-11-04 02:33:31 +0530,472530,19.2,17.4,63.66,28.56
2021-11-04 02:34:01 +0530,472531,14.0,12.6,63.77,28.54
2021-11-04 02:34:31 +0530,472532,19.2,17.3,63.69,28.54
2021-11-04 02:35:01 +0530,472533,19.9,17.8,63.69,28.55
2021-11-04 02:35:31 +0530,472534,19.2,17.4,63.69,28.56
2021-11-04 02:36:01 +0530,472535,15.5,14.1,63.8,28.54
2021-11-04 02:36:31 +0530,472536,20.4,18.4,63.74,28.56
2021-11-04 02:37:01 +0530,472537,21.6,19.4,63.74,28.58
2021-11-04 02:37:31 +0530,472538,20.9,18.8,63.66,28.59
2021-11-04 02:38:01 +0530,472539,20.2,18.2,63.6,28.59
2021-11-04 02:38:31 +0530,472540,18.5,16.9,63.54,28.61
2021-11-04 02:39:01 +0530,472541,21.3,19.3,63.51,28.62
2021-11-04 02:39:31 +0530,472542,18.6,16.8,63.42,28.64
2021-11-04 02:40:01 +0530,472543,18.5,16.7,63.42,28.64
2021-11-04 02:40:31 +0530,472544,21.8,19.7,63.42,28.64
2021-11-04 02:41:01 +0530,472545,36.3,18.9,63.4,28.65
2021-11-04 02:41:31 +0530,472546,24.1,18.1,63.37,28.64
2021-11-04 02:42:01 +0530,472547,20.2,18.0,63.42,28.62
2021-11-04 02:42:31 +0530,472548,19.8,17.7,63.48,28.62
2021-11-04 02:43:01 +0530,472549,16.9,15.1,63.63,28.6
2021-11-04 02:43:31 +0530,472550,22.3,18.4,63.63,28.6
2021-11-04 02:44:01 +0530,472551,19.4,17.4,63.56,28.6
2021-11-04 02:44:31 +0530,472552,19.8,17.7,63.54,28.6
2021-11-04 02:45:01 +0530,472553,19.7,17.8,63.51,28.6
2021-11-04 02:45:31 +0530,472554,15.5,14.1,63.66,28.58
2021-11-04 02:46:01 +0530,472555,19.8,17.9,63.56,28.58
2021-11-04 02:46:31 +0530,472556,19.7,17.8,63.56,28.57
2021-11-04 02:47:01 +0530,472557,19.7,17.7,63.56,28.57
2021-11-04 02:47:31 +0530,472558,18.8,17.0,63.63,28.57
2021-11-04 02:48:01 +0530,472559,19.6,17.6,63.6,28.57
2021-11-04 02:48:31 +0530,472560,26.0,13.5,63.74,28.54
2021-11-04 02:49:01 +0530,472561,19.2,17.4,63.69,28.54
2021-11-04 02:49:31 +0530,472562,18.9,17.2,63.69,28.54
2021-11-04 02:50:01 +0530,472563,17.5,15.8,64.09,28.44
2021-11-04 02:50:31 +0530,472564,20.1,18.1,63.89,28.46
2021-11-04 02:51:01 +0530,472565,19.3,17.6,63.8,28.49
2021-11-04 02:51:31 +0530,472566,19.6,17.7,63.8,28.52
2021-11-04 02:52:01 +0530,472567,19.3,17.6,63.74,28.53
2021-11-04 02:52:31 +0530,472568,19.7,17.9,63.66,28.54
2021-11-04 02:53:01 +0530,472569,20.0,18.1,63.6,28.54
2021-11-04 02:53:31 +0530,472570,21.4,19.6,63.51,28.55
2021-11-04 02:54:01 +0530,472571,21.3,19.6,63.51,28.55
2021-11-04 02:54:31 +0530,472572,17.3,15.6,63.69,28.53
2021-11-04 02:55:01 +0530,472573,16.8,13.7,63.63,28.49
2021-11-04 02:55:31 +0530,472574,19.6,17.8,63.63,28.53
2021-11-04 02:56:01 +0530,472575,20.1,18.3,63.6,28.54
2021-11-04 02:56:31 +0530,472576,20.0,18.2,63.6,28.56
2021-11-04 02:57:01 +0530,472577,19.9,18.0,63.6,28.56
2021-11-04 02:57:31 +0530,472578,21.0,19.1,63.56,28.58
2021-11-04 02:58:01 +0530,472579,20.3,18.4,63.56,28.57
2021-11-04 02:58:31 +0530,472580,20.2,18.5,63.54,28.58
2021-11-04 02:59:01 +0530,472581,20.7,18.6,63.56,28.58
2021-11-04 02:59:31 +0530,472582,16.1,14.7,63.74,28.55
2021-11-04 03:00:01 +0530,472583,16.4,15.0,63.74,28.53
2021-11-04 03:00:31 +0530,472584,21.5,19.5,63.72,28.53
2021-11-04 03:01:01 +0530,472585,21.6,19.6,63.66,28.54
2021-11-04 03:01:31 +0530,472586,21.8,19.5,63.69,28.54
2021-11-04 03:02:01 +0530,472587,22.0,19.7,63.69,28.55
2021-11-04 03:02:31 +0530,472588,26.0,19.8,63.66,28.55
2021-11-04 03:03:01 +0530,472589,20.5,17.6,63.8,28.53
2021-11-04 03:03:31 +0530,472590,21.9,19.8,63.69,28.53
2021-11-04 03:04:01 +0530,472591,22.2,20.2,63.69,28.52
2021-11-04 03:04:31 +0530,472592,22.7,20.6,63.72,28.52
2021-11-04 03:05:01 +0530,472593,23.7,21.2,63.74,28.52
2021-11-04 03:05:31 +0530,472594,18.2,16.3,63.8,28.47
2021-11-04 03:06:01 +0530,472595,22.8,20.5,63.86,28.49
2021-11-04 03:06:32 +0530,472596,22.9,20.8,63.8,28.49
2021-11-04 03:07:01 +0530,472597,17.9,16.1,63.83,28.46
2021-11-04 03:07:31 +0530,472598,22.2,19.9,63.86,28.48
2021-11-04 03:08:01 +0530,472599,23.0,20.7,63.86,28.48
2021-11-04 03:08:31 +0530,472600,18.9,17.1,64.01,28.46
2021-11-04 03:09:01 +0530,472601,22.6,20.3,63.95,28.45
2021-11-04 03:09:31 +0530,472602,23.2,20.9,63.95,28.45
2021-11-04 03:10:01 +0530,472603,22.7,20.6,63.95,28.45
2021-11-04 03:10:31 +0530,472604,22.2,20.3,63.98,28.45
2021-11-04 03:11:01 +0530,472605,18.1,16.6,63.97,28.42
2021-11-04 03:11:31 +0530,472606,22.0,20.1,63.97,28.44
2021-11-04 03:12:01 +0530,472607,21.9,19.8,63.95,28.44
2021-11-04 03:12:31 +0530,472608,21.6,19.6,63.97,28.44
2021-11-04 03:13:01 +0530,472609,18.8,17.1,64.11,28.42
2021-11-04 03:13:31 +0530,472610,22.3,20.2,64.0,28.43
2021-11-04 03:14:01 +0530,472611,21.9,19.9,63.94,28.44
2021-11-04 03:14:31 +0530,472612,21.8,19.8,63.92,28.44
2021-11-04 03:15:01 +0530,472613,17.9,16.3,64.0,28.43
2021-11-04 03:15:31 +0530,472614,21.2,19.3,63.79,28.42
2021-11-04 03:16:01 +0530,472615,17.4,15.7,63.97,28.4
2021-11-04 03:16:31 +0530,472616,17.4,15.8,64.03,28.37
2021-11-04 03:17:01 +0530,472617,20.9,18.9,63.92,28.37
2021-11-04 03:17:31 +0530,472618,21.0,19.1,63.85,28.37
2021-11-04 03:18:01 +0530,472619,20.1,18.4,63.82,28.35
2021-11-04 03:18:31 +0530,472620,20.9,19.1,63.92,28.35
2021-11-04 03:19:01 +0530,472621,21.3,19.3,63.92,28.35
2021-11-04 03:19:31 +0530,472622,21.1,19.1,63.92,28.34
2021-11-04 03:20:01 +0530,472623,19.9,18.2,63.85,28.33
2021-11-04 03:20:31 +0530,472624,21.4,19.4,63.92,28.32
2021-11-04 03:21:01 +0530,472625,20.7,18.9,63.94,28.31
2021-11-04 03:21:31 +0530,472626,20.7,18.9,63.97,28.3
2021-11-04 03:22:01 +0530,472627,21.4,19.4,64.0,28.29
2021-11-04 03:22:31 +0530,472628,21.7,19.7,64.09,28.29
2021-11-04 03:23:01 +0530,472629,21.3,19.4,64.09,28.29
2021-11-04 03:23:31 +0530,472630,20.2,18.3,64.0,28.28
2021-11-04 03:24:01 +0530,472631,20.3,18.6,63.91,28.29
2021-11-04 03:24:31 +0530,472632,16.2,14.5,64.03,28.29
2021-11-04 03:25:01 +0530,472633,68.5,21.6,64.08,28.27
2021-11-04 03:25:31 +0530,472634,23.3,19.2,63.97,28.26
2021-11-04 03:26:01 +0530,472635,17.7,15.9,64.11,28.23
2021-11-04 03:26:31 +0530,472636,18.1,16.3,64.05,28.24
2021-11-04 03:27:01 +0530,472637,17.0,15.3,64.53,28.13
2021-11-04 03:27:31 +0530,472638,19.9,18.1,64.43,28.15
2021-11-04 03:28:01 +0530,472639,20.8,18.8,64.29,28.17
2021-11-04 03:28:31 +0530,472640,18.0,16.3,64.41,28.17
2021-11-04 03:29:01 +0530,472641,20.9,18.8,64.35,28.18
2021-11-04 03:29:31 +0530,472642,20.9,18.9,64.29,28.19
2021-11-04 03:30:01 +0530,472643,18.7,16.7,64.43,28.17
2021-11-04 03:30:31 +0530,472644,21.2,19.4,64.29,28.17
2021-11-04 03:31:01 +0530,472645,22.3,20.3,64.29,28.18
2021-11-04 03:31:31 +0530,472646,21.7,19.9,64.35,28.18
2021-11-04 03:32:01 +0530,472647,20.3,18.4,64.5,28.17
2021-11-04 03:32:31 +0530,472648,18.8,17.2,64.61,28.15
2021-11-04 03:33:01 +0530,472649,21.8,19.9,64.47,28.16
2021-11-04 03:33:31 +0530,472650,17.8,16.2,64.59,28.17
2021-11-04 03:34:01 +0530,472651,22.7,20.6,64.47,28.18
2021-11-04 03:34:31 +0530,472652,22.5,20.4,64.56,28.17
2021-11-04 03:35:01 +0530,472653,23.2,21.2,64.43,28.2
2021-11-04 03:35:31 +0530,472654,22.2,20.2,64.38,28.23
2021-11-04 03:36:01 +0530,472655,22.7,20.7,64.38,28.24
2021-11-04 03:36:31 +0530,472656,23.0,20.9,64.26,28.26
2021-11-04 03:37:01 +0530,472657,24.3,21.9,64.24,28.28
2021-11-04 03:37:31 +0530,472658,24.2,21.9,64.21,28.28
2021-11-04 03:38:01 +0530,472659,24.1,21.8,64.18,28.28
2021-11-04 03:38:31 +0530,472660,23.4,21.2,64.24,28.28
2021-11-04 03:39:02 +0530,472661,23.4,21.2,64.24,28.28
2021-11-04 03:39:31 +0530,472662,19.4,17.6,65.05,28.14
2021-11-04 03:40:01 +0530,472663,23.4,21.2,64.73,28.17
2021-11-04 03:40:31 +0530,472664,23.8,21.6,64.61,28.2
2021-11-04 03:41:01 +0530,472665,24.2,22.0,64.53,28.24
2021-11-04 03:41:31 +0530,472666,24.1,21.8,64.38,28.27
2021-11-04 03:42:01 +0530,472667,24.7,22.4,64.29,28.28
2021-11-04 03:42:31 +0530,472668,19.1,17.3,64.43,28.28
2021-11-04 03:43:01 +0530,472669,19.8,18.0,64.43,28.28
2021-11-04 03:43:31 +0530,472670,22.0,19.8,64.82,28.16
2021-11-04 03:44:01 +0530,472671,23.5,21.4,64.59,28.19
2021-11-04 03:44:31 +0530,472672,25.5,23.2,64.5,28.23
2021-11-04 03:45:01 +0530,472673,25.9,23.3,64.43,28.26
2021-11-04 03:45:31 +0530,472674,24.5,22.2,64.24,28.28
2021-11-04 03:46:01 +0530,472675,25.2,22.7,64.18,28.3
2021-11-04 03:46:31 +0530,472676,24.1,21.9,64.11,28.32
2021-11-04 03:47:01 +0530,472677,23.0,20.9,64.09,28.34
2021-11-04 03:47:31 +0530,472678,24.6,20.6,64.21,28.32
2021-11-04 03:48:01 +0530,472679,25.8,23.2,64.14,28.34
2021-11-04 03:48:31 +0530,472680,21.5,19.7,64.24,28.32
2021-11-04 03:49:01 +0530,472681,24.0,21.9,64.0,28.33
2021-11-04 03:49:31 +0530,472682,25.0,22.8,63.92,28.32
2021-11-04 03:50:01 +0530,472683,25.2,23.1,63.92,28.32
2021-11-04 03:50:31 +0530,472684,24.5,22.3,63.92,28.31
2021-11-04 03:51:01 +0530,472685,24.2,22.2,63.92,28.31
2021-11-04 03:51:31 +0530,472686,25.6,23.3,63.97,28.3
2021-11-04 03:52:01 +0530,472687,25.7,23.2,63.97,28.3
2021-11-04 03:52:31 +0530,472688,25.0,22.6,63.97,28.29
2021-11-04 03:53:01 +0530,472689,23.2,21.3,63.85,28.29
2021-11-04 03:53:31 +0530,472690,24.4,22.1,63.79,28.28
2021-11-04 03:54:01 +0530,472691,23.9,21.9,63.91,28.27
2021-11-04 03:54:31 +0530,472692,19.1,17.4,64.08,28.23
2021-11-04 03:55:01 +0530,472693,27.2,24.9,64.05,28.23
2021-11-04 03:55:31 +0530,472694,23.6,21.3,64.03,28.23
2021-11-04 03:56:01 +0530,472695,24.1,21.9,64.03,28.23
2021-11-04 03:56:31 +0530,472696,24.0,21.8,64.05,28.23
2021-11-04 03:57:01 +0530,472697,23.3,21.3,64.08,28.23
2021-11-04 03:57:31 +0530,472698,24.0,21.7,64.11,28.21
2021-11-04 03:58:01 +0530,472699,23.5,21.5,64.14,28.23
2021-11-04 03:58:31 +0530,472700,23.7,21.5,64.14,28.23
2021-11-04 03:59:01 +0530,472701,23.4,21.3,64.11,28.23
2021-11-04 03:59:31 +0530,472702,23.1,21.1,64.08,28.23
2021-11-04 04:00:01 +0530,472703,23.0,21.0,64.11,28.23
2021-11-04 04:00:31 +0530,472704,23.8,21.7,64.11,28.25
2021-11-04 04:01:01 +0530,472705,20.1,18.1,64.24,28.21
2021-11-04 04:01:31 +0530,472706,23.9,21.7,64.14,28.23
2021-11-04 04:02:01 +0530,472707,23.7,21.6,64.11,28.25
2021-11-04 04:02:31 +0530,472708,23.7,21.7,64.11,28.27
2021-11-04 04:03:01 +0530,472709,24.1,21.9,64.14,28.28
2021-11-04 04:03:31 +0530,472710,24.3,22.1,64.11,28.28
2021-11-04 04:04:01 +0530,472711,20.8,18.8,64.18,28.28
2021-11-04 04:04:31 +0530,472712,25.5,23.2,64.05,28.29
2021-11-04 04:05:01 +0530,472713,23.9,21.8,64.06,28.3
2021-11-04 04:05:31 +0530,472714,23.4,21.4,63.94,28.34
2021-11-04 04:06:01 +0530,472715,23.5,21.3,63.92,28.37
2021-11-04 04:06:31 +0530,472716,23.7,21.7,63.82,28.39
2021-11-04 04:07:01 +0530,472717,22.0,19.7,63.94,28.38
2021-11-04 04:07:31 +0530,472718,23.5,21.5,63.74,28.39
2021-11-04 04:08:01 +0530,472719,22.8,20.8,63.56,28.41
2021-11-04 04:08:31 +0530,472720,24.2,22.1,63.6,28.42
2021-11-04 04:09:01 +0530,472721,23.2,21.2,63.62,28.44
2021-11-04 04:09:31 +0530,472722,24.1,21.7,63.63,28.45
2021-11-04 04:10:01 +0530,472723,24.3,22.2,63.69,28.45
2021-11-04 04:10:31 +0530,472724,24.4,22.2,63.63,28.47
2021-11-04 04:11:01 +0530,472725,22.2,18.4,63.74,28.45
2021-11-04 04:11:31 +0530,472726,22.7,20.5,63.69,28.46
2021-11-04 04:12:01 +0530,472727,23.0,20.9,63.56,28.46
2021-11-04 04:12:31 +0530,472728,19.3,17.4,63.65,28.45
2021-11-04 04:13:01 +0530,472729,23.7,21.5,63.56,28.45
2021-11-04 04:13:31 +0530,472730,19.1,17.2,63.71,28.43
2021-11-04 04:14:01 +0530,472731,23.4,21.1,63.65,28.44
2021-11-04 04:14:31 +0530,472732,23.0,20.9,63.63,28.45
2021-11-04 04:15:01 +0530,472733,24.6,22.1,63.6,28.46
2021-11-04 04:15:31 +0530,472734,23.7,21.4,63.56,28.47
2021-11-04 04:16:01 +0530,472735,24.2,22.1,63.54,28.48
2021-11-04 04:16:31 +0530,472736,24.9,22.4,63.51,28.49
2021-11-04 04:17:01 +0530,472737,23.9,18.8,63.6,28.48
2021-11-04 04:17:31 +0530,472738,23.6,21.4,63.39,28.49
2021-11-04 04:18:01 +0530,472739,23.9,21.7,63.34,28.5
2021-11-04 04:18:31 +0530,472740,22.9,20.8,63.37,28.52
2021-11-04 04:19:01 +0530,472741,24.3,21.9,63.34,28.53
2021-11-04 04:19:31 +0530,472742,23.3,21.3,63.27,28.53
2021-11-04 04:20:01 +0530,472743,23.4,21.3,63.31,28.53
2021-11-04 04:20:31 +0530,472744,22.3,20.4,63.27,28.53
2021-11-04 04:21:01 +0530,472745,22.7,20.7,63.31,28.52
2021-11-04 04:21:31 +0530,472746,23.0,20.9,63.27,28.52
2021-11-04 04:22:01 +0530,472747,23.1,20.9,63.27,28.52
2021-11-04 04:22:31 +0530,472748,23.8,21.6,63.24,28.5
2021-11-04 04:23:01 +0530,472749,18.2,16.4,63.39,28.48
2021-11-04 04:23:31 +0530,472750,18.3,16.7,63.47,28.46
2021-11-04 04:24:01 +0530,472751,22.5,20.5,63.37,28.46
2021-11-04 04:24:31 +0530,472752,22.7,20.6,63.27,28.47
2021-11-04 04:25:01 +0530,472753,22.6,20.5,63.21,28.47
2021-11-04 04:25:31 +0530,472754,23.0,20.6,63.24,28.45
2021-11-04 04:26:01 +0530,472755,22.5,20.6,63.24,28.45
2021-11-04 04:26:31 +0530,472756,22.9,20.9,63.24,28.45
2021-11-04 04:27:01 +0530,472757,21.7,19.6,63.27,28.45
2021-11-04 04:27:31 +0530,472758,22.8,20.4,63.24,28.45
2021-11-04 04:28:01 +0530,472759,22.6,20.5,63.12,28.45
2021-11-04 04:28:31 +0530,472760,23.2,20.9,63.12,28.44
2021-11-04 04:29:01 +0530,472761,23.5,20.9,63.18,28.44
2021-11-04 04:29:31 +0530,472762,19.1,17.2,63.24,28.39
2021-11-04 04:30:01 +0530,472763,19.4,17.5,63.44,28.39
2021-11-04 04:30:31 +0530,472764,21.2,19.2,63.33,28.39
2021-11-04 04:31:01 +0530,472765,22.6,20.4,63.3,28.39
2021-11-04 04:31:31 +0530,472766,22.8,20.6,63.3,28.39
2021-11-04 04:32:01 +0530,472767,19.7,17.6,63.73,28.28
2021-11-04 04:32:31 +0530,472768,22.8,20.6,63.6,28.28
2021-11-04 04:33:01 +0530,472769,21.6,19.6,63.56,28.28
2021-11-04 04:33:31 +0530,472770,22.2,20.1,63.53,28.28
2021-11-04 04:34:01 +0530,472771,21.5,19.6,63.56,28.29
2021-11-04 04:34:31 +0530,472772,22.4,16.5,63.68,28.28
2021-11-04 04:35:01 +0530,472773,22.3,20.3,63.62,28.28
2021-11-04 04:35:31 +0530,472774,21.7,19.7,63.53,28.28
2021-11-04 04:36:01 +0530,472775,21.2,19.3,63.5,28.29
2021-11-04 04:36:31 +0530,472776,22.4,20.3,63.5,28.28
2021-11-04 04:37:01 +0530,472777,18.2,16.4,63.68,28.26
2021-11-04 04:37:31 +0530,472778,18.6,16.9,63.79,28.23
2021-11-04 04:38:01 +0530,472779,21.5,17.7,63.91,28.19
2021-11-04 04:38:31 +0530,472780,21.4,19.4,63.76,28.19
2021-11-04 04:39:01 +0530,472781,22.0,20.1,63.73,28.19
2021-11-04 04:39:31 +0530,472782,21.9,19.9,63.73,28.2
2021-11-04 04:40:01 +0530,472783,22.3,20.1,63.73,28.2
2021-11-04 04:40:31 +0530,472784,23.0,20.7,63.73,28.21
2021-11-04 04:41:01 +0530,472785,21.6,19.0,63.91,28.19
2021-11-04 04:41:31 +0530,472786,24.1,17.3,64.0,28.17
2021-11-04 04:42:01 +0530,472787,22.3,20.2,63.88,28.19
2021-11-04 04:42:31 +0530,472788,23.0,20.7,63.76,28.2
2021-11-04 04:43:01 +0530,472789,17.0,15.7,63.88,28.19
2021-11-04 04:43:31 +0530,472790,21.3,19.4,63.65,28.19
2021-11-04 04:44:01 +0530,472791,22.5,20.4,63.65,28.2
2021-11-04 04:44:31 +0530,472792,22.5,20.4,63.62,28.2
2021-11-04 04:45:01 +0530,472793,22.1,20.1,63.53,28.2
2021-11-04 04:45:31 +0530,472794,22.2,20.3,63.5,28.21
2021-11-04 04:46:01 +0530,472795,21.7,19.8,63.5,28.21
2021-11-04 04:46:31 +0530,472796,22.3,20.1,63.5,28.21
2021-11-04 04:47:01 +0530,472797,21.5,19.6,63.5,28.2
2021-11-04 04:47:31 +0530,472798,22.8,20.6,63.5,28.2
2021-11-04 04:48:01 +0530,472799,22.6,20.5,63.53,28.2
2021-11-04 04:48:31 +0530,472800,22.3,20.3,63.53,28.2
2021-11-04 04:49:01 +0530,472801,22.3,20.3,63.53,28.2
2021-11-04 04:49:31 +0530,472802,21.7,19.8,63.56,28.2
2021-11-04 04:50:01 +0530,472803,22.5,20.5,63.62,28.21
2021-11-04 04:50:31 +0530,472804,20.3,17.3,63.76,28.18
2021-11-04 04:51:01 +0530,472805,22.0,20.1,63.62,28.18
2021-11-04 04:51:31 +0530,472806,21.8,20.0,63.53,28.19
2021-11-04 04:52:01 +0530,472807,18.3,16.4,63.7,28.16
2021-11-04 04:52:31 +0530,472808,16.9,15.6,63.82,28.14
2021-11-04 04:53:01 +0530,472809,21.4,19.6,63.73,28.15
2021-11-04 04:53:31 +0530,472810,20.9,19.1,63.62,28.16
2021-11-04 04:54:01 +0530,472811,19.1,17.4,63.73,28.14
2021-11-04 04:54:31 +0530,472812,21.9,20.1,63.62,28.15
2021-11-04 04:55:31 +0530,472813,19.4,17.6,63.85,28.09
2021-11-04 04:56:01 +0530,472814,21.1,19.2,63.73,28.1
2021-11-04 04:56:31 +0530,472815,21.0,19.2,63.73,28.12
2021-11-04 04:57:01 +0530,472816,22.2,20.1,63.7,28.12
2021-11-04 04:57:31 +0530,472817,21.8,19.8,63.62,28.13
2021-11-04 04:58:01 +0530,472818,21.4,19.6,63.59,28.13
2021-11-04 04:58:31 +0530,472819,22.1,19.7,63.62,28.13
2021-11-04 04:59:01 +0530,472820,20.9,19.0,63.62,28.14
2021-11-04 04:59:31 +0530,472821,21.7,19.6,63.62,28.14
2021-11-04 05:00:01 +0530,472822,24.0,21.5,63.68,28.13
2021-11-04 05:00:31 +0530,472823,22.9,20.9,63.56,28.14
2021-11-04 05:01:01 +0530,472824,22.3,20.4,63.56,28.14
2021-11-04 05:01:31 +0530,472825,22.3,20.4,63.56,28.14
2021-11-04 05:02:01 +0530,472826,17.1,15.6,64.46,27.95
2021-11-04 05:02:31 +0530,472827,22.0,20.1,64.02,27.98
2021-11-04 05:03:01 +0530,472828,16.5,15.0,64.05,27.98
2021-11-04 05:03:31 +0530,472829,17.9,16.2,64.11,27.98
2021-11-04 05:04:01 +0530,472830,22.1,20.2,63.97,27.99
2021-11-04 05:04:31 +0530,472831,21.3,19.4,63.79,28.0
2021-11-04 05:05:01 +0530,472832,20.9,19.2,63.76,28.0
2021-11-04 05:05:31 +0530,472833,21.7,19.8,63.67,28.02
2021-11-04 05:06:01 +0530,472834,19.8,18.2,63.64,28.02
2021-11-04 05:06:31 +0530,472835,18.8,16.8,63.85,28.0
2021-11-04 05:07:01 +0530,472836,16.3,14.9,63.99,28.0
2021-11-04 05:07:31 +0530,472837,16.7,15.2,63.94,27.99
2021-11-04 05:08:01 +0530,472838,18.6,16.8,63.91,27.99
2021-11-04 05:08:31 +0530,472839,21.2,19.5,63.7,28.02
2021-11-04 05:09:01 +0530,472840,20.9,18.9,63.59,28.03
2021-11-04 05:09:31 +0530,472841,21.9,19.9,63.53,28.04
2021-11-04 05:10:01 +0530,472842,21.4,19.5,63.53,28.04
2021-11-04 05:10:31 +0530,472843,21.9,19.9,63.56,28.05
2021-11-04 05:11:01 +0530,472844,21.1,19.2,63.47,28.06
2021-11-04 05:11:31 +0530,472845,23.9,20.2,63.41,28.08
2021-11-04 05:12:01 +0530,472846,24.6,20.8,63.41,28.08
2021-11-04 05:12:31 +0530,472847,24.4,16.7,63.59,28.05
2021-11-04 05:13:01 +0530,472848,21.7,19.7,63.5,28.06
2021-11-04 05:13:31 +0530,472849,22.2,20.2,63.44,28.09
2021-11-04 05:14:01 +0530,472850,18.1,16.3,63.56,28.08
2021-11-04 05:14:31 +0530,472851,21.9,19.8,63.44,28.09
2021-11-04 05:15:01 +0530,472852,23.2,20.8,63.38,28.1
2021-11-04 05:15:31 +0530,472853,22.9,20.6,63.47,28.11
2021-11-04 05:16:01 +0530,472854,18.5,16.6,63.5,28.09
2021-11-04 05:16:31 +0530,472855,22.7,20.5,63.41,28.09
2021-11-04 05:17:01 +0530,472856,22.3,20.2,63.41,28.09
2021-11-04 05:17:31 +0530,472857,22.8,20.5,63.44,28.11
2021-11-04 05:18:01 +0530,472858,24.2,20.7,63.44,28.11
2021-11-04 05:18:31 +0530,472859,20.5,16.2,63.53,28.1
2021-11-04 05:19:01 +0530,472860,22.7,20.6,63.44,28.1
2021-11-04 05:19:31 +0530,472861,23.0,20.7,63.44,28.12
2021-11-04 05:20:01 +0530,472862,22.1,20.1,63.44,28.12
2021-11-04 05:20:31 +0530,472863,21.2,19.4,63.44,28.12
2021-11-04 05:21:01 +0530,472864,21.7,19.9,63.41,28.13
2021-11-04 05:21:31 +0530,472865,21.8,19.9,63.41,28.13
2021-11-04 05:22:01 +0530,472866,23.3,21.3,63.44,28.13
2021-11-04 05:22:31 +0530,472867,21.4,19.5,63.44,28.13
2021-11-04 05:23:01 +0530,472868,21.5,19.6,63.41,28.14
2021-11-04 05:23:31 +0530,472869,23.3,21.1,63.41,28.13
2021-11-04 05:24:01 +0530,472870,22.7,20.8,63.44,28.12
2021-11-04 05:24:31 +0530,472871,23.2,20.9,63.5,28.12
2021-11-04 05:25:01 +0530,472872,18.4,16.5,63.64,28.09
2021-11-04 05:25:31 +0530,472873,19.4,17.5,63.73,28.06
2021-11-04 05:26:01 +0530,472874,23.9,21.6,63.64,28.08
2021-11-04 05:26:31 +0530,472875,23.1,21.0,63.64,28.09
2021-11-04 05:27:01 +0530,472876,22.9,20.8,63.65,28.1
2021-11-04 05:27:31 +0530,472877,22.9,21.0,63.59,28.11
2021-11-04 05:28:01 +0530,472878,23.6,21.3,63.59,28.12
2021-11-04 05:28:31 +0530,472879,19.6,17.7,63.7,28.11
2021-11-04 05:29:01 +0530,472880,25.0,21.4,63.68,28.13
2021-11-04 05:29:31 +0530,472881,25.5,22.9,63.62,28.16
2021-11-04 05:30:01 +0530,472882,23.7,21.4,63.62,28.18
2021-11-04 05:30:31 +0530,472883,23.3,21.1,63.5,28.21
2021-11-04 05:31:01 +0530,472884,20.0,18.2,63.59,28.2
2021-11-04 05:31:31 +0530,472885,22.9,20.8,63.41,28.24
2021-11-04 05:32:01 +0530,472886,23.2,21.1,63.3,28.26
2021-11-04 05:32:31 +0530,472887,29.5,21.8,63.18,28.28
2021-11-04 05:33:01 +0530,472888,24.2,21.6,63.12,28.28
2021-11-04 05:33:31 +0530,472889,27.3,22.1,63.12,28.3
2021-11-04 05:34:01 +0530,472890,27.5,22.8,63.18,28.3
2021-11-04 05:34:31 +0530,472891,25.1,22.3,63.15,28.31
2021-11-04 05:35:01 +0530,472892,24.0,21.6,63.07,28.31
2021-11-04 05:35:31 +0530,472893,24.9,22.3,63.07,28.32
2021-11-04 05:36:01 +0530,472894,20.9,18.8,63.15,28.29
2021-11-04 05:36:31 +0530,472895,24.8,22.2,63.04,28.28
2021-11-04 05:37:01 +0530,472896,25.4,23.1,63.04,28.28
2021-11-04 05:37:31 +0530,472897,24.4,22.2,63.01,28.28
2021-11-04 05:38:01 +0530,472898,21.2,19.2,63.12,28.28
2021-11-04 05:38:31 +0530,472899,20.1,18.1,63.21,28.26
2021-11-04 05:39:01 +0530,472900,25.3,22.9,63.18,28.25
2021-11-04 05:39:31 +0530,472901,26.2,23.6,63.15,28.26
2021-11-04 05:40:01 +0530,472902,26.3,23.9,63.15,28.26
2021-11-04 05:40:31 +0530,472903,25.5,23.2,63.18,28.25
2021-11-04 05:41:01 +0530,472904,25.8,23.4,63.24,28.25
2021-11-04 05:41:31 +0530,472905,25.8,23.3,63.24,28.24
2021-11-04 05:42:01 +0530,472906,21.5,19.2,63.44,28.21
2021-11-04 05:42:31 +0530,472907,27.9,24.4,63.44,28.21
2021-11-04 05:43:01 +0530,472908,27.6,24.8,63.35,28.21
2021-11-04 05:43:31 +0530,472909,23.6,21.1,63.53,28.2
2021-11-04 05:44:01 +0530,472910,28.4,25.7,63.44,28.2
2021-11-04 05:44:31 +0530,472911,25.4,22.3,63.59,28.18
2021-11-04 05:45:01 +0530,472912,31.1,27.2,63.47,28.19
2021-11-04 05:45:31 +0530,472913,31.1,27.9,63.47,28.2
2021-11-04 05:46:01 +0530,472914,30.2,27.1,63.47,28.23
2021-11-04 05:46:31 +0530,472915,30.0,27.1,63.47,28.24
2021-11-04 05:47:01 +0530,472916,30.0,27.1,63.47,28.24
2021-11-04 05:47:31 +0530,472917,27.8,25.2,64.14,28.09
2021-11-04 05:48:01 +0530,472918,27.8,25.2,64.14,28.09
2021-11-04 05:48:31 +0530,472919,28.8,25.8,64.2,28.03
2021-11-04 05:49:01 +0530,472920,31.6,28.4,63.97,28.08
2021-11-04 05:49:31 +0530,472921,29.7,22.8,63.94,28.09
2021-11-04 05:50:01 +0530,472922,29.7,26.9,63.73,28.11
2021-11-04 05:50:31 +0530,472923,30.3,27.4,63.73,28.13
2021-11-04 05:51:01 +0530,472924,30.2,27.1,63.68,28.15
2021-11-04 05:51:31 +0530,472925,30.0,27.1,63.65,28.16
2021-11-04 05:52:01 +0530,472926,23.7,21.5,63.79,28.14
2021-11-04 05:52:31 +0530,472927,29.9,27.1,63.68,28.15
2021-11-04 05:53:01 +0530,472928,31.0,28.1,63.62,28.15
2021-11-04 05:53:31 +0530,472929,24.5,22.3,63.73,28.14
2021-11-04 05:54:01 +0530,472930,26.4,23.4,63.79,28.12
2021-11-04 05:54:31 +0530,472931,29.9,27.0,63.7,28.13
2021-11-04 05:55:01 +0530,472932,30.0,27.1,63.68,28.17
2021-11-04 05:55:31 +0530,472933,29.4,23.8,64.11,28.04
2021-11-04 05:56:01 +0530,472934,24.0,21.8,64.02,28.04
2021-11-04 05:56:31 +0530,472935,23.4,21.2,63.94,28.04
2021-11-04 05:57:01 +0530,472936,29.7,26.7,63.7,28.06
2021-11-04 05:57:31 +0530,472937,23.9,21.4,63.85,28.08
2021-11-04 05:58:01 +0530,472938,30.0,26.8,63.7,28.1
2021-11-04 05:58:31 +0530,472939,24.8,22.3,63.7,28.1
2021-11-04 05:59:01 +0530,472940,27.7,25.1,63.62,28.12
2021-11-04 05:59:31 +0530,472941,28.7,25.8,63.56,28.15
2021-11-04 06:00:01 +0530,472942,28.2,25.3,63.56,28.16
2021-11-04 06:00:31 +0530,472943,34.6,26.8,63.5,28.17
2021-11-04 06:01:01 +0530,472944,30.7,22.9,63.59,28.17
2021-11-04 06:01:31 +0530,472945,33.5,27.1,63.47,28.18
2021-11-04 06:02:01 +0530,472946,43.0,27.3,63.44,28.19
2021-11-04 06:02:31 +0530,472947,28.3,25.6,63.35,28.19
2021-11-04 06:03:01 +0530,472948,38.4,27.4,63.41,28.2
2021-11-04 06:03:31 +0530,472949,98.1,34.4,63.44,28.21
2021-11-04 06:04:01 +0530,472950,85.2,32.5,63.44,28.21
2021-11-04 06:04:31 +0530,472951,60.5,30.7,63.44,28.24
2021-11-04 06:05:01 +0530,472952,29.1,26.1,63.41,28.24
2021-11-04 06:05:31 +0530,472953,29.2,26.4,63.12,28.27
2021-11-04 06:06:01 +0530,472954,31.4,27.4,63.12,28.28
2021-11-04 06:06:31 +0530,472955,34.7,23.7,63.27,28.26
2021-11-04 06:07:01 +0530,472956,42.3,27.4,63.21,28.28
2021-11-04 06:07:31 +0530,472957,29.0,26.1,63.15,28.28
2021-11-04 06:08:01 +0530,472958,29.2,26.3,63.12,28.28
2021-11-04 06:08:31 +0530,472959,28.4,25.8,63.04,28.28
2021-11-04 06:09:01 +0530,472960,28.1,23.4,63.03,28.27
2021-11-04 06:09:31 +0530,472961,29.8,26.8,63.01,28.25
2021-11-04 06:10:01 +0530,472962,29.4,26.8,63.03,28.25
2021-11-04 06:10:31 +0530,472963,30.8,27.7,63.06,28.23
2021-11-04 06:11:01 +0530,472964,29.8,26.9,63.09,28.23
2021-11-04 06:11:31 +0530,472965,32.2,29.1,63.12,28.21
2021-11-04 06:12:01 +0530,472966,29.9,26.3,63.33,28.18
2021-11-04 06:12:31 +0530,472967,31.3,28.4,63.24,28.18
2021-11-04 06:13:01 +0530,472968,31.7,28.6,63.24,28.19
2021-11-04 06:13:31 +0530,472969,28.8,25.9,63.12,28.19
2021-11-04 06:14:01 +0530,472970,28.8,26.1,63.06,28.19
2021-11-04 06:14:31 +0530,472971,29.1,26.4,63.06,28.18
2021-11-04 06:15:01 +0530,472972,28.0,25.6,63.06,28.17
2021-11-04 06:15:31 +0530,472973,27.8,25.1,63.09,28.17
2021-11-04 06:16:01 +0530,472974,24.0,21.7,63.27,28.14
2021-11-04 06:16:31 +0530,472975,28.7,25.7,63.21,28.14
2021-11-04 06:17:01 +0530,472976,28.7,25.9,63.24,28.15
2021-11-04 06:17:31 +0530,472977,27.6,25.2,63.24,28.14
2021-11-04 06:18:01 +0530,472978,139.2,38.6,63.24,28.15
2021-11-04 06:18:31 +0530,472979,24.1,21.7,63.44,28.13
2021-11-04 06:19:01 +0530,472980,35.1,26.6,63.35,28.14
2021-11-04 06:19:31 +0530,472981,28.1,25.3,63.27,28.15
2021-11-04 06:20:01 +0530,472982,26.5,24.1,63.21,28.17
2021-11-04 06:20:31 +0530,472983,27.4,24.6,63.12,28.18
2021-11-04 06:21:01 +0530,472984,26.7,24.4,63.12,28.19
2021-11-04 06:21:31 +0530,472985,26.7,24.2,63.06,28.2
2021-11-04 06:22:01 +0530,472986,26.9,24.3,63.01,28.21
2021-11-04 06:22:31 +0530,472987,29.9,25.6,63.03,28.24
2021-11-04 06:23:01 +0530,472988,22.0,19.9,63.12,28.24
2021-11-04 06:23:31 +0530,472989,25.8,23.3,62.98,28.25
2021-11-04 06:24:01 +0530,472990,26.7,23.9,62.95,28.27
2021-11-04 06:24:31 +0530,472991,22.2,20.3,63.09,28.25
2021-11-04 06:25:01 +0530,472992,26.0,23.5,62.98,28.26
2021-11-04 06:25:31 +0530,472993,26.7,24.2,62.95,28.27
2021-11-04 06:26:01 +0530,472994,21.3,19.5,63.09,28.24
2021-11-04 06:26:31 +0530,472995,25.3,22.9,63.01,28.27
2021-11-04 06:27:01 +0530,472996,22.4,20.2,63.12,28.24
2021-11-04 06:27:31 +0530,472997,26.3,23.6,63.01,28.25
2021-11-04 06:28:01 +0530,472998,20.6,18.8,63.09,28.24
2021-11-04 06:28:31 +0530,472999,26.6,24.2,63.01,28.26
2021-11-04 06:29:01 +0530,473000,27.0,24.2,63.03,28.28
2021-11-04 06:29:31 +0530,473001,28.4,24.8,62.98,28.28
2021-11-04 06:30:01 +0530,473002,37.8,24.1,62.83,28.29
2021-11-04 06:30:31 +0530,473003,25.3,23.1,62.75,28.3
2021-11-04 06:31:01 +0530,473004,24.7,22.2,62.72,28.31
2021-11-04 06:31:31 +0530,473005,24.2,22.1,62.75,28.31
2021-11-04 06:32:01 +0530,473006,24.3,22.0,62.6,28.31
2021-11-04 06:32:31 +0530,473007,34.0,23.2,62.63,28.31
2021-11-04 06:33:01 +0530,473008,37.5,19.7,62.8,28.3
2021-11-04 06:33:31 +0530,473009,31.0,22.1,62.63,28.3
2021-11-04 06:34:01 +0530,473010,24.7,22.1,62.66,28.32
2021-11-04 06:34:31 +0530,473011,20.2,17.9,62.83,28.3
2021-11-04 06:35:01 +0530,473012,25.6,21.6,62.72,28.32
2021-11-04 06:35:31 +0530,473013,23.5,21.3,62.66,28.33
2021-11-04 06:36:01 +0530,473014,25.9,22.6,62.6,28.34
2021-11-04 06:36:31 +0530,473015,24.3,21.3,62.51,28.37
2021-11-04 06:37:01 +0530,473016,24.0,21.7,62.45,28.37
2021-11-04 06:37:31 +0530,473017,23.6,21.1,62.51,28.38
2021-11-04 06:38:01 +0530,473018,22.8,20.4,62.42,28.39
2021-11-04 06:38:31 +0530,473019,20.1,18.1,62.66,28.38
2021-11-04 06:39:01 +0530,473020,22.8,20.7,62.51,28.4
2021-11-04 06:39:31 +0530,473021,25.2,20.8,62.42,28.42
2021-11-04 06:40:01 +0530,473022,24.6,20.7,62.34,28.44
2021-11-04 06:40:31 +0530,473023,23.9,21.5,62.25,28.45
2021-11-04 06:41:01 +0530,473024,22.7,20.5,62.13,28.46
2021-11-04 06:41:31 +0530,473025,23.0,19.8,62.22,28.46
2021-11-04 06:42:01 +0530,473026,23.0,20.9,62.25,28.47
2021-11-04 06:42:31 +0530,473027,22.4,20.2,62.13,28.48
2021-11-04 06:43:01 +0530,473028,22.1,20.0,62.13,28.47
2021-11-04 06:43:31 +0530,473029,22.4,20.2,62.25,28.47
2021-11-04 06:44:01 +0530,473030,23.2,21.1,62.19,28.48
2021-11-04 06:44:31 +0530,473031,23.1,20.9,62.19,28.49
2021-11-04 06:45:01 +0530,473032,23.1,20.9,62.19,28.49
2021-11-04 06:45:31 +0530,473033,21.7,18.4,62.66,28.32
2021-11-04 06:46:01 +0530,473034,23.5,21.2,62.6,28.38
2021-11-04 06:46:31 +0530,473035,23.5,21.2,62.37,28.42
2021-11-04 06:47:01 +0530,473036,24.5,21.9,62.34,28.45
2021-11-04 06:47:31 +0530,473037,23.5,21.3,62.28,28.48
2021-11-04 06:48:01 +0530,473038,17.7,16.1,62.34,28.48
2021-11-04 06:48:31 +0530,473039,23.2,21.1,62.25,28.5
2021-11-04 06:49:01 +0530,473040,24.1,21.6,62.19,28.53
2021-11-04 06:49:31 +0530,473041,24.3,22.1,62.02,28.56
2021-11-04 06:50:01 +0530,473042,24.9,22.1,61.99,28.57
2021-11-04 06:50:31 +0530,473043,24.1,21.6,61.92,28.59
2021-11-04 06:51:00 +0530,473045,26.6,22.8,61.9,28.59
2021-11-04 06:51:30 +0530,473046,43.0,23.2,61.96,28.6
2021-11-04 06:52:00 +0530,473047,25.0,19.8,61.92,28.61
2021-11-04 06:52:30 +0530,473048,23.1,19.7,61.9,28.62
2021-11-04 06:53:00 +0530,473044,32.3,29.1,61.87,28.64
2021-11-04 06:53:30 +0530,473049,33.4,30.6,61.81,28.65
2021-11-04 06:54:00 +0530,473050,33.4,30.6,61.81,28.65
2021-11-04 06:54:30 +0530,473051,21.8,19.5,62.19,28.57
2021-11-04 06:55:00 +0530,473052,24.2,22.0,61.99,28.6
2021-11-04 06:55:30 +0530,473053,29.6,22.8,61.99,28.64
2021-11-04 06:56:00 +0530,473054,24.8,22.3,61.9,28.67
2021-11-04 06:56:30 +0530,473055,23.9,21.7,61.84,28.69
2021-11-04 06:57:00 +0530,473056,25.6,22.9,61.79,28.71
2021-11-04 06:57:30 +0530,473057,25.6,23.1,61.76,28.73
2021-11-04 06:58:00 +0530,473058,24.5,22.2,61.7,28.74
2021-11-04 06:58:30 +0530,473059,25.2,22.8,61.58,28.76
2021-11-04 06:59:00 +0530,473060,25.0,22.8,61.58,28.76
2021-11-04 06:59:30 +0530,473061,24.2,17.9,61.79,28.76
2021-11-04 07:00:00 +0530,473062,24.7,22.1,61.7,28.77
2021-11-04 07:00:30 +0530,473063,38.3,23.1,61.7,28.77
2021-11-04 07:01:00 +0530,473064,27.5,22.9,61.73,28.79
2021-11-04 07:01:30 +0530,473065,26.1,23.4,61.61,28.8
2021-11-04 07:02:00 +0530,473066,25.1,22.6,61.58,28.82
2021-11-04 07:02:30 +0530,473067,24.6,22.3,61.55,28.83
2021-11-04 07:03:00 +0530,473068,24.9,22.4,61.55,28.84
2021-11-04 07:03:30 +0530,473069,25.5,22.9,61.55,28.84
2021-11-04 07:04:00 +0530,473070,28.2,23.6,61.58,28.85
2021-11-04 07:05:00 +0530,473071,27.2,23.6,61.52,28.85
2021-11-04 07:05:30 +0530,473072,28.6,24.4,61.49,28.86
2021-11-04 07:06:00 +0530,473073,24.1,19.8,61.67,28.85
2021-11-04 07:06:30 +0530,473074,26.4,23.7,61.61,28.85
2021-11-04 07:07:00 +0530,473075,26.8,23.9,61.7,28.85
2021-11-04 07:07:30 +0530,473076,26.2,23.7,61.55,28.85
2021-11-04 07:08:00 +0530,473077,26.2,23.6,61.46,28.85
2021-11-04 07:08:30 +0530,473078,21.6,18.8,61.67,28.84
2021-11-04 07:09:00 +0530,473079,25.1,22.8,61.61,28.83
2021-11-04 07:09:30 +0530,473080,24.9,22.7,61.61,28.83
2021-11-04 07:10:00 +0530,473081,25.3,22.8,61.61,28.82
2021-11-04 07:10:30 +0530,473082,25.9,23.3,61.63,28.79
2021-11-04 07:11:00 +0530,473083,26.1,23.5,61.73,28.78
2021-11-04 07:11:30 +0530,473084,25.5,22.9,61.84,28.75
2021-11-04 07:12:00 +0530,473085,25.1,22.6,61.93,28.74
2021-11-04 07:12:30 +0530,473086,25.1,22.7,61.96,28.72
2021-11-04 07:13:00 +0530,473087,23.3,20.9,62.17,28.69
2021-11-04 07:13:30 +0530,473088,26.2,23.7,62.11,28.68
2021-11-04 07:14:00 +0530,473089,26.6,24.1,62.19,28.65
2021-11-04 07:14:30 +0530,473090,26.4,23.9,62.19,28.65
2021-11-04 07:15:00 +0530,473091,25.8,23.1,62.25,28.62
2021-11-04 07:15:30 +0530,473092,26.6,23.9,62.25,28.61
2021-11-04 07:16:00 +0530,473093,26.0,23.6,62.28,28.61
2021-11-04 07:16:30 +0530,473094,26.1,23.7,62.28,28.6
2021-11-04 07:17:00 +0530,473095,27.8,25.1,62.25,28.59
2021-11-04 07:17:30 +0530,473096,25.7,20.7,62.43,28.56
2021-11-04 07:18:00 +0530,473097,28.1,25.0,62.37,28.56
2021-11-04 07:18:30 +0530,473098,28.0,25.2,62.34,28.55
2021-11-04 07:19:00 +0530,473099,26.7,24.2,62.37,28.54
2021-11-04 07:19:30 +0530,473100,28.0,25.3,62.43,28.53
2021-11-04 07:20:00 +0530,473101,28.9,21.1,62.69,28.5
2021-11-04 07:20:30 +0530,473102,27.7,24.8,62.69,28.52
2021-11-04 07:21:00 +0530,473103,27.9,25.2,62.69,28.54
2021-11-04 07:21:30 +0530,473104,33.2,25.2,62.72,28.55
2021-11-04 07:22:00 +0530,473105,30.1,24.8,62.69,28.56
2021-11-04 07:22:30 +0530,473106,21.7,19.6,62.75,28.54
2021-11-04 07:23:00 +0530,473107,28.3,25.5,62.46,28.55
2021-11-04 07:23:30 +0530,473108,30.3,27.2,62.37,28.56
2021-11-04 07:24:00 +0530,473109,28.0,25.4,62.34,28.55
2021-11-04 07:24:30 +0530,473110,28.1,25.2,62.34,28.56
2021-11-04 07:25:00 +0530,473111,50.8,28.8,62.57,28.56
2021-11-04 07:25:30 +0530,473112,36.1,27.3,62.43,28.56
2021-11-04 07:26:00 +0530,473113,30.4,27.1,62.34,28.56
2021-11-04 07:26:30 +0530,473114,26.9,24.4,62.48,28.54
2021-11-04 07:27:00 +0530,473115,29.5,26.6,62.34,28.54
2021-11-04 07:27:30 +0530,473116,28.0,25.4,62.31,28.54
2021-11-04 07:28:00 +0530,473117,29.5,26.3,62.25,28.55
2021-11-04 07:28:30 +0530,473118,26.1,23.3,62.34,28.54
2021-11-04 07:29:00 +0530,473119,31.1,26.6,62.28,28.54
2021-11-04 07:29:30 +0530,473120,29.1,26.4,62.25,28.55
2021-11-04 07:30:00 +0530,473121,29.1,26.1,62.25,28.55
2021-11-04 07:30:30 +0530,473122,28.2,25.3,62.19,28.56
2021-11-04 07:31:00 +0530,473123,22.7,20.3,62.19,28.54
2021-11-04 07:31:30 +0530,473124,24.6,21.4,62.31,28.53
2021-11-04 07:32:00 +0530,473125,29.4,26.3,62.28,28.54
2021-11-04 07:32:30 +0530,473126,28.0,25.3,62.34,28.56
2021-11-04 07:33:00 +0530,473127,27.0,24.1,62.28,28.58
2021-11-04 07:33:30 +0530,473128,26.1,18.4,62.31,28.56
2021-11-04 07:34:00 +0530,473129,22.6,20.2,62.31,28.55
2021-11-04 07:34:30 +0530,473130,23.0,18.6,62.37,28.53
2021-11-04 07:35:00 +0530,473131,24.4,22.2,62.28,28.54
2021-11-04 07:35:30 +0530,473132,25.5,22.9,62.28,28.56
2021-11-04 07:36:00 +0530,473133,26.1,23.4,62.28,28.57
2021-11-04 07:36:30 +0530,473134,33.8,23.2,62.31,28.57
2021-11-04 07:37:00 +0530,473135,22.3,18.1,62.4,28.54
2021-11-04 07:37:30 +0530,473136,26.9,22.2,62.34,28.56
2021-11-04 07:38:00 +0530,473137,44.8,24.6,62.46,28.56
2021-11-04 07:38:30 +0530,473138,27.1,21.9,62.46,28.56
2021-11-04 07:39:00 +0530,473139,25.2,22.4,62.28,28.58
2021-11-04 07:39:30 +0530,473140,25.5,21.9,62.34,28.57
2021-11-04 07:40:00 +0530,473141,33.8,22.1,62.46,28.57
2021-11-04 07:40:30 +0530,473142,26.4,18.8,62.54,28.56
2021-11-04 07:41:00 +0530,473143,29.3,22.6,62.46,28.57
2021-11-04 07:41:30 +0530,473144,27.8,21.8,62.43,28.59
2021-11-04 07:42:00 +0530,473145,23.7,21.1,62.37,28.6
2021-11-04 07:42:30 +0530,473146,31.6,22.9,62.37,28.61
2021-11-04 07:43:00 +0530,473147,37.0,23.1,62.43,28.62
2021-11-04 07:43:30 +0530,473148,25.0,22.3,62.34,28.65
2021-11-04 07:44:00 +0530,473149,24.7,22.2,62.22,28.68
2021-11-04 07:44:30 +0530,473150,24.1,21.8,62.25,28.69
2021-11-04 07:45:00 +0530,473151,24.7,22.2,62.17,28.71
2021-11-04 07:45:30 +0530,473152,25.5,22.8,62.19,28.72
2021-11-04 07:46:00 +0530,473153,24.4,21.9,62.05,28.74
2021-11-04 07:46:30 +0530,473154,21.3,19.2,62.05,28.74
2021-11-04 07:47:00 +0530,473155,25.8,23.0,61.99,28.76
2021-11-04 07:47:30 +0530,473156,23.3,20.9,61.84,28.78
2021-11-04 07:48:00 +0530,473157,22.9,20.8,61.52,28.79
2021-11-04 07:48:30 +0530,473158,22.9,20.7,61.49,28.82
2021-11-04 07:49:00 +0530,473159,24.7,21.1,61.44,28.83
2021-11-04 07:49:30 +0530,473160,23.6,21.4,61.58,28.85
2021-11-04 07:50:00 +0530,473161,23.3,21.0,61.55,28.86
2021-11-04 07:50:30 +0530,473162,23.6,21.4,61.38,28.88
2021-11-04 07:51:00 +0530,473163,22.8,20.6,61.34,28.89
2021-11-04 07:51:30 +0530,473164,22.2,20.3,61.26,28.91
2021-11-04 07:52:00 +0530,473165,22.7,20.6,61.26,28.93
2021-11-04 07:52:30 +0530,473166,17.9,16.2,61.34,28.94
2021-11-04 07:53:00 +0530,473167,23.0,20.9,61.2,28.97
2021-11-04 07:53:30 +0530,473168,22.5,20.3,61.09,28.99
2021-11-04 07:54:00 +0530,473169,24.6,22.4,60.96,29.01
2021-11-04 07:54:30 +0530,473170,22.5,20.3,60.96,29.04
2021-11-04 07:55:00 +0530,473171,21.9,19.7,60.88,29.06
2021-11-04 07:55:30 +0530,473172,23.0,20.8,60.76,29.08
2021-11-04 07:56:00 +0530,473173,22.6,20.6,60.67,29.11
2021-11-04 07:56:30 +0530,473174,23.4,21.2,60.64,29.14
2021-11-04 07:57:00 +0530,473175,25.1,22.6,60.73,29.16
2021-11-04 07:57:30 +0530,473176,26.7,24.0,60.59,29.19
2021-11-04 07:58:00 +0530,473177,27.6,25.1,60.53,29.21
2021-11-04 07:58:30 +0530,473178,18.5,16.7,60.53,29.21
2021-11-04 07:59:00 +0530,473179,23.5,21.3,60.32,29.21
2021-11-04 07:59:30 +0530,473180,23.3,21.1,60.32,29.22
2021-11-04 08:00:00 +0530,473181,25.4,22.7,60.32,29.26
2021-11-04 08:00:30 +0530,473182,40.1,23.9,60.44,29.27
2021-11-04 08:01:00 +0530,473183,31.2,22.8,60.32,29.3
2021-11-04 08:01:30 +0530,473184,29.4,22.6,60.06,29.32
2021-11-04 08:02:00 +0530,473185,34.3,23.5,60.12,29.33
2021-11-04 08:02:30 +0530,473186,27.7,21.7,59.97,29.35
2021-11-04 08:03:00 +0530,473187,24.1,21.8,60.03,29.37
2021-11-04 08:03:30 +0530,473188,23.2,21.0,59.94,29.39
2021-11-04 08:04:00 +0530,473189,18.7,17.0,60.06,29.38
2021-11-04 08:04:30 +0530,473190,38.0,22.9,60.03,29.42
2021-11-04 08:05:00 +0530,473191,26.8,19.3,60.15,29.42
2021-11-04 08:05:30 +0530,473192,27.4,21.7,60.0,29.45
2021-11-04 08:06:00 +0530,473193,23.2,20.8,59.68,29.48
2021-11-04 08:06:30 +0530,473194,23.1,20.8,59.68,29.48
2021-11-04 08:07:00 +0530,473195,30.1,19.8,60.21,29.39
2021-11-04 08:07:30 +0530,473196,28.4,22.3,59.91,29.45
2021-11-04 08:08:00 +0530,473197,29.8,21.9,60.0,29.5
2021-11-04 08:08:30 +0530,473198,27.0,21.8,59.73,29.56
2021-11-04 08:09:00 +0530,473199,27.4,21.2,59.64,29.6
2021-11-04 08:09:30 +0530,473200,18.9,16.6,59.56,29.61
2021-11-04 08:10:00 +0530,473201,27.8,21.6,59.56,29.65
2021-11-04 08:10:30 +0530,473202,22.4,20.2,59.38,29.68
2021-11-04 08:11:00 +0530,473203,26.9,21.1,59.03,29.72
2021-11-04 08:11:30 +0530,473204,26.7,21.1,59.06,29.74
2021-11-04 08:12:00 +0530,473205,30.1,19.8,59.15,29.74
2021-11-04 08:12:30 +0530,473206,30.3,23.7,59.09,29.77
2021-11-04 08:13:00 +0530,473207,36.2,23.9,59.15,29.8
2021-11-04 08:13:30 +0530,473208,24.8,21.6,59.16,29.83
2021-11-04 08:14:00 +0530,473209,22.7,20.1,59.03,29.87
2021-11-04 08:14:30 +0530,473210,23.0,20.6,58.92,29.9
2021-11-04 08:15:00 +0530,473211,25.8,22.1,58.92,29.9
2021-11-04 08:15:30 +0530,473212,25.8,22.1,58.92,29.9
2021-11-04 08:16:00 +0530,473213,19.0,17.2,59.38,29.78
2021-11-04 08:16:30 +0530,473214,22.4,20.3,59.12,29.85
2021-11-04 08:17:00 +0530,473215,26.8,21.7,58.97,29.91
2021-11-04 08:17:30 +0530,473216,23.8,21.3,58.8,29.95
2021-11-04 08:18:00 +0530,473217,22.7,20.4,58.53,30.02
2021-11-04 08:18:30 +0530,473218,23.9,21.3,58.59,30.05
2021-11-04 08:19:00 +0530,473219,22.8,20.4,58.45,30.09
2021-11-04 08:19:30 +0530,473220,23.0,20.8,58.36,30.11
2021-11-04 08:20:00 +0530,473221,22.8,20.6,58.21,30.15
2021-11-04 08:20:30 +0530,473222,23.1,20.9,58.18,30.17
2021-11-04 08:21:00 +0530,473223,25.5,22.2,58.24,30.19
2021-11-04 08:21:30 +0530,473224,24.5,21.9,58.21,30.21
2021-11-04 08:22:00 +0530,473225,33.0,24.5,58.12,30.21
2021-11-04 08:22:31 +0530,473226,31.0,22.9,58.03,30.23
2021-11-04 08:23:00 +0530,473227,25.3,22.6,57.8,30.23
2021-11-04 08:23:30 +0530,473228,24.1,21.6,57.56,30.23
2021-11-04 08:24:00 +0530,473229,24.7,19.4,57.74,30.2
2021-11-04 08:24:30 +0530,473230,31.0,24.3,57.97,30.22
2021-11-04 08:25:00 +0530,473231,22.0,18.8,58.15,30.2
2021-11-04 08:25:30 +0530,473232,25.7,23.1,57.74,30.22
2021-11-04 08:26:00 +0530,473233,26.1,23.6,57.51,30.21
2021-11-04 08:26:30 +0530,473234,26.4,23.7,57.48,30.22
2021-11-04 08:27:00 +0530,473235,34.6,25.1,57.48,30.22
2021-11-04 08:27:30 +0530,473236,24.4,21.9,57.56,30.19
2021-11-04 08:28:00 +0530,473237,29.8,26.6,57.48,30.2
2021-11-04 08:28:30 +0530,473238,31.7,26.3,57.45,30.21
2021-11-04 08:29:00 +0530,473239,26.9,21.7,57.48,30.2
2021-11-04 08:29:30 +0530,473240,29.1,26.2,57.33,30.2
2021-11-04 08:30:00 +0530,473241,29.6,26.5,57.45,30.19
2021-11-04 08:30:30 +0530,473242,28.8,25.9,57.53,30.19
2021-11-04 08:31:00 +0530,473243,29.0,26.0,57.53,30.19
2021-11-04 08:31:30 +0530,473244,27.2,24.4,57.59,30.18
2021-11-04 08:32:00 +0530,473245,24.8,22.2,57.71,30.16
2021-11-04 08:32:30 +0530,473246,28.3,25.4,57.71,30.17
2021-11-04 08:33:00 +0530,473247,28.2,25.6,57.59,30.17
2021-11-04 08:33:30 +0530,473248,28.3,25.7,57.51,30.18
2021-11-04 08:34:00 +0530,473249,28.3,25.6,57.51,30.17
2021-11-04 08:34:30 +0530,473250,31.9,27.2,57.48,30.18
2021-11-04 08:35:00 +0530,473251,24.4,22.3,57.48,30.15
2021-11-04 08:35:30 +0530,473252,28.3,25.7,57.54,30.13
2021-11-04 08:36:00 +0530,473253,28.0,25.2,57.51,30.12
2021-11-04 08:36:30 +0530,473254,29.8,26.8,57.65,30.12
2021-11-04 08:37:00 +0530,473255,28.5,25.7,57.65,30.12
2021-11-04 08:37:30 +0530,473256,29.2,26.2,57.77,30.12
2021-11-04 08:38:00 +0530,473257,29.6,26.6,57.8,30.12
2021-11-04 08:38:31 +0530,473258,29.6,26.6,57.8,30.12
2021-11-04 08:39:00 +0530,473259,25.6,22.9,58.27,30.04
2021-11-04 08:39:30 +0530,473260,29.0,25.9,58.13,30.07
2021-11-04 08:40:00 +0530,473261,28.8,25.9,58.0,30.09
2021-11-04 08:40:30 +0530,473262,26.0,23.3,58.09,30.09
2021-11-04 08:41:00 +0530,473263,35.4,28.1,58.09,30.11
2021-11-04 08:41:30 +0530,473264,31.2,27.2,58.09,30.13
2021-11-04 08:42:00 +0530,473265,31.0,27.1,58.0,30.15
2021-11-04 08:42:30 +0530,473266,30.8,24.1,58.09,30.13
2021-11-04 08:43:00 +0530,473267,30.3,27.0,57.95,30.17
2021-11-04 08:43:30 +0530,473268,25.5,22.7,57.95,30.17
2021-11-04 08:44:00 +0530,473269,26.4,22.7,57.95,30.17
2021-11-04 08:45:00 +0530,473270,27.9,24.9,58.3,30.04
2021-11-04 08:45:30 +0530,473271,30.3,26.8,58.3,30.08
2021-11-04 08:46:00 +0530,473272,26.8,22.3,58.09,30.08
2021-11-04 08:46:30 +0530,473273,30.5,27.3,57.89,30.12
2021-11-04 08:47:00 +0530,473274,29.3,26.4,57.8,30.16
2021-11-04 08:47:30 +0530,473275,29.9,27.1,57.56,30.18
2021-11-04 08:48:00 +0530,473276,31.1,27.8,57.71,30.2
2021-11-04 08:48:30 +0530,473277,39.9,29.3,57.74,30.22
2021-11-04 08:49:00 +0530,473278,30.2,26.9,57.65,30.24
2021-11-04 08:49:30 +0530,473279,33.1,27.1,57.56,30.26
2021-11-04 08:50:00 +0530,473280,29.9,26.7,57.56,30.27
2021-11-04 08:50:30 +0530,473281,38.7,28.0,57.77,30.3
2021-11-04 08:51:00 +0530,473282,40.9,28.8,57.74,30.32
2021-11-04 08:51:30 +0530,473283,24.7,22.4,57.68,30.28
2021-11-04 08:52:00 +0530,473284,30.9,27.6,57.56,30.32
2021-11-04 08:52:30 +0530,473285,29.5,26.7,57.33,30.34
2021-11-04 08:53:00 +0530,473286,28.5,25.7,57.0,30.36
2021-11-04 08:53:30 +0530,473287,28.3,22.8,57.1,30.35
2021-11-04 08:54:00 +0530,473288,25.7,22.7,57.21,30.35
2021-11-04 08:54:30 +0530,473289,35.5,26.7,57.21,30.38
2021-11-04 08:55:00 +0530,473290,28.5,25.7,56.97,30.41
2021-11-04 08:55:30 +0530,473291,28.1,25.3,57.06,30.44
2021-11-04 08:56:00 +0530,473292,26.7,20.7,57.15,30.47
2021-11-04 08:56:30 +0530,473293,27.2,24.6,57.06,30.51
2021-11-04 08:57:00 +0530,473294,29.5,24.3,57.24,30.6
2021-11-04 08:57:30 +0530,473295,31.6,25.3,57.35,30.69
2021-11-04 08:58:00 +0530,473296,30.5,26.4,56.86,30.78
2021-11-04 08:58:30 +0530,473297,28.3,25.2,56.42,30.87
2021-11-04 08:59:00 +0530,473298,27.3,24.8,56.15,30.98
2021-11-04 08:59:30 +0530,473299,26.9,24.3,56.03,31.04
2021-11-04 09:00:00 +0530,473300,26.2,23.7,55.71,31.13
2021-11-04 09:00:30 +0530,473301,26.0,23.4,55.2,31.22
2021-11-04 09:01:00 +0530,473302,26.2,23.7,55.0,31.27
2021-11-04 09:01:30 +0530,473303,28.4,23.8,54.7,31.33
2021-11-04 09:02:00 +0530,473304,28.0,24.0,54.59,31.37
2021-11-04 09:02:30 +0530,473305,29.2,24.3,54.46,31.43
2021-11-04 09:03:00 +0530,473306,29.2,24.3,54.46,31.43
2021-11-04 09:03:30 +0530,473307,31.3,19.9,55.03,31.34
2021-11-04 09:04:00 +0530,473308,27.5,23.9,54.73,31.41
2021-11-04 09:04:30 +0530,473309,31.4,23.9,54.67,31.51
2021-11-04 09:05:00 +0530,473310,37.0,24.5,54.7,31.58
2021-11-04 09:05:30 +0530,473311,26.7,22.9,54.23,31.66
2021-11-04 09:06:00 +0530,473312,29.6,24.4,54.1,31.73
2021-11-04 09:06:30 +0530,473313,25.5,23.2,53.6,31.8
2021-11-04 09:07:00 +0530,473314,28.5,24.1,53.57,31.83
2021-11-04 09:07:30 +0530,473315,25.3,22.2,53.39,31.86
2021-11-04 09:08:00 +0530,473316,23.6,21.3,53.01,31.88
2021-11-04 09:08:30 +0530,473317,22.9,21.1,52.65,31.9
2021-11-04 09:09:00 +0530,473318,22.5,20.6,52.65,31.92
2021-11-04 09:09:30 +0530,473319,21.7,19.6,52.84,31.88
2021-11-04 09:10:00 +0530,473320,25.4,23.1,52.98,31.89
2021-11-04 09:10:30 +0530,473321,23.4,20.7,53.22,31.88
2021-11-04 09:11:00 +0530,473322,25.1,19.5,53.46,31.88
2021-11-04 09:11:30 +0530,473323,31.8,23.2,53.27,31.92
2021-11-04 09:12:00 +0530,473324,24.9,22.3,53.01,31.95
2021-11-04 09:12:30 +0530,473325,24.0,21.7,52.95,31.97
2021-11-04 09:13:00 +0530,473326,25.1,22.4,53.04,32.0
2021-11-04 09:13:30 +0530,473327,28.2,23.2,53.01,32.03
2021-11-04 09:14:00 +0530,473328,25.4,22.9,52.86,32.05
2021-11-04 09:14:30 +0530,473329,44.7,40.4,52.89,32.09
2021-11-04 09:15:00 +0530,473330,33.9,30.3,52.92,32.1
2021-11-04 09:15:30 +0530,473331,31.7,25.1,52.89,32.11
2021-11-04 09:16:00 +0530,473332,26.3,23.4,53.01,32.13
2021-11-04 09:16:30 +0530,473333,48.4,26.8,52.94,32.15
2021-11-04 09:17:00 +0530,473334,29.1,23.2,52.33,32.17
2021-11-04 09:17:30 +0530,473335,38.1,25.3,52.21,32.2
2021-11-04 09:18:00 +0530,473336,25.2,22.7,52.39,32.24
2021-11-04 09:18:30 +0530,473337,25.8,23.3,52.36,32.25
2021-11-04 09:19:00 +0530,473338,26.1,23.4,52.39,32.26
2021-11-04 09:19:30 +0530,473339,25.4,22.7,52.42,32.26
2021-11-04 09:20:00 +0530,473340,25.5,23.1,52.36,32.24
2021-11-04 09:20:30 +0530,473341,23.8,21.6,52.15,32.22
2021-11-04 09:21:00 +0530,473342,26.6,21.4,52.24,32.19
2021-11-04 09:21:30 +0530,473343,20.0,17.9,52.53,32.14
2021-11-04 09:22:00 +0530,473344,22.8,20.4,52.45,32.13
2021-11-04 09:22:30 +0530,473345,23.4,20.9,52.62,32.13
2021-11-04 09:23:00 +0530,473346,21.9,19.9,52.47,32.15
2021-11-04 09:23:30 +0530,473347,24.0,21.4,52.59,32.17
2021-11-04 09:24:00 +0530,473348,23.2,19.6,52.39,32.23
2021-11-04 09:24:30 +0530,473349,22.0,19.8,52.2,32.26
2021-11-04 09:25:00 +0530,473350,24.8,19.9,52.27,32.33
2021-11-04 09:25:30 +0530,473351,53.6,19.6,52.42,32.38
2021-11-04 09:26:00 +0530,473352,23.1,18.9,51.99,32.45
2021-11-04 09:26:30 +0530,473353,22.3,17.7,51.62,32.55
2021-11-04 09:27:00 +0530,473354,21.0,17.9,51.14,32.62
2021-11-04 09:27:30 +0530,473355,22.6,18.1,50.56,32.67
2021-11-04 09:28:00 +0530,473356,28.6,17.9,50.56,32.7
2021-11-04 09:28:30 +0530,473357,19.2,17.4,50.11,32.75
2021-11-04 09:29:00 +0530,473358,19.1,17.3,49.77,32.79
2021-11-04 09:29:30 +0530,473359,19.1,17.1,49.74,32.84
2021-11-04 09:30:00 +0530,473360,18.6,16.8,49.47,32.85
2021-11-04 09:30:30 +0530,473361,22.5,17.5,49.44,32.85
2021-11-04 09:31:00 +0530,473362,19.9,17.3,49.4,32.86
2021-11-04 09:31:30 +0530,473363,23.4,18.2,49.56,32.86
2021-11-04 09:32:00 +0530,473364,18.3,16.4,49.37,32.87
2021-11-04 09:32:30 +0530,473365,19.6,17.6,49.37,32.87
2021-11-04 09:33:00 +0530,473366,23.6,20.4,49.4,32.86
2021-11-04 09:33:30 +0530,473367,19.8,17.4,49.53,32.85
2021-11-04 09:34:00 +0530,473368,19.8,17.8,49.5,32.85
2021-11-04 09:34:30 +0530,473369,24.9,18.2,49.63,32.84
2021-11-04 09:35:00 +0530,473370,20.5,18.3,49.88,32.84
2021-11-04 09:35:30 +0530,473371,23.1,18.9,49.84,32.84
2021-11-04 09:36:00 +0530,473372,19.7,17.8,49.6,32.82
2021-11-04 09:36:30 +0530,473373,20.5,18.5,49.74,32.78
2021-11-04 09:37:00 +0530,473374,19.8,18.0,49.88,32.75
2021-11-04 09:37:30 +0530,473375,21.1,18.9,49.78,32.73
2021-11-04 09:38:00 +0530,473376,20.8,18.7,49.98,32.7
2021-11-04 09:38:30 +0530,473377,20.9,18.1,50.15,32.69
2021-11-04 09:39:00 +0530,473378,16.3,14.8,50.43,32.67
2021-11-04 09:39:30 +0530,473379,20.5,18.3,50.43,32.68
2021-11-04 09:40:00 +0530,473380,21.8,17.9,50.56,32.7
2021-11-04 09:40:30 +0530,473381,28.3,17.9,50.69,32.73
2021-11-04 09:41:00 +0530,473382,27.5,18.9,50.38,32.77
2021-11-04 09:41:30 +0530,473383,26.9,18.5,50.55,32.79
2021-11-04 09:42:00 +0530,473384,23.6,18.2,50.42,32.84
2021-11-04 09:42:30 +0530,473385,20.5,18.4,50.18,32.85
2021-11-04 09:43:00 +0530,473386,20.3,18.4,50.11,32.85
2021-11-04 09:43:30 +0530,473387,19.8,18.1,50.01,32.85
2021-11-04 09:44:00 +0530,473388,19.7,18.0,49.63,32.85
2021-11-04 09:44:30 +0530,473389,20.7,18.7,49.56,32.82
2021-11-04 09:45:00 +0530,473390,19.8,18.2,49.7,32.79
2021-11-04 09:45:30 +0530,473391,20.2,18.4,49.88,32.78
2021-11-04 09:46:00 +0530,473392,16.4,14.9,50.11,32.77
2021-11-04 09:46:30 +0530,473393,31.0,19.6,50.01,32.79
2021-11-04 09:47:00 +0530,473394,22.2,19.2,50.05,32.85
2021-11-04 09:47:30 +0530,473395,23.2,18.8,50.08,32.87
2021-11-04 09:48:00 +0530,473396,22.4,19.0,50.34,32.96
2021-11-04 09:48:30 +0530,473397,20.5,17.7,49.63,33.03
2021-11-04 09:49:00 +0530,473398,20.3,18.0,49.25,33.09
2021-11-04 09:49:30 +0530,473399,22.2,17.6,49.21,33.15
2021-11-04 09:50:00 +0530,473400,28.4,19.1,48.84,33.2
2021-11-04 09:50:30 +0530,473401,29.5,18.2,48.33,33.23
2021-11-04 09:51:00 +0530,473402,20.9,17.2,48.28,33.28
2021-11-04 09:51:30 +0530,473403,19.7,17.3,48.28,33.32
2021-11-04 09:52:00 +0530,473404,18.6,16.9,48.02,33.36
2021-11-04 09:52:30 +0530,473405,19.4,16.6,47.98,33.42
2021-11-04 09:53:00 +0530,473406,18.2,16.6,48.08,33.45
2021-11-04 09:53:30 +0530,473407,19.0,16.7,47.9,33.5
2021-11-04 09:54:00 +0530,473408,14.8,13.3,47.87,33.51
2021-11-04 09:54:30 +0530,473409,18.4,16.5,47.67,33.58
2021-11-04 09:55:00 +0530,473410,23.8,17.3,47.79,33.64
2021-11-04 09:55:30 +0530,473411,17.8,15.9,47.76,33.68
2021-11-04 09:56:00 +0530,473412,27.7,16.7,47.59,33.76
2021-11-04 09:56:30 +0530,473413,21.6,16.7,47.54,33.81
2021-11-04 09:57:00 +0530,473414,31.0,18.7,47.44,33.89
2021-11-04 09:57:30 +0530,473415,20.7,17.6,47.24,33.93
2021-11-04 09:58:00 +0530,473416,21.4,17.2,47.02,33.96
2021-11-04 09:58:30 +0530,473417,22.2,18.3,47.02,33.97
2021-11-04 09:59:00 +0530,473418,18.1,16.3,46.75,34.0
2021-11-04 09:59:30 +0530,473419,18.5,15.6,46.51,34.0
2021-11-04 10:00:00 +0530,473420,20.4,16.5,46.55,33.99
2021-11-04 10:00:30 +0530,473421,24.8,17.2,46.79,33.96
2021-11-04 10:01:00 +0530,473422,17.8,16.0,46.86,33.95
2021-11-04 10:01:30 +0530,473423,17.4,15.7,46.96,33.92
2021-11-04 10:02:00 +0530,473424,17.3,15.7,46.8,33.92
2021-11-04 10:02:30 +0530,473425,17.9,16.0,46.63,33.92
2021-11-04 10:03:00 +0530,473426,21.9,16.6,46.86,33.91
2021-11-04 10:03:30 +0530,473427,20.3,15.9,46.89,33.9
2021-11-04 10:04:00 +0530,473428,21.7,15.8,47.07,33.9
2021-11-04 10:04:30 +0530,473429,23.9,17.1,47.0,33.9
2021-11-04 10:05:00 +0530,473430,22.6,16.6,46.66,33.91
2021-11-04 10:05:30 +0530,473431,16.5,15.0,46.45,33.91
2021-11-04 10:06:00 +0530,473432,17.3,15.4,46.66,33.91
2021-11-04 10:06:30 +0530,473433,27.3,16.4,46.63,33.91
2021-11-04 10:07:00 +0530,473434,27.2,17.1,46.86,33.91
2021-11-04 10:07:30 +0530,473435,13.8,12.5,46.59,33.89
2021-11-04 10:08:00 +0530,473436,17.9,16.0,46.22,33.89
2021-11-04 10:08:30 +0530,473437,18.7,16.7,46.25,33.91
2021-11-04 10:09:00 +0530,473438,17.5,15.9,46.45,33.93
2021-11-04 10:09:30 +0530,473439,52.4,17.2,46.68,33.95
2021-11-04 10:10:00 +0530,473440,33.0,18.6,46.51,34.01
2021-11-04 10:10:30 +0530,473441,18.2,16.6,46.0,34.06
2021-11-04 10:11:00 +0530,473442,16.5,15.1,46.0,34.1
2021-11-04 10:11:30 +0530,473443,17.8,15.9,46.13,34.17
2021-11-04 10:12:00 +0530,473444,20.2,15.7,46.09,34.22
2021-11-04 10:12:30 +0530,473445,24.3,14.6,46.02,34.25
2021-11-04 10:13:00 +0530,473446,21.7,15.8,45.88,34.33
2021-11-04 10:13:30 +0530,473447,19.1,13.0,45.74,34.36
2021-11-04 10:14:00 +0530,473448,19.8,15.6,45.74,34.44
2021-11-04 10:14:30 +0530,473449,22.1,15.7,45.46,34.49
2021-11-04 10:15:00 +0530,473450,16.2,14.6,45.28,34.55
2021-11-04 10:15:30 +0530,473451,17.3,14.9,45.25,34.62
2021-11-04 10:16:00 +0530,473452,16.9,15.1,45.14,34.68
2021-11-04 10:16:30 +0530,473453,15.4,14.1,44.94,34.76
2021-11-04 10:17:00 +0530,473454,18.3,15.4,44.9,34.82
2021-11-04 10:17:30 +0530,473455,16.0,14.4,44.76,34.9
2021-11-04 10:18:00 +0530,473456,32.5,14.8,44.65,34.93
2021-11-04 10:18:30 +0530,473457,39.1,14.6,44.44,34.97
2021-11-04 10:19:00 +0530,473458,20.4,14.4,43.96,35.03
2021-11-04 10:19:30 +0530,473459,35.8,16.8,43.9,35.06
2021-11-04 10:20:00 +0530,473460,29.4,16.8,43.83,35.1
2021-11-04 10:20:30 +0530,473461,14.8,13.3,43.51,35.13
2021-11-04 10:21:00 +0530,473462,15.6,14.1,43.3,35.14
2021-11-04 10:21:30 +0530,473463,19.7,15.2,43.37,35.14
2021-11-04 10:22:00 +0530,473464,17.5,15.7,43.33,35.15
2021-11-04 10:22:30 +0530,473465,17.3,15.6,43.61,35.16
2021-11-04 10:23:00 +0530,473466,17.0,15.3,43.71,35.18
2021-11-04 10:23:30 +0530,473467,15.8,14.3,43.44,35.19
2021-11-04 10:24:00 +0530,473468,16.0,14.3,43.23,35.16
2021-11-04 10:24:30 +0530,473469,15.3,14.1,43.17,35.14
2021-11-04 10:25:00 +0530,473470,16.7,15.2,43.28,35.1
2021-11-04 10:25:30 +0530,473471,14.8,13.3,43.58,35.01
2021-11-04 10:26:00 +0530,473472,18.0,16.3,43.5,34.96
2021-11-04 10:26:30 +0530,473473,17.2,15.8,43.6,34.9
2021-11-04 10:27:00 +0530,473474,19.0,15.3,43.77,34.83
2021-11-04 10:27:30 +0530,473475,21.5,16.7,43.98,34.79
2021-11-04 10:28:00 +0530,473476,20.8,15.6,44.16,34.77
2021-11-04 10:28:30 +0530,473477,17.1,15.3,44.29,34.77
2021-11-04 10:29:00 +0530,473478,22.7,15.9,44.36,34.8
2021-11-04 10:29:30 +0530,473479,23.9,15.7,44.48,34.83
2021-11-04 10:30:00 +0530,473480,21.8,15.7,44.35,34.89
2021-11-04 10:30:30 +0530,473481,20.5,15.2,44.11,34.93
2021-11-04 10:31:00 +0530,473482,23.0,15.1,44.03,34.99
2021-11-04 10:31:30 +0530,473483,23.0,15.9,44.13,35.08
2021-11-04 10:32:00 +0530,473484,13.1,11.8,44.16,35.14
2021-11-04 10:32:30 +0530,473485,20.8,15.3,43.95,35.25
2021-11-04 10:33:00 +0530,473486,18.8,14.3,43.87,35.37
2021-11-04 10:33:30 +0530,473487,19.4,14.7,43.6,35.45
2021-11-04 10:34:00 +0530,473488,20.4,14.8,43.48,35.58
2021-11-04 10:34:30 +0530,473489,67.9,19.8,43.13,35.68
2021-11-04 10:35:00 +0530,473490,26.2,13.6,42.37,35.75
2021-11-04 10:35:30 +0530,473491,19.6,13.7,41.93,35.82
2021-11-04 10:36:00 +0530,473492,22.8,14.2,41.78,35.83
2021-11-04 10:36:30 +0530,473493,16.1,13.7,41.51,35.83
2021-11-04 10:37:00 +0530,473494,16.8,13.8,41.51,35.83
2021-11-04 10:37:30 +0530,473495,32.6,14.9,41.62,35.83
2021-11-04 10:38:00 +0530,473496,27.9,14.5,41.45,35.81
2021-11-04 10:38:30 +0530,473497,13.3,11.9,41.52,35.74
2021-11-04 10:39:00 +0530,473498,21.0,14.7,41.42,35.7
2021-11-04 10:39:30 +0530,473499,11.3,10.3,41.55,35.65
2021-11-04 10:40:00 +0530,473500,11.7,10.7,41.54,35.58
2021-11-04 10:40:30 +0530,473501,15.3,13.8,41.57,35.51
2021-11-04 10:41:00 +0530,473502,13.2,11.4,41.79,35.42
2021-11-04 10:41:30 +0530,473503,13.9,10.9,42.16,35.3
2021-11-04 10:42:00 +0530,473504,17.6,13.8,42.17,35.22
2021-11-04 10:42:30 +0530,473505,17.6,14.2,42.26,35.14
2021-11-04 10:43:00 +0530,473506,11.1,10.2,42.56,35.03
2021-11-04 10:43:30 +0530,473507,18.6,14.4,42.8,34.96
2021-11-04 10:44:00 +0530,473508,17.3,14.6,42.92,34.9
2021-11-04 10:44:30 +0530,473509,16.4,14.3,43.09,34.84
2021-11-04 10:45:00 +0530,473510,16.7,14.9,42.97,34.78
2021-11-04 10:45:30 +0530,473511,17.0,15.4,43.13,34.69
2021-11-04 10:46:00 +0530,473512,18.6,15.7,43.37,34.61
2021-11-04 10:46:30 +0530,473513,17.3,15.6,43.76,34.54
2021-11-04 10:47:00 +0530,473514,16.9,15.3,43.69,34.49
2021-11-04 10:47:30 +0530,473515,13.2,11.8,43.8,34.4
2021-11-04 10:48:00 +0530,473516,17.7,15.7,44.0,34.37
2021-11-04 10:48:30 +0530,473517,14.9,13.3,44.38,34.32
2021-11-04 10:49:00 +0530,473518,23.6,17.0,44.62,34.31
2021-11-04 10:49:30 +0530,473519,18.9,15.4,44.62,34.3
2021-11-04 10:50:00 +0530,473520,16.6,15.1,44.48,34.31
2021-11-04 10:50:30 +0530,473521,18.3,15.4,44.62,34.33
2021-11-04 10:51:00 +0530,473522,29.2,16.4,44.79,34.38
2021-11-04 10:51:30 +0530,473523,41.6,16.9,44.65,34.42
2021-11-04 10:52:00 +0530,473524,24.8,15.8,44.37,34.48
2021-11-04 10:52:30 +0530,473525,18.7,14.9,44.16,34.52
2021-11-04 10:53:00 +0530,473526,23.4,12.7,44.23,34.51
2021-11-04 10:53:30 +0530,473527,24.9,15.7,44.0,34.5
2021-11-04 10:54:00 +0530,473528,29.0,13.6,44.14,34.44
2021-11-04 10:54:30 +0530,473529,40.4,18.4,44.42,34.37
2021-11-04 10:55:00 +0530,473530,33.7,16.4,44.93,34.32
2021-11-04 10:55:30 +0530,473531,20.5,11.9,44.94,34.25
2021-11-04 10:56:00 +0530,473532,32.9,16.6,44.94,34.23
2021-11-04 10:56:30 +0530,473533,25.0,15.6,45.0,34.23
2021-11-04 10:57:00 +0530,473534,22.0,12.5,45.18,34.21
2021-11-04 10:57:30 +0530,473535,20.0,14.8,45.07,34.22
2021-11-04 10:58:00 +0530,473536,16.5,14.2,45.07,34.23
2021-11-04 10:58:30 +0530,473537,20.3,14.3,45.11,34.25
2021-11-04 10:59:00 +0530,473538,19.5,13.4,45.09,34.3
2021-11-04 10:59:30 +0530,473539,13.8,12.5,44.28,34.32
2021-11-04 11:00:00 +0530,473540,33.7,11.1,44.48,34.3
2021-11-04 11:00:30 +0530,473541,18.9,13.6,44.38,34.32
2021-11-04 11:01:00 +0530,473542,20.6,13.8,44.48,34.34
2021-11-04 11:01:30 +0530,473543,13.2,11.9,44.28,34.38
2021-11-04 11:02:00 +0530,473544,13.6,12.1,44.21,34.41
2021-11-04 11:02:30 +0530,473545,21.5,13.2,44.2,34.47
2021-11-04 11:03:00 +0530,473546,22.7,13.2,44.23,34.54
2021-11-04 11:03:30 +0530,473547,29.4,14.1,44.23,34.61
2021-11-04 11:04:00 +0530,473548,14.2,12.8,43.67,34.67
2021-11-04 11:04:30 +0530,473549,14.1,12.7,43.51,34.69
2021-11-04 11:05:00 +0530,473550,14.1,12.7,43.55,34.73
2021-11-04 11:05:30 +0530,473551,14.7,13.3,43.64,34.75
2021-11-04 11:06:00 +0530,473552,22.0,14.4,44.02,34.77
2021-11-04 11:06:30 +0530,473553,17.9,13.7,43.81,34.79
2021-11-04 11:07:00 +0530,473554,17.9,13.3,43.67,34.81
2021-11-04 11:07:30 +0530,473555,18.3,13.7,43.57,34.81
2021-11-04 11:08:00 +0530,473556,27.2,14.9,43.64,34.81
2021-11-04 11:08:30 +0530,473557,44.8,13.4,43.74,34.79
2021-11-04 11:09:00 +0530,473558,20.7,13.6,44.07,34.81
2021-11-04 11:09:30 +0530,473559,52.8,16.4,44.11,34.84
2021-11-04 11:10:00 +0530,473560,16.0,12.2,43.8,34.86
2021-11-04 11:10:30 +0530,473561,15.5,12.2,43.5,34.9
2021-11-04 11:11:00 +0530,473562,18.5,11.7,43.46,34.93
2021-11-04 11:11:30 +0530,473563,18.0,12.7,43.42,34.97
2021-11-04 11:12:00 +0530,473564,15.4,11.7,43.14,35.01
2021-11-04 11:12:30 +0530,473565,18.8,11.9,43.21,35.07
2021-11-04 11:13:00 +0530,473566,22.9,10.4,43.42,35.09
2021-11-04 11:13:30 +0530,473567,13.7,11.6,43.16,35.14
2021-11-04 11:14:00 +0530,473568,13.4,11.8,42.86,35.23
2021-11-04 11:14:30 +0530,473569,12.5,11.4,42.28,35.29
2021-11-04 11:15:00 +0530,473570,11.9,10.8,42.16,35.33
2021-11-04 11:15:30 +0530,473571,13.3,11.1,42.23,35.36
2021-11-04 11:16:00 +0530,473572,12.5,11.3,42.37,35.37
2021-11-04 11:16:30 +0530,473573,14.8,12.4,42.58,35.38
2021-11-04 11:17:00 +0530,473574,15.9,12.8,42.58,35.39
2021-11-04 11:17:30 +0530,473575,12.6,11.4,42.23,35.41
2021-11-04 11:18:00 +0530,473576,15.3,12.1,42.19,35.41
2021-11-04 11:18:30 +0530,473577,17.2,12.9,42.03,35.41
2021-11-04 11:19:00 +0530,473578,30.8,13.4,42.13,35.4
2021-11-04 11:19:30 +0530,473579,21.5,16.1,42.03,35.39
2021-11-04 11:20:00 +0530,473580,29.6,11.1,42.37,35.35
2021-11-04 11:20:30 +0530,473581,16.0,12.7,42.26,35.34
2021-11-04 11:21:00 +0530,473582,15.7,11.9,42.16,35.31
2021-11-04 11:21:30 +0530,473583,12.7,11.4,42.26,35.3
2021-11-04 11:22:00 +0530,473584,12.4,11.2,42.17,35.29
2021-11-04 11:22:30 +0530,473585,9.7,8.7,42.35,35.27
2021-11-04 11:23:00 +0530,473586,12.3,11.2,42.55,35.27
2021-11-04 11:23:30 +0530,473587,15.7,12.9,42.65,35.29
2021-11-04 11:24:00 +0530,473588,14.8,11.8,42.54,35.31
2021-11-04 11:24:30 +0530,473589,12.8,9.7,42.37,35.33
2021-11-04 11:25:00 +0530,473590,14.2,12.1,42.16,35.33
2021-11-04 11:25:30 +0530,473591,13.4,12.2,42.3,35.33
2021-11-04 11:26:00 +0530,473592,13.0,11.9,42.33,35.33
2021-11-04 11:26:30 +0530,473593,12.5,11.4,42.13,35.3
2021-11-04 11:27:00 +0530,473594,12.2,11.2,42.04,35.29
2021-11-04 11:27:30 +0530,473595,19.4,11.7,42.1,35.28
2021-11-04 11:28:00 +0530,473596,23.0,12.4,42.21,35.27
2021-11-04 11:28:30 +0530,473597,14.3,12.8,42.35,35.27
2021-11-04 11:29:00 +0530,473598,11.0,9.9,42.68,35.24
2021-11-04 11:29:30 +0530,473599,14.3,12.8,42.58,35.27
2021-11-04 11:30:00 +0530,473600,17.5,11.2,41.87,35.29
2021-11-04 11:30:30 +0530,473601,9.9,8.9,41.84,35.3
2021-11-04 11:31:00 +0530,473602,26.2,12.0,42.13,35.33
2021-11-04 11:31:30 +0530,473603,22.4,12.8,42.23,35.37
2021-11-04 11:32:00 +0530,473604,27.6,13.4,42.33,35.42
2021-11-04 11:32:30 +0530,473605,22.9,13.2,42.1,35.49
2021-11-04 11:33:00 +0530,473606,13.3,11.2,41.64,35.54
2021-11-04 11:33:30 +0530,473607,15.2,8.7,41.87,35.56
2021-11-04 11:34:00 +0530,473608,17.9,12.1,41.74,35.63
2021-11-04 11:34:30 +0530,473609,14.6,10.8,41.55,35.69
2021-11-04 11:35:00 +0530,473610,17.7,11.7,41.62,35.74
2021-11-04 11:35:30 +0530,473611,43.3,15.7,41.25,35.79
2021-11-04 11:36:00 +0530,473612,14.5,10.4,40.67,35.82
2021-11-04 11:36:30 +0530,473613,9.9,8.9,40.52,35.83
2021-11-04 11:37:00 +0530,473614,11.5,9.3,40.49,35.81
2021-11-04 11:37:30 +0530,473615,10.6,9.5,40.33,35.81
2021-11-04 11:38:00 +0530,473616,10.8,9.7,40.33,35.82
2021-11-04 11:38:30 +0530,473617,13.9,10.2,40.49,35.82
2021-11-04 11:39:00 +0530,473618,14.6,11.3,40.62,35.83
2021-11-04 11:39:30 +0530,473619,18.1,12.0,40.68,35.85
2021-11-04 11:40:00 +0530,473620,20.7,12.5,40.72,35.88
2021-11-04 11:40:30 +0530,473621,14.1,10.9,40.49,35.93
2021-11-04 11:41:00 +0530,473622,12.3,11.0,40.21,35.96
2021-11-04 11:41:30 +0530,473623,13.7,10.8,40.17,35.97
2021-11-04 11:42:00 +0530,473624,14.6,11.0,40.28,35.97
2021-11-04 11:42:30 +0530,473625,36.2,15.6,40.59,35.98
2021-11-04 11:43:00 +0530,473626,30.8,13.1,40.64,35.99
2021-11-04 11:43:30 +0530,473627,29.1,13.4,40.75,35.99
2021-11-04 11:44:00 +0530,473628,16.9,10.8,40.57,36.0
2021-11-04 11:44:30 +0530,473629,17.6,10.4,40.64,36.0
2021-11-04 11:45:00 +0530,473630,16.0,10.5,40.33,36.01
2021-11-04 11:45:30 +0530,473631,21.1,10.7,40.57,36.01
2021-11-04 11:46:00 +0530,473632,18.0,10.4,40.5,36.0
2021-11-04 11:46:30 +0530,473633,15.5,10.4,40.33,36.01
2021-11-04 11:47:00 +0530,473634,20.4,9.3,40.38,35.98
2021-11-04 11:47:30 +0530,473635,30.1,13.1,40.57,35.99
2021-11-04 11:48:00 +0530,473636,9.8,8.6,40.62,35.97
2021-11-04 11:48:30 +0530,473637,20.9,9.4,40.89,35.96
2021-11-04 11:49:00 +0530,473638,25.8,12.4,40.67,35.99
2021-11-04 11:49:30 +0530,473639,13.8,10.6,40.71,36.01
2021-11-04 11:50:00 +0530,473640,17.3,11.1,40.84,36.04
2021-11-04 11:50:30 +0530,473641,20.1,10.9,40.71,36.07
2021-11-04 11:51:00 +0530,473642,15.5,10.4,40.71,36.09
2021-11-04 11:51:30 +0530,473643,20.0,10.9,40.98,36.12
2021-11-04 11:52:00 +0530,473644,14.6,8.1,41.15,36.14
2021-11-04 11:52:30 +0530,473645,12.8,10.5,40.8,36.19
2021-11-04 11:53:00 +0530,473646,16.7,10.3,40.15,36.23
2021-11-04 11:53:30 +0530,473647,20.1,8.1,40.32,36.25
2021-11-04 11:54:00 +0530,473648,26.9,14.1,40.22,36.28
2021-11-04 11:54:30 +0530,473649,23.5,9.2,40.36,36.31
2021-11-04 11:55:00 +0530,473650,88.4,21.9,40.23,36.36
2021-11-04 11:55:30 +0530,473651,12.8,10.8,39.65,36.37
2021-11-04 11:56:00 +0530,473652,8.2,7.4,39.68,36.32
2021-11-04 11:56:30 +0530,473653,13.5,10.8,39.67,36.3
2021-11-04 11:57:00 +0530,473654,11.5,8.4,39.88,36.27
2021-11-04 11:57:30 +0530,473655,9.9,8.6,39.81,36.24
2021-11-04 11:58:00 +0530,473656,11.9,10.7,39.81,36.24
2021-11-04 11:58:30 +0530,473657,12.3,10.6,39.81,36.25
2021-11-04 11:59:00 +0530,473658,14.0,10.8,39.88,36.23
2021-11-04 11:59:30 +0530,473659,15.1,10.2,39.56,36.21
2021-11-04 12:00:00 +0530,473660,15.4,10.2,39.56,36.21
2021-11-04 12:00:30 +0530,473661,71.0,15.0,40.3,36.01
2021-11-04 12:01:00 +0530,473662,24.7,12.1,40.13,36.04
2021-11-04 12:01:30 +0530,473663,19.2,11.6,40.36,36.08
2021-11-04 12:02:00 +0530,473664,16.3,10.3,40.23,36.09
2021-11-04 12:02:30 +0530,473665,21.7,11.6,40.13,36.08
2021-11-04 12:03:00 +0530,473666,21.5,11.7,40.16,36.04
2021-11-04 12:03:30 +0530,473667,19.6,10.9,40.3,36.03
2021-11-04 12:04:00 +0530,473668,14.0,9.9,39.99,36.02
2021-11-04 12:04:30 +0530,473669,15.9,10.6,40.13,36.01
2021-11-04 12:05:00 +0530,473670,13.2,9.4,40.3,36.01
2021-11-04 12:05:30 +0530,473671,14.9,10.4,40.43,36.0
2021-11-04 12:06:00 +0530,473672,24.8,11.9,40.71,36.01
2021-11-04 12:06:30 +0530,473673,15.9,10.4,40.5,36.02
2021-11-04 12:07:00 +0530,473674,14.4,9.9,40.47,36.01
2021-11-04 12:07:30 +0530,473675,16.0,9.8,40.2,36.01
2021-11-04 12:08:00 +0530,473676,11.7,9.4,40.02,36.0
2021-11-04 12:08:30 +0530,473677,11.6,7.0,40.17,35.94
2021-11-04 12:09:00 +0530,473678,16.7,7.6,40.42,35.86
2021-11-04 12:09:30 +0530,473679,27.5,10.9,40.42,35.81
2021-11-04 12:10:00 +0530,473680,26.8,11.3,40.42,35.77
2021-11-04 12:10:30 +0530,473681,13.3,9.4,40.46,35.72
2021-11-04 12:11:00 +0530,473682,14.3,9.7,40.63,35.69
2021-11-04 12:11:30 +0530,473683,18.6,10.4,40.7,35.67
2021-11-04 12:12:00 +0530,473684,15.8,7.8,40.89,35.62
2021-11-04 12:12:30 +0530,473685,23.9,7.9,41.06,35.6
2021-11-04 12:13:00 +0530,473686,15.6,9.3,41.06,35.62
2021-11-04 12:13:30 +0530,473687,17.0,9.8,41.04,35.64
2021-11-04 12:14:00 +0530,473688,17.0,11.3,40.74,35.66
2021-11-04 12:14:30 +0530,473689,31.4,12.3,40.91,35.67
2021-11-04 12:15:00 +0530,473690,20.4,10.2,40.49,35.69
2021-11-04 12:15:30 +0530,473691,30.6,11.4,40.67,35.7
2021-11-04 12:16:00 +0530,473692,29.2,12.1,40.91,35.72
2021-11-04 12:16:30 +0530,473693,23.5,10.2,40.74,35.75
2021-11-04 12:17:00 +0530,473694,16.4,9.6,40.7,35.78
2021-11-04 12:17:30 +0530,473695,17.0,9.3,40.74,35.8
2021-11-04 12:18:00 +0530,473696,17.0,10.2,40.97,35.82
2021-11-04 12:18:30 +0530,473697,12.8,8.8,40.42,35.84
2021-11-04 12:19:00 +0530,473698,11.6,9.1,40.21,35.86
2021-11-04 12:19:30 +0530,473699,10.2,9.1,40.1,35.86
2021-11-04 12:20:00 +0530,473700,13.3,9.2,40.17,35.86
2021-11-04 12:20:30 +0530,473701,17.3,10.1,40.35,35.86
2021-11-04 12:21:00 +0530,473702,20.7,10.6,40.42,35.84
2021-11-04 12:21:30 +0530,473703,15.2,9.4,40.01,35.85
2021-11-04 12:22:00 +0530,473704,21.4,10.9,39.9,35.84
2021-11-04 12:22:30 +0530,473705,15.5,10.4,40.04,35.82
2021-11-04 12:23:00 +0530,473706,26.0,12.0,40.1,35.81
2021-11-04 12:23:30 +0530,473707,25.1,12.0,40.35,35.82
2021-11-04 12:24:00 +0530,473708,25.8,11.4,40.55,35.83
2021-11-04 12:24:30 +0530,473709,15.9,9.7,40.65,35.86
2021-11-04 12:25:00 +0530,473710,14.0,9.2,40.42,35.89
2021-11-04 12:25:30 +0530,473711,8.1,6.4,40.35,35.9
2021-11-04 12:26:00 +0530,473712,12.7,8.7,40.17,35.92
2021-11-04 12:26:30 +0530,473713,12.2,8.4,39.87,35.95
2021-11-04 12:27:00 +0530,473714,13.1,8.3,39.83,35.95
2021-11-04 12:27:30 +0530,473715,10.6,5.3,39.94,35.93
2021-11-04 12:28:00 +0530,473716,10.6,8.2,39.36,35.92
2021-11-04 12:28:30 +0530,473717,18.7,9.6,39.46,35.94
2021-11-04 12:29:00 +0530,473718,7.8,7.2,39.11,35.94
2021-11-04 12:29:30 +0530,473719,15.7,8.8,39.01,35.94
2021-11-04 12:30:00 +0530,473720,29.9,10.9,39.08,35.95
2021-11-04 12:30:30 +0530,473721,8.1,6.1,39.36,35.95
2021-11-04 12:31:00 +0530,473722,6.1,5.5,39.39,35.94
2021-11-04 12:31:30 +0530,473723,9.3,8.4,39.36,35.93
2021-11-04 12:32:00 +0530,473724,10.5,7.8,39.56,35.9
2021-11-04 12:32:30 +0530,473725,10.7,5.5,39.46,35.87
2021-11-04 12:33:00 +0530,473726,18.9,9.4,39.9,35.86
2021-11-04 12:33:30 +0530,473727,12.6,8.9,39.73,35.85
2021-11-04 12:34:00 +0530,473728,7.2,6.7,39.8,35.82
2021-11-04 12:34:30 +0530,473729,11.4,7.7,39.75,35.8
2021-11-04 12:35:00 +0530,473730,12.3,9.9,39.64,35.8
2021-11-04 12:35:30 +0530,473731,10.0,8.9,39.54,35.8
2021-11-04 12:36:00 +0530,473732,13.2,9.1,39.71,35.81
2021-11-04 12:36:30 +0530,473733,6.2,5.6,39.81,35.8
2021-11-04 12:37:00 +0530,473734,9.8,8.9,39.81,35.82
2021-11-04 12:37:30 +0530,473735,18.8,10.1,39.87,35.84
2021-11-04 12:38:00 +0530,473736,31.0,11.9,40.1,35.88
2021-11-04 12:38:30 +0530,473737,18.5,9.7,39.87,35.92
2021-11-04 12:39:00 +0530,473738,41.5,13.9,39.9,35.95
2021-11-04 12:39:30 +0530,473739,27.7,11.1,39.73,35.97
2021-11-04 12:40:00 +0530,473740,49.9,22.9,39.92,35.99
2021-11-04 12:40:30 +0530,473741,49.3,17.6,40.13,36.0
2021-11-04 12:41:00 +0530,473742,28.6,12.4,39.88,36.02
2021-11-04 12:41:30 +0530,473743,39.1,10.2,39.88,36.0
2021-11-04 12:42:00 +0530,473744,12.3,9.1,39.41,36.0
2021-11-04 12:42:30 +0530,473745,10.8,7.2,38.72,35.99
2021-11-04 12:43:00 +0530,473746,21.0,9.3,38.83,35.99
2021-11-04 12:43:30 +0530,473747,18.7,9.3,38.93,35.99
2021-11-04 12:44:00 +0530,473748,11.3,8.2,39.0,36.0
2021-11-04 12:44:30 +0530,473749,18.0,8.8,39.2,36.02
2021-11-04 12:45:00 +0530,473750,11.1,7.9,39.23,36.04
2021-11-04 12:45:30 +0530,473751,13.2,8.2,39.27,36.03
2021-11-04 12:46:00 +0530,473752,21.9,9.3,39.41,36.02
2021-11-04 12:46:30 +0530,473753,8.8,8.0,39.41,36.0
2021-11-04 12:47:00 +0530,473754,10.2,8.2,39.44,35.99
2021-11-04 12:47:30 +0530,473755,13.2,8.8,39.48,35.97
2021-11-04 12:48:00 +0530,473756,8.6,7.8,39.25,35.96
2021-11-04 12:48:30 +0530,473757,12.3,9.0,39.36,35.94
2021-11-04 12:49:00 +0530,473758,24.3,11.4,39.8,35.95
2021-11-04 12:49:30 +0530,473759,23.3,8.3,39.83,35.9
2021-11-04 12:50:00 +0530,473760,10.9,4.9,39.76,35.88
2021-11-04 12:50:30 +0530,473761,7.2,4.8,39.87,35.86
2021-11-04 12:51:00 +0530,473762,16.6,8.6,39.83,35.86
2021-11-04 12:52:00 +0530,473764,15.8,6.8,39.83,35.84
2021-11-04 12:52:30 +0530,473765,8.5,5.8,39.76,35.83
2021-11-04 12:53:00 +0530,473763,21.2,15.6,39.98,35.84
2021-11-04 12:53:30 +0530,473766,22.4,13.7,40.15,35.81
2021-11-04 12:54:00 +0530,473767,8.1,4.4,39.81,35.79
2021-11-04 12:54:30 +0530,473768,17.3,6.4,39.54,35.77
2021-11-04 12:55:00 +0530,473769,22.7,9.7,39.43,35.77
2021-11-04 12:55:30 +0530,473770,32.3,6.9,39.61,35.73
2021-11-04 12:56:00 +0530,473771,16.9,6.2,39.71,35.69
2021-11-04 12:56:30 +0530,473772,14.1,7.9,39.81,35.66
2021-11-04 12:57:00 +0530,473773,20.6,8.6,40.08,35.65
2021-11-04 12:57:30 +0530,473774,13.8,8.3,40.07,35.64
2021-11-04 12:58:00 +0530,473775,21.6,6.3,40.31,35.63
2021-11-04 12:58:30 +0530,473776,39.8,12.5,40.46,35.65
2021-11-04 12:59:00 +0530,473777,28.1,10.2,40.46,35.67
2021-11-04 12:59:30 +0530,473778,22.6,6.9,40.33,35.66
2021-11-04 13:00:00 +0530,473779,15.6,8.2,40.29,35.68
2021-11-04 13:00:30 +0530,473780,10.6,7.5,40.08,35.7
2021-11-04 13:01:00 +0530,473781,12.5,4.3,40.01,35.66
2021-11-04 13:01:30 +0530,473782,11.1,8.1,39.85,35.67
2021-11-04 13:02:00 +0530,473783,9.3,7.7,40.01,35.65
2021-11-04 13:02:30 +0530,473784,13.4,8.1,39.79,35.64
2021-11-04 13:03:00 +0530,473785,6.5,4.7,39.93,35.59
2021-11-04 13:03:30 +0530,473786,13.3,8.6,39.93,35.58
2021-11-04 13:04:00 +0530,473787,26.0,10.1,40.13,35.59
2021-11-04 13:04:30 +0530,473788,9.7,5.2,40.07,35.58
2021-11-04 13:05:00 +0530,473789,8.3,7.0,39.72,35.58
2021-11-04 13:05:30 +0530,473790,10.2,7.1,39.42,35.58
2021-11-04 13:06:00 +0530,473791,17.3,7.9,39.52,35.56
2021-11-04 13:06:30 +0530,473792,35.7,10.6,39.69,35.55
2021-11-04 13:07:00 +0530,473793,36.0,10.5,39.86,35.54
2021-11-04 13:07:30 +0530,473794,13.8,7.9,39.69,35.56
2021-11-04 13:08:00 +0530,473795,9.4,7.3,39.72,35.56
2021-11-04 13:08:30 +0530,473796,8.1,7.0,39.69,35.55
2021-11-04 13:09:00 +0530,473797,19.6,8.2,39.83,35.54
2021-11-04 13:09:30 +0530,473798,12.4,7.9,39.97,35.53
2021-11-04 13:10:00 +0530,473799,70.1,16.2,40.27,35.54
2021-11-04 13:10:30 +0530,473800,13.8,8.9,40.55,35.57
2021-11-04 13:11:00 +0530,473801,11.1,7.6,40.58,35.6
2021-11-04 13:11:30 +0530,473802,6.8,4.5,40.51,35.63
2021-11-04 13:12:00 +0530,473803,14.8,8.7,40.67,35.67
2021-11-04 13:12:30 +0530,473804,18.2,8.9,40.08,35.71
2021-11-04 13:13:00 +0530,473805,14.4,8.7,40.08,35.74
2021-11-04 13:13:30 +0530,473806,20.8,9.6,40.01,35.75
2021-11-04 13:14:00 +0530,473807,12.7,7.8,39.88,35.77
2021-11-04 13:14:30 +0530,473808,135.7,24.2,39.75,35.79
2021-11-04 13:15:00 +0530,473809,8.5,7.6,39.5,35.79
2021-11-04 13:15:30 +0530,473810,10.8,7.6,39.61,35.78
2021-11-04 13:16:00 +0530,473811,26.7,7.9,39.91,35.78
2021-11-04 13:16:30 +0530,473812,7.9,4.3,39.78,35.74
2021-11-04 13:17:00 +0530,473813,12.5,7.4,39.64,35.75
2021-11-04 13:17:30 +0530,473814,12.0,4.8,39.88,35.73
2021-11-04 13:18:00 +0530,473815,9.9,7.7,39.88,35.74
2021-11-04 13:18:30 +0530,473816,26.4,8.3,40.15,35.73
2021-11-04 13:19:00 +0530,473817,23.0,10.6,40.46,35.74
2021-11-04 13:19:30 +0530,473818,30.3,11.3,40.56,35.77
2021-11-04 13:20:00 +0530,473819,21.6,9.8,40.33,35.79
2021-11-04 13:20:30 +0530,473820,25.6,8.2,40.53,35.77
2021-11-04 13:21:00 +0530,473821,17.4,8.4,39.95,35.79
2021-11-04 13:21:30 +0530,473822,16.6,7.8,39.85,35.8
2021-11-04 13:22:00 +0530,473823,13.4,7.9,39.95,35.79
2021-11-04 13:22:30 +0530,473824,9.6,5.3,40.01,35.77
2021-11-04 13:23:00 +0530,473825,25.8,7.9,40.01,35.74
2021-11-04 13:23:30 +0530,473826,14.2,5.6,40.29,35.72
2021-11-04 13:24:00 +0530,473827,13.4,8.3,39.91,35.74
2021-11-04 13:24:30 +0530,473828,22.2,10.6,39.81,35.77
2021-11-04 13:25:00 +0530,473829,20.8,9.6,40.05,35.78
2021-11-04 13:25:30 +0530,473830,25.4,8.9,40.26,35.8
2021-11-04 13:26:00 +0530,473831,22.4,9.2,40.29,35.81
2021-11-04 13:26:30 +0530,473832,28.6,9.7,40.15,35.82
2021-11-04 13:27:00 +0530,473833,35.3,11.3,40.28,35.83
2021-11-04 13:27:30 +0530,473834,17.4,8.9,39.94,35.83
2021-11-04 13:28:00 +0530,473835,17.5,6.2,40.01,35.79
2021-11-04 13:28:30 +0530,473836,28.0,9.2,39.71,35.77
2021-11-04 13:29:00 +0530,473837,24.7,9.2,40.01,35.74
2021-11-04 13:29:30 +0530,473838,17.9,5.6,40.08,35.68
2021-11-04 13:30:00 +0530,473839,18.3,7.6,39.91,35.66
2021-11-04 13:30:30 +0530,473840,24.1,8.9,40.13,35.63
2021-11-04 13:31:00 +0530,473841,23.8,8.6,40.38,35.58
2021-11-04 13:31:30 +0530,473842,14.7,7.9,40.31,35.55
2021-11-04 13:32:00 +0530,473843,18.3,9.1,40.51,35.52
2021-11-04 13:32:30 +0530,473844,13.1,8.6,40.46,35.48
2021-11-04 13:33:00 +0530,473845,17.4,6.4,40.66,35.4
2021-11-04 13:33:30 +0530,473846,13.3,8.4,40.83,35.37
2021-11-04 13:34:00 +0530,473847,6.9,5.3,41.12,35.29
2021-11-04 13:34:30 +0530,473848,11.4,7.6,41.15,35.25
2021-11-04 13:35:00 +0530,473849,18.2,9.1,41.36,35.22
2021-11-04 13:35:30 +0530,473850,21.7,9.9,41.63,35.19
2021-11-04 13:36:00 +0530,473851,16.4,9.3,41.84,35.14
2021-11-04 13:36:30 +0530,473852,20.1,9.1,41.98,35.13
2021-11-04 13:37:00 +0530,473853,11.4,7.4,41.44,35.09
2021-11-04 13:37:30 +0530,473854,16.2,8.1,41.37,35.06
2021-11-04 13:38:00 +0530,473855,11.1,7.6,41.37,35.01
2021-11-04 13:38:30 +0530,473856,16.4,9.6,41.44,34.99
2021-11-04 13:39:00 +0530,473857,18.9,12.0,41.47,34.98
2021-11-04 13:39:30 +0530,473858,14.5,6.4,41.72,34.94
2021-11-04 13:40:00 +0530,473859,19.8,9.3,41.32,34.91
2021-11-04 13:40:30 +0530,473860,15.3,8.1,41.55,34.88
2021-11-04 13:41:00 +0530,473861,14.4,8.7,41.93,34.85
2021-11-04 13:41:30 +0530,473862,10.5,7.4,41.65,34.81
2021-11-04 13:42:00 +0530,473863,14.1,4.5,41.9,34.74
2021-11-04 13:42:30 +0530,473864,20.1,8.8,42.01,34.7
2021-11-04 13:43:00 +0530,473865,15.4,8.4,42.42,34.68
2021-11-04 13:43:30 +0530,473866,12.0,7.1,42.28,34.67
2021-11-04 13:44:00 +0530,473867,12.8,8.1,42.45,34.65
2021-11-04 13:44:30 +0530,473868,16.2,8.2,42.35,34.63
2021-11-04 13:45:00 +0530,473869,18.0,8.6,42.48,34.62
2021-11-04 13:45:30 +0530,473870,20.9,9.3,42.94,34.61
2021-11-04 13:46:00 +0530,473871,12.9,7.9,42.53,34.6
2021-11-04 13:46:30 +0530,473872,13.4,7.1,42.5,34.59
2021-11-04 13:47:00 +0530,473873,10.0,7.1,42.36,34.56
2021-11-04 13:47:30 +0530,473874,9.5,7.2,42.26,34.54
2021-11-04 13:48:00 +0530,473875,7.7,6.8,42.26,34.52
2021-11-04 13:48:30 +0530,473876,9.3,7.0,42.19,34.49
2021-11-04 13:49:00 +0530,473877,7.7,6.9,42.19,34.46
2021-11-04 13:49:30 +0530,473878,10.3,7.3,42.44,34.45
2021-11-04 13:50:00 +0530,473879,10.1,8.2,42.55,34.42
2021-11-04 13:50:30 +0530,473880,18.2,9.9,43.02,34.39
2021-11-04 13:51:00 +0530,473881,12.0,7.6,42.99,34.38
2021-11-04 13:51:30 +0530,473882,16.0,8.4,43.26,34.36
2021-11-04 13:52:00 +0530,473883,34.4,10.9,43.19,34.34
2021-11-04 13:52:30 +0530,473884,39.4,12.2,42.99,34.33
2021-11-04 13:53:00 +0530,473885,13.6,6.3,43.16,34.3
2021-11-04 13:53:30 +0530,473886,22.3,13.7,43.12,34.29
2021-11-04 13:54:00 +0530,473887,26.7,15.4,43.32,34.29
2021-11-04 13:54:30 +0530,473888,16.5,9.1,43.26,34.27
2021-11-04 13:55:00 +0530,473889,11.5,7.7,43.13,34.27
2021-11-04 13:55:30 +0530,473890,13.6,7.8,43.24,34.26
2021-11-04 13:56:00 +0530,473891,21.1,8.9,43.41,34.25
2021-11-04 13:56:30 +0530,473892,13.2,8.3,43.1,34.24
2021-11-04 13:57:00 +0530,473893,8.4,7.5,42.83,34.22
2021-11-04 13:57:30 +0530,473894,10.6,7.8,42.97,34.19
2021-11-04 13:58:00 +0530,473895,18.2,9.2,43.27,34.17
2021-11-04 13:58:30 +0530,473896,12.9,8.1,43.31,34.14
2021-11-04 13:59:00 +0530,473897,9.0,7.7,43.24,34.12
2021-11-04 13:59:30 +0530,473898,13.7,7.9,43.25,34.11
2021-11-04 14:00:00 +0530,473899,11.9,7.9,43.15,34.1
2021-11-04 14:00:30 +0530,473900,18.7,9.6,43.04,34.09
2021-11-04 14:01:00 +0530,473901,13.3,8.2,43.15,34.07
2021-11-04 14:01:30 +0530,473902,14.6,8.4,43.39,34.05
2021-11-04 14:02:00 +0530,473903,22.5,9.3,43.52,34.04
2021-11-04 14:02:30 +0530,473904,16.6,9.2,43.59,34.05
2021-11-04 14:03:00 +0530,473905,20.9,9.5,43.62,34.06
2021-11-04 14:03:30 +0530,473906,12.3,8.4,43.62,34.07
2021-11-04 14:04:00 +0530,473907,13.2,8.9,43.9,34.08
2021-11-04 14:04:30 +0530,473908,13.0,8.7,43.52,34.09
2021-11-04 14:05:00 +0530,473909,10.9,8.6,43.62,34.09
2021-11-04 14:05:30 +0530,473910,15.7,6.7,43.8,34.07
2021-11-04 14:06:00 +0530,473911,12.8,8.6,43.56,34.07
2021-11-04 14:06:30 +0530,473912,8.7,7.9,43.35,34.06
2021-11-04 14:07:00 +0530,473913,9.2,8.3,43.45,34.04
2021-11-04 14:07:30 +0530,473914,10.6,8.7,43.56,34.03
2021-11-04 14:08:00 +0530,473915,4.6,4.1,43.59,34.0
2021-11-04 14:08:30 +0530,473916,9.3,8.4,43.59,33.99
2021-11-04 14:09:00 +0530,473917,8.6,7.8,43.59,33.97
2021-11-04 14:09:30 +0530,473918,9.7,7.8,43.73,33.99
2021-11-04 14:10:00 +0530,473919,10.8,7.7,43.9,34.0
2021-11-04 14:10:30 +0530,473920,9.1,8.3,43.83,34.01
2021-11-04 14:11:00 +0530,473921,11.1,7.7,43.9,34.02
2021-11-04 14:11:30 +0530,473922,8.7,8.0,43.69,34.04
2021-11-04 14:12:00 +0530,473923,8.8,7.7,43.69,34.05
2021-11-04 14:12:30 +0530,473924,11.9,8.2,43.73,34.07
2021-11-04 14:13:00 +0530,473925,9.8,7.5,43.66,34.07
2021-11-04 14:13:30 +0530,473926,8.9,7.8,43.73,34.09
2021-11-04 14:14:00 +0530,473927,12.5,8.2,43.8,34.1
2021-11-04 14:14:30 +0530,473928,8.5,7.7,43.56,34.11
2021-11-04 14:15:00 +0530,473929,4.9,4.4,43.59,34.08
2021-11-04 14:15:30 +0530,473930,12.3,8.3,43.73,34.1
2021-11-04 14:16:00 +0530,473931,35.5,8.3,43.8,34.1
2021-11-04 14:16:30 +0530,473932,22.3,9.7,43.92,34.11
2021-11-04 14:17:00 +0530,473933,19.6,9.8,44.26,34.16
2021-11-04 14:17:30 +0530,473934,10.0,7.2,43.75,34.17
2021-11-04 14:18:00 +0530,473935,12.6,7.9,43.68,34.18
2021-11-04 14:18:30 +0530,473936,11.4,8.6,43.51,34.19
2021-11-04 14:19:00 +0530,473937,13.9,8.4,43.45,34.18
2021-11-04 14:19:30 +0530,473938,9.0,8.1,43.41,34.18
2021-11-04 14:20:00 +0530,473939,9.8,5.0,43.55,34.16
2021-11-04 14:20:30 +0530,473940,9.8,8.2,43.48,34.16
2021-11-04 14:21:00 +0530,473941,10.5,8.3,43.48,34.14
2021-11-04 14:21:30 +0530,473942,5.0,4.6,43.49,34.11
2021-11-04 14:22:00 +0530,473943,8.8,7.3,43.56,34.11
2021-11-04 14:22:30 +0530,473944,9.5,7.4,43.39,34.1
2021-11-04 14:23:00 +0530,473945,9.7,7.6,43.49,34.08
2021-11-04 14:23:30 +0530,473946,9.7,8.1,43.52,34.06
2021-11-04 14:24:00 +0530,473947,10.4,7.9,43.62,34.05
2021-11-04 14:24:30 +0530,473948,7.1,5.3,43.8,34.01
2021-11-04 14:25:00 +0530,473949,11.5,7.8,44.06,34.0
2021-11-04 14:25:30 +0530,473950,9.3,8.3,44.0,33.99
2021-11-04 14:26:00 +0530,473951,13.7,8.2,43.93,33.96
2021-11-04 14:26:30 +0530,473952,7.6,6.9,43.9,33.95
2021-11-04 14:27:00 +0530,473953,7.4,6.8,43.67,33.91
2021-11-04 14:27:30 +0530,473954,9.2,7.6,43.87,33.89
2021-11-04 14:28:00 +0530,473955,9.6,8.3,44.01,33.86
2021-11-04 14:28:30 +0530,473956,19.9,6.1,44.04,33.82
2021-11-04 14:29:00 +0530,473957,25.4,9.1,44.08,33.83
2021-11-04 14:29:30 +0530,473958,5.6,4.7,44.15,33.82
2021-11-04 14:30:00 +0530,473959,21.5,9.9,44.48,33.85
2021-11-04 14:30:30 +0530,473960,30.7,10.6,44.65,33.87
2021-11-04 14:31:00 +0530,473961,40.4,12.2,44.79,33.9
2021-11-04 14:31:30 +0530,473962,17.1,9.5,44.58,33.94
2021-11-04 14:32:00 +0530,473963,8.7,7.9,44.13,33.95
2021-11-04 14:32:30 +0530,473964,9.5,7.8,43.96,33.95
2021-11-04 14:33:00 +0530,473965,11.2,8.6,43.73,33.96
2021-11-04 14:33:30 +0530,473966,10.5,7.9,43.56,33.95
2021-11-04 14:34:00 +0530,473967,11.8,8.5,43.39,33.95
2021-11-04 14:34:30 +0530,473968,17.9,9.6,43.45,33.94
2021-11-04 14:35:00 +0530,473969,27.7,13.4,43.69,33.95
2021-11-04 14:35:30 +0530,473970,9.9,5.9,44.0,33.94
2021-11-04 14:36:00 +0530,473971,10.9,8.5,44.0,33.95
2021-11-04 14:36:30 +0530,473972,8.5,7.7,44.1,33.97
2021-11-04 14:37:00 +0530,473973,18.2,9.9,44.2,33.97
2021-11-04 14:37:30 +0530,473974,13.1,9.0,44.06,34.0
2021-11-04 14:38:00 +0530,473975,9.1,7.8,43.83,34.02
2021-11-04 14:38:30 +0530,473976,10.6,8.4,43.76,34.02
2021-11-04 14:39:00 +0530,473977,13.1,8.5,43.93,34.02
2021-11-04 14:39:30 +0530,473978,14.2,8.3,43.9,34.02
2021-11-04 14:40:00 +0530,473979,16.0,5.7,44.2,34.0
2021-11-04 14:40:30 +0530,473980,23.5,10.5,44.13,34.0
2021-11-04 14:41:00 +0530,473981,10.9,8.4,43.9,34.01
2021-11-04 14:41:30 +0530,473982,16.9,5.9,44.1,34.0
2021-11-04 14:42:00 +0530,473983,17.0,8.9,44.13,34.0
2021-11-04 14:42:30 +0530,473984,16.8,9.1,44.17,34.01
2021-11-04 14:43:00 +0530,473985,17.7,9.4,44.3,34.03
2021-11-04 14:43:30 +0530,473986,23.2,10.2,44.48,34.04
2021-11-04 14:44:00 +0530,473987,10.3,8.1,44.03,34.05
2021-11-04 14:44:30 +0530,473988,9.3,8.2,43.93,34.05
2021-11-04 14:45:00 +0530,473989,10.9,8.1,43.9,34.05
2021-11-04 14:45:30 +0530,473990,8.8,7.9,44.0,34.04
2021-11-04 14:46:00 +0530,473991,12.7,8.3,44.1,34.04
2021-11-04 14:46:30 +0530,473992,13.4,8.3,44.13,34.04
2021-11-04 14:47:00 +0530,473993,10.0,5.7,44.34,33.93
2021-11-04 14:47:30 +0530,473994,10.9,8.4,44.37,33.95
2021-11-04 14:48:00 +0530,473995,8.5,5.4,44.24,33.94
2021-11-04 14:48:30 +0530,473996,9.0,8.1,44.27,33.96
2021-11-04 14:49:00 +0530,473997,8.4,7.7,43.73,33.97
2021-11-04 14:49:30 +0530,473998,9.6,8.4,44.0,33.97
2021-11-04 14:50:00 +0530,473999,9.4,8.1,44.0,34.0
2021-11-04 14:50:30 +0530,474000,8.2,7.4,43.73,33.99
2021-11-04 14:51:00 +0530,474001,10.3,7.9,43.8,33.99
2021-11-04 14:51:30 +0530,474002,9.1,7.9,43.8,33.99
2021-11-04 14:52:00 +0530,474003,6.1,5.2,43.96,33.96
2021-11-04 14:52:30 +0530,474004,11.8,8.7,44.0,33.96
2021-11-04 14:53:00 +0530,474005,9.2,7.7,43.76,33.96
2021-11-04 14:53:30 +0530,474006,9.1,8.2,43.8,33.95
2021-11-04 14:54:00 +0530,474007,11.7,10.7,43.9,33.94
2021-11-04 14:54:30 +0530,474008,15.5,7.7,44.17,33.93
2021-11-04 14:55:00 +0530,474009,14.4,8.2,44.08,33.93
2021-11-04 14:55:30 +0530,474010,9.7,7.3,43.87,33.93
2021-11-04 14:56:00 +0530,474011,8.4,7.6,43.74,33.93
2021-11-04 14:56:30 +0530,474012,8.4,7.6,43.74,33.92
2021-11-04 14:57:00 +0530,474013,12.5,5.2,44.04,33.89
2021-11-04 14:57:30 +0530,474014,8.8,7.4,43.97,33.88
2021-11-04 14:58:00 +0530,474015,14.4,8.4,44.35,33.88
2021-11-04 14:58:30 +0530,474016,18.8,8.9,44.32,33.89
2021-11-04 14:59:00 +0530,474017,7.6,4.8,44.28,33.88
2021-11-04 14:59:30 +0530,474018,9.9,4.5,44.08,33.88
2021-11-04 15:00:00 +0530,474019,10.5,7.8,44.01,33.91
2021-11-04 15:00:30 +0530,474021,7.9,4.8,44.04,33.91
2021-11-04 15:01:00 +0530,474020,16.5,14.9,43.83,33.95
2021-11-04 15:01:30 +0530,474022,21.0,11.2,43.83,34.0
2021-11-04 15:02:00 +0530,474023,10.8,7.8,43.66,34.03
2021-11-04 15:02:30 +0530,474024,7.8,7.1,43.49,34.05
2021-11-04 15:03:00 +0530,474025,11.4,7.7,43.39,34.06
2021-11-04 15:03:30 +0530,474026,13.3,7.6,43.49,34.08
2021-11-04 15:04:00 +0530,474027,12.3,7.4,43.56,34.09
2021-11-04 15:04:30 +0530,474028,14.7,8.8,43.73,34.11
2021-11-04 15:05:00 +0530,474029,20.7,9.1,43.85,34.12
2021-11-04 15:05:30 +0530,474030,11.2,4.8,44.02,34.12
2021-11-04 15:06:00 +0530,474031,14.5,8.6,43.82,34.17
2021-11-04 15:06:30 +0530,474032,36.3,12.8,43.61,34.19
2021-11-04 15:07:00 +0530,474033,35.7,12.2,43.51,34.21
2021-11-04 15:07:30 +0530,474034,21.8,10.3,43.51,34.23
2021-11-04 15:08:00 +0530,474035,22.8,10.8,43.58,34.27
2021-11-04 15:08:30 +0530,474036,11.4,8.4,43.26,34.27
2021-11-04 15:09:00 +0530,474037,5.4,4.5,43.27,34.25
2021-11-04 15:09:30 +0530,474038,13.8,8.4,43.46,34.29
2021-11-04 15:10:00 +0530,474039,8.6,7.8,43.22,34.3
2021-11-04 15:10:30 +0530,474040,7.9,7.2,43.06,34.31
2021-11-04 15:11:00 +0530,474041,8.7,7.8,43.02,34.31
2021-11-04 15:11:30 +0530,474042,8.2,5.8,43.26,34.29
2021-11-04 15:12:00 +0530,474043,22.8,10.2,43.67,34.29
2021-11-04 15:12:30 +0530,474044,10.3,8.4,43.7,34.3
2021-11-04 15:13:00 +0530,474045,5.5,5.0,43.8,34.27
2021-11-04 15:13:30 +0530,474046,13.6,8.8,43.74,34.3
2021-11-04 15:14:00 +0530,474047,20.2,10.0,43.93,34.32
2021-11-04 15:14:30 +0530,474048,10.3,8.2,43.7,34.33
2021-11-04 15:15:00 +0530,474049,11.9,8.7,43.7,34.32
2021-11-04 15:15:30 +0530,474050,11.2,9.8,43.6,34.32
2021-11-04 15:16:00 +0530,474051,11.5,10.3,43.5,34.35
2021-11-04 15:16:30 +0530,474052,11.8,8.7,43.57,34.36
2021-11-04 15:17:00 +0530,474053,15.6,9.2,43.53,34.37
2021-11-04 15:17:30 +0530,474054,18.1,5.7,43.22,34.36
2021-11-04 15:18:00 +0530,474055,16.2,9.1,43.29,34.37
2021-11-04 15:18:30 +0530,474056,17.0,10.6,43.26,34.39
2021-11-04 15:19:00 +0530,474057,9.6,6.1,43.5,34.39
2021-11-04 15:19:30 +0530,474058,14.1,10.2,43.63,34.41
2021-11-04 15:20:00 +0530,474059,14.1,10.2,43.63,34.41
2021-11-04 15:20:30 +0530,474060,6.5,4.7,43.32,34.34
2021-11-04 15:21:00 +0530,474061,8.3,7.4,43.26,34.36
2021-11-04 15:21:30 +0530,474062,8.2,7.4,43.29,34.38
2021-11-04 15:22:00 +0530,474063,8.1,7.4,43.26,34.39
2021-11-04 15:22:30 +0530,474064,12.3,8.3,43.26,34.4
2021-11-04 15:23:00 +0530,474065,13.8,8.4,43.5,34.41
2021-11-04 15:23:30 +0530,474066,10.6,8.3,43.53,34.4
2021-11-04 15:24:00 +0530,474067,8.4,7.6,43.46,34.4
2021-11-04 15:24:30 +0530,474068,9.4,7.6,43.26,34.4
2021-11-04 15:25:00 +0530,474069,10.2,7.4,43.32,34.4
2021-11-04 15:25:30 +0530,474070,13.4,7.9,43.57,34.38
2021-11-04 15:26:00 +0530,474071,9.5,8.2,43.84,34.37
2021-11-04 15:26:30 +0530,474072,17.1,9.4,43.87,34.38
2021-11-04 15:27:00 +0530,474073,20.1,9.7,44.04,34.4
2021-11-04 15:27:30 +0530,474074,24.4,10.4,44.04,34.42
2021-11-04 15:28:00 +0530,474075,19.2,10.3,43.93,34.46
2021-11-04 15:28:30 +0530,474076,17.7,9.6,43.86,34.49
2021-11-04 15:29:00 +0530,474077,12.8,9.3,43.59,34.51
2021-11-04 15:29:30 +0530,474078,10.7,6.5,43.69,34.49
2021-11-04 15:30:00 +0530,474079,10.8,9.2,44.03,34.5
2021-11-04 15:30:30 +0530,474080,10.8,9.7,43.83,34.5
2021-11-04 15:31:00 +0530,474081,10.2,8.7,43.86,34.49
2021-11-04 15:31:30 +0530,474082,12.6,9.1,43.76,34.48
2021-11-04 15:32:00 +0530,474083,12.8,8.3,43.93,34.46
2021-11-04 15:32:30 +0530,474084,26.2,10.4,44.13,34.47
2021-11-04 15:33:00 +0530,474085,17.9,9.2,43.52,34.49
2021-11-04 15:33:30 +0530,474086,16.4,9.2,43.35,34.49
2021-11-04 15:34:00 +0530,474087,13.7,9.3,43.55,34.51
2021-11-04 15:34:30 +0530,474088,18.5,8.9,43.52,34.52
2021-11-04 15:35:00 +0530,474089,6.1,4.8,43.35,34.52
2021-11-04 15:35:30 +0530,474090,12.0,8.2,42.94,34.53
2021-11-04 15:36:00 +0530,474091,16.0,6.4,43.11,34.52
2021-11-04 15:36:30 +0530,474092,15.6,8.9,43.21,34.53
2021-11-04 15:37:00 +0530,474093,18.6,9.8,43.52,34.54
2021-11-04 15:37:30 +0530,474094,13.3,6.6,43.55,34.53
2021-11-04 15:38:00 +0530,474095,20.5,11.0,43.45,34.53
2021-11-04 15:38:30 +0530,474096,21.2,14.3,43.35,34.53
2021-11-04 15:39:00 +0530,474097,24.2,13.4,43.35,34.53
2021-11-04 15:39:30 +0530,474098,13.9,8.7,43.32,34.51
2021-11-04 15:40:00 +0530,474099,17.3,12.2,43.45,34.52
2021-11-04 15:40:30 +0530,474100,13.5,12.2,43.42,34.53
2021-11-04 15:41:00 +0530,474101,13.1,11.2,43.42,34.54
2021-11-04 15:41:30 +0530,474102,16.0,9.6,43.48,34.54
2021-11-04 15:42:00 +0530,474103,10.1,6.3,43.69,34.52
2021-11-04 15:42:30 +0530,474104,13.5,10.4,43.59,34.53
2021-11-04 15:43:00 +0530,474105,13.6,10.9,43.42,34.55
2021-11-04 15:43:30 +0530,474106,12.1,10.8,43.42,34.55
2021-11-04 15:44:00 +0530,474107,10.9,6.7,43.55,34.53
2021-11-04 15:44:30 +0530,474108,13.9,6.7,43.55,34.53
2021-11-04 15:45:00 +0530,474109,17.2,7.6,44.11,34.38
2021-11-04 15:45:30 +0530,474110,13.5,12.1,43.77,34.4
2021-11-04 15:46:00 +0530,474111,13.5,12.1,43.7,34.41
2021-11-04 15:46:30 +0530,474112,13.4,7.4,44.07,34.27
2021-11-04 15:47:00 +0530,474113,13.6,10.2,44.0,34.31
2021-11-04 15:47:30 +0530,474114,14.6,10.1,43.93,34.32
2021-11-04 15:48:00 +0530,474115,24.1,10.6,44.0,34.34
2021-11-04 15:48:30 +0530,474116,15.3,8.9,43.93,34.35
2021-11-04 15:49:00 +0530,474117,9.4,8.4,43.63,34.35
2021-11-04 15:49:30 +0530,474118,9.6,8.6,43.67,34.36
2021-11-04 15:50:00 +0530,474119,17.7,7.5,44.16,34.21
2021-11-04 15:50:30 +0530,474120,12.5,9.8,44.16,34.23
2021-11-04 15:51:00 +0530,474121,16.2,10.9,44.26,34.24
2021-11-04 15:51:30 +0530,474122,16.1,10.1,44.26,34.26
2021-11-04 15:52:00 +0530,474123,12.8,9.4,44.35,34.29
2021-11-04 15:52:30 +0530,474124,16.4,9.7,44.28,34.31
2021-11-04 15:53:00 +0530,474125,12.4,8.9,44.42,34.32
2021-11-04 15:53:30 +0530,474126,24.5,9.5,44.48,34.34
2021-11-04 15:54:00 +0530,474127,13.8,11.2,44.04,34.35
2021-11-04 15:54:30 +0530,474128,17.3,10.5,44.0,34.36
2021-11-04 15:55:00 +0530,474129,15.8,7.9,44.14,34.36
2021-11-04 15:55:30 +0530,474130,14.4,9.1,43.93,34.36
2021-11-04 15:56:00 +0530,474131,13.5,7.9,43.84,34.38
2021-11-04 15:56:30 +0530,474132,20.7,7.1,43.93,34.36
2021-11-04 15:57:00 +0530,474133,22.7,10.1,43.87,34.37
2021-11-04 15:57:30 +0530,474134,16.1,9.1,43.77,34.38
2021-11-04 15:58:00 +0530,474135,25.6,10.4,43.87,34.39
2021-11-04 15:58:30 +0530,474136,8.7,7.8,43.93,34.4
2021-11-04 15:59:00 +0530,474137,20.5,8.9,44.0,34.41
2021-11-04 15:59:30 +0530,474138,6.9,6.3,43.87,34.41
2021-11-04 16:00:00 +0530,474139,11.0,8.2,43.74,34.4
2021-11-04 16:00:30 +0530,474140,12.0,8.1,43.7,34.41
2021-11-04 16:01:00 +0530,474141,11.6,8.8,43.26,34.41
2021-11-04 16:01:30 +0530,474142,9.1,8.2,43.22,34.4
2021-11-04 16:02:00 +0530,474143,23.3,10.7,43.63,34.4
2021-11-04 16:02:30 +0530,474144,17.6,10.7,43.77,34.4
2021-11-04 16:03:00 +0530,474145,16.7,13.0,43.87,34.42
2021-11-04 16:03:30 +0530,474146,15.2,12.2,44.04,34.42
2021-11-04 16:04:00 +0530,474147,12.0,5.8,43.84,34.41
2021-11-04 16:04:30 +0530,474148,10.7,9.2,43.8,34.38
2021-11-04 16:05:00 +0530,474149,11.1,9.6,43.8,34.38
2021-11-04 16:05:30 +0530,474150,12.7,9.7,43.93,34.37
2021-11-04 16:06:00 +0530,474151,5.5,5.0,43.87,34.32
2021-11-04 16:06:30 +0530,474152,19.8,9.8,43.84,34.31
2021-11-04 16:07:00 +0530,474153,16.8,9.4,43.8,34.3
2021-11-04 16:07:30 +0530,474154,22.7,10.1,44.0,34.27
2021-11-04 16:08:00 +0530,474155,6.6,5.4,44.06,34.24
2021-11-04 16:08:30 +0530,474156,18.3,9.3,44.16,34.23
2021-11-04 16:09:00 +0530,474157,22.8,9.1,43.99,34.22
2021-11-04 16:09:30 +0530,474158,11.6,8.3,43.92,34.19
2021-11-04 16:10:00 +0530,474159,11.0,6.8,43.92,34.12
2021-11-04 16:10:30 +0530,474160,9.3,5.7,43.96,34.08
2021-11-04 16:11:00 +0530,474161,12.8,8.4,43.8,34.06
2021-11-04 16:11:30 +0530,474162,8.3,7.6,43.45,34.02
2021-11-04 16:12:00 +0530,474163,9.5,7.7,43.66,33.99
2021-11-04 16:12:30 +0530,474164,12.0,7.8,43.69,33.95
2021-11-04 16:13:00 +0530,474165,9.8,7.3,43.8,33.93
2021-11-04 16:13:30 +0530,474166,8.9,7.8,43.97,33.9
2021-11-04 16:14:00 +0530,474167,9.1,8.1,44.01,33.88
2021-11-04 16:14:30 +0530,474168,8.1,7.4,44.08,33.86
2021-11-04 16:15:00 +0530,474169,8.1,7.3,44.11,33.85
2021-11-04 16:15:30 +0530,474170,11.0,5.7,44.48,33.79
2021-11-04 16:16:00 +0530,474171,6.0,4.6,44.57,33.76
2021-11-04 16:16:30 +0530,474172,8.6,7.8,44.43,33.76
2021-11-04 16:17:00 +0530,474173,9.9,8.3,44.53,33.76
2021-11-04 16:17:30 +0530,474174,19.9,9.2,44.7,33.74
2021-11-04 16:18:00 +0530,474175,100.5,20.1,44.93,33.71
2021-11-04 16:18:30 +0530,474176,51.6,13.1,44.97,33.7
2021-11-04 16:19:00 +0530,474177,14.3,8.7,44.93,33.68
2021-11-04 16:19:30 +0530,474178,19.4,9.1,44.97,33.67
2021-11-04 16:20:00 +0530,474179,13.9,6.7,45.07,33.64
2021-11-04 16:20:30 +0530,474180,11.5,8.2,44.93,33.63
2021-11-04 16:21:00 +0530,474181,9.9,8.4,45.0,33.61
2021-11-04 16:21:30 +0530,474182,9.6,7.6,45.0,33.59
2021-11-04 16:22:00 +0530,474183,8.8,7.7,44.98,33.56
2021-11-04 16:22:30 +0530,474184,9.8,7.6,45.19,33.52
2021-11-04 16:23:00 +0530,474185,9.3,8.0,45.25,33.5
2021-11-04 16:23:30 +0530,474186,9.8,7.8,45.28,33.48
2021-11-04 16:24:00 +0530,474187,9.7,8.4,45.35,33.46
2021-11-04 16:24:30 +0530,474188,16.0,9.3,45.53,33.44
2021-11-04 16:25:00 +0530,474189,13.8,9.4,45.67,33.43
2021-11-04 16:25:30 +0530,474190,9.5,8.4,45.54,33.41
2021-11-04 16:26:00 +0530,474191,10.9,8.2,45.64,33.4
2021-11-04 16:26:30 +0530,474192,9.9,8.1,45.54,33.36
2021-11-04 16:27:00 +0530,474193,9.5,8.4,45.61,33.34
2021-11-04 16:27:30 +0530,474194,32.2,11.4,45.84,33.32
2021-11-04 16:28:00 +0530,474195,20.3,9.8,45.91,33.31
2021-11-04 16:28:30 +0530,474196,13.1,8.9,45.98,33.3
2021-11-04 16:29:00 +0530,474197,10.7,9.6,46.05,33.29
2021-11-04 16:29:30 +0530,474198,11.7,9.1,46.08,33.29
2021-11-04 16:30:00 +0530,474199,16.0,9.4,46.19,33.29
2021-11-04 16:30:30 +0530,474200,10.2,8.7,46.19,33.3
2021-11-04 16:31:00 +0530,474201,11.4,8.9,46.19,33.31
2021-11-04 16:31:30 +0530,474202,10.6,8.4,46.12,33.31
2021-11-04 16:32:00 +0530,474203,9.9,8.6,46.12,33.31
2021-11-04 16:33:00 +0530,474204,8.4,6.3,46.6,33.14
2021-11-04 16:33:30 +0530,474205,8.6,7.7,46.67,33.12
2021-11-04 16:34:00 +0530,474206,11.1,6.0,46.5,33.14
2021-11-04 16:34:30 +0530,474207,9.8,8.7,46.29,33.13
2021-11-04 16:35:00 +0530,474208,11.1,8.5,46.36,33.14
2021-11-04 16:35:30 +0530,474209,10.7,9.6,46.29,33.14
2021-11-04 16:36:00 +0530,474210,11.2,6.8,46.57,33.11
2021-11-04 16:36:30 +0530,474211,17.9,12.7,46.57,33.09
2021-11-04 16:37:00 +0530,474212,15.6,10.3,46.67,33.09
2021-11-04 16:37:30 +0530,474213,32.5,11.6,46.76,33.11
2021-11-04 16:38:00 +0530,474214,33.2,11.3,46.8,33.11
2021-11-04 16:38:30 +0530,474215,16.4,6.9,46.81,33.07
2021-11-04 16:39:00 +0530,474216,14.3,7.1,46.92,33.08
2021-11-04 16:39:30 +0530,474217,23.8,10.8,47.11,33.11
2021-11-04 16:40:00 +0530,474218,23.6,10.7,46.83,33.12
2021-11-04 16:40:30 +0530,474219,15.1,8.9,46.67,33.13
2021-11-04 16:41:00 +0530,474220,14.9,9.5,46.36,33.13
2021-11-04 16:41:30 +0530,474221,5.7,5.2,46.15,33.11
2021-11-04 16:42:00 +0530,474222,13.9,9.6,46.15,33.08
2021-11-04 16:42:30 +0530,474223,9.0,5.5,46.1,33.05
2021-11-04 16:43:00 +0530,474224,9.0,5.5,46.1,33.05
2021-11-04 16:43:30 +0530,474225,10.1,6.8,46.24,32.92
2021-11-04 16:44:00 +0530,474226,13.1,11.2,46.34,32.93
2021-11-04 16:44:30 +0530,474227,11.9,9.3,46.37,32.92
2021-11-04 16:45:00 +0530,474228,10.6,8.6,46.3,32.92
2021-11-04 16:45:30 +0530,474229,38.9,16.9,46.45,32.87
2021-11-04 16:46:00 +0530,474230,17.7,12.4,46.55,32.87
2021-11-04 16:46:30 +0530,474231,11.6,10.1,46.38,32.87
2021-11-04 16:47:00 +0530,474232,17.5,10.4,46.31,32.86
2021-11-04 16:47:30 +0530,474233,9.8,8.8,46.11,32.85
2021-11-04 16:48:00 +0530,474234,7.3,6.6,46.25,32.82
2021-11-04 16:48:30 +0530,474235,10.3,9.2,46.31,32.82
2021-11-04 16:49:00 +0530,474236,11.8,9.3,46.28,32.81
2021-11-04 16:49:30 +0530,474237,17.4,9.3,46.15,32.79
2021-11-04 16:50:00 +0530,474238,17.0,9.8,46.22,32.76
2021-11-04 16:50:30 +0530,474239,16.5,9.4,46.28,32.76
2021-11-04 16:51:00 +0530,474240,17.7,9.8,46.35,32.77
2021-11-04 16:51:30 +0530,474241,21.0,10.2,46.35,32.76
2021-11-04 16:52:00 +0530,474242,12.1,6.8,46.86,32.58
2021-11-04 16:52:30 +0530,474243,16.1,9.6,46.73,32.62
2021-11-04 16:53:00 +0530,474244,9.9,8.9,46.6,32.63
2021-11-04 16:53:30 +0530,474245,12.1,9.6,46.63,32.64
2021-11-04 16:54:00 +0530,474246,13.3,9.7,46.7,32.64
2021-11-04 16:54:30 +0530,474247,9.5,6.5,47.25,32.48
2021-11-04 16:55:00 +0530,474248,11.8,9.1,47.05,32.52
2021-11-04 16:55:30 +0530,474249,10.4,9.4,46.95,32.53
2021-11-04 16:56:00 +0530,474250,11.5,6.7,47.05,32.5
2021-11-04 16:56:30 +0530,474251,7.6,6.6,47.05,32.49
2021-11-04 16:57:00 +0530,474252,20.6,10.7,47.18,32.48
2021-11-04 16:57:30 +0530,474253,10.9,9.7,47.35,32.47
2021-11-04 16:58:00 +0530,474254,11.3,9.3,47.15,32.46
2021-11-04 16:58:30 +0530,474255,13.3,9.7,47.15,32.45
2021-11-04 16:59:00 +0530,474256,10.3,9.3,47.15,32.44
2021-11-04 16:59:30 +0530,474257,11.0,9.9,47.22,32.42
2021-11-04 17:00:00 +0530,474258,13.4,9.7,47.15,32.42
2021-11-04 17:00:30 +0530,474259,13.4,11.7,47.35,32.41
2021-11-04 17:01:00 +0530,474260,12.1,10.3,47.23,32.41
2021-11-04 17:01:30 +0530,474261,15.8,8.0,47.5,32.34
2021-11-04 17:02:00 +0530,474262,12.6,10.5,47.57,32.32
2021-11-04 17:02:30 +0530,474263,11.8,10.1,47.67,32.31
2021-11-04 17:03:00 +0530,474264,7.0,6.3,47.87,32.27
2021-11-04 17:03:30 +0530,474265,16.5,10.1,47.94,32.25
2021-11-04 17:04:00 +0530,474266,13.4,10.2,48.08,32.23
2021-11-04 17:04:30 +0530,474267,11.3,10.2,48.08,32.22
2021-11-04 17:05:00 +0530,474268,11.2,10.1,48.12,32.2
2021-11-04 17:05:30 +0530,474269,11.3,10.3,48.21,32.19
2021-11-04 17:06:00 +0530,474270,13.9,12.6,48.32,32.17
2021-11-04 17:06:30 +0530,474271,19.8,15.8,48.45,32.14
2021-11-04 17:07:00 +0530,474272,16.4,12.6,48.56,32.14
2021-11-04 17:07:30 +0530,474273,19.1,13.2,48.62,32.14
2021-11-04 17:08:00 +0530,474274,18.0,13.9,48.73,32.15
2021-11-04 17:08:30 +0530,474275,18.3,12.7,48.76,32.15
2021-11-04 17:09:00 +0530,474276,17.0,11.6,48.82,32.16
2021-11-04 17:09:30 +0530,474277,16.7,13.1,48.89,32.16
2021-11-04 17:10:00 +0530,474278,18.8,12.6,48.86,32.16
2021-11-04 17:10:30 +0530,474279,36.9,19.3,48.99,32.14
2021-11-04 17:11:00 +0530,474280,48.2,27.6,49.16,32.16
2021-11-04 17:11:30 +0530,474281,18.7,13.2,49.13,32.17
2021-11-04 17:12:00 +0530,474282,19.5,11.6,49.2,32.18
2021-11-04 17:12:30 +0530,474283,19.8,11.9,49.06,32.19
2021-11-04 17:13:00 +0530,474284,26.6,12.7,49.2,32.2
2021-11-04 17:13:30 +0530,474285,25.0,12.0,49.27,32.2
2021-11-04 17:14:00 +0530,474286,24.9,12.7,49.43,32.23
2021-11-04 17:14:30 +0530,474287,24.3,9.4,49.4,32.23
2021-11-04 17:15:00 +0530,474288,19.4,11.6,48.99,32.24
2021-11-04 17:15:30 +0530,474289,20.7,13.6,48.92,32.25
2021-11-04 17:16:00 +0530,474290,19.3,12.7,48.65,32.25
2021-11-04 17:16:30 +0530,474291,16.3,9.3,48.82,32.24
2021-11-04 17:17:00 +0530,474292,12.3,7.8,48.92,32.2
2021-11-04 17:17:30 +0530,474293,16.1,8.1,48.89,32.18
2021-11-04 17:18:00 +0530,474294,13.4,10.9,48.62,32.18
2021-11-04 17:18:30 +0530,474295,13.1,11.4,48.66,32.16
2021-11-04 17:19:00 +0530,474296,17.6,14.3,48.69,32.14
2021-11-04 17:19:30 +0530,474297,15.3,12.4,48.76,32.12
2021-11-04 17:20:00 +0530,474298,36.5,21.7,48.92,32.09
2021-11-04 17:20:30 +0530,474299,11.2,10.1,48.94,32.05
2021-11-04 17:21:00 +0530,474300,12.3,11.0,49.11,32.03
2021-11-04 17:21:30 +0530,474301,13.8,11.1,49.18,32.01
2021-11-04 17:22:00 +0530,474302,11.2,10.2,49.24,32.0
2021-11-04 17:22:30 +0530,474303,10.0,7.5,49.37,31.96
2021-11-04 17:23:00 +0530,474304,12.0,10.7,49.37,31.95
2021-11-04 17:23:30 +0530,474305,9.5,7.6,49.58,31.9
2021-11-04 17:24:00 +0530,474306,21.8,12.4,49.68,31.89
2021-11-04 17:24:30 +0530,474307,13.1,8.6,49.73,31.87
2021-11-04 17:25:00 +0530,474308,12.7,11.1,49.73,31.86
2021-11-04 17:25:30 +0530,474309,20.1,14.6,49.76,31.86
2021-11-04 17:26:00 +0530,474310,13.8,8.3,49.92,31.82
2021-11-04 17:26:30 +0530,474311,15.8,11.6,49.99,31.8
2021-11-04 17:27:00 +0530,474312,12.3,8.7,50.13,31.76
2021-11-04 17:27:30 +0530,474313,13.3,11.9,50.23,31.76
2021-11-04 17:28:00 +0530,474314,14.2,8.8,50.27,31.72
2021-11-04 17:28:30 +0530,474315,16.7,13.3,50.27,31.72
2021-11-04 17:29:00 +0530,474316,28.4,16.2,50.34,31.71
2021-11-04 17:29:30 +0530,474317,13.0,11.2,50.34,31.7
2021-11-04 17:30:00 +0530,474318,13.3,11.7,50.44,31.69
2021-11-04 17:30:30 +0530,474319,12.6,11.4,50.47,31.69
2021-11-04 17:31:00 +0530,474320,9.8,8.7,50.64,31.67
2021-11-04 17:31:30 +0530,474321,16.6,12.0,50.68,31.67
2021-11-04 17:32:00 +0530,474322,12.6,11.3,50.71,31.68
2021-11-04 17:32:30 +0530,474323,10.0,9.1,50.85,31.66
2021-11-04 17:33:00 +0530,474324,13.3,11.8,50.82,31.67
2021-11-04 17:33:30 +0530,474325,17.8,12.1,50.78,31.69
2021-11-04 17:34:00 +0530,474326,20.0,12.7,50.78,31.71
2021-11-04 17:34:30 +0530,474327,24.0,13.6,50.91,31.73
2021-11-04 17:35:00 +0530,474328,58.5,16.7,50.94,31.74
2021-11-04 17:35:30 +0530,474329,36.7,14.8,50.91,31.75
2021-11-04 17:36:00 +0530,474330,30.5,11.1,50.98,31.73
2021-11-04 17:36:30 +0530,474331,31.1,14.8,51.08,31.74
2021-11-04 17:37:00 +0530,474332,45.1,18.3,51.14,31.76
2021-11-04 17:37:30 +0530,474333,28.1,15.8,51.11,31.76
2021-11-04 17:38:00 +0530,474334,19.8,13.3,51.04,31.78
2021-11-04 17:38:30 +0530,474335,13.2,11.7,50.98,31.76
2021-11-04 17:39:00 +0530,474336,25.2,10.4,51.11,31.73
2021-11-04 17:39:30 +0530,474337,25.7,12.6,51.08,31.73
2021-11-04 17:40:00 +0530,474338,10.2,8.6,51.22,31.72
2021-11-04 17:40:30 +0530,474339,17.0,11.8,51.11,31.71
2021-11-04 17:41:00 +0530,474340,13.8,12.1,51.11,31.71
2021-11-04 17:41:30 +0530,474341,15.3,11.9,51.22,31.7
2021-11-04 17:42:00 +0530,474342,33.0,12.2,51.42,31.67
2021-11-04 17:42:30 +0530,474343,30.0,14.2,51.39,31.68
2021-11-04 17:43:00 +0530,474344,19.6,12.3,51.39,31.68
2021-11-04 17:43:30 +0530,474345,17.0,9.7,51.49,31.66
2021-11-04 17:44:00 +0530,474346,19.1,13.0,51.49,31.66
2021-11-04 17:44:30 +0530,474347,20.8,13.9,51.56,31.66
2021-11-04 17:45:00 +0530,474348,17.8,13.1,51.49,31.67
2021-11-04 17:45:30 +0530,474349,18.9,10.7,51.59,31.66
2021-11-04 17:46:00 +0530,474350,15.6,13.3,51.62,31.66
2021-11-04 17:46:30 +0530,474351,19.7,13.7,51.62,31.66
2021-11-04 17:47:00 +0530,474352,16.9,12.7,51.59,31.67
2021-11-04 17:47:30 +0530,474353,18.9,13.3,51.72,31.65
2021-11-04 17:48:00 +0530,474354,24.8,13.5,51.76,31.65
2021-11-04 17:48:30 +0530,474355,27.4,13.9,51.86,31.65
2021-11-04 17:49:00 +0530,474356,16.4,13.1,51.66,31.64
2021-11-04 17:49:30 +0530,474357,18.2,10.3,51.79,31.61
2021-11-04 17:50:00 +0530,474358,16.9,13.2,51.86,31.61
2021-11-04 17:50:30 +0530,474359,23.1,12.8,51.89,31.6
2021-11-04 17:51:00 +0530,474360,21.0,13.4,51.89,31.61
2021-11-04 17:51:30 +0530,474361,15.0,12.8,51.66,31.6
2021-11-04 17:52:00 +0530,474362,18.6,13.1,51.76,31.58
2021-11-04 17:52:30 +0530,474363,9.5,8.6,51.89,31.56
2021-11-04 17:53:00 +0530,474364,16.7,12.4,51.82,31.54
2021-11-04 17:53:30 +0530,474365,21.6,12.4,51.72,31.54
2021-11-04 17:54:00 +0530,474366,19.5,16.2,51.77,31.54
2021-11-04 17:54:30 +0530,474367,24.3,13.8,51.87,31.53
2021-11-04 17:55:00 +0530,474368,21.3,10.0,51.98,31.5
2021-11-04 17:55:30 +0530,474369,21.4,13.0,51.98,31.5
2021-11-04 17:56:00 +0530,474370,15.0,13.1,51.9,31.51
2021-11-04 17:56:30 +0530,474371,14.1,12.7,51.87,31.51
2021-11-04 17:57:00 +0530,474372,18.0,13.3,51.93,31.52
2021-11-04 17:57:30 +0530,474373,15.5,12.4,51.9,31.52
2021-11-04 17:58:00 +0530,474374,19.0,13.7,51.9,31.51
2021-11-04 17:58:30 +0530,474375,21.0,12.5,51.87,31.51
2021-11-04 17:59:00 +0530,474376,18.8,12.1,51.84,31.5
2021-11-04 17:59:30 +0530,474377,35.6,12.0,52.07,31.48
2021-11-04 18:00:00 +0530,474378,21.0,12.7,51.93,31.46
2021-11-04 18:00:30 +0530,474379,27.7,16.3,52.04,31.45
2021-11-04 18:01:00 +0530,474380,16.3,12.6,51.84,31.45
2021-11-04 18:01:30 +0530,474381,18.7,14.8,51.87,31.43
2021-11-04 18:02:00 +0530,474382,15.2,12.2,51.93,31.43
2021-11-04 18:02:30 +0530,474383,23.0,13.3,52.01,31.42
2021-11-04 18:03:00 +0530,474384,25.8,9.8,52.2,31.38
2021-11-04 18:03:30 +0530,474385,14.0,9.4,52.34,31.36
2021-11-04 18:04:00 +0530,474386,17.8,11.7,52.28,31.36
2021-11-04 18:04:30 +0530,474387,12.2,8.4,52.31,31.35
2021-11-04 18:05:00 +0530,474388,21.9,12.4,52.28,31.36
2021-11-04 18:05:30 +0530,474389,22.4,12.6,52.31,31.36
2021-11-04 18:06:00 +0530,474390,17.2,11.8,52.23,31.36
2021-11-04 18:06:30 +0530,474391,21.9,12.1,52.26,31.37
2021-11-04 18:07:00 +0530,474392,17.6,13.1,52.28,31.37
2021-11-04 18:07:30 +0530,474393,16.3,11.6,52.2,31.36
2021-11-04 18:08:00 +0530,474394,15.9,11.6,52.23,31.36
2021-11-04 18:08:30 +0530,474395,15.8,11.0,52.26,31.34
2021-11-04 18:09:00 +0530,474396,15.0,11.1,52.31,31.31
2021-11-04 18:09:30 +0530,474397,15.0,9.8,52.43,31.28
2021-11-04 18:10:00 +0530,474398,15.7,8.2,52.55,31.24
2021-11-04 18:10:30 +0530,474399,21.0,12.9,52.69,31.24
2021-11-04 18:11:00 +0530,474400,23.3,13.5,52.72,31.24
2021-11-04 18:11:30 +0530,474401,35.2,15.2,52.85,31.25
2021-11-04 18:12:00 +0530,474402,46.5,14.8,52.85,31.23
2021-11-04 18:12:30 +0530,474403,43.3,16.9,52.87,31.24
2021-11-04 18:13:00 +0530,474404,27.6,15.2,52.82,31.25
2021-11-04 18:13:30 +0530,474405,25.6,14.8,52.82,31.25
2021-11-04 18:14:00 +0530,474406,16.0,9.2,53.09,31.04
2021-11-04 18:14:30 +0530,474407,18.0,12.8,53.02,31.1
2021-11-04 18:15:00 +0530,474408,18.1,10.9,53.11,31.11
2021-11-04 18:15:30 +0530,474409,21.0,14.3,53.08,31.14
2021-11-04 18:16:00 +0530,474410,20.4,15.3,53.02,31.16
2021-11-04 18:16:30 +0530,474411,33.5,23.2,53.0,31.19
2021-11-04 18:17:00 +0530,474412,43.4,24.7,53.02,31.2
2021-11-04 18:17:30 +0530,474413,22.9,17.6,53.05,31.21
2021-11-04 18:18:00 +0530,474414,21.1,17.1,53.05,31.21
2021-11-04 18:18:30 +0530,474415,19.1,12.2,53.29,31.09
2021-11-04 18:19:00 +0530,474416,16.9,14.7,53.26,31.12
2021-11-04 18:19:30 +0530,474417,17.9,13.6,53.29,31.15
2021-11-04 18:20:00 +0530,474418,18.8,14.4,53.29,31.16
2021-11-04 18:20:30 +0530,474419,18.1,13.3,53.2,31.18
2021-11-04 18:21:00 +0530,474420,9.9,8.9,53.29,31.15
2021-11-04 18:21:30 +0530,474421,16.2,13.5,53.23,31.15
2021-11-04 18:22:00 +0530,474422,17.6,13.7,53.29,31.14
2021-11-04 18:22:30 +0530,474423,21.1,13.1,53.29,31.15
2021-11-04 18:23:00 +0530,474424,18.5,13.1,53.35,31.14
2021-11-04 18:23:30 +0530,474425,17.7,13.3,53.41,31.14
2021-11-04 18:24:00 +0530,474426,15.2,13.0,53.29,31.14
2021-11-04 18:24:30 +0530,474427,14.5,12.2,53.23,31.13
2021-11-04 18:25:00 +0530,474428,26.3,14.0,53.32,31.11
2021-11-04 18:25:30 +0530,474429,23.9,14.6,53.35,31.1
2021-11-04 18:26:00 +0530,474430,38.4,15.7,53.43,31.09
2021-11-04 18:26:30 +0530,474431,30.3,15.0,53.43,31.09
2021-11-04 18:27:00 +0530,474432,16.1,13.0,53.35,31.09
2021-11-04 18:27:30 +0530,474433,20.4,13.5,53.41,31.1
2021-11-04 18:28:00 +0530,474434,15.7,10.4,53.56,31.07
2021-11-04 18:28:30 +0530,474435,16.7,15.1,53.46,31.07
2021-11-04 18:29:00 +0530,474436,16.2,12.4,53.43,31.08
2021-11-04 18:29:30 +0530,474437,17.8,13.2,53.41,31.09
2021-11-04 18:30:00 +0530,474438,26.2,10.4,53.62,31.06
2021-11-04 18:30:30 +0530,474439,22.1,12.8,53.59,31.09
2021-11-04 18:31:00 +0530,474440,14.7,11.9,53.49,31.09
2021-11-04 18:31:30 +0530,474441,33.3,14.7,53.59,31.09
2021-11-04 18:32:00 +0530,474442,24.6,15.9,53.56,31.09
2021-11-04 18:32:30 +0530,474443,41.1,16.2,53.65,31.09
2021-11-04 18:33:00 +0530,474444,15.9,9.0,53.56,31.04
2021-11-04 18:33:30 +0530,474445,21.8,12.9,53.56,31.06
2021-11-04 18:34:00 +0530,474446,20.8,13.3,53.56,31.07
2021-11-04 18:34:30 +0530,474447,41.7,15.9,53.73,31.08
2021-11-04 18:35:00 +0530,474448,16.2,12.8,53.59,31.09
2021-11-04 18:35:30 +0530,474449,19.5,13.8,53.56,31.09
2021-11-04 18:36:00 +0530,474450,18.1,13.4,53.56,31.09
2021-11-04 18:36:30 +0530,474451,21.3,13.7,53.59,31.08
2021-11-04 18:37:00 +0530,474452,22.1,13.1,53.62,31.07
2021-11-04 18:37:30 +0530,474453,21.3,13.5,53.7,31.07
2021-11-04 18:38:00 +0530,474454,23.8,14.4,53.73,31.07
2021-11-04 18:38:30 +0530,474455,16.3,13.7,53.65,31.06
2021-11-04 18:39:00 +0530,474456,16.5,13.4,53.65,31.07
2021-11-04 18:39:30 +0530,474457,17.9,11.7,53.73,31.04
2021-11-04 18:40:00 +0530,474458,18.6,12.8,53.67,31.04
2021-11-04 18:40:30 +0530,474459,14.4,12.9,53.67,31.04
2021-11-04 18:41:00 +0530,474460,17.3,12.6,53.7,31.04
2021-11-04 18:41:30 +0530,474461,13.5,9.1,53.79,31.04
2021-11-04 18:42:00 +0530,474462,11.3,10.1,53.82,31.02
2021-11-04 18:42:30 +0530,474463,15.5,13.4,53.79,31.04
2021-11-04 18:43:00 +0530,474464,20.1,11.3,53.91,31.02
2021-11-04 18:43:30 +0530,474465,29.7,15.0,53.94,31.02
2021-11-04 18:44:00 +0530,474466,26.1,14.4,54.0,31.02
2021-11-04 18:44:30 +0530,474467,25.9,13.1,54.06,31.02
2021-11-04 18:45:00 +0530,474468,19.3,14.0,53.94,31.02
2021-11-04 18:45:30 +0530,474469,15.1,13.2,53.82,31.02
2021-11-04 18:46:00 +0530,474470,18.3,14.1,53.79,31.02
2021-11-04 18:46:30 +0530,474471,16.5,13.8,53.79,31.04
2021-11-04 18:47:00 +0530,474472,25.1,14.9,53.82,31.04
2021-11-04 18:47:30 +0530,474473,11.3,10.4,53.85,31.02
2021-11-04 18:48:00 +0530,474474,14.7,13.1,53.79,31.02
2021-11-04 18:48:30 +0530,474475,24.5,11.7,53.88,31.02
2021-11-04 18:49:00 +0530,474476,36.3,15.7,53.88,31.02
2021-11-04 18:49:30 +0530,474477,20.6,15.2,54.0,31.02
2021-11-04 18:50:00 +0530,474478,38.5,17.8,54.06,31.02
2021-11-04 18:50:30 +0530,474479,13.0,11.8,54.03,30.99
2021-11-04 18:51:00 +0530,474480,18.5,15.6,53.94,30.98
2021-11-04 18:52:00 +0530,474482,15.0,13.4,54.03,30.97
2021-11-04 18:52:30 +0530,474483,17.3,14.1,54.03,30.97
2021-11-04 18:53:00 +0530,474484,20.3,18.1,54.03,30.97
2021-11-04 18:53:30 +0530,474481,21.1,19.2,54.03,30.96
2021-11-04 18:54:00 +0530,474485,26.1,23.8,53.94,30.98
2021-11-04 18:54:30 +0530,474486,16.9,13.1,54.33,30.89
2021-11-04 18:55:00 +0530,474487,19.3,16.3,54.2,30.9
2021-11-04 18:55:30 +0530,474488,15.0,12.8,54.23,30.87
2021-11-04 18:56:00 +0530,474489,15.8,12.9,54.3,30.86
2021-11-04 18:56:30 +0530,474490,20.8,16.5,54.2,30.87
2021-11-04 18:57:00 +0530,474491,18.7,16.8,54.2,30.87
2021-11-04 18:57:30 +0530,474492,19.1,17.1,54.26,30.89
2021-11-04 18:58:00 +0530,474493,19.2,16.9,54.3,30.89
2021-11-04 18:58:30 +0530,474494,23.8,16.8,54.33,30.87
2021-11-04 18:59:00 +0530,474495,19.0,16.9,54.3,30.87
2021-11-04 18:59:30 +0530,474496,20.3,16.7,54.35,30.87
2021-11-04 19:00:00 +0530,474497,20.6,17.8,54.35,30.87
2021-11-04 19:00:30 +0530,474498,21.6,17.1,54.38,30.86
2021-11-04 19:01:00 +0530,474499,20.0,16.5,54.33,30.85
2021-11-04 19:01:30 +0530,474500,21.3,16.6,54.35,30.84
2021-11-04 19:02:00 +0530,474501,18.4,16.2,54.44,30.84
2021-11-04 19:02:30 +0530,474502,18.8,16.9,54.47,30.83
2021-11-04 19:03:00 +0530,474503,18.9,13.1,54.62,30.81
2021-11-04 19:03:30 +0530,474504,23.0,17.8,54.62,30.81
2021-11-04 19:04:00 +0530,474505,20.5,14.2,54.74,30.79
2021-11-04 19:04:30 +0530,474506,27.5,20.8,54.68,30.8
2021-11-04 19:05:00 +0530,474507,32.7,19.6,54.68,30.8
2021-11-04 19:05:30 +0530,474508,25.3,20.3,54.62,30.81
2021-11-04 19:06:00 +0530,474509,18.3,14.2,54.77,30.79
2021-11-04 19:06:30 +0530,474510,36.6,20.9,54.74,30.81
2021-11-04 19:07:00 +0530,474511,28.8,20.3,54.65,30.81
2021-11-04 19:07:30 +0530,474512,29.3,19.2,54.65,30.83
2021-11-04 19:08:00 +0530,474513,27.3,19.6,54.62,30.83
2021-11-04 19:08:30 +0530,474514,25.3,19.1,54.62,30.83
2021-11-04 19:09:00 +0530,474515,25.1,19.4,54.62,30.83
2021-11-04 19:09:30 +0530,474516,27.2,18.7,54.62,30.84
2021-11-04 19:10:00 +0530,474517,27.2,18.7,54.62,30.84
2021-11-04 19:10:30 +0530,474518,17.8,15.9,54.97,30.65
2021-11-04 19:11:00 +0530,474519,25.0,20.7,54.97,30.69
2021-11-04 19:11:30 +0530,474520,22.3,19.9,54.83,30.72
2021-11-04 19:12:00 +0530,474521,22.2,19.9,54.85,30.72
2021-11-04 19:12:30 +0530,474522,24.9,16.8,55.29,30.6
2021-11-04 19:13:00 +0530,474523,22.6,20.4,55.07,30.62
2021-11-04 19:13:30 +0530,474524,18.9,16.6,55.15,30.62
2021-11-04 19:14:00 +0530,474525,23.0,20.6,54.97,30.63
2021-11-04 19:14:30 +0530,474526,22.8,20.4,54.88,30.63
2021-11-04 19:15:00 +0530,474527,25.1,22.4,54.94,30.63
2021-11-04 19:15:30 +0530,474528,22.3,20.2,54.94,30.62
2021-11-04 19:16:00 +0530,474529,22.7,20.3,55.04,30.61
2021-11-04 19:16:30 +0530,474530,20.4,18.3,55.21,30.57
2021-11-04 19:17:00 +0530,474531,24.5,20.9,55.21,30.57
2021-11-04 19:17:30 +0530,474532,27.4,21.7,55.24,30.59
2021-11-04 19:18:00 +0530,474533,23.1,20.8,55.24,30.59
2021-11-04 19:18:30 +0530,474534,24.5,21.9,55.27,30.59
2021-11-04 19:19:00 +0530,474535,24.6,21.8,55.27,30.61
2021-11-04 19:19:30 +0530,474536,23.6,21.1,55.24,30.62
2021-11-04 19:20:00 +0530,474537,25.9,21.6,55.21,30.63
2021-11-04 19:20:30 +0530,474538,24.7,22.2,55.15,30.62
2021-11-04 19:21:00 +0530,474539,24.9,22.2,55.18,30.62
2021-11-04 19:21:30 +0530,474540,27.7,22.6,55.18,30.61
2021-11-04 19:22:00 +0530,474541,24.6,22.0,55.21,30.62
2021-11-04 19:22:30 +0530,474542,29.0,23.4,55.27,30.62
2021-11-04 19:23:00 +0530,474543,28.9,23.8,55.27,30.62
2021-11-04 19:23:30 +0530,474544,36.1,27.7,55.36,30.63
2021-11-04 19:24:00 +0530,474545,26.8,23.9,55.36,30.64
2021-11-04 19:24:30 +0530,474546,28.1,24.6,55.27,30.65
2021-11-04 19:25:00 +0530,474547,22.5,20.1,55.39,30.64
2021-11-04 19:25:30 +0530,474548,31.9,24.4,55.39,30.64
2021-11-04 19:26:00 +0530,474549,34.2,27.1,55.36,30.66
2021-11-04 19:26:30 +0530,474550,33.6,24.9,55.42,30.65
2021-11-04 19:27:00 +0530,474551,37.0,31.6,55.27,30.64
2021-11-04 19:27:30 +0530,474552,29.0,25.9,55.24,30.65
2021-11-04 19:28:00 +0530,474553,35.1,27.3,55.21,30.65
2021-11-04 19:28:30 +0530,474554,38.3,27.7,55.36,30.65
2021-11-04 19:29:00 +0530,474555,38.3,27.3,55.36,30.66
2021-11-04 19:29:30 +0530,474556,33.4,21.8,55.45,30.64
2021-11-04 19:30:00 +0530,474557,29.0,25.9,55.36,30.64
2021-11-04 19:30:30 +0530,474558,36.3,29.2,55.36,30.64
2021-11-04 19:31:00 +0530,474559,30.5,27.2,55.36,30.64
2021-11-04 19:31:30 +0530,474560,30.6,26.2,55.39,30.65
2021-11-04 19:32:00 +0530,474561,28.5,24.6,55.36,30.64
2021-11-04 19:32:30 +0530,474562,33.5,27.0,55.42,30.64
2021-11-04 19:33:00 +0530,474563,34.2,25.9,55.36,30.65
2021-11-04 19:33:30 +0530,474564,33.7,26.0,55.36,30.65
2021-11-04 19:34:00 +0530,474565,26.4,23.7,55.83,30.48
2021-11-04 19:34:30 +0530,474566,31.7,28.3,55.68,30.51
2021-11-04 19:35:00 +0530,474567,29.2,26.3,55.53,30.53
2021-11-04 19:35:30 +0530,474568,33.7,26.7,55.56,30.55
2021-11-04 19:36:00 +0530,474569,35.9,26.8,55.56,30.56
2021-11-04 19:37:00 +0530,474570,76.2,55.1,56.12,30.41
2021-11-04 19:37:30 +0530,474571,42.0,37.4,56.03,30.46
2021-11-04 19:38:00 +0530,474572,37.1,31.1,55.89,30.49
2021-11-04 19:38:30 +0530,474573,42.3,30.3,55.91,30.53
2021-11-04 19:39:00 +0530,474574,40.8,36.3,55.83,30.55
2021-11-04 19:39:30 +0530,474575,50.6,43.9,55.71,30.57
2021-11-04 19:40:00 +0530,474576,49.1,43.6,55.65,30.59
2021-11-04 19:40:30 +0530,474577,33.5,30.1,55.68,30.59
2021-11-04 19:41:00 +0530,474578,26.6,22.8,55.71,30.56
2021-11-04 19:41:30 +0530,474579,32.0,27.1,55.65,30.56
2021-11-04 19:42:00 +0530,474580,36.6,30.9,55.65,30.57
2021-11-04 19:42:30 +0530,474581,26.1,23.0,55.77,30.54
2021-11-04 19:43:00 +0530,474582,28.7,25.5,55.86,30.53
2021-11-04 19:43:30 +0530,474583,36.2,28.0,55.83,30.53
2021-11-04 19:44:00 +0530,474584,30.9,27.6,55.77,30.53
2021-11-04 19:44:30 +0530,474585,29.9,26.8,55.74,30.54
2021-11-04 19:45:00 +0530,474586,29.7,26.6,55.74,30.54
2021-11-04 19:45:30 +0530,474587,31.7,27.8,55.74,30.55
2021-11-04 19:46:00 +0530,474588,33.9,27.3,55.77,30.55
2021-11-04 19:46:30 +0530,474589,26.6,23.9,55.91,30.52
2021-11-04 19:47:00 +0530,474590,39.3,31.7,55.91,30.54
2021-11-04 19:47:30 +0530,474591,41.9,31.4,55.97,30.55
2021-11-04 19:48:00 +0530,474592,37.9,28.6,55.94,30.56
2021-11-04 19:48:30 +0530,474593,36.0,24.2,56.03,30.54
2021-11-04 19:49:00 +0530,474594,39.4,28.1,55.97,30.55
2021-11-04 19:49:30 +0530,474595,32.9,28.3,55.97,30.55
2021-11-04 19:50:00 +0530,474596,56.9,32.4,55.94,30.56
2021-11-04 19:50:30 +0530,474597,48.0,30.7,55.97,30.57
2021-11-04 19:51:00 +0530,474598,31.8,28.4,55.91,30.57
2021-11-04 19:51:30 +0530,474599,40.5,30.4,55.94,30.57
2021-11-04 19:52:00 +0530,474600,38.7,34.4,55.91,30.57
2021-11-04 19:52:30 +0530,474601,36.7,31.3,55.86,30.59
2021-11-04 19:53:00 +0530,474602,56.4,49.2,55.97,30.55
2021-11-04 19:53:30 +0530,474603,48.2,34.4,55.91,30.55
2021-11-04 19:54:00 +0530,474604,53.2,38.2,55.88,30.55
2021-11-04 19:54:30 +0530,474605,106.4,74.9,55.91,30.55
2021-11-04 19:55:00 +0530,474606,174.6,125.7,56.03,30.54
2021-11-04 19:55:30 +0530,474607,102.6,81.4,55.88,30.55
2021-11-04 19:56:00 +0530,474608,44.9,34.7,56.0,30.54
2021-11-04 19:56:30 +0530,474609,40.4,34.8,55.94,30.55
2021-11-04 19:57:00 +0530,474610,40.9,33.2,55.97,30.54
2021-11-04 19:57:30 +0530,474611,43.9,39.2,55.91,30.56
2021-11-04 19:58:00 +0530,474612,46.7,39.1,55.97,30.53
2021-11-04 19:58:30 +0530,474613,50.6,45.7,56.06,30.53
2021-11-04 19:59:00 +0530,474614,53.3,48.2,55.94,30.55
2021-11-04 19:59:30 +0530,474615,52.4,47.0,55.91,30.56
2021-11-04 20:00:00 +0530,474616,44.1,39.5,55.83,30.57
2021-11-04 20:00:30 +0530,474617,40.1,33.2,55.94,30.55
2021-11-04 20:01:00 +0530,474618,46.6,41.6,55.83,30.55
2021-11-04 20:01:30 +0530,474619,44.5,40.2,55.83,30.57
2021-11-04 20:02:00 +0530,474620,42.9,35.7,55.97,30.53
2021-11-04 20:02:30 +0530,474621,43.6,39.2,55.94,30.53
2021-11-04 20:03:00 +0530,474622,44.6,40.3,55.94,30.53
2021-11-04 20:03:30 +0530,474623,38.3,33.4,56.07,30.49
2021-11-04 20:04:00 +0530,474624,44.2,39.4,56.07,30.48
2021-11-04 20:04:30 +0530,474625,43.9,37.9,56.09,30.48
2021-11-04 20:05:00 +0530,474626,42.0,37.4,56.18,30.47
2021-11-04 20:05:30 +0530,474627,42.0,37.4,56.21,30.46
2021-11-04 20:06:00 +0530,474628,43.7,37.1,56.32,30.45
2021-11-04 20:06:30 +0530,474629,42.5,33.1,56.48,30.44
2021-11-04 20:07:00 +0530,474630,41.8,37.2,56.39,30.44
2021-11-04 20:07:30 +0530,474631,43.8,37.8,56.42,30.46
2021-11-04 20:08:00 +0530,474632,49.1,39.1,56.45,30.46
2021-11-04 20:08:30 +0530,474633,51.1,38.9,56.42,30.48
2021-11-04 20:09:00 +0530,474634,42.8,38.3,56.42,30.48
2021-11-04 20:09:30 +0530,474635,43.1,37.9,56.42,30.49
2021-11-04 20:10:00 +0530,474636,44.4,37.1,56.42,30.5
2021-11-04 20:10:30 +0530,474637,48.1,38.2,56.36,30.5
2021-11-04 20:11:00 +0530,474638,38.9,33.3,56.45,30.48
2021-11-04 20:11:30 +0530,474639,47.1,41.6,56.42,30.47
2021-11-04 20:12:00 +0530,474640,45.1,40.2,56.45,30.47
2021-11-04 20:12:30 +0530,474641,47.6,41.1,56.5,30.48
2021-11-04 20:13:00 +0530,474642,58.9,42.1,56.53,30.47
2021-11-04 20:13:30 +0530,474643,61.2,45.1,56.56,30.48
2021-11-04 20:14:00 +0530,474644,55.2,42.1,56.53,30.48
2021-11-04 20:14:30 +0530,474645,46.9,41.3,56.53,30.47
2021-11-04 20:15:00 +0530,474646,42.0,37.6,56.68,30.45
2021-11-04 20:15:30 +0530,474647,48.5,43.2,56.59,30.45
2021-11-04 20:16:00 +0530,474648,48.5,42.2,56.5,30.46
2021-11-04 20:16:30 +0530,474649,46.6,41.6,56.5,30.46
2021-11-04 20:17:00 +0530,474650,66.6,59.3,56.53,30.47
2021-11-04 20:17:30 +0530,474651,53.1,47.7,56.48,30.47
2021-11-04 20:18:00 +0530,474652,100.5,90.5,56.5,30.48
2021-11-04 20:18:30 +0530,474653,58.7,52.4,56.45,30.47
2021-11-04 20:19:00 +0530,474654,56.6,50.9,56.5,30.47
2021-11-04 20:19:30 +0530,474655,51.5,46.1,56.48,30.47
2021-11-04 20:20:00 +0530,474656,53.0,47.2,56.53,30.47
2021-11-04 20:20:30 +0530,474657,51.7,44.7,56.68,30.42
2021-11-04 20:21:00 +0530,474658,58.8,50.1,56.65,30.42
2021-11-04 20:21:30 +0530,474659,54.5,48.9,56.56,30.42
2021-11-04 20:22:00 +0530,474660,55.0,49.3,56.56,30.41
2021-11-04 20:22:30 +0530,474661,59.7,53.1,56.56,30.41
2021-11-04 20:23:00 +0530,474662,58.5,52.2,56.56,30.4
2021-11-04 20:23:30 +0530,474663,58.6,52.4,56.48,30.39
2021-11-04 20:24:00 +0530,474664,56.7,51.1,56.56,30.39
2021-11-04 20:24:30 +0530,474665,60.7,54.1,56.62,30.37
2021-11-04 20:25:00 +0530,474666,64.9,57.8,56.68,30.37
2021-11-04 20:25:30 +0530,474667,63.0,53.7,56.83,30.37
2021-11-04 20:26:00 +0530,474668,60.8,53.2,56.77,30.37
2021-11-04 20:26:30 +0530,474669,62.0,52.3,56.86,30.35
2021-11-04 20:27:00 +0530,474670,109.5,99.0,56.8,30.36
2021-11-04 20:27:30 +0530,474671,127.9,114.6,56.83,30.37
2021-11-04 20:28:00 +0530,474672,80.6,71.9,56.77,30.38
2021-11-04 20:28:30 +0530,474673,87.5,70.2,56.89,30.36
2021-11-04 20:29:00 +0530,474674,99.4,83.8,56.92,30.38
2021-11-04 20:29:30 +0530,474675,103.8,92.6,56.92,30.39
2021-11-04 20:30:00 +0530,474676,84.7,72.9,56.89,30.4
2021-11-04 20:30:30 +0530,474677,70.4,52.8,56.92,30.38
2021-11-04 20:31:00 +0530,474678,75.5,62.4,56.74,30.39
2021-11-04 20:31:30 +0530,474679,88.0,79.1,56.65,30.39
2021-11-04 20:32:00 +0530,474680,64.2,55.8,56.77,30.37
2021-11-04 20:32:30 +0530,474681,71.6,64.5,56.68,30.37
2021-11-04 20:33:00 +0530,474682,68.6,61.6,56.56,30.38
2021-11-04 20:33:30 +0530,474683,67.9,61.1,56.56,30.38
2021-11-04 20:34:00 +0530,474684,177.4,161.9,56.97,30.25
2021-11-04 20:34:30 +0530,474685,270.2,246.8,56.97,30.26
2021-11-04 20:35:00 +0530,474686,156.3,139.3,57.0,30.28
2021-11-04 20:35:30 +0530,474687,124.0,108.8,57.1,30.27
2021-11-04 20:36:00 +0530,474688,101.4,90.9,56.86,30.31
2021-11-04 20:36:30 +0530,474689,172.6,156.2,56.83,30.32
2021-11-04 20:37:00 +0530,474690,94.6,85.4,56.59,30.33
2021-11-04 20:37:30 +0530,474691,231.1,211.2,56.53,30.32
2021-11-04 20:38:00 +0530,474692,311.6,287.7,56.56,30.33
2021-11-04 20:38:30 +0530,474693,183.2,167.2,56.59,30.33
2021-11-04 20:39:00 +0530,474694,182.0,167.2,56.56,30.34
2021-11-04 20:39:31 +0530,474695,182.0,167.2,56.56,30.34
2021-11-04 20:40:00 +0530,474696,74.1,63.6,56.94,30.22
2021-11-04 20:40:30 +0530,474697,94.0,83.8,56.86,30.25
2021-11-04 20:41:00 +0530,474698,85.5,76.1,56.83,30.26
2021-11-04 20:41:30 +0530,474699,85.1,76.3,56.77,30.28
2021-11-04 20:42:00 +0530,474700,109.3,92.4,56.77,30.3
2021-11-04 20:42:30 +0530,474701,120.3,107.0,56.77,30.3
2021-11-04 20:43:00 +0530,474702,78.1,69.7,56.74,30.32
2021-11-04 20:43:30 +0530,474703,76.5,68.3,56.74,30.32
2021-11-04 20:44:00 +0530,474704,74.5,66.9,56.65,30.32
2021-11-04 20:44:30 +0530,474705,77.8,66.6,56.83,30.3
2021-11-04 20:45:00 +0530,474706,67.9,59.8,56.89,30.26
2021-11-04 20:45:30 +0530,474707,73.1,65.6,56.83,30.27
2021-11-04 20:46:00 +0530,474708,65.1,58.2,56.89,30.25
2021-11-04 20:46:30 +0530,474709,68.5,61.4,56.83,30.25
2021-11-04 20:47:00 +0530,474710,71.4,64.1,56.83,30.25
2021-11-04 20:47:30 +0530,474711,68.5,59.4,56.94,30.24
2021-11-04 20:48:00 +0530,474712,71.6,64.4,56.89,30.24
2021-11-04 20:48:30 +0530,474713,65.7,58.6,57.03,30.22
2021-11-04 20:49:00 +0530,474714,118.1,105.4,56.97,30.22
2021-11-04 20:49:30 +0530,474715,582.0,528.9,57.0,30.22
2021-11-04 20:50:00 +0530,474716,196.5,178.7,57.03,30.23
2021-11-04 20:50:30 +0530,474717,80.2,72.1,57.06,30.21
2021-11-04 20:51:00 +0530,474718,72.3,60.7,57.24,30.18
2021-11-04 20:51:30 +0530,474719,83.7,67.5,57.27,30.19
2021-11-04 20:52:00 +0530,474720,76.2,67.3,57.27,30.19
2021-11-04 20:52:30 +0530,474721,72.8,64.8,57.24,30.19
2021-11-04 20:53:00 +0530,474722,90.2,80.6,57.21,30.21
2021-11-04 20:53:30 +0530,474723,129.6,116.8,57.24,30.21
2021-11-04 20:54:00 +0530,474724,131.1,119.0,57.21,30.23
2021-11-04 20:54:30 +0530,474725,218.3,197.6,57.24,30.22
2021-11-04 20:55:00 +0530,474726,256.5,233.3,57.24,30.23
2021-11-04 20:55:30 +0530,474727,256.5,233.3,57.24,30.23
2021-11-04 20:56:00 +0530,474728,112.5,101.9,57.42,30.16
2021-11-04 20:56:30 +0530,474729,96.9,87.2,57.35,30.18
2021-11-04 20:57:00 +0530,474730,85.6,76.9,57.27,30.2
2021-11-04 20:57:30 +0530,474731,79.0,70.9,57.18,30.22
2021-11-04 20:58:00 +0530,474732,82.8,73.9,57.12,30.23
2021-11-04 20:58:30 +0530,474733,80.6,70.9,57.18,30.24
2021-11-04 20:59:00 +0530,474734,166.8,149.8,57.24,30.21
2021-11-04 20:59:30 +0530,474735,155.7,140.4,57.12,30.23
2021-11-04 21:00:00 +0530,474736,173.0,157.5,57.3,30.21
2021-11-04 21:00:30 +0530,474737,243.2,221.8,57.18,30.21
2021-11-04 21:01:00 +0530,474738,241.3,219.9,57.18,30.21
2021-11-04 21:01:30 +0530,474739,163.4,148.3,57.51,30.09
2021-11-04 21:02:00 +0530,474740,138.4,124.9,57.39,30.12
2021-11-04 21:02:30 +0530,474741,70.7,63.8,57.36,30.1
2021-11-04 21:03:00 +0530,474742,76.5,68.9,57.33,30.12
2021-11-04 21:03:30 +0530,474743,75.2,67.8,57.27,30.15
2021-11-04 21:04:00 +0530,474744,190.9,176.1,57.24,30.17
2021-11-04 21:04:30 +0530,474745,357.8,331.2,57.36,30.15
2021-11-04 21:05:00 +0530,474746,180.0,165.5,57.24,30.16
2021-11-04 21:05:30 +0530,474747,140.8,128.9,57.27,30.16
2021-11-04 21:06:00 +0530,474748,81.7,73.1,57.74,30.05
2021-11-04 21:06:30 +0530,474749,87.8,78.6,57.57,30.08
2021-11-04 21:07:00 +0530,474750,100.3,90.7,57.48,30.1
2021-11-04 21:07:30 +0530,474751,88.6,79.6,57.45,30.12
2021-11-04 21:08:00 +0530,474752,134.1,122.1,57.39,30.16
2021-11-04 21:08:30 +0530,474753,89.7,81.9,57.35,30.17
2021-11-04 21:09:00 +0530,474754,55.2,49.9,57.45,30.15
2021-11-04 21:09:30 +0530,474755,55.2,49.9,57.45,30.15
2021-11-04 21:10:00 +0530,474756,59.3,52.0,57.77,29.96
2021-11-04 21:10:30 +0530,474757,62.1,54.9,57.86,29.95
2021-11-04 21:11:00 +0530,474758,57.8,52.3,57.92,29.98
2021-11-04 21:11:30 +0530,474759,205.4,185.8,57.86,30.02
2021-11-04 21:12:00 +0530,474760,125.1,113.2,57.83,30.03
2021-11-04 21:12:30 +0530,474761,96.5,86.9,57.83,30.04
2021-11-04 21:13:00 +0530,474762,230.3,212.5,57.8,30.05
2021-11-04 21:13:30 +0530,474763,244.4,221.8,57.8,30.06
2021-11-04 21:14:00 +0530,474764,211.0,191.0,57.83,30.06
2021-11-04 21:14:30 +0530,474765,313.6,284.9,57.83,30.06
2021-11-04 21:15:00 +0530,474766,130.5,118.4,57.83,30.07
2021-11-04 21:15:30 +0530,474767,74.0,65.9,57.83,30.08
2021-11-04 21:16:00 +0530,474768,86.8,69.4,58.09,30.06
2021-11-04 21:16:30 +0530,474769,90.9,81.1,58.0,30.07
2021-11-04 21:17:00 +0530,474770,95.4,74.4,58.0,30.09
2021-11-04 21:17:30 +0530,474771,77.8,69.8,57.97,30.09
2021-11-04 21:18:00 +0530,474772,79.6,71.3,57.95,30.11
2021-11-04 21:18:30 +0530,474773,71.3,64.1,57.89,30.11
2021-11-04 21:19:00 +0530,474774,60.9,54.9,57.8,30.12
2021-11-04 21:19:30 +0530,474775,63.1,56.4,57.8,30.12
2021-11-04 21:20:00 +0530,474776,62.1,55.4,57.8,30.12
2021-11-04 21:20:30 +0530,474777,63.9,57.3,57.8,30.13
2021-11-04 21:21:00 +0530,474778,68.6,61.6,57.8,30.12
2021-11-04 21:21:30 +0530,474779,78.8,71.0,57.83,30.13
2021-11-04 21:22:00 +0530,474780,151.9,85.3,58.0,30.1
2021-11-04 21:22:30 +0530,474781,90.5,81.2,58.0,30.1
2021-11-04 21:23:00 +0530,474782,78.5,70.7,58.03,30.1
2021-11-04 21:23:30 +0530,474783,66.6,60.1,57.97,30.1
2021-11-04 21:24:00 +0530,474784,71.7,60.4,58.0,30.1
2021-11-04 21:24:30 +0530,474785,67.4,60.5,58.0,30.09
2021-11-04 21:25:00 +0530,474786,69.4,62.4,58.13,30.09
2021-11-04 21:25:30 +0530,474787,75.3,67.1,58.16,30.09
2021-11-04 21:26:00 +0530,474788,595.5,536.2,58.24,30.08
2021-11-04 21:26:30 +0530,474789,505.4,459.2,58.27,30.09
2021-11-04 21:27:00 +0530,474790,285.6,259.7,58.27,30.08
2021-11-04 21:27:30 +0530,474791,172.2,156.0,58.27,30.08
2021-11-04 21:28:00 +0530,474792,137.0,123.6,58.3,30.07
2021-11-04 21:28:30 +0530,474793,175.6,156.4,58.33,30.07
2021-11-04 21:29:00 +0530,474794,115.9,104.4,58.33,30.06
2021-11-04 21:29:30 +0530,474795,147.2,130.9,58.36,30.05
2021-11-04 21:30:00 +0530,474796,163.0,136.6,58.38,30.04
2021-11-04 21:30:30 +0530,474797,151.9,131.6,58.56,30.01
2021-11-04 21:31:00 +0530,474798,120.4,103.4,58.56,30.01
2021-11-04 21:31:30 +0530,474799,261.7,211.8,58.56,30.0
2021-11-04 21:32:00 +0530,474800,231.8,182.6,58.62,30.0
2021-11-04 21:32:30 +0530,474801,348.9,295.4,58.65,30.0
2021-11-04 21:33:00 +0530,474802,242.4,215.6,58.68,30.0
2021-11-04 21:33:31 +0530,474803,206.1,157.2,58.77,30.0
2021-11-04 21:34:00 +0530,474804,113.1,95.3,58.74,30.0
2021-11-04 21:34:30 +0530,474805,61.7,55.6,58.83,29.97
2021-11-04 21:35:00 +0530,474806,69.6,62.3,58.83,29.96
2021-11-04 21:35:30 +0530,474807,60.9,54.7,58.97,29.93
2021-11-04 21:36:00 +0530,474808,68.2,61.1,58.94,29.92
2021-11-04 21:36:30 +0530,474809,65.8,59.2,58.97,29.91
2021-11-04 21:37:00 +0530,474810,66.1,59.4,59.06,29.89
2021-11-04 21:37:30 +0530,474811,63.6,57.3,59.12,29.89
2021-11-04 21:38:00 +0530,474812,66.3,59.8,59.18,29.87
2021-11-04 21:38:30 +0530,474813,67.9,61.3,59.3,29.86
2021-11-04 21:39:00 +0530,474814,68.5,61.1,59.33,29.85
2021-11-04 21:39:30 +0530,474815,70.2,63.3,59.35,29.85
2021-11-04 21:40:00 +0530,474816,68.3,61.4,59.41,29.85
2021-11-04 21:40:30 +0530,474817,66.3,59.8,59.41,29.83
2021-11-04 21:41:00 +0530,474818,68.2,61.3,59.44,29.83
2021-11-04 21:41:30 +0530,474819,69.0,62.3,59.51,29.83
2021-11-04 21:42:00 +0530,474820,69.5,61.9,59.53,29.83
2021-11-04 21:42:30 +0530,474821,72.0,64.4,59.53,29.83
2021-11-04 21:43:00 +0530,474822,69.0,61.8,59.53,29.82
2021-11-04 21:43:30 +0530,474823,81.5,56.0,59.7,29.79
2021-11-04 21:44:00 +0530,474824,71.9,64.0,59.67,29.8
2021-11-04 21:44:30 +0530,474825,64.8,58.1,59.77,29.78
2021-11-04 21:45:00 +0530,474826,71.2,64.1,59.73,29.78
2021-11-04 21:45:30 +0530,474827,64.6,58.1,59.88,29.76
2021-11-04 21:46:00 +0530,474828,73.0,65.3,59.83,29.76
2021-11-04 21:46:30 +0530,474829,72.9,65.3,59.83,29.76
2021-11-04 21:47:00 +0530,474830,69.0,61.8,60.18,29.64
2021-11-04 21:47:30 +0530,474831,74.4,66.4,60.15,29.66
2021-11-04 21:48:00 +0530,474832,74.3,66.7,60.12,29.68
2021-11-04 21:48:30 +0530,474833,73.4,65.7,60.09,29.71
2021-11-04 21:49:00 +0530,474834,63.6,57.6,60.18,29.7
2021-11-04 21:49:30 +0530,474835,74.8,67.4,60.12,29.7
2021-11-04 21:50:00 +0530,474836,74.4,66.6,60.12,29.71
2021-11-04 21:50:30 +0530,474837,69.9,62.6,60.24,29.68
2021-11-04 21:51:00 +0530,474838,76.2,68.6,60.18,29.7
2021-11-04 21:51:30 +0530,474839,75.9,68.3,60.18,29.72
2021-11-04 21:52:00 +0530,474840,77.1,68.9,60.18,29.72
2021-11-04 21:52:30 +0530,474841,76.9,65.9,60.21,29.73
2021-11-04 21:53:00 +0530,474842,77.3,68.8,60.24,29.72
2021-11-04 21:53:30 +0530,474843,67.3,60.1,60.35,29.7
2021-11-04 21:54:00 +0530,474844,74.5,66.9,60.29,29.73
2021-11-04 21:54:30 +0530,474845,75.4,67.8,60.32,29.71
2021-11-04 21:55:00 +0530,474846,77.7,68.1,60.35,29.71
2021-11-04 21:55:30 +0530,474847,77.8,69.6,60.32,29.72
2021-11-04 21:56:00 +0530,474848,73.4,62.1,60.47,29.7
2021-11-04 21:56:30 +0530,474849,76.4,68.6,60.35,29.71
2021-11-04 21:57:00 +0530,474850,75.0,67.6,60.32,29.72
2021-11-04 21:57:30 +0530,474851,80.5,72.6,60.32,29.72
2021-11-04 21:58:00 +0530,474852,93.6,84.6,60.32,29.72
2021-11-04 21:58:30 +0530,474853,94.9,85.7,60.32,29.72
2021-11-04 21:59:00 +0530,474854,91.8,82.5,60.35,29.72
2021-11-04 21:59:30 +0530,474855,73.8,66.2,60.53,29.68
2021-11-04 22:00:00 +0530,474856,76.9,69.2,60.47,29.7
2021-11-04 22:00:30 +0530,474857,77.0,69.1,60.5,29.7
2021-11-04 22:01:00 +0530,474858,79.8,71.7,60.53,29.7
2021-11-04 22:01:30 +0530,474859,101.6,76.8,60.61,29.7
2021-11-04 22:02:00 +0530,474860,80.1,71.9,60.59,29.7
2021-11-04 22:02:30 +0530,474861,77.3,69.4,60.59,29.71
2021-11-04 22:03:00 +0530,474862,77.5,69.5,60.59,29.7
2021-11-04 22:03:30 +0530,474863,139.3,77.1,60.64,29.71
2021-11-04 22:04:00 +0530,474864,74.4,66.6,60.64,29.71
2021-11-04 22:04:30 +0530,474865,74.3,66.8,60.7,29.71
2021-11-04 22:05:00 +0530,474866,78.6,68.7,60.76,29.7
2021-11-04 22:05:30 +0530,474867,78.2,70.1,60.76,29.7
2021-11-04 22:06:00 +0530,474868,70.1,62.9,60.8,29.68
2021-11-04 22:06:30 +0530,474869,63.9,57.4,60.94,29.66
2021-11-04 22:07:00 +0530,474870,71.4,64.3,61.02,29.63
2021-11-04 22:07:30 +0530,474871,75.5,68.2,60.99,29.63
2021-11-04 22:08:00 +0530,474872,74.6,67.3,60.99,29.63
2021-11-04 22:08:30 +0530,474873,68.2,61.5,61.12,29.62
2021-11-04 22:09:00 +0530,474874,72.7,65.7,61.02,29.62
2021-11-04 22:09:30 +0530,474875,79.8,72.1,61.05,29.61
2021-11-04 22:10:00 +0530,474876,75.6,68.2,61.05,29.63
2021-11-04 22:10:30 +0530,474877,61.4,55.6,61.12,29.59
2021-11-04 22:11:00 +0530,474878,68.1,61.3,61.32,29.58
2021-11-04 22:11:30 +0530,474879,69.4,62.8,61.26,29.57
2021-11-04 22:12:00 +0530,474880,68.8,62.2,61.32,29.58
2021-11-04 22:12:30 +0530,474881,67.2,60.8,61.32,29.58
2021-11-04 22:13:00 +0530,474882,58.6,53.1,61.44,29.54
2021-11-04 22:13:30 +0530,474883,66.1,59.7,61.41,29.54
2021-11-04 22:14:00 +0530,474884,62.9,56.7,61.44,29.54
2021-11-04 22:14:30 +0530,474885,63.3,57.2,61.47,29.53
2021-11-04 22:15:00 +0530,474886,66.0,58.7,61.5,29.53
2021-11-04 22:15:30 +0530,474887,61.4,55.7,61.5,29.53
2021-11-04 22:16:00 +0530,474888,63.2,56.9,61.5,29.52
2021-11-04 22:16:30 +0530,474889,63.9,57.6,61.55,29.52
2021-11-04 22:17:00 +0530,474890,61.7,56.1,61.52,29.52
2021-11-04 22:17:30 +0530,474891,59.5,53.7,61.5,29.51
2021-11-04 22:18:00 +0530,474892,59.5,53.7,61.5,29.51
2021-11-04 22:18:30 +0530,474893,69.5,51.7,61.64,29.49
2021-11-04 22:19:00 +0530,474894,65.7,56.4,61.61,29.5
2021-11-04 22:19:30 +0530,474895,59.5,53.8,61.55,29.51
2021-11-04 22:20:00 +0530,474896,60.9,54.9,61.55,29.51
2021-11-04 22:20:30 +0530,474897,59.9,54.1,61.5,29.52
2021-11-04 22:21:00 +0530,474898,59.8,54.1,61.5,29.52
2021-11-04 22:21:30 +0530,474899,62.5,56.8,61.5,29.52
2021-11-04 22:22:00 +0530,474900,62.8,56.4,61.5,29.52
2021-11-04 22:22:30 +0530,474901,60.7,54.8,61.5,29.52
2021-11-04 22:23:00 +0530,474902,60.0,54.1,61.5,29.52
2021-11-04 22:23:30 +0530,474903,65.7,56.0,61.52,29.51
2021-11-04 22:24:00 +0530,474904,56.4,51.0,61.55,29.5
2021-11-04 22:24:30 +0530,474905,69.7,51.0,61.55,29.49
2021-11-04 22:25:00 +0530,474906,57.5,52.1,61.58,29.48
2021-11-04 22:25:30 +0530,474907,57.1,51.4,61.61,29.47
2021-11-04 22:26:00 +0530,474908,53.5,47.6,61.79,29.44
2021-11-04 22:26:30 +0530,474909,57.2,51.7,61.76,29.43
2021-11-04 22:27:00 +0530,474910,58.5,52.8,61.79,29.43
2021-11-04 22:27:30 +0530,474911,57.9,52.3,61.82,29.42
2021-11-04 22:28:00 +0530,474912,55.0,50.1,61.79,29.41
2021-11-04 22:28:30 +0530,474913,55.6,50.3,61.79,29.41
2021-11-04 22:29:00 +0530,474914,57.0,51.5,61.85,29.39
2021-11-04 22:29:30 +0530,474915,56.4,51.0,61.88,29.38
2021-11-04 22:30:00 +0530,474916,56.9,50.9,61.91,29.37
2021-11-04 22:30:30 +0530,474917,58.7,52.8,61.96,29.37
2021-11-04 22:31:00 +0530,474918,57.5,51.9,61.96,29.38
2021-11-04 22:31:30 +0530,474919,51.2,46.3,61.99,29.34
2021-11-04 22:32:00 +0530,474920,57.7,51.9,62.02,29.35
2021-11-04 22:32:30 +0530,474921,55.9,50.6,62.02,29.35
2021-11-04 22:33:00 +0530,474922,49.1,44.8,62.12,29.33
2021-11-04 22:33:30 +0530,474923,56.4,50.9,62.08,29.32
2021-11-04 22:34:00 +0530,474924,56.5,51.3,62.12,29.32
2021-11-04 22:34:30 +0530,474925,68.6,62.3,62.2,29.32
2021-11-04 22:35:00 +0530,474926,55.1,49.4,62.32,29.29
2021-11-04 22:35:30 +0530,474927,66.4,60.1,62.29,29.29
2021-11-04 22:36:00 +0530,474928,66.0,59.2,62.34,29.3
2021-11-04 22:36:30 +0530,474929,156.4,139.5,62.32,29.3
2021-11-04 22:37:00 +0530,474930,119.1,106.4,62.41,29.29
2021-11-04 22:37:30 +0530,474931,93.7,84.1,62.37,29.3
2021-11-04 22:38:00 +0530,474932,80.9,73.2,62.34,29.3
2021-11-04 22:38:30 +0530,474933,61.2,55.4,62.32,29.31
2021-11-04 22:39:00 +0530,474934,62.0,56.1,62.32,29.31
2021-11-04 22:39:30 +0530,474935,52.0,46.8,62.44,29.29
2021-11-04 22:40:00 +0530,474936,52.0,46.8,62.44,29.29
2021-11-04 22:41:00 +0530,474937,51.3,46.2,62.99,29.11
2021-11-04 22:41:30 +0530,474938,77.2,69.8,62.9,29.14
2021-11-04 22:42:00 +0530,474939,61.2,55.1,62.82,29.17
2021-11-04 22:42:30 +0530,474940,57.1,51.4,62.79,29.19
2021-11-04 22:43:00 +0530,474941,52.5,47.5,62.76,29.21
2021-11-04 22:43:30 +0530,474942,49.1,43.8,62.87,29.19
2021-11-04 22:44:00 +0530,474943,53.7,48.3,62.82,29.2
2021-11-04 22:44:30 +0530,474944,50.4,45.6,62.82,29.19
2021-11-04 22:45:00 +0530,474945,56.4,50.8,62.82,29.21
2021-11-04 22:45:30 +0530,474946,68.8,62.6,62.96,29.17
2021-11-04 22:46:00 +0530,474947,58.2,52.9,62.93,29.17
2021-11-04 22:46:30 +0530,474948,56.9,51.3,62.96,29.17
2021-11-04 22:47:00 +0530,474949,51.8,46.7,62.96,29.17
2021-11-04 22:47:30 +0530,474950,49.5,44.9,62.99,29.17
2021-11-04 22:48:00 +0530,474951,46.7,42.2,63.14,29.14
2021-11-04 22:48:30 +0530,474952,57.5,52.1,63.05,29.14
2021-11-04 22:49:00 +0530,474953,57.6,52.2,63.11,29.15
2021-11-04 22:49:30 +0530,474954,40.9,37.1,63.22,29.12
2021-11-04 22:50:00 +0530,474955,45.5,37.9,63.28,29.09
2021-11-04 22:50:30 +0530,474956,51.4,46.5,63.22,29.09
2021-11-04 22:51:00 +0530,474957,44.3,40.1,63.37,29.08
2021-11-04 22:51:30 +0530,474958,44.9,40.6,63.25,29.08
2021-11-04 22:52:00 +0530,474959,45.2,41.1,63.22,29.08
2021-11-04 22:52:30 +0530,474960,41.0,36.7,63.4,29.06
2021-11-04 22:53:00 +0530,474961,45.6,41.0,63.31,29.06
2021-11-04 22:53:30 +0530,474962,46.2,41.8,63.28,29.06
2021-11-04 22:54:00 +0530,474963,46.7,42.4,63.28,29.07
2021-11-04 22:54:30 +0530,474964,41.8,37.7,63.4,29.05
2021-11-04 22:55:00 +0530,474965,39.6,36.0,63.43,29.04
2021-11-04 22:55:30 +0530,474966,46.1,41.8,63.37,29.05
2021-11-04 22:56:00 +0530,474967,47.6,43.2,63.34,29.05
2021-11-04 22:56:30 +0530,474968,47.4,42.6,63.31,29.06
2021-11-04 22:57:00 +0530,474969,48.3,43.1,63.28,29.08
2021-11-04 22:57:30 +0530,474970,48.5,43.7,63.28,29.08
2021-11-04 22:58:00 +0530,474971,48.3,43.7,63.25,29.09
2021-11-04 22:58:30 +0530,474972,49.4,44.6,63.25,29.11
2021-11-04 22:59:00 +0530,474973,53.2,48.1,63.25,29.12
2021-11-04 22:59:30 +0530,474974,56.1,49.3,63.25,29.12
2021-11-04 23:00:00 +0530,474975,52.2,47.3,63.25,29.13
2021-11-04 23:00:30 +0530,474976,52.7,47.6,63.25,29.13
2021-11-04 23:01:00 +0530,474977,45.9,41.3,63.28,29.09
2021-11-04 23:01:30 +0530,474978,53.1,47.4,63.31,29.12
2021-11-04 23:02:00 +0530,474979,54.6,49.1,63.28,29.14
2021-11-04 23:02:30 +0530,474980,53.6,48.4,63.28,29.15
2021-11-04 23:03:00 +0530,474981,52.7,47.8,63.26,29.16
2021-11-04 23:03:30 +0530,474982,54.9,49.8,63.23,29.16
2021-11-04 23:04:00 +0530,474983,55.0,49.8,63.2,29.17
2021-11-04 23:04:30 +0530,474984,54.1,49.1,63.2,29.17
2021-11-04 23:05:00 +0530,474985,54.5,49.2,63.17,29.17
2021-11-04 23:05:30 +0530,474986,54.3,49.1,63.17,29.17
2021-11-04 23:06:00 +0530,474987,50.3,45.6,63.25,29.15
2021-11-04 23:06:30 +0530,474988,56.7,51.4,63.2,29.15
2021-11-04 23:07:00 +0530,474989,54.7,49.4,63.23,29.16
2021-11-04 23:07:30 +0530,474990,54.9,49.8,63.2,29.15
2021-11-04 23:08:00 +0530,474991,54.3,48.9,63.23,29.17
2021-11-04 23:08:30 +0530,474992,48.3,43.6,63.28,29.14
2021-11-04 23:09:00 +0530,474993,53.1,48.3,63.22,29.14
2021-11-04 23:09:30 +0530,474994,52.9,48.1,63.25,29.14
2021-11-04 23:10:00 +0530,474995,54.2,48.7,63.28,29.15
2021-11-04 23:10:30 +0530,474996,46.5,41.8,63.4,29.13
2021-11-04 23:11:00 +0530,474997,53.5,48.7,63.34,29.14
2021-11-04 23:11:30 +0530,474998,55.0,49.7,63.31,29.15
2021-11-04 23:12:00 +0530,474999,53.9,49.0,63.34,29.16
2021-11-04 23:12:30 +0530,475000,49.9,45.0,63.43,29.15
2021-11-04 23:13:00 +0530,475001,54.5,49.4,63.4,29.17
2021-11-04 23:13:30 +0530,475002,51.8,46.9,63.26,29.17
2021-11-04 23:14:00 +0530,475003,54.2,48.9,63.26,29.18
2021-11-04 23:14:30 +0530,475004,50.5,45.8,63.23,29.19
2021-11-04 23:15:00 +0530,475005,45.3,40.7,63.37,29.16
2021-11-04 23:15:30 +0530,475006,49.8,45.2,63.28,29.16
2021-11-04 23:16:00 +0530,475007,47.1,42.8,63.26,29.16
2021-11-04 23:16:30 +0530,475008,49.7,44.8,63.28,29.17
2021-11-04 23:17:00 +0530,475009,48.6,44.3,63.26,29.17
2021-11-04 23:17:30 +0530,475010,48.0,43.4,63.23,29.17
2021-11-04 23:18:00 +0530,475011,46.6,42.3,63.17,29.17
2021-11-04 23:18:30 +0530,475012,45.5,41.1,63.14,29.19
2021-11-04 23:19:00 +0530,475013,45.6,41.5,63.08,29.18
2021-11-04 23:19:30 +0530,475014,42.9,37.2,63.2,29.17
2021-11-04 23:20:00 +0530,475015,47.2,42.5,63.2,29.19
2021-11-04 23:20:30 +0530,475016,47.2,42.8,63.08,29.21
2021-11-04 23:21:00 +0530,475017,47.4,42.9,63.02,29.21
2021-11-04 23:21:30 +0530,475018,46.4,41.9,62.99,29.21
2021-11-04 23:22:00 +0530,475019,44.8,40.9,62.87,29.21
2021-11-04 23:22:30 +0530,475020,44.7,40.3,62.85,29.21
2021-11-04 23:23:00 +0530,475021,45.7,41.2,62.85,29.21
2021-11-04 23:23:30 +0530,475022,42.9,38.6,62.76,29.21
2021-11-04 23:24:00 +0530,475023,40.2,36.6,62.58,29.21
2021-11-04 23:24:30 +0530,475024,39.2,35.5,62.52,29.21
2021-11-04 23:25:00 +0530,475025,38.2,34.8,62.5,29.21
2021-11-04 23:25:30 +0530,475026,38.9,35.3,62.55,29.21
2021-11-04 23:26:00 +0530,475027,39.0,35.7,62.55,29.21
2021-11-04 23:26:30 +0530,475028,39.4,35.8,62.55,29.21
2021-11-04 23:27:00 +0530,475029,39.8,35.9,62.58,29.21
2021-11-04 23:27:30 +0530,475030,40.2,36.4,62.55,29.21
2021-11-04 23:28:00 +0530,475031,38.8,34.8,62.55,29.21
2021-11-04 23:28:30 +0530,475032,39.7,35.8,62.52,29.21
2021-11-04 23:29:00 +0530,475033,39.6,36.2,62.55,29.19
2021-11-04 23:29:30 +0530,475034,38.3,34.8,62.58,29.18
2021-11-04 23:30:00 +0530,475035,39.4,35.8,62.61,29.18
2021-11-04 23:30:30 +0530,475036,39.8,36.1,62.67,29.17
2021-11-04 23:31:00 +0530,475037,40.1,36.5,62.7,29.16
2021-11-04 23:31:30 +0530,475038,39.8,36.3,62.73,29.16
2021-11-04 23:32:00 +0530,475039,39.8,36.4,62.7,29.16
2021-11-04 23:32:30 +0530,475040,38.9,35.4,62.67,29.16
2021-11-04 23:33:00 +0530,475041,36.9,33.7,62.61,29.16
2021-11-04 23:33:30 +0530,475042,38.6,35.0,62.58,29.17
2021-11-04 23:34:00 +0530,475043,38.8,35.3,62.55,29.17
2021-11-04 23:34:30 +0530,475044,37.1,33.8,62.55,29.17
2021-11-04 23:35:00 +0530,475045,33.0,30.0,62.7,29.15
2021-11-04 23:35:30 +0530,475046,37.5,34.1,62.61,29.15
2021-11-04 23:36:00 +0530,475047,38.7,35.4,62.52,29.15
2021-11-04 23:36:30 +0530,475048,39.0,35.7,62.52,29.15
2021-11-04 23:37:00 +0530,475049,34.3,31.4,63.25,28.98
2021-11-04 23:37:30 +0530,475050,38.9,35.4,62.98,29.0
2021-11-04 23:38:00 +0530,475051,38.9,35.4,62.93,29.02
2021-11-04 23:38:30 +0530,475052,37.0,33.6,62.99,29.02
2021-11-04 23:39:00 +0530,475053,41.1,36.7,62.84,29.04
2021-11-04 23:39:30 +0530,475054,39.7,36.1,62.79,29.04
2021-11-04 23:40:00 +0530,475055,40.2,36.2,62.79,29.05
2021-11-04 23:40:30 +0530,475056,38.7,35.2,62.76,29.05
2021-11-04 23:41:00 +0530,475057,37.7,34.2,62.73,29.06
2021-11-04 23:41:30 +0530,475058,38.1,34.9,62.73,29.06
2021-11-04 23:42:00 +0530,475059,37.9,34.3,62.73,29.06
2021-11-04 23:42:30 +0530,475060,38.2,34.6,62.73,29.06
2021-11-04 23:43:00 +0530,475061,34.9,31.4,62.84,29.04
2021-11-04 23:43:30 +0530,475062,37.3,33.7,62.82,29.04
2021-11-04 23:44:00 +0530,475063,37.4,34.1,62.84,29.04
2021-11-04 23:44:30 +0530,475064,36.5,33.1,63.02,29.01
2021-11-04 23:45:00 +0530,475065,39.7,35.8,63.02,29.0
2021-11-04 23:45:30 +0530,475066,34.0,30.9,63.16,28.98
2021-11-04 23:46:00 +0530,475067,37.5,34.0,63.13,28.98
2021-11-04 23:46:30 +0530,475068,38.1,34.6,63.16,28.98
2021-11-04 23:47:00 +0530,475069,39.0,35.0,63.16,28.98
2021-11-04 23:47:30 +0530,475070,34.2,30.6,63.31,28.95
2021-11-04 23:48:00 +0530,475071,35.3,31.6,63.4,28.92
2021-11-04 23:48:30 +0530,475072,41.1,36.6,63.31,28.93
2021-11-04 23:49:00 +0530,475073,40.2,36.4,63.27,28.94
2021-11-04 23:49:30 +0530,475074,41.7,37.8,63.25,28.94
2021-11-04 23:50:00 +0530,475075,39.8,36.3,63.25,28.94
2021-11-04 23:50:30 +0530,475076,41.3,37.4,63.19,28.94
2021-11-04 23:51:00 +0530,475077,40.8,37.1,63.19,28.94
2021-11-04 23:51:30 +0530,475078,39.0,35.1,63.16,28.94
2021-11-04 23:52:00 +0530,475079,37.5,34.1,63.13,28.94
2021-11-04 23:52:30 +0530,475080,39.0,35.3,63.16,28.94
2021-11-04 23:53:00 +0530,475081,40.4,36.6,63.16,28.95
2021-11-04 23:53:30 +0530,475082,39.7,35.9,63.13,28.95
2021-11-04 23:54:00 +0530,475083,41.8,38.0,63.13,28.98
2021-11-04 23:54:30 +0530,475084,38.8,35.5,63.1,28.95
2021-11-04 23:55:00 +0530,475085,34.2,31.4,63.25,28.93
2021-11-04 23:55:30 +0530,475086,35.7,32.2,63.34,28.9
2021-11-04 23:56:00 +0530,475087,40.5,36.8,63.27,28.91
2021-11-04 23:56:30 +0530,475088,42.4,38.6,63.31,28.9
2021-11-04 23:57:00 +0530,475089,40.3,36.6,63.31,28.9
2021-11-04 23:57:30 +0530,475090,40.8,37.1,63.31,28.9
2021-11-04 23:58:00 +0530,475091,38.7,34.7,63.46,28.88
2021-11-04 23:58:30 +0530,475092,41.8,38.0,63.4,28.88
2021-11-04 23:59:00 +0530,475093,41.3,37.4,63.37,28.89
2021-11-04 23:59:30 +0530,475094,39.1,35.7,63.27,28.89
2021-11-05 00:00:00 +0530,475095,39.7,36.2,63.27,28.9
2021-11-05 00:00:30 +0530,475096,40.6,36.8,63.31,28.89
2021-11-05 00:01:00 +0530,475097,35.8,32.2,63.48,28.86
2021-11-05 00:01:30 +0530,475098,40.9,37.0,63.43,28.85
2021-11-05 00:02:00 +0530,475099,41.5,37.8,63.43,28.86
2021-11-05 00:02:30 +0530,475100,41.7,38.0,63.46,28.85
2021-11-05 00:03:00 +0530,475101,35.2,32.2,63.63,28.84
2021-11-05 00:03:30 +0530,475102,41.0,37.2,63.54,28.84
2021-11-05 00:04:00 +0530,475103,41.9,38.2,63.54,28.85
2021-11-05 00:04:30 +0530,475104,42.1,38.2,63.57,28.84
2021-11-05 00:05:00 +0530,475105,37.9,34.4,63.75,28.82
2021-11-05 00:05:30 +0530,475106,41.7,38.0,63.66,28.82
2021-11-05 00:06:00 +0530,475107,42.7,38.8,63.66,28.82
2021-11-05 00:06:30 +0530,475108,36.7,33.4,63.78,28.79
2021-11-05 00:07:00 +0530,475109,42.8,39.0,63.72,28.79
2021-11-05 00:07:30 +0530,475110,42.5,38.6,63.75,28.8
2021-11-05 00:08:00 +0530,475111,43.2,39.4,63.75,28.8
2021-11-05 00:08:30 +0530,475112,40.9,37.1,63.75,28.8
2021-11-05 00:09:00 +0530,475113,43.0,38.9,63.75,28.8
2021-11-05 00:09:30 +0530,475114,37.1,33.7,63.86,28.78
2021-11-05 00:10:00 +0530,475115,44.0,39.9,63.8,28.78
2021-11-05 00:10:30 +0530,475116,44.4,40.3,63.8,28.78
2021-11-05 00:11:00 +0530,475117,38.2,34.2,63.92,28.77
2021-11-05 00:11:30 +0530,475118,44.0,39.8,63.86,28.77
2021-11-05 00:12:00 +0530,475119,72.2,64.8,63.86,28.77
2021-11-05 00:12:30 +0530,475120,58.5,52.7,63.89,28.76
2021-11-05 00:13:00 +0530,475121,80.9,72.2,63.92,28.76
2021-11-05 00:13:30 +0530,475122,211.7,191.0,63.98,28.77
2021-11-05 00:14:00 +0530,475123,656.8,590.3,63.98,28.77
2021-11-05 00:14:30 +0530,475124,216.9,196.2,63.98,28.77
2021-11-05 00:15:00 +0530,475125,132.8,118.9,63.98,28.77
2021-11-05 00:15:30 +0530,475126,88.2,78.5,64.15,28.75
2021-11-05 00:16:00 +0530,475127,80.4,68.9,64.1,28.75
2021-11-05 00:16:30 +0530,475128,59.7,53.8,64.13,28.75
2021-11-05 00:17:00 +0530,475129,74.9,63.8,64.15,28.74
2021-11-05 00:17:30 +0530,475130,55.2,49.8,64.15,28.74
2021-11-05 00:18:00 +0530,475131,48.7,43.6,64.3,28.72
2021-11-05 00:18:30 +0530,475132,60.0,45.2,64.27,28.72
2021-11-05 00:19:00 +0530,475133,82.7,56.1,64.27,28.72
2021-11-05 00:19:30 +0530,475134,213.8,185.2,64.27,28.73
2021-11-05 00:20:00 +0530,475135,198.5,174.9,64.27,28.73
2021-11-05 00:20:30 +0530,475136,99.0,88.9,64.27,28.74
2021-11-05 00:21:00 +0530,475137,97.7,87.6,64.24,28.74
2021-11-05 00:21:30 +0530,475138,130.1,106.8,64.36,28.72
2021-11-05 00:22:00 +0530,475139,119.4,95.1,64.45,28.71
2021-11-05 00:22:30 +0530,475140,56.0,50.4,64.48,28.7
2021-11-05 00:23:00 +0530,475141,89.9,81.5,64.3,28.72
2021-11-05 00:23:30 +0530,475142,132.9,120.2,64.24,28.73
2021-11-05 00:24:00 +0530,475143,137.9,124.7,64.24,28.73
2021-11-05 00:24:30 +0530,475144,125.4,114.3,64.79,28.58
2021-11-05 00:25:00 +0530,475145,76.4,69.0,64.53,28.61
2021-11-05 00:25:30 +0530,475146,62.8,56.9,64.45,28.65
2021-11-05 00:26:00 +0530,475147,100.2,91.7,64.3,28.69
2021-11-05 00:26:30 +0530,475148,73.7,67.4,64.21,28.7
2021-11-05 00:27:00 +0530,475149,36.7,33.8,64.34,28.69
2021-11-05 00:27:30 +0530,475150,165.8,151.4,64.27,28.7
2021-11-05 00:28:00 +0530,475151,53.2,48.3,64.39,28.69
2021-11-05 00:28:30 +0530,475152,50.3,45.8,64.27,28.7
2021-11-05 00:29:00 +0530,475153,41.4,37.6,64.21,28.7
2021-11-05 00:29:30 +0530,475154,40.3,36.8,64.15,28.7
2021-11-05 00:30:00 +0530,475155,42.6,38.7,64.18,28.69
2021-11-05 00:30:30 +0530,475156,83.0,75.2,64.18,28.68
2021-11-05 00:31:00 +0530,475157,72.8,66.3,64.21,28.67
2021-11-05 00:31:30 +0530,475158,56.7,51.6,64.21,28.67
2021-11-05 00:32:00 +0530,475159,45.5,41.7,64.18,28.65
2021-11-05 00:32:30 +0530,475160,54.0,48.9,64.21,28.64
2021-11-05 00:33:00 +0530,475161,51.6,46.6,64.24,28.62
2021-11-05 00:33:30 +0530,475162,38.6,35.3,64.3,28.61
2021-11-05 00:34:00 +0530,475163,39.2,35.8,64.36,28.61
2021-11-05 00:34:30 +0530,475164,39.7,36.3,64.44,28.59
2021-11-05 00:35:00 +0530,475165,38.7,35.4,64.47,28.58
2021-11-05 00:35:30 +0530,475166,40.9,37.2,64.5,28.58
2021-11-05 00:36:00 +0530,475167,40.4,36.8,64.5,28.58
2021-11-05 00:36:30 +0530,475168,41.0,37.3,64.5,28.58
2021-11-05 00:37:00 +0530,475169,41.3,37.7,64.53,28.57
2021-11-05 00:37:30 +0530,475170,40.2,36.9,64.53,28.57
2021-11-05 00:38:00 +0530,475171,41.2,37.7,64.53,28.56
2021-11-05 00:38:30 +0530,475172,46.1,41.8,64.56,28.57
2021-11-05 00:39:00 +0530,475173,54.4,49.2,64.56,28.57
2021-11-05 00:39:30 +0530,475174,192.0,174.6,64.71,28.54
2021-11-05 00:40:00 +0530,475175,224.5,203.9,64.62,28.54
2021-11-05 00:40:30 +0530,475176,38.7,35.4,64.77,28.52
2021-11-05 00:41:00 +0530,475177,45.0,40.9,64.71,28.52
2021-11-05 00:41:30 +0530,475178,346.7,315.2,64.88,28.48
2021-11-05 00:42:00 +0530,475179,61.3,55.8,64.79,28.48
2021-11-05 00:42:30 +0530,475180,45.5,41.4,64.77,28.49
2021-11-05 00:43:00 +0530,475181,42.5,38.7,64.79,28.49
2021-11-05 00:43:30 +0530,475182,43.3,39.4,64.82,28.49
2021-11-05 00:44:00 +0530,475183,43.1,39.4,64.82,28.48
2021-11-05 00:44:30 +0530,475184,43.8,39.9,64.92,28.48
2021-11-05 00:45:00 +0530,475185,44.3,40.2,64.92,28.48
2021-11-05 00:45:30 +0530,475186,45.9,41.8,64.88,28.48
2021-11-05 00:46:00 +0530,475187,43.6,39.8,64.88,28.49
2021-11-05 00:46:30 +0530,475188,40.0,36.3,65.03,28.47
2021-11-05 00:47:00 +0530,475189,41.3,37.6,65.06,28.46
2021-11-05 00:47:30 +0530,475190,46.8,42.7,64.97,28.47
2021-11-05 00:48:00 +0530,475191,46.9,42.5,64.95,28.48
2021-11-05 00:48:30 +0530,475192,40.4,36.8,65.06,28.47
2021-11-05 00:49:00 +0530,475193,43.3,39.6,64.95,28.48
2021-11-05 00:49:30 +0530,475194,47.1,42.9,64.95,28.49
2021-11-05 00:50:00 +0530,475195,45.6,41.6,64.92,28.5
2021-11-05 00:50:30 +0530,475196,41.5,37.3,65.03,28.49
2021-11-05 00:51:00 +0530,475197,46.1,42.0,64.95,28.49
2021-11-05 00:52:00 +0530,475199,43.0,39.1,64.88,28.52
2021-11-05 00:52:30 +0530,475200,43.4,39.3,64.88,28.54
2021-11-05 00:53:00 +0530,475201,42.7,39.1,64.88,28.54
2021-11-05 00:53:30 +0530,475198,41.3,37.3,64.95,28.53
2021-11-05 00:54:00 +0530,475202,41.3,37.3,64.95,28.53
2021-11-05 00:54:30 +0530,475203,41.1,37.4,65.21,28.45
2021-11-05 00:55:00 +0530,475204,46.3,42.3,65.06,28.47
2021-11-05 00:55:30 +0530,475205,44.7,40.7,65.0,28.48
2021-11-05 00:56:00 +0530,475206,45.2,41.1,64.95,28.5
2021-11-05 00:56:30 +0530,475207,45.7,41.7,64.92,28.5
2021-11-05 00:57:00 +0530,475208,45.3,41.2,64.88,28.52
2021-11-05 00:57:30 +0530,475209,46.3,42.0,64.88,28.52
2021-11-05 00:58:00 +0530,475210,44.8,40.9,64.88,28.52
2021-11-05 00:58:30 +0530,475211,38.0,34.1,65.0,28.49
2021-11-05 00:59:00 +0530,475212,44.2,40.2,64.92,28.49
2021-11-05 00:59:30 +0530,475213,42.8,38.9,64.92,28.5
2021-11-05 01:00:00 +0530,475214,38.4,34.4,65.03,28.47
2021-11-05 01:00:30 +0530,475215,41.7,38.2,64.97,28.48
2021-11-05 01:01:00 +0530,475216,41.9,38.3,64.95,28.48
2021-11-05 01:01:31 +0530,475217,34.6,31.7,65.03,28.46
2021-11-05 01:02:00 +0530,475218,40.9,37.2,64.95,28.46
2021-11-05 01:02:30 +0530,475219,41.4,37.9,64.97,28.46
2021-11-05 01:03:00 +0530,475220,40.2,36.9,64.97,28.46
2021-11-05 01:03:30 +0530,475221,42.9,38.8,64.94,28.46
2021-11-05 01:04:00 +0530,475222,40.8,37.3,65.0,28.45
2021-11-05 01:04:30 +0530,475223,39.9,36.2,64.97,28.45
2021-11-05 01:05:00 +0530,475224,41.6,38.0,65.02,28.44
2021-11-05 01:05:30 +0530,475225,41.1,37.5,65.05,28.43
2021-11-05 01:06:00 +0530,475226,40.0,36.6,65.08,28.43
2021-11-05 01:06:30 +0530,475227,40.9,37.4,65.11,28.42
2021-11-05 01:07:00 +0530,475228,34.8,31.7,65.32,28.39
2021-11-05 01:07:30 +0530,475229,41.0,36.9,65.26,28.39
2021-11-05 01:08:00 +0530,475230,40.7,37.1,65.23,28.39
2021-11-05 01:08:30 +0530,475231,41.6,37.9,65.26,28.39
2021-11-05 01:09:00 +0530,475232,41.1,37.4,65.26,28.39
2021-11-05 01:09:30 +0530,475233,40.7,37.2,65.32,28.39
2021-11-05 01:10:00 +0530,475234,36.1,32.8,65.46,28.37
2021-11-05 01:10:30 +0530,475235,39.3,35.8,65.35,28.38
2021-11-05 01:11:00 +0530,475236,38.4,35.2,65.35,28.38
2021-11-05 01:11:30 +0530,475237,38.2,34.8,65.26,28.39
2021-11-05 01:12:00 +0530,475238,37.5,34.1,65.23,28.4
2021-11-05 01:12:30 +0530,475239,37.2,34.1,65.23,28.39
2021-11-05 01:13:00 +0530,475240,36.1,32.8,65.4,28.37
2021-11-05 01:13:30 +0530,475241,33.3,30.1,65.46,28.35
2021-11-05 01:14:00 +0530,475242,38.7,35.3,65.35,28.37
2021-11-05 01:14:30 +0530,475243,37.7,34.4,65.26,28.38
2021-11-05 01:15:00 +0530,475244,37.6,34.4,65.26,28.38
2021-11-05 01:15:30 +0530,475245,35.2,31.9,65.69,28.28
2021-11-05 01:16:00 +0530,475246,39.1,35.7,65.52,28.28
2021-11-05 01:16:30 +0530,475247,39.0,35.6,65.43,28.31
2021-11-05 01:17:00 +0530,475248,41.0,37.3,65.35,28.33
2021-11-05 01:17:30 +0530,475249,37.3,34.2,65.26,28.34
2021-11-05 01:18:00 +0530,475250,38.3,34.9,65.23,28.34
2021-11-05 01:18:30 +0530,475251,37.8,34.4,65.21,28.34
2021-11-05 01:19:00 +0530,475252,36.3,33.1,65.23,28.34
2021-11-05 01:19:30 +0530,475253,35.9,32.7,65.23,28.34
2021-11-05 01:20:00 +0530,475254,36.3,33.2,65.23,28.33
2021-11-05 01:20:30 +0530,475255,35.5,32.4,65.23,28.32
2021-11-05 01:21:00 +0530,475256,36.5,33.3,65.26,28.31
2021-11-05 01:21:30 +0530,475257,34.4,31.3,65.26,28.31
2021-11-05 01:22:00 +0530,475258,33.7,30.8,65.32,28.3
2021-11-05 01:22:30 +0530,475259,35.4,32.2,65.35,28.29
2021-11-05 01:23:00 +0530,475260,31.7,28.7,65.43,28.28
2021-11-05 01:23:30 +0530,475261,31.1,28.3,65.52,28.28
2021-11-05 01:24:00 +0530,475262,29.2,26.8,65.58,28.26
2021-11-05 01:24:30 +0530,475263,33.2,30.2,65.46,28.28
2021-11-05 01:25:00 +0530,475264,34.5,31.4,65.43,28.28
2021-11-05 01:25:30 +0530,475265,35.3,32.2,65.4,28.28
2021-11-05 01:26:00 +0530,475266,34.7,31.6,65.4,28.29
2021-11-05 01:26:30 +0530,475267,34.4,31.3,65.35,28.3
2021-11-05 01:27:00 +0530,475268,35.9,32.7,65.26,28.32
2021-11-05 01:27:30 +0530,475269,27.8,25.3,65.4,28.3
2021-11-05 01:28:00 +0530,475270,34.0,31.0,65.26,28.33
2021-11-05 01:28:30 +0530,475271,35.8,32.7,65.21,28.34
2021-11-05 01:29:00 +0530,475272,42.2,35.2,65.21,28.35
2021-11-05 01:29:30 +0530,475273,50.1,35.8,65.14,28.38
2021-11-05 01:30:00 +0530,475274,36.3,32.8,65.14,28.38
2021-11-05 01:30:30 +0530,475275,37.2,33.4,65.11,28.39
2021-11-05 01:31:00 +0530,475276,37.3,33.6,65.05,28.4
2021-11-05 01:31:30 +0530,475277,34.9,31.8,64.97,28.4
2021-11-05 01:32:00 +0530,475278,29.9,27.2,65.05,28.39
2021-11-05 01:32:30 +0530,475279,29.2,26.6,65.08,28.35
2021-11-05 01:33:00 +0530,475280,33.8,30.6,64.94,28.35
2021-11-05 01:33:30 +0530,475281,30.8,27.8,64.79,28.35
2021-11-05 01:34:00 +0530,475282,29.5,26.9,64.67,28.35
2021-11-05 01:34:30 +0530,475283,28.9,26.4,64.65,28.34
2021-11-05 01:35:00 +0530,475284,31.1,28.4,64.67,28.34
2021-11-05 01:35:30 +0530,475285,29.1,26.4,64.65,28.32
2021-11-05 01:36:00 +0530,475286,23.6,21.6,64.79,28.31
2021-11-05 01:36:30 +0530,475287,27.7,25.4,64.7,28.29
2021-11-05 01:37:00 +0530,475288,22.5,20.5,64.82,28.28
2021-11-05 01:37:30 +0530,475289,26.0,23.9,64.67,28.28
2021-11-05 01:38:00 +0530,475290,27.2,25.0,64.67,28.28
2021-11-05 01:38:30 +0530,475291,27.6,25.2,64.7,28.28
2021-11-05 01:39:00 +0530,475292,24.2,22.1,64.91,28.25
2021-11-05 01:39:30 +0530,475293,28.1,25.4,64.85,28.25
2021-11-05 01:40:00 +0530,475294,27.3,25.1,64.88,28.25
2021-11-05 01:40:30 +0530,475295,29.5,26.9,64.88,28.25
2021-11-05 01:41:00 +0530,475296,28.8,26.3,64.88,28.25
2021-11-05 01:41:30 +0530,475297,29.1,26.6,64.85,28.25
2021-11-05 01:42:00 +0530,475298,28.5,26.2,64.85,28.24
2021-11-05 01:43:00 +0530,475299,26.1,23.7,64.96,28.21
2021-11-05 01:43:30 +0530,475300,31.0,28.2,64.91,28.2
2021-11-05 01:44:00 +0530,475301,31.1,28.4,64.88,28.19
2021-11-05 01:44:30 +0530,475302,31.1,28.4,64.85,28.19
2021-11-05 01:45:01 +0530,475303,31.1,28.4,64.85,28.19
2021-11-05 01:45:31 +0530,475304,27.2,24.8,65.28,28.09
2021-11-05 01:46:01 +0530,475305,31.1,28.5,65.17,28.1
2021-11-05 01:46:31 +0530,475306,30.5,27.7,65.14,28.12
2021-11-05 01:47:01 +0530,475307,30.9,28.2,65.14,28.13
2021-11-05 01:47:31 +0530,475308,30.6,27.9,65.17,28.13
2021-11-05 01:48:01 +0530,475309,32.2,29.2,65.2,28.13
2021-11-05 01:48:31 +0530,475310,29.5,26.7,65.34,28.11
2021-11-05 01:49:01 +0530,475311,30.9,27.8,65.43,28.09
2021-11-05 01:49:31 +0530,475312,34.7,31.0,65.34,28.11
2021-11-05 01:50:01 +0530,475313,36.0,32.8,65.34,28.12
2021-11-05 01:50:31 +0530,475314,36.7,33.3,65.37,28.13
2021-11-05 01:51:01 +0530,475315,37.6,34.2,65.37,28.13
2021-11-05 01:51:31 +0530,475316,41.3,37.6,65.37,28.13
2021-11-05 01:52:01 +0530,475317,39.7,36.3,65.4,28.13
2021-11-05 01:52:31 +0530,475318,40.9,37.1,65.43,28.13
2021-11-05 01:53:01 +0530,475319,40.4,36.8,65.43,28.12
2021-11-05 01:53:31 +0530,475320,40.2,36.4,65.43,28.13
2021-11-05 01:54:01 +0530,475321,40.6,36.8,65.31,28.13
2021-11-05 01:55:01 +0530,475322,37.8,34.3,65.49,28.01
2021-11-05 01:55:31 +0530,475323,40.0,36.6,65.34,28.03
2021-11-05 01:56:01 +0530,475324,33.7,30.5,65.28,28.01
2021-11-05 01:56:31 +0530,475325,39.0,35.0,65.14,28.01
2021-11-05 01:57:01 +0530,475326,37.1,33.6,65.11,28.02
2021-11-05 01:57:31 +0530,475327,38.9,35.4,65.14,28.02
2021-11-05 01:58:01 +0530,475328,39.8,35.6,65.14,28.02
2021-11-05 01:58:31 +0530,475329,40.3,36.4,65.14,28.03
2021-11-05 01:59:01 +0530,475330,39.3,35.6,65.08,28.03
2021-11-05 01:59:31 +0530,475331,33.1,29.8,65.19,28.0
2021-11-05 02:00:01 +0530,475332,38.9,35.4,65.11,28.01
2021-11-05 02:00:31 +0530,475333,38.7,35.1,65.08,28.02
2021-11-05 02:01:01 +0530,475334,37.6,34.1,65.02,28.02
2021-11-05 02:01:31 +0530,475335,33.1,29.7,65.14,28.0
2021-11-05 02:02:01 +0530,475336,37.2,33.8,64.87,28.0
2021-11-05 02:02:31 +0530,475337,35.8,32.6,64.82,28.01
2021-11-05 02:03:01 +0530,475338,30.2,27.3,64.82,27.99
2021-11-05 02:03:31 +0530,475339,34.5,31.5,64.55,27.99
2021-11-05 02:04:01 +0530,475340,33.9,30.7,64.5,27.99
2021-11-05 02:04:31 +0530,475341,33.2,29.9,64.34,28.0
2021-11-05 02:05:01 +0530,475342,31.8,29.1,64.17,27.99
2021-11-05 02:05:31 +0530,475343,31.6,28.9,64.17,28.0
2021-11-05 02:06:01 +0530,475344,33.2,30.4,64.26,27.99
2021-11-05 02:06:31 +0530,475345,32.3,29.7,64.23,27.99
2021-11-05 02:07:01 +0530,475346,32.6,29.9,64.23,27.99
2021-11-05 02:07:31 +0530,475347,25.5,23.3,64.87,27.79
2021-11-05 02:08:01 +0530,475348,30.9,28.1,64.75,27.83
2021-11-05 02:08:31 +0530,475349,26.5,24.4,64.75,27.84
2021-11-05 02:09:01 +0530,475350,30.8,28.0,64.49,27.86
2021-11-05 02:09:31 +0530,475351,30.3,27.8,64.43,27.88
2021-11-05 02:10:01 +0530,475352,30.3,27.6,64.37,27.88
2021-11-05 02:10:31 +0530,475353,27.2,24.7,64.52,27.88
2021-11-05 02:11:01 +0530,475354,30.9,28.1,64.43,27.89
2021-11-05 02:11:31 +0530,475355,32.5,29.5,64.37,27.89
2021-11-05 02:12:01 +0530,475356,32.1,29.3,64.34,27.91
2021-11-05 02:12:31 +0530,475357,32.7,29.6,64.31,27.93
2021-11-05 02:13:01 +0530,475358,30.2,27.4,64.46,27.9
2021-11-05 02:13:31 +0530,475359,32.3,29.0,64.4,27.91
2021-11-05 02:14:01 +0530,475360,33.0,30.0,64.37,27.93
2021-11-05 02:14:31 +0530,475361,32.7,29.6,64.34,27.93
2021-11-05 02:15:01 +0530,475362,28.6,26.1,64.46,27.91
2021-11-05 02:15:31 +0530,475363,32.5,29.7,64.4,27.91
2021-11-05 02:16:01 +0530,475364,34.2,31.2,64.37,27.93
2021-11-05 02:16:31 +0530,475365,33.9,30.8,64.34,27.94
2021-11-05 02:17:01 +0530,475366,34.3,31.4,64.34,27.94
2021-11-05 02:17:31 +0530,475367,35.1,31.9,64.4,27.96
2021-11-05 02:18:01 +0530,475368,35.0,32.0,64.37,27.96
2021-11-05 02:18:31 +0530,475369,30.3,27.6,64.52,27.96
2021-11-05 02:19:01 +0530,475370,31.2,28.2,64.55,27.94
2021-11-05 02:19:31 +0530,475371,35.8,32.6,64.46,27.95
2021-11-05 02:20:01 +0530,475372,36.0,32.8,64.43,27.96
2021-11-05 02:20:31 +0530,475373,36.5,33.3,64.43,27.97
2021-11-05 02:21:01 +0530,475374,36.0,32.8,64.47,27.97
2021-11-05 02:21:31 +0530,475375,36.7,33.4,64.43,27.98
2021-11-05 02:22:01 +0530,475376,36.1,32.9,64.4,27.98
2021-11-05 02:22:31 +0530,475377,35.3,32.3,64.37,27.99
2021-11-05 02:23:31 +0530,475378,34.0,31.0,64.57,27.93
2021-11-05 02:24:01 +0530,475379,32.6,29.3,64.66,27.91
2021-11-05 02:24:31 +0530,475380,35.5,32.5,64.52,27.94
2021-11-05 02:25:01 +0530,475381,36.2,33.2,64.46,27.96
2021-11-05 02:25:31 +0530,475382,35.5,32.4,64.43,27.98
2021-11-05 02:26:01 +0530,475383,32.2,29.2,64.52,27.97
2021-11-05 02:26:31 +0530,475384,34.0,31.2,64.37,27.98
2021-11-05 02:27:01 +0530,475385,29.2,26.8,64.5,27.97
2021-11-05 02:27:31 +0530,475386,30.1,27.5,64.5,27.97
2021-11-05 02:28:01 +0530,475387,32.4,29.4,65.13,27.82
2021-11-05 02:28:31 +0530,475388,31.5,28.6,64.95,27.83
2021-11-05 02:29:01 +0530,475389,35.8,32.6,64.69,27.87
2021-11-05 02:29:31 +0530,475390,36.7,33.4,64.6,27.9
2021-11-05 02:30:01 +0530,475391,46.0,35.8,64.49,27.94
2021-11-05 02:30:31 +0530,475392,36.3,33.0,64.46,27.95
2021-11-05 02:31:01 +0530,475393,31.7,28.1,64.43,27.94
2021-11-05 02:31:31 +0530,475394,32.8,29.9,64.6,27.94
2021-11-05 02:32:01 +0530,475395,37.2,34.0,64.5,27.96
2021-11-05 02:32:31 +0530,475396,38.6,35.2,64.43,27.98
2021-11-05 02:33:01 +0530,475397,38.1,34.4,64.4,27.99
2021-11-05 02:33:31 +0530,475398,37.0,33.7,64.4,27.99
2021-11-05 02:34:01 +0530,475399,38.1,34.6,64.34,28.0
2021-11-05 02:34:31 +0530,475400,37.7,34.3,64.34,28.01
2021-11-05 02:35:01 +0530,475401,36.2,33.1,64.34,28.02
2021-11-05 02:35:31 +0530,475402,38.3,34.8,64.34,28.02
2021-11-05 02:36:01 +0530,475403,38.8,35.2,64.34,28.02
2021-11-05 02:36:31 +0530,475404,39.5,35.7,64.34,28.03
2021-11-05 02:37:01 +0530,475405,38.6,35.1,64.34,28.03
2021-11-05 02:37:31 +0530,475406,39.0,35.6,64.37,28.04
2021-11-05 02:38:01 +0530,475407,37.4,34.2,64.34,28.04
2021-11-05 02:38:31 +0530,475408,38.6,35.1,64.37,28.03
2021-11-05 02:39:01 +0530,475409,38.0,34.8,64.43,28.04
2021-11-05 02:39:31 +0530,475410,38.8,35.4,64.43,28.04
2021-11-05 02:40:01 +0530,475411,38.6,35.3,64.47,28.05
2021-11-05 02:40:31 +0530,475412,37.4,34.2,64.43,28.06
2021-11-05 02:41:01 +0530,475413,37.1,33.8,64.47,28.06
2021-11-05 02:41:31 +0530,475414,39.1,35.1,64.4,28.09
2021-11-05 02:42:01 +0530,475415,31.8,29.0,64.58,28.06
2021-11-05 02:42:31 +0530,475416,38.2,34.5,64.47,28.08
2021-11-05 02:43:01 +0530,475417,36.9,33.6,64.4,28.1
2021-11-05 02:43:31 +0530,475418,36.3,33.1,64.41,28.11
2021-11-05 02:44:01 +0530,475419,36.9,33.6,64.35,28.13
2021-11-05 02:44:31 +0530,475420,36.7,32.8,64.29,28.14
2021-11-05 02:45:01 +0530,475421,36.0,32.7,64.24,28.16
2021-11-05 02:45:31 +0530,475422,35.8,32.7,64.18,28.17
2021-11-05 02:46:01 +0530,475423,35.9,32.9,64.14,28.18
2021-11-05 02:46:31 +0530,475424,35.1,32.2,64.11,28.2
2021-11-05 02:47:01 +0530,475425,35.9,32.8,64.05,28.23
2021-11-05 02:47:31 +0530,475426,34.4,31.4,64.0,28.24
2021-11-05 02:48:01 +0530,475427,34.2,31.4,63.97,28.26
2021-11-05 02:48:31 +0530,475428,36.6,33.2,63.94,28.26
2021-11-05 02:49:01 +0530,475429,36.4,33.0,63.94,28.27
2021-11-05 02:49:31 +0530,475430,36.6,33.3,63.94,28.28
2021-11-05 02:50:01 +0530,475431,36.0,32.7,63.94,28.28
2021-11-05 02:50:31 +0530,475432,36.5,33.2,63.91,28.28
2021-11-05 02:51:01 +0530,475433,36.3,32.9,63.94,28.28
2021-11-05 02:51:31 +0530,475434,35.8,32.6,63.94,28.28
2021-11-05 02:52:01 +0530,475435,36.4,32.9,63.92,28.28
2021-11-05 02:52:31 +0530,475436,37.7,34.3,63.94,28.28
2021-11-05 02:53:01 +0530,475437,36.5,33.2,64.0,28.28
2021-11-05 02:53:31 +0530,475438,37.0,33.6,64.0,28.28
2021-11-05 02:54:01 +0530,475439,41.7,37.9,64.0,28.28
2021-11-05 02:54:31 +0530,475440,37.7,34.4,64.03,28.28
2021-11-05 02:55:01 +0530,475441,38.2,34.6,64.03,28.28
2021-11-05 02:55:31 +0530,475442,40.2,36.6,64.0,28.28
2021-11-05 02:56:01 +0530,475443,38.1,34.6,64.03,28.28
2021-11-05 02:56:31 +0530,475444,38.7,35.2,64.03,28.29
2021-11-05 02:57:01 +0530,475445,37.9,34.4,64.0,28.3
2021-11-05 02:57:31 +0530,475446,37.4,33.8,64.0,28.31
2021-11-05 02:58:01 +0530,475447,34.4,31.4,63.94,28.31
2021-11-05 02:58:31 +0530,475448,33.4,30.3,63.85,28.33
2021-11-05 02:59:01 +0530,475449,28.5,26.0,63.79,28.29
2021-11-05 02:59:31 +0530,475450,32.0,29.2,63.62,28.3
2021-11-05 03:00:01 +0530,475451,32.5,29.7,63.5,28.3
2021-11-05 03:00:31 +0530,475452,31.1,28.3,63.27,28.31
2021-11-05 03:01:01 +0530,475453,30.0,27.0,63.27,28.31
2021-11-05 03:01:31 +0530,475454,30.2,27.4,63.27,28.3
2021-11-05 03:02:01 +0530,475455,26.8,24.4,63.53,28.28
2021-11-05 03:02:31 +0530,475456,30.0,27.3,63.35,28.28
2021-11-05 03:03:01 +0530,475457,30.8,27.8,63.3,28.28
2021-11-05 03:03:31 +0530,475458,31.2,28.1,63.27,28.28
2021-11-05 03:04:01 +0530,475459,28.8,26.3,63.21,28.28
2021-11-05 03:04:31 +0530,475460,29.4,26.6,63.24,28.28
2021-11-05 03:05:01 +0530,475461,30.6,27.6,63.27,28.28
2021-11-05 03:05:31 +0530,475462,30.5,27.8,63.3,28.28
2021-11-05 03:06:01 +0530,475463,27.6,24.7,63.41,28.28
2021-11-05 03:06:31 +0530,475464,28.8,26.3,63.24,28.28
2021-11-05 03:07:01 +0530,475465,28.3,25.7,63.12,28.28
2021-11-05 03:07:31 +0530,475466,27.5,25.1,63.06,28.29
2021-11-05 03:08:01 +0530,475467,27.8,25.5,63.06,28.28
2021-11-05 03:08:31 +0530,475468,26.9,24.7,63.04,28.29
2021-11-05 03:09:01 +0530,475469,27.6,25.2,62.98,28.3
2021-11-05 03:09:31 +0530,475470,26.5,24.4,62.92,28.3
2021-11-05 03:10:01 +0530,475471,27.1,24.9,62.89,28.31
2021-11-05 03:10:31 +0530,475472,25.7,23.6,62.77,28.3
2021-11-05 03:11:01 +0530,475473,25.4,23.2,62.77,28.3
2021-11-05 03:11:31 +0530,475474,25.5,23.4,62.74,28.3
2021-11-05 03:12:01 +0530,475475,26.6,24.3,62.83,28.29
2021-11-05 03:12:31 +0530,475476,27.4,24.8,62.95,28.29
2021-11-05 03:13:01 +0530,475477,26.6,24.2,62.98,28.28
2021-11-05 03:13:31 +0530,475478,26.1,23.7,62.95,28.28
2021-11-05 03:14:01 +0530,475479,26.1,23.7,62.95,28.28
2021-11-05 03:14:31 +0530,475480,28.1,22.1,63.35,28.17
2021-11-05 03:15:01 +0530,475481,32.6,24.4,63.21,28.19
2021-11-05 03:15:31 +0530,475482,27.5,24.7,63.24,28.2
2021-11-05 03:16:01 +0530,475483,27.1,24.4,63.21,28.23
2021-11-05 03:16:31 +0530,475484,26.6,24.3,63.15,28.25
2021-11-05 03:17:01 +0530,475485,27.0,24.7,63.01,28.26
2021-11-05 03:17:31 +0530,475486,26.6,23.9,62.95,28.28
2021-11-05 03:18:01 +0530,475487,26.2,23.6,62.89,28.28
2021-11-05 03:18:31 +0530,475488,26.1,23.6,62.83,28.28
2021-11-05 03:19:01 +0530,475489,25.8,23.5,62.83,28.28
2021-11-05 03:19:31 +0530,475490,24.6,22.6,62.77,28.28
2021-11-05 03:20:01 +0530,475491,24.4,22.4,62.68,28.28
2021-11-05 03:20:31 +0530,475492,25.2,23.1,62.68,28.29
2021-11-05 03:21:01 +0530,475493,24.4,22.3,62.68,28.28
2021-11-05 03:21:31 +0530,475494,24.9,22.9,62.69,28.28
2021-11-05 03:22:01 +0530,475495,22.0,20.0,62.8,28.28
2021-11-05 03:22:31 +0530,475496,25.4,23.3,62.74,28.28
2021-11-05 03:23:01 +0530,475497,22.4,20.4,62.86,28.28
2021-11-05 03:23:31 +0530,475498,27.0,24.7,62.77,28.28
2021-11-05 03:24:01 +0530,475499,25.3,23.2,62.74,28.28
2021-11-05 03:24:31 +0530,475500,25.3,23.0,62.74,28.28
2021-11-05 03:25:01 +0530,475501,26.4,24.1,62.74,28.28
2021-11-05 03:25:31 +0530,475502,25.3,23.3,62.74,28.28
2021-11-05 03:26:01 +0530,475503,21.2,19.1,62.89,28.28
2021-11-05 03:26:31 +0530,475504,25.4,23.1,62.8,28.28
2021-11-05 03:27:01 +0530,475505,22.2,20.3,62.98,28.26
2021-11-05 03:27:31 +0530,475506,25.6,23.5,62.89,28.25
2021-11-05 03:28:01 +0530,475507,24.8,22.7,62.89,28.26
2021-11-05 03:28:31 +0530,475508,25.6,23.2,62.95,28.26
2021-11-05 03:29:01 +0530,475509,24.3,22.3,62.89,28.27
2021-11-05 03:29:31 +0530,475510,24.7,22.7,62.86,28.28
2021-11-05 03:30:01 +0530,475511,25.4,23.2,62.86,28.26
2021-11-05 03:30:31 +0530,475512,24.6,22.2,62.89,28.25
2021-11-05 03:31:01 +0530,475513,26.8,24.3,62.95,28.24
2021-11-05 03:31:31 +0530,475514,24.9,22.7,62.98,28.24
2021-11-05 03:32:01 +0530,475515,26.2,24.1,63.01,28.24
2021-11-05 03:32:31 +0530,475516,25.2,23.1,63.03,28.23
2021-11-05 03:33:01 +0530,475517,26.1,23.7,63.09,28.23
2021-11-05 03:33:31 +0530,475518,20.3,18.3,63.15,28.18
2021-11-05 03:34:01 +0530,475519,24.6,22.6,63.21,28.21
2021-11-05 03:34:31 +0530,475520,26.1,23.9,63.18,28.23
2021-11-05 03:35:01 +0530,475521,24.7,22.6,63.18,28.23
2021-11-05 03:35:31 +0530,475522,26.6,24.1,63.18,28.23
2021-11-05 03:36:01 +0530,475523,25.5,23.3,63.15,28.23
2021-11-05 03:36:31 +0530,475524,25.6,23.4,63.15,28.24
2021-11-05 03:37:01 +0530,475525,26.0,23.6,63.18,28.24
2021-11-05 03:37:31 +0530,475526,26.4,23.9,63.18,28.24
2021-11-05 03:38:01 +0530,475527,21.6,19.7,63.33,28.23
2021-11-05 03:38:31 +0530,475528,25.9,23.6,63.24,28.23
2021-11-05 03:39:01 +0530,475529,26.3,23.8,63.24,28.23
2021-11-05 03:39:31 +0530,475530,25.7,23.2,63.24,28.21
2021-11-05 03:40:01 +0530,475531,28.2,23.8,63.24,28.23
2021-11-05 03:40:31 +0530,475532,28.4,24.3,63.3,28.23
2021-11-05 03:41:01 +0530,475533,26.6,24.2,63.3,28.23
2021-11-05 03:41:31 +0530,475534,26.2,23.9,63.24,28.23
2021-11-05 03:42:01 +0530,475535,25.6,23.4,63.27,28.23
2021-11-05 03:42:31 +0530,475536,26.6,24.3,63.24,28.23
2021-11-05 03:43:01 +0530,475537,25.8,23.5,63.27,28.23
2021-11-05 03:43:31 +0530,475538,26.8,24.4,63.3,28.21
2021-11-05 03:44:01 +0530,475539,26.8,24.1,63.33,28.23
2021-11-05 03:44:31 +0530,475540,21.1,19.4,63.53,28.2
2021-11-05 03:45:01 +0530,475541,25.9,23.8,63.27,28.2
2021-11-05 03:45:31 +0530,475542,25.6,23.4,63.24,28.21
2021-11-05 03:46:01 +0530,475543,25.8,23.6,63.24,28.21
2021-11-05 03:46:31 +0530,475544,26.8,24.4,63.3,28.2
2021-11-05 03:47:01 +0530,475545,27.2,24.6,63.3,28.21
2021-11-05 03:47:31 +0530,475546,22.2,20.1,63.53,28.19
2021-11-05 03:48:01 +0530,475547,26.6,24.1,63.41,28.2
2021-11-05 03:48:31 +0530,475548,24.0,18.8,63.53,28.19
2021-11-05 03:49:01 +0530,475549,23.0,20.8,63.56,28.17
2021-11-05 03:49:31 +0530,475550,25.3,23.2,63.44,28.19
2021-11-05 03:50:01 +0530,475551,26.1,23.8,63.47,28.19
2021-11-05 03:50:31 +0530,475552,26.5,24.3,63.47,28.21
2021-11-05 03:51:01 +0530,475553,27.0,24.3,63.44,28.21
2021-11-05 03:51:31 +0530,475554,22.4,20.1,63.53,28.19
2021-11-05 03:52:01 +0530,475555,33.2,30.1,63.5,28.2
2021-11-05 03:52:31 +0530,475556,35.2,31.9,63.5,28.2
2021-11-05 03:53:01 +0530,475557,22.8,20.7,64.2,28.05
2021-11-05 03:53:31 +0530,475558,26.6,24.3,63.91,28.09
2021-11-05 03:54:01 +0530,475559,26.2,24.0,63.73,28.11
2021-11-05 03:54:31 +0530,475560,20.8,18.8,63.82,28.13
2021-11-05 03:55:01 +0530,475561,26.7,24.4,63.7,28.15
2021-11-05 03:55:31 +0530,475562,26.4,23.9,63.68,28.17
2021-11-05 03:56:01 +0530,475563,28.3,25.8,63.62,28.19
2021-11-05 03:56:31 +0530,475564,27.8,25.3,63.53,28.2
2021-11-05 03:57:01 +0530,475565,38.7,25.8,63.65,28.2
2021-11-05 03:57:31 +0530,475566,29.5,26.5,63.5,28.21
2021-11-05 03:58:01 +0530,475567,28.5,25.7,63.44,28.25
2021-11-05 03:58:31 +0530,475568,29.3,26.3,63.35,28.28
2021-11-05 03:59:01 +0530,475569,28.9,25.9,63.33,28.28
2021-11-05 03:59:31 +0530,475570,27.0,24.4,63.33,28.28
2021-11-05 04:00:01 +0530,475571,22.7,20.4,63.44,28.28
2021-11-05 04:00:31 +0530,475572,23.6,21.6,63.44,28.28
2021-11-05 04:01:01 +0530,475573,27.8,25.4,63.21,28.29
2021-11-05 04:01:31 +0530,475574,27.8,25.4,63.21,28.29
2021-11-05 04:02:01 +0530,475575,24.3,21.9,63.76,28.13
2021-11-05 04:02:31 +0530,475576,39.4,27.4,63.68,28.18
2021-11-05 04:03:01 +0530,475577,28.7,25.8,63.47,28.2
2021-11-05 04:03:31 +0530,475578,29.7,26.1,63.35,28.25
2021-11-05 04:04:01 +0530,475579,28.3,25.7,63.35,28.28
2021-11-05 04:04:31 +0530,475580,28.7,26.1,63.33,28.28
2021-11-05 04:05:01 +0530,475581,28.0,25.3,63.33,28.3
2021-11-05 04:05:31 +0530,475582,28.0,25.3,63.33,28.3
2021-11-05 04:06:01 +0530,475583,24.9,22.4,64.03,28.15
2021-11-05 04:06:31 +0530,475584,27.9,25.3,63.73,28.18
2021-11-05 04:07:01 +0530,475585,28.1,25.7,63.56,28.23
2021-11-05 04:07:31 +0530,475586,27.6,25.2,63.44,28.26
2021-11-05 04:08:01 +0530,475587,27.5,25.1,63.35,28.28
2021-11-05 04:08:31 +0530,475588,28.4,25.8,63.3,28.28
2021-11-05 04:09:01 +0530,475589,29.2,26.5,63.21,28.28
2021-11-05 04:09:31 +0530,475590,28.5,26.1,63.1,28.29
2021-11-05 04:10:01 +0530,475591,29.0,26.4,63.04,28.3
2021-11-05 04:10:31 +0530,475592,27.7,25.3,63.04,28.31
2021-11-05 04:11:01 +0530,475593,28.2,25.6,63.04,28.31
2021-11-05 04:11:31 +0530,475594,28.5,26.0,63.04,28.31
2021-11-05 04:12:01 +0530,475595,24.0,21.4,63.18,28.28
2021-11-05 04:12:31 +0530,475596,28.4,25.7,63.18,28.29
2021-11-05 04:13:01 +0530,475597,27.8,25.2,63.12,28.29
2021-11-05 04:13:31 +0530,475598,28.6,26.2,63.03,28.29
2021-11-05 04:14:01 +0530,475599,30.1,27.3,63.04,28.29
2021-11-05 04:14:31 +0530,475600,29.4,26.7,63.01,28.28
2021-11-05 04:15:01 +0530,475601,29.5,26.9,63.03,28.28
2021-11-05 04:15:31 +0530,475602,28.4,25.9,63.03,28.28
2021-11-05 04:16:01 +0530,475603,28.2,25.8,63.01,28.28
2021-11-05 04:16:31 +0530,475604,26.3,23.9,63.53,28.17
2021-11-05 04:17:01 +0530,475605,28.8,26.3,63.33,28.19
2021-11-05 04:17:31 +0530,475606,29.5,26.9,63.24,28.19
2021-11-05 04:18:01 +0530,475607,28.7,26.3,63.12,28.2
2021-11-05 04:18:31 +0530,475608,30.3,27.6,63.15,28.2
2021-11-05 04:19:01 +0530,475609,29.7,27.2,63.12,28.21
2021-11-05 04:19:31 +0530,475610,30.6,28.0,63.15,28.2
2021-11-05 04:20:01 +0530,475611,29.3,26.9,63.18,28.21
2021-11-05 04:20:31 +0530,475612,30.0,27.2,63.09,28.21
2021-11-05 04:21:01 +0530,475613,29.5,26.8,63.12,28.21
2021-11-05 04:21:31 +0530,475614,30.2,27.7,63.09,28.2
2021-11-05 04:22:01 +0530,475615,29.8,27.3,63.12,28.2
2021-11-05 04:22:31 +0530,475616,29.6,26.9,63.12,28.21
2021-11-05 04:23:01 +0530,475617,30.5,27.9,63.09,28.21
2021-11-05 04:23:31 +0530,475618,29.9,27.4,63.03,28.21
2021-11-05 04:24:01 +0530,475619,25.7,23.4,63.15,28.19
2021-11-05 04:24:31 +0530,475620,29.9,27.2,63.12,28.19
2021-11-05 04:25:01 +0530,475621,29.8,27.1,63.12,28.21
2021-11-05 04:25:31 +0530,475622,26.2,23.9,63.24,28.19
2021-11-05 04:26:01 +0530,475623,30.2,27.4,63.15,28.21
2021-11-05 04:26:31 +0530,475624,30.4,27.9,63.06,28.23
2021-11-05 04:27:01 +0530,475625,30.3,27.7,63.01,28.24
2021-11-05 04:27:31 +0530,475626,30.0,27.2,62.95,28.25
2021-11-05 04:28:01 +0530,475627,30.4,27.7,62.95,28.25
2021-11-05 04:28:31 +0530,475628,31.1,28.2,62.98,28.26
2021-11-05 04:29:01 +0530,475629,31.2,28.2,62.95,28.26
2021-11-05 04:29:31 +0530,475630,29.9,27.3,62.89,28.25
2021-11-05 04:30:01 +0530,475631,26.1,23.3,63.06,28.21
2021-11-05 04:30:31 +0530,475632,30.4,27.7,63.01,28.23
2021-11-05 04:31:01 +0530,475633,30.9,28.1,63.03,28.23
2021-11-05 04:31:31 +0530,475634,31.5,28.7,63.03,28.23
2021-11-05 04:32:01 +0530,475635,28.8,26.2,63.18,28.2
2021-11-05 04:32:31 +0530,475636,31.8,28.9,63.09,28.23
2021-11-05 04:33:01 +0530,475637,32.2,29.4,63.06,28.23
2021-11-05 04:33:31 +0530,475638,31.6,28.7,63.06,28.24
2021-11-05 04:34:01 +0530,475639,31.4,28.6,62.98,28.26
2021-11-05 04:34:31 +0530,475640,29.3,26.6,63.12,28.24
2021-11-05 04:35:01 +0530,475641,32.7,29.7,63.03,28.24
2021-11-05 04:35:31 +0530,475642,33.7,30.7,63.03,28.25
2021-11-05 04:36:01 +0530,475643,29.1,26.5,63.15,28.24
2021-11-05 04:36:31 +0530,475644,33.2,30.3,63.03,28.25
2021-11-05 04:37:01 +0530,475645,33.7,30.8,62.98,28.27
2021-11-05 04:37:31 +0530,475646,35.0,31.7,62.95,28.28
2021-11-05 04:38:01 +0530,475647,32.6,29.2,63.09,28.26
2021-11-05 04:38:31 +0530,475648,32.9,29.8,62.98,28.28
2021-11-05 04:39:01 +0530,475649,31.5,28.7,62.86,28.28
2021-11-05 04:39:31 +0530,475650,31.7,28.9,62.86,28.28
2021-11-05 04:40:01 +0530,475651,32.6,29.8,62.86,28.29
2021-11-05 04:40:31 +0530,475652,32.2,29.4,62.83,28.29
2021-11-05 04:41:01 +0530,475653,35.0,31.9,62.83,28.29
2021-11-05 04:41:31 +0530,475654,32.6,29.8,62.83,28.29
2021-11-05 04:42:01 +0530,475655,31.5,28.8,62.89,28.28
2021-11-05 04:42:31 +0530,475656,30.9,28.2,62.86,28.28
2021-11-05 04:43:01 +0530,475657,31.5,28.7,62.86,28.28
2021-11-05 04:43:31 +0530,475658,26.8,24.5,63.03,28.25
2021-11-05 04:44:01 +0530,475659,33.8,30.7,63.01,28.26
2021-11-05 04:44:31 +0530,475660,33.3,30.4,63.01,28.25
2021-11-05 04:45:01 +0530,475661,32.1,29.2,62.98,28.26
2021-11-05 04:45:31 +0530,475662,32.4,29.6,62.98,28.25
2021-11-05 04:46:01 +0530,475663,32.5,29.4,63.01,28.25
2021-11-05 04:46:31 +0530,475664,32.8,29.8,63.01,28.24
2021-11-05 04:47:01 +0530,475665,32.8,29.9,63.01,28.24
2021-11-05 04:47:31 +0530,475666,33.3,30.6,63.01,28.24
2021-11-05 04:48:01 +0530,475667,35.1,32.0,63.06,28.23
2021-11-05 04:48:31 +0530,475668,32.8,29.8,63.06,28.23
2021-11-05 04:49:01 +0530,475669,33.3,30.2,63.06,28.23
2021-11-05 04:49:31 +0530,475670,33.2,30.3,63.06,28.21
2021-11-05 04:50:01 +0530,475671,31.9,29.1,63.06,28.23
2021-11-05 04:50:31 +0530,475672,28.3,25.8,63.18,28.2
2021-11-05 04:51:01 +0530,475673,34.6,31.2,63.15,28.18
2021-11-05 04:51:31 +0530,475674,34.4,31.2,63.18,28.18
2021-11-05 04:52:01 +0530,475675,31.7,29.0,63.21,28.18
2021-11-05 04:52:31 +0530,475676,31.1,28.6,63.24,28.17
2021-11-05 04:53:01 +0530,475677,34.8,31.6,63.3,28.17
2021-11-05 04:53:31 +0530,475678,29.0,26.2,63.47,28.15
2021-11-05 04:54:00 +0530,475679,33.4,30.5,63.3,28.18
2021-11-05 04:54:30 +0530,475680,33.9,30.8,63.41,28.15
2021-11-05 04:55:00 +0530,475681,34.9,31.8,63.3,28.16
2021-11-05 04:55:30 +0530,475682,33.9,30.9,63.21,28.17
2021-11-05 04:56:00 +0530,475683,33.0,30.1,63.06,28.19
2021-11-05 04:56:30 +0530,475684,32.0,29.3,63.01,28.19
2021-11-05 04:57:00 +0530,475685,35.2,31.8,63.01,28.19
2021-11-05 04:57:30 +0530,475686,35.6,32.4,63.03,28.19
2021-11-05 04:58:00 +0530,475687,33.7,30.9,63.06,28.2
2021-11-05 04:58:30 +0530,475688,34.4,31.3,63.01,28.2
2021-11-05 04:59:00 +0530,475689,33.4,30.2,62.98,28.2
2021-11-05 04:59:30 +0530,475690,29.9,27.2,63.09,28.18
2021-11-05 05:00:00 +0530,475691,36.2,32.9,63.01,28.19
2021-11-05 05:00:30 +0530,475692,34.9,31.8,62.98,28.2
2021-11-05 05:01:00 +0530,475693,34.3,31.1,62.95,28.2
2021-11-05 05:01:30 +0530,475694,32.5,29.7,62.86,28.2
2021-11-05 05:02:00 +0530,475695,33.2,30.0,63.03,28.18
2021-11-05 05:02:30 +0530,475696,35.3,32.2,62.98,28.18
2021-11-05 05:03:00 +0530,475697,30.5,27.8,63.12,28.16
2021-11-05 05:03:30 +0530,475698,36.1,32.8,63.06,28.17
2021-11-05 05:04:00 +0530,475699,35.8,32.7,63.01,28.17
2021-11-05 05:04:30 +0530,475700,35.4,32.1,63.01,28.17
2021-11-05 05:05:00 +0530,475701,31.6,28.6,63.15,28.15
2021-11-05 05:05:30 +0530,475702,33.8,30.7,63.06,28.16
2021-11-05 05:06:00 +0530,475703,34.1,31.1,63.01,28.16
2021-11-05 05:06:30 +0530,475704,33.9,30.9,62.98,28.16
2021-11-05 05:07:00 +0530,475705,32.5,29.7,62.89,28.15
2021-11-05 05:07:30 +0530,475706,34.1,31.3,62.95,28.13
2021-11-05 05:08:00 +0530,475707,33.6,30.6,62.98,28.13
2021-11-05 05:08:30 +0530,475708,33.0,30.2,62.95,28.12
2021-11-05 05:09:00 +0530,475709,34.7,31.6,62.98,28.11
2021-11-05 05:09:30 +0530,475710,28.4,25.8,63.11,28.08
2021-11-05 05:10:00 +0530,475711,33.7,30.8,63.06,28.06
2021-11-05 05:10:30 +0530,475712,33.9,30.9,63.11,28.06
2021-11-05 05:11:00 +0530,475713,30.0,27.3,63.32,28.04
2021-11-05 05:11:30 +0530,475714,27.3,24.8,63.41,28.02
2021-11-05 05:12:00 +0530,475715,33.8,30.7,63.29,28.02
2021-11-05 05:12:30 +0530,475716,33.6,30.5,63.27,28.03
2021-11-05 05:13:00 +0530,475717,34.1,30.9,63.27,28.04
2021-11-05 05:13:30 +0530,475718,34.5,31.2,63.24,28.04
2021-11-05 05:14:00 +0530,475719,33.3,30.3,63.27,28.05
2021-11-05 05:14:30 +0530,475720,30.6,27.5,63.47,28.03
2021-11-05 05:15:00 +0530,475721,35.6,32.4,63.41,28.03
2021-11-05 05:15:30 +0530,475722,34.9,31.4,63.38,28.03
2021-11-05 05:16:00 +0530,475723,33.4,30.1,63.44,28.01
2021-11-05 05:16:30 +0530,475724,36.7,33.3,63.41,28.03
2021-11-05 05:17:00 +0530,475725,30.6,28.0,63.5,28.02
2021-11-05 05:17:30 +0530,475726,34.4,31.4,63.38,28.03
2021-11-05 05:18:00 +0530,475727,28.1,25.7,63.47,28.02
2021-11-05 05:18:30 +0530,475728,34.6,31.3,63.32,28.03
2021-11-05 05:19:00 +0530,475729,35.8,32.7,63.32,28.04
2021-11-05 05:19:30 +0530,475730,34.6,31.7,63.32,28.04
2021-11-05 05:20:00 +0530,475731,34.5,31.4,63.27,28.04
2021-11-05 05:20:30 +0530,475732,33.2,30.4,63.27,28.05
2021-11-05 05:21:00 +0530,475733,33.1,30.0,63.21,28.06
2021-11-05 05:21:30 +0530,475734,31.1,28.2,63.41,28.03
2021-11-05 05:22:00 +0530,475735,32.5,26.3,63.47,28.02
2021-11-05 05:22:30 +0530,475736,29.5,26.8,63.56,28.0
2021-11-05 05:23:00 +0530,475737,28.7,26.1,63.59,27.98
2021-11-05 05:23:30 +0530,475738,34.2,31.2,63.47,28.0
2021-11-05 05:24:00 +0530,475739,35.1,31.7,63.44,28.02
2021-11-05 05:24:30 +0530,475740,34.0,30.8,63.41,28.04
2021-11-05 05:25:00 +0530,475741,33.9,30.7,63.32,28.05
2021-11-05 05:25:30 +0530,475742,36.1,31.6,63.32,28.06
2021-11-05 05:26:00 +0530,475743,33.3,30.2,63.24,28.05
2021-11-05 05:26:30 +0530,475744,28.8,25.9,63.32,28.04
2021-11-05 05:27:00 +0530,475745,33.4,30.4,63.27,28.03
2021-11-05 05:27:30 +0530,475746,32.8,29.9,63.27,28.03
2021-11-05 05:28:00 +0530,475747,33.1,30.2,63.29,28.02
2021-11-05 05:28:30 +0530,475748,34.3,31.1,63.38,28.02
2021-11-05 05:29:00 +0530,475749,34.1,30.9,63.38,28.01
2021-11-05 05:29:30 +0530,475750,34.4,31.1,63.32,28.0
2021-11-05 05:30:00 +0530,475751,29.7,26.9,63.53,27.98
2021-11-05 05:30:30 +0530,475752,34.6,31.5,63.44,27.98
2021-11-05 05:31:00 +0530,475753,34.3,31.0,63.41,27.98
2021-11-05 05:31:30 +0530,475754,30.7,27.9,63.55,27.94
2021-11-05 05:32:00 +0530,475755,35.0,31.6,63.5,27.94
2021-11-05 05:32:30 +0530,475756,34.3,30.9,63.47,27.95
2021-11-05 05:33:00 +0530,475757,31.7,28.7,63.61,27.91
2021-11-05 05:33:30 +0530,475758,34.8,31.4,63.5,27.91
2021-11-05 05:34:00 +0530,475759,34.4,31.3,63.44,27.93
2021-11-05 05:34:30 +0530,475760,34.2,30.9,63.37,27.91
2021-11-05 05:35:00 +0530,475761,34.9,31.8,63.37,27.93
2021-11-05 05:35:30 +0530,475762,32.2,26.1,63.53,27.89
2021-11-05 05:36:00 +0530,475763,34.0,30.9,63.44,27.89
2021-11-05 05:36:30 +0530,475764,34.2,30.9,63.44,27.89
2021-11-05 05:37:00 +0530,475765,35.7,32.2,63.47,27.9
2021-11-05 05:37:30 +0530,475766,30.5,26.9,63.67,27.88
2021-11-05 05:38:00 +0530,475767,34.0,30.8,63.61,27.89
2021-11-05 05:38:30 +0530,475768,36.5,32.9,63.58,27.91
2021-11-05 05:39:00 +0530,475769,36.2,32.7,63.5,27.94
2021-11-05 05:39:30 +0530,475770,35.1,31.4,63.47,27.96
2021-11-05 05:40:00 +0530,475771,27.3,24.7,63.5,27.94
2021-11-05 05:40:30 +0530,475772,28.5,26.1,63.5,27.93
2021-11-05 05:41:00 +0530,475773,34.7,31.4,63.37,27.94
2021-11-05 05:41:30 +0530,475774,34.2,31.1,63.35,27.95
2021-11-05 05:42:00 +0530,475775,35.2,31.9,63.38,27.96
2021-11-05 05:42:30 +0530,475776,34.4,31.2,63.29,27.96
2021-11-05 05:43:00 +0530,475777,35.4,32.1,63.21,27.97
2021-11-05 05:43:30 +0530,475778,35.0,31.7,63.18,27.98
2021-11-05 05:44:00 +0530,475779,34.2,30.8,63.24,27.98
2021-11-05 05:44:30 +0530,475780,36.3,32.8,63.21,27.99
2021-11-05 05:45:00 +0530,475781,30.2,27.3,63.38,27.97
2021-11-05 05:45:30 +0530,475782,35.2,31.8,63.21,27.97
2021-11-05 05:46:00 +0530,475783,52.1,32.3,63.21,27.98
2021-11-05 05:46:30 +0530,475784,34.2,30.7,63.21,27.98
2021-11-05 05:47:00 +0530,475785,35.2,31.8,63.24,27.99
2021-11-05 05:47:30 +0530,475786,56.1,34.4,63.18,27.99
2021-11-05 05:48:00 +0530,475787,34.2,27.6,63.27,27.97
2021-11-05 05:48:30 +0530,475788,62.2,34.6,63.21,27.98
2021-11-05 05:49:00 +0530,475789,50.4,35.2,63.11,27.98
2021-11-05 05:49:30 +0530,475790,185.2,51.4,63.18,27.98
2021-11-05 05:50:00 +0530,475791,199.2,54.1,63.09,27.99
2021-11-05 05:50:30 +0530,475792,96.8,37.6,63.03,27.99
2021-11-05 05:51:00 +0530,475793,41.4,32.2,62.86,27.99
2021-11-05 05:51:30 +0530,475794,34.3,30.9,62.82,28.0
2021-11-05 05:52:00 +0530,475795,31.8,28.4,63.0,27.98
2021-11-05 05:52:30 +0530,475796,31.8,28.4,63.0,27.98
2021-11-05 05:53:00 +0530,475797,79.2,33.6,63.67,27.83
2021-11-05 05:53:30 +0530,475798,73.5,33.6,63.67,27.83
2021-11-05 05:54:00 +0530,475799,29.0,26.4,63.91,27.75
2021-11-05 05:54:30 +0530,475800,44.3,28.7,63.53,27.79
2021-11-05 05:55:00 +0530,475801,53.0,33.4,63.44,27.82
2021-11-05 05:55:30 +0530,475802,42.3,32.7,63.29,27.86
2021-11-05 05:56:00 +0530,475803,89.7,38.3,63.23,27.88
2021-11-05 05:56:30 +0530,475804,55.7,33.8,63.15,27.91
2021-11-05 05:57:00 +0530,475805,31.1,27.7,63.23,27.89
2021-11-05 05:57:30 +0530,475806,64.4,29.3,63.37,27.89
2021-11-05 05:58:00 +0530,475807,32.7,26.7,63.44,27.89
2021-11-05 05:58:30 +0530,475808,70.7,36.7,63.18,27.9
2021-11-05 05:59:00 +0530,475809,81.3,37.1,63.11,27.93
2021-11-05 05:59:30 +0530,475810,87.9,37.1,63.11,27.94
2021-11-05 06:00:00 +0530,475811,56.4,33.6,63.06,27.95
2021-11-05 06:00:30 +0530,475812,49.2,28.7,63.15,27.93
2021-11-05 06:01:00 +0530,475813,28.1,25.4,63.23,27.9
2021-11-05 06:01:30 +0530,475814,42.7,33.0,63.15,27.9
2021-11-05 06:02:00 +0530,475815,31.1,26.7,63.29,27.88
2021-11-05 06:02:30 +0530,475816,34.9,31.1,63.11,27.89
2021-11-05 06:03:00 +0530,475817,44.3,33.3,63.11,27.89
2021-11-05 06:03:30 +0530,475818,62.7,34.7,63.08,27.9
2021-11-05 06:04:00 +0530,475819,43.8,32.8,63.11,27.9
2021-11-05 06:04:30 +0530,475820,54.3,34.9,63.11,27.91
2021-11-05 06:05:00 +0530,475821,59.4,35.2,63.11,27.91
2021-11-05 06:05:30 +0530,475822,37.4,33.6,63.08,27.93
2021-11-05 06:06:00 +0530,475823,36.2,32.4,63.05,27.93
2021-11-05 06:06:30 +0530,475824,35.2,31.8,63.03,27.94
2021-11-05 06:07:00 +0530,475825,36.6,33.2,63.03,27.94
2021-11-05 06:07:30 +0530,475826,36.0,32.6,63.05,27.94
2021-11-05 06:08:00 +0530,475827,35.6,32.2,63.05,27.94
2021-11-05 06:08:30 +0530,475828,35.1,31.9,63.09,27.95
2021-11-05 06:09:00 +0530,475829,34.4,31.2,63.03,27.95
2021-11-05 06:09:30 +0530,475830,35.3,32.0,63.0,27.96
2021-11-05 06:10:00 +0530,475831,37.3,32.9,63.0,27.96
2021-11-05 06:10:30 +0530,475832,36.0,32.4,62.94,27.96
2021-11-05 06:11:00 +0530,475833,29.6,26.8,63.0,27.95
2021-11-05 06:11:30 +0530,475834,33.9,30.9,62.88,27.95
2021-11-05 06:12:00 +0530,475835,38.2,32.6,62.79,27.95
2021-11-05 06:12:30 +0530,475836,37.4,28.3,63.05,27.94
2021-11-05 06:13:00 +0530,475837,34.6,31.3,62.94,27.95
2021-11-05 06:13:30 +0530,475838,34.5,31.3,62.82,27.95
2021-11-05 06:14:00 +0530,475839,34.9,31.2,62.82,27.96
2021-11-05 06:14:30 +0530,475840,36.2,32.7,62.82,27.96
2021-11-05 06:15:00 +0530,475841,35.4,31.8,62.86,27.97
2021-11-05 06:15:30 +0530,475842,34.5,30.7,62.79,27.98
2021-11-05 06:16:00 +0530,475843,28.9,25.9,62.94,27.94
2021-11-05 06:16:30 +0530,475844,29.0,26.2,62.94,27.94
2021-11-05 06:17:00 +0530,475845,30.5,27.5,63.29,27.85
2021-11-05 06:17:30 +0530,475846,34.0,30.6,63.11,27.87
2021-11-05 06:18:00 +0530,475847,28.9,26.2,63.15,27.87
2021-11-05 06:18:30 +0530,475848,32.8,29.5,63.0,27.88
2021-11-05 06:19:00 +0530,475849,34.2,30.8,62.97,27.9
2021-11-05 06:19:30 +0530,475850,33.1,30.1,62.94,27.91
2021-11-05 06:20:00 +0530,475851,33.4,30.4,62.91,27.91
2021-11-05 06:20:30 +0530,475852,35.0,31.2,62.91,27.93
2021-11-05 06:21:00 +0530,475853,26.3,23.9,63.05,27.91
2021-11-05 06:21:30 +0530,475854,34.3,30.7,62.97,27.91
2021-11-05 06:22:00 +0530,475855,35.2,31.6,62.94,27.93
2021-11-05 06:22:30 +0530,475856,35.3,31.6,62.82,27.94
2021-11-05 06:23:00 +0530,475857,30.8,27.8,62.97,27.93
2021-11-05 06:23:30 +0530,475858,34.7,31.1,62.79,27.93
2021-11-05 06:24:00 +0530,475859,32.7,29.7,62.76,27.94
2021-11-05 06:24:30 +0530,475860,38.6,31.6,62.76,27.95
2021-11-05 06:25:00 +0530,475861,33.7,26.4,62.91,27.91
2021-11-05 06:25:30 +0530,475862,33.3,30.3,62.88,27.91
2021-11-05 06:26:00 +0530,475863,35.7,30.8,62.91,27.91
2021-11-05 06:26:30 +0530,475864,34.4,30.7,62.94,27.91
2021-11-05 06:27:00 +0530,475865,35.2,28.2,63.0,27.88
2021-11-05 06:27:30 +0530,475866,28.5,25.6,63.2,27.88
2021-11-05 06:28:00 +0530,475867,34.6,31.1,63.15,27.89
2021-11-05 06:28:30 +0530,475868,39.1,31.6,63.11,27.9
2021-11-05 06:29:00 +0530,475869,35.2,31.1,63.03,27.91
2021-11-05 06:29:30 +0530,475870,37.6,28.9,63.18,27.9
2021-11-05 06:30:00 +0530,475871,35.6,31.8,63.11,27.91
2021-11-05 06:30:30 +0530,475872,34.6,30.8,63.11,27.93
2021-11-05 06:31:00 +0530,475873,32.2,28.8,62.97,27.94
2021-11-05 06:31:30 +0530,475874,32.8,29.8,62.94,27.94
2021-11-05 06:32:00 +0530,475875,33.8,30.3,62.91,27.94
2021-11-05 06:32:30 +0530,475876,36.5,32.9,63.0,27.95
2021-11-05 06:33:00 +0530,475877,35.9,32.3,63.0,27.95
2021-11-05 06:33:30 +0530,475878,57.6,51.5,63.0,27.96
2021-11-05 06:34:00 +0530,475879,48.4,43.7,62.97,27.96
2021-11-05 06:34:30 +0530,475880,41.4,37.3,62.92,27.96
2021-11-05 06:35:00 +0530,475881,44.2,37.7,63.03,27.97
2021-11-05 06:35:30 +0530,475882,35.9,32.2,62.94,27.96
2021-11-05 06:36:00 +0530,475883,40.6,33.8,62.92,27.98
2021-11-05 06:36:30 +0530,475884,36.2,32.4,62.92,27.99
2021-11-05 06:37:00 +0530,475885,36.2,29.8,63.06,27.97
2021-11-05 06:37:30 +0530,475886,34.6,29.7,63.11,27.95
2021-11-05 06:38:00 +0530,475887,36.6,32.7,63.06,27.98
2021-11-05 06:38:30 +0530,475888,36.1,32.3,63.06,27.98
2021-11-05 06:39:00 +0530,475889,30.2,27.1,63.61,27.83
2021-11-05 06:39:30 +0530,475890,36.2,31.2,63.26,27.88
2021-11-05 06:40:00 +0530,475891,34.1,30.7,63.05,27.94
2021-11-05 06:40:30 +0530,475892,35.1,27.1,63.15,27.95
2021-11-05 06:41:00 +0530,475893,33.3,29.9,63.0,27.98
2021-11-05 06:41:30 +0530,475894,37.0,30.7,62.79,28.0
2021-11-05 06:42:00 +0530,475895,33.9,30.8,62.71,28.02
2021-11-05 06:42:30 +0530,475896,32.8,29.3,62.65,28.04
2021-11-05 06:43:00 +0530,475897,43.3,31.8,62.65,28.04
2021-11-05 06:43:30 +0530,475898,33.9,30.2,62.6,28.06
2021-11-05 06:44:00 +0530,475899,31.3,28.5,62.47,28.08
2021-11-05 06:44:30 +0530,475900,33.3,29.9,62.47,28.1
2021-11-05 06:45:00 +0530,475901,33.2,26.1,62.62,28.09
2021-11-05 06:45:30 +0530,475902,33.2,30.1,62.5,28.1
2021-11-05 06:46:00 +0530,475903,33.2,29.6,62.5,28.11
2021-11-05 06:46:30 +0530,475904,33.7,30.2,62.57,28.13
2021-11-05 06:47:00 +0530,475905,31.9,28.6,62.28,28.13
2021-11-05 06:47:30 +0530,475906,36.0,30.6,62.28,28.15
2021-11-05 06:48:00 +0530,475907,32.8,29.7,62.28,28.15
2021-11-05 06:48:30 +0530,475908,33.2,30.2,62.24,28.16
2021-11-05 06:49:00 +0530,475909,32.9,29.6,62.21,28.17
2021-11-05 06:49:30 +0530,475910,36.2,31.2,62.21,28.18
2021-11-05 06:50:00 +0530,475911,36.5,31.1,62.18,28.19
2021-11-05 06:50:30 +0530,475912,34.6,30.8,62.13,28.21
2021-11-05 06:51:00 +0530,475913,33.0,29.8,62.07,28.24
2021-11-05 06:52:00 +0530,475915,30.5,27.4,61.86,28.28
2021-11-05 06:52:30 +0530,475916,31.0,27.8,61.83,28.28
2021-11-05 06:53:00 +0530,475917,34.3,28.6,61.86,28.3
2021-11-05 06:53:30 +0530,475914,48.5,37.1,61.84,28.32
2021-11-05 06:54:00 +0530,475918,49.6,38.6,61.84,28.35
2021-11-05 06:54:30 +0530,475919,35.3,29.6,61.84,28.34
2021-11-05 06:55:00 +0530,475920,37.6,31.6,61.75,28.37
2021-11-05 06:55:30 +0530,475921,33.2,29.6,61.63,28.39
2021-11-05 06:56:00 +0530,475922,36.0,29.1,61.49,28.41
2021-11-05 06:56:30 +0530,475923,27.1,24.5,61.57,28.4
2021-11-05 06:57:00 +0530,475924,30.9,27.8,61.4,28.42
2021-11-05 06:57:30 +0530,475925,29.9,26.8,61.19,28.43
2021-11-05 06:58:00 +0530,475926,31.9,28.4,61.13,28.43
2021-11-05 06:58:30 +0530,475927,31.5,28.3,61.16,28.44
2021-11-05 06:59:00 +0530,475928,29.8,26.9,60.9,28.44
2021-11-05 06:59:30 +0530,475929,30.0,26.9,60.87,28.44
2021-11-05 07:00:00 +0530,475930,29.6,26.7,60.81,28.44
2021-11-05 07:00:30 +0530,475931,28.1,25.4,60.81,28.45
2021-11-05 07:01:00 +0530,475932,30.1,27.2,60.84,28.44
2021-11-05 07:01:30 +0530,475933,28.1,25.6,60.9,28.45
2021-11-05 07:02:00 +0530,475934,24.0,21.6,60.93,28.43
2021-11-05 07:02:30 +0530,475935,362.5,73.4,60.79,28.43
2021-11-05 07:03:00 +0530,475936,67.9,31.8,60.73,28.43
2021-11-05 07:03:30 +0530,475937,25.6,22.9,60.9,28.4
2021-11-05 07:04:00 +0530,475938,28.7,25.8,60.81,28.41
2021-11-05 07:04:30 +0530,475939,26.2,23.6,60.99,28.38
2021-11-05 07:05:00 +0530,475940,30.6,27.3,60.84,28.4
2021-11-05 07:05:30 +0530,475941,29.8,26.8,60.79,28.42
2021-11-05 07:06:00 +0530,475942,50.5,26.4,60.9,28.41
2021-11-05 07:06:30 +0530,475943,71.2,31.7,60.84,28.44
2021-11-05 07:07:00 +0530,475944,29.1,26.1,60.73,28.46
2021-11-05 07:07:30 +0530,475945,24.5,22.1,60.87,28.47
2021-11-05 07:08:00 +0530,475946,28.7,25.7,60.82,28.49
2021-11-05 07:08:30 +0530,475947,29.9,26.6,60.76,28.53
2021-11-05 07:09:00 +0530,475948,36.2,26.6,60.79,28.56
2021-11-05 07:09:30 +0530,475949,23.5,21.0,60.85,28.56
2021-11-05 07:10:00 +0530,475950,25.8,23.0,60.87,28.56
2021-11-05 07:10:30 +0530,475951,28.9,26.0,60.47,28.58
2021-11-05 07:11:00 +0530,475952,32.4,26.8,60.41,28.6
2021-11-05 07:11:30 +0530,475953,30.3,27.0,60.47,28.61
2021-11-05 07:12:00 +0530,475954,28.1,25.2,60.41,28.59
2021-11-05 07:12:30 +0530,475955,33.1,27.2,60.5,28.55
2021-11-05 07:13:00 +0530,475956,43.2,27.2,60.5,28.48
2021-11-05 07:13:30 +0530,475957,23.8,21.7,60.79,28.39
2021-11-05 07:14:00 +0530,475958,28.8,25.8,60.96,28.31
2021-11-05 07:14:30 +0530,475959,28.1,25.4,61.22,28.24
2021-11-05 07:15:00 +0530,475960,38.9,25.6,61.69,28.16
2021-11-05 07:15:30 +0530,475961,37.5,27.8,61.89,28.1
2021-11-05 07:16:00 +0530,475962,30.8,27.3,62.15,28.02
2021-11-05 07:16:30 +0530,475963,29.9,26.9,62.3,27.98
2021-11-05 07:17:00 +0530,475964,29.1,26.4,62.36,27.98
2021-11-05 07:17:30 +0530,475965,34.5,27.9,62.39,28.0
2021-11-05 07:18:00 +0530,475966,31.4,28.1,62.3,28.02
2021-11-05 07:18:30 +0530,475967,33.4,28.2,62.24,28.04
2021-11-05 07:19:00 +0530,475968,35.3,27.9,62.18,28.06
2021-11-05 07:19:30 +0530,475969,29.6,26.6,62.18,28.1
2021-11-05 07:20:00 +0530,475970,30.5,27.3,62.13,28.11
2021-11-05 07:20:30 +0530,475971,30.7,27.7,62.1,28.15
2021-11-05 07:21:00 +0530,475972,26.6,23.8,62.1,28.15
2021-11-05 07:21:30 +0530,475973,27.0,23.6,62.07,28.16
2021-11-05 07:22:00 +0530,475974,24.0,21.8,61.89,28.17
2021-11-05 07:22:30 +0530,475975,28.4,25.5,61.63,28.21
2021-11-05 07:23:00 +0530,475976,28.4,25.7,61.31,28.26
2021-11-05 07:23:30 +0530,475977,30.6,27.3,61.28,28.28
2021-11-05 07:24:00 +0530,475978,93.0,36.2,61.28,28.29
2021-11-05 07:24:30 +0530,475979,34.3,27.8,61.16,28.33
2021-11-05 07:25:00 +0530,475980,30.9,27.3,61.11,28.37
2021-11-05 07:25:30 +0530,475981,27.4,24.8,61.11,28.37
2021-11-05 07:26:00 +0530,475982,29.6,26.8,60.93,28.4
2021-11-05 07:26:30 +0530,475983,31.4,28.1,60.9,28.43
2021-11-05 07:27:00 +0530,475984,30.5,27.4,60.85,28.47
2021-11-05 07:27:31 +0530,475985,30.5,27.4,60.85,28.47
2021-11-05 07:28:00 +0530,475986,33.6,24.8,61.02,28.44
2021-11-05 07:28:30 +0530,475987,31.5,26.6,60.76,28.48
2021-11-05 07:29:00 +0530,475988,24.9,22.3,60.67,28.49
2021-11-05 07:29:30 +0530,475989,24.7,22.1,60.67,28.52
2021-11-05 07:30:00 +0530,475990,26.9,22.8,60.61,28.52
2021-11-05 07:30:30 +0530,475991,29.2,26.0,60.55,28.57
2021-11-05 07:31:00 +0530,475992,28.4,25.7,60.29,28.6
2021-11-05 07:31:30 +0530,475993,29.8,26.6,60.2,28.62
2021-11-05 07:32:00 +0530,475994,26.1,23.2,60.38,28.65
2021-11-05 07:32:30 +0530,475995,28.4,25.5,60.35,28.68
2021-11-05 07:33:00 +0530,475996,43.9,24.7,60.41,28.69
2021-11-05 07:33:30 +0530,475997,36.1,26.4,60.29,28.72
2021-11-05 07:34:00 +0530,475998,38.7,26.8,60.17,28.76
2021-11-05 07:34:30 +0530,475999,41.8,28.4,60.06,28.78
2021-11-05 07:35:00 +0530,476000,37.4,28.1,60.02,28.8
2021-11-05 07:35:30 +0530,476001,51.5,30.2,59.99,28.85
2021-11-05 07:36:00 +0530,476002,31.1,27.9,59.97,28.86
2021-11-05 07:36:30 +0530,476003,26.8,23.9,60.12,28.87
2021-11-05 07:37:00 +0530,476004,33.0,29.5,59.99,28.89
2021-11-05 07:37:30 +0530,476005,31.0,27.7,59.88,28.93
2021-11-05 07:38:00 +0530,476006,37.3,27.3,59.82,28.94
2021-11-05 07:38:30 +0530,476007,34.8,27.3,59.7,28.98
2021-11-05 07:39:00 +0530,476008,33.0,27.4,59.77,29.01
2021-11-05 07:39:30 +0530,476009,40.2,27.4,59.62,29.04
2021-11-05 07:40:00 +0530,476010,36.0,27.2,59.62,29.06
2021-11-05 07:40:30 +0530,476011,31.9,26.9,59.53,29.09
2021-11-05 07:41:00 +0530,476012,47.1,28.7,59.38,29.13
2021-11-05 07:41:30 +0530,476013,35.8,26.9,59.18,29.16
2021-11-05 07:42:00 +0530,476014,43.8,24.6,59.21,29.17
2021-11-05 07:42:30 +0530,476015,38.4,29.2,59.12,29.2
2021-11-05 07:43:00 +0530,476016,35.3,29.5,59.12,29.2
2021-11-05 07:43:30 +0530,476017,31.6,24.3,59.91,29.09
2021-11-05 07:44:00 +0530,476018,32.5,25.9,59.59,29.13
2021-11-05 07:44:30 +0530,476019,34.4,27.1,59.44,29.18
2021-11-05 07:45:00 +0530,476020,33.4,27.2,59.41,29.21
2021-11-05 07:45:30 +0530,476021,31.1,26.1,59.44,29.24
2021-11-05 07:46:00 +0530,476022,39.6,27.6,59.3,29.28
2021-11-05 07:46:30 +0530,476023,38.5,28.4,59.0,29.32
2021-11-05 07:47:00 +0530,476024,32.7,26.7,58.71,29.34
2021-11-05 07:47:30 +0530,476025,27.6,24.8,58.59,29.35
2021-11-05 07:48:00 +0530,476026,29.1,26.1,58.56,29.38
2021-11-05 07:48:30 +0530,476027,25.8,21.6,58.59,29.38
2021-11-05 07:49:00 +0530,476028,42.0,28.2,58.54,29.41
2021-11-05 07:49:30 +0530,476029,40.6,27.3,58.48,29.43
2021-11-05 07:50:00 +0530,476030,35.4,22.8,58.56,29.42
2021-11-05 07:50:30 +0530,476031,33.9,27.1,58.38,29.43
2021-11-05 07:51:00 +0530,476032,35.6,28.5,58.3,29.46
2021-11-05 07:51:30 +0530,476033,32.5,25.7,57.86,29.48
2021-11-05 07:52:00 +0530,476034,35.9,23.7,57.71,29.5
2021-11-05 07:52:30 +0530,476035,33.1,24.9,57.48,29.52
2021-11-05 07:53:00 +0530,476036,33.1,24.9,57.48,29.52
2021-11-05 07:53:30 +0530,476037,35.1,21.9,58.45,29.37
2021-11-05 07:54:00 +0530,476038,26.7,23.9,58.03,29.43
2021-11-05 07:54:30 +0530,476039,27.6,21.1,58.03,29.45
2021-11-05 07:55:00 +0530,476040,39.3,25.1,58.0,29.48
2021-11-05 07:55:30 +0530,476041,31.6,24.8,57.86,29.51
2021-11-05 07:56:00 +0530,476042,31.6,23.7,57.74,29.53
2021-11-05 07:56:30 +0530,476043,25.3,22.1,57.13,29.56
2021-11-05 07:57:00 +0530,476044,26.5,22.9,57.1,29.57
2021-11-05 07:57:30 +0530,476045,26.2,22.9,57.13,29.58
2021-11-05 07:58:00 +0530,476046,26.1,23.3,56.98,29.6
2021-11-05 07:58:30 +0530,476047,22.3,20.3,57.16,29.59
2021-11-05 07:59:00 +0530,476048,27.1,23.3,57.18,29.6
2021-11-05 07:59:30 +0530,476049,25.6,18.6,57.18,29.6
2021-11-05 08:00:00 +0530,476050,24.7,18.6,57.24,29.59
2021-11-05 08:00:30 +0530,476051,24.0,20.3,57.27,29.59
2021-11-05 08:01:00 +0530,476052,26.1,23.3,56.89,29.62
2021-11-05 08:01:30 +0530,476053,32.6,23.7,56.83,29.63
2021-11-05 08:02:00 +0530,476054,120.1,35.3,56.83,29.66
2021-11-05 08:02:30 +0530,476055,25.7,21.7,56.57,29.67
2021-11-05 08:03:00 +0530,476056,23.5,20.9,56.65,29.7
2021-11-05 08:03:30 +0530,476057,25.7,21.7,56.48,29.72
2021-11-05 08:04:00 +0530,476058,23.8,21.3,56.39,29.74
2021-11-05 08:04:30 +0530,476059,24.1,21.5,56.42,29.74
2021-11-05 08:05:00 +0530,476060,30.4,17.7,57.1,29.59
2021-11-05 08:05:30 +0530,476061,25.7,21.8,56.89,29.66
2021-11-05 08:06:00 +0530,476062,44.5,27.3,56.71,29.74
2021-11-05 08:06:30 +0530,476063,38.8,24.8,56.71,29.78
2021-11-05 08:07:00 +0530,476064,29.7,18.7,56.8,29.81
2021-11-05 08:07:30 +0530,476065,25.3,21.9,56.74,29.83
2021-11-05 08:08:00 +0530,476066,30.6,18.7,56.57,29.85
2021-11-05 08:08:30 +0530,476067,29.8,22.0,56.39,29.88
2021-11-05 08:09:00 +0530,476068,24.4,20.9,56.03,29.91
2021-11-05 08:09:30 +0530,476069,23.0,20.6,55.81,29.94
2021-11-05 08:10:00 +0530,476070,23.1,20.8,55.71,29.97
2021-11-05 08:10:30 +0530,476071,21.0,19.0,55.42,30.02
2021-11-05 08:11:00 +0530,476072,24.3,20.3,55.6,30.02
2021-11-05 08:11:30 +0530,476073,23.6,20.9,55.54,30.04
2021-11-05 08:12:00 +0530,476074,135.4,36.0,55.39,30.06
2021-11-05 08:12:30 +0530,476075,31.4,20.7,55.3,30.09
2021-11-05 08:13:00 +0530,476076,22.6,18.7,55.36,30.11
2021-11-05 08:13:30 +0530,476077,27.0,20.7,54.98,30.16
2021-11-05 08:14:00 +0530,476078,27.9,21.4,55.04,30.2
2021-11-05 08:14:30 +0530,476079,23.4,20.7,54.92,30.24
2021-11-05 08:15:00 +0530,476080,22.0,19.7,54.86,30.28
2021-11-05 08:15:30 +0530,476081,27.8,22.9,54.68,30.34
2021-11-05 08:16:00 +0530,476082,26.3,21.1,54.8,30.38
2021-11-05 08:16:30 +0530,476083,18.7,16.8,54.74,30.39
2021-11-05 08:17:00 +0530,476084,33.0,22.2,54.53,30.44
2021-11-05 08:17:30 +0530,476085,125.1,36.1,54.45,30.48
2021-11-05 08:18:00 +0530,476086,31.2,22.2,54.53,30.53
2021-11-05 08:18:30 +0530,476087,24.7,19.2,54.53,30.53
2021-11-05 08:19:00 +0530,476088,24.0,17.8,54.53,30.55
2021-11-05 08:19:30 +0530,476089,17.8,16.0,54.47,30.56
2021-11-05 08:20:00 +0530,476090,22.4,20.2,54.21,30.6
2021-11-05 08:20:30 +0530,476091,21.8,19.8,54.04,30.62
2021-11-05 08:21:00 +0530,476092,23.8,20.3,54.06,30.65
2021-11-05 08:21:30 +0530,476093,22.7,20.4,54.15,30.68
2021-11-05 08:22:00 +0530,476094,24.3,20.3,54.01,30.7
2021-11-05 08:22:30 +0530,476095,21.8,18.1,54.09,30.7
2021-11-05 08:23:00 +0530,476096,28.7,21.7,53.82,30.74
2021-11-05 08:23:30 +0530,476097,23.6,19.6,53.65,30.76
2021-11-05 08:24:00 +0530,476098,21.9,19.8,53.56,30.78
2021-11-05 08:24:30 +0530,476099,33.8,20.4,53.56,30.79
2021-11-05 08:25:00 +0530,476100,25.3,20.6,53.44,30.82
2021-11-05 08:25:30 +0530,476101,23.6,19.7,53.5,30.84
2021-11-05 08:26:00 +0530,476102,27.7,18.9,53.52,30.86
2021-11-05 08:26:30 +0530,476103,19.3,17.4,53.52,30.85
2021-11-05 08:27:00 +0530,476104,18.2,16.4,53.56,30.83
2021-11-05 08:27:30 +0530,476105,22.0,20.0,53.23,30.84
2021-11-05 08:28:00 +0530,476106,22.2,19.9,53.2,30.85
2021-11-05 08:28:30 +0530,476107,28.5,20.3,53.32,30.85
2021-11-05 08:29:00 +0530,476108,23.5,19.6,53.29,30.86
2021-11-05 08:29:30 +0530,476109,34.7,21.7,53.41,30.87
2021-11-05 08:30:00 +0530,476110,26.1,20.6,53.32,30.87
2021-11-05 08:30:30 +0530,476111,38.4,21.9,53.35,30.87
2021-11-05 08:31:00 +0530,476112,32.7,22.3,53.27,30.86
2021-11-05 08:31:30 +0530,476113,28.5,21.8,53.17,30.87
2021-11-05 08:32:00 +0530,476114,40.4,23.9,53.23,30.86
2021-11-05 08:32:30 +0530,476115,36.6,22.1,53.2,30.87
2021-11-05 08:33:00 +0530,476116,32.4,21.4,53.32,30.87
2021-11-05 08:33:30 +0530,476117,29.8,18.0,53.59,30.85
2021-11-05 08:34:00 +0530,476118,60.6,23.2,53.56,30.84
2021-11-05 08:34:30 +0530,476119,39.2,21.8,53.52,30.85
2021-11-05 08:35:00 +0530,476120,32.4,21.7,53.56,30.86
2021-11-05 08:35:30 +0530,476121,29.0,21.3,53.35,30.87
2021-11-05 08:36:00 +0530,476122,22.4,19.3,53.32,30.87
2021-11-05 08:36:30 +0530,476123,31.1,21.3,53.29,30.87
2021-11-05 08:37:00 +0530,476124,40.5,23.8,53.29,30.87
2021-11-05 08:37:30 +0530,476125,45.6,23.1,53.29,30.87
2021-11-05 08:38:00 +0530,476126,29.8,21.7,53.29,30.87
2021-11-05 08:38:30 +0530,476127,35.1,18.1,53.47,30.84
2021-11-05 08:39:00 +0530,476128,26.9,20.6,53.44,30.85
2021-11-05 08:39:30 +0530,476129,72.3,27.5,53.44,30.85
2021-11-05 08:40:00 +0530,476130,52.8,24.1,53.41,30.87
2021-11-05 08:40:30 +0530,476131,35.2,21.0,53.52,30.87
2021-11-05 08:41:00 +0530,476132,33.7,22.6,53.23,30.87
2021-11-05 08:41:30 +0530,476133,23.1,20.6,53.32,30.9
2021-11-05 08:42:00 +0530,476134,29.6,18.6,53.52,30.9
2021-11-05 08:42:30 +0530,476135,33.0,24.5,53.52,30.92
2021-11-05 08:43:00 +0530,476136,33.5,22.2,53.23,30.94
2021-11-05 08:43:30 +0530,476137,27.7,22.4,53.14,30.96
2021-11-05 08:44:00 +0530,476138,25.4,21.9,52.94,30.98
2021-11-05 08:44:30 +0530,476139,43.1,23.6,52.94,30.98
2021-11-05 08:45:00 +0530,476140,26.6,18.7,52.94,30.96
2021-11-05 08:45:30 +0530,476141,34.0,23.5,52.94,30.96
2021-11-05 08:46:00 +0530,476142,34.0,23.9,52.88,30.96
2021-11-05 08:46:30 +0530,476143,34.7,18.6,53.0,30.93
2021-11-05 08:47:00 +0530,476144,27.4,22.1,53.14,30.94
2021-11-05 08:47:30 +0530,476145,24.1,21.1,53.27,30.93
2021-11-05 08:48:00 +0530,476146,23.8,21.3,53.09,30.93
2021-11-05 08:48:30 +0530,476147,37.9,24.1,53.2,30.92
2021-11-05 08:49:00 +0530,476148,25.0,21.6,53.23,30.91
2021-11-05 08:49:30 +0530,476149,27.4,23.3,53.27,30.9
2021-11-05 08:50:00 +0530,476150,29.5,22.9,53.14,30.89
2021-11-05 08:50:30 +0530,476151,34.2,22.8,53.17,30.87
2021-11-05 08:51:00 +0530,476152,26.0,21.3,53.2,30.85
2021-11-05 08:51:30 +0530,476153,26.2,21.6,53.27,30.83
2021-11-05 08:52:00 +0530,476154,30.4,23.4,53.33,30.82
2021-11-05 08:52:30 +0530,476155,25.2,22.1,53.44,30.81
2021-11-05 08:53:00 +0530,476156,28.1,21.6,53.38,30.8
2021-11-05 08:53:30 +0530,476157,31.9,22.4,53.68,30.77
2021-11-05 08:54:00 +0530,476158,29.2,22.7,53.68,30.77
2021-11-05 08:54:30 +0530,476159,23.9,21.6,53.41,30.76
2021-11-05 08:55:00 +0530,476160,28.8,22.3,53.5,30.76
2021-11-05 08:55:30 +0530,476161,24.2,21.0,53.53,30.77
2021-11-05 08:56:00 +0530,476162,33.0,22.1,53.62,30.77
2021-11-05 08:56:30 +0530,476163,27.2,18.6,53.91,30.75
2021-11-05 08:57:00 +0530,476164,30.6,21.8,53.65,30.76
2021-11-05 08:57:30 +0530,476165,41.8,23.3,53.65,30.78
2021-11-05 08:58:00 +0530,476166,27.4,22.4,53.68,30.79
2021-11-05 08:58:30 +0530,476167,36.3,22.9,53.79,30.82
2021-11-05 08:59:00 +0530,476168,23.1,18.7,53.91,30.82
2021-11-05 08:59:30 +0530,476169,25.3,22.0,53.65,30.87
2021-11-05 09:00:00 +0530,476170,24.5,22.1,53.32,30.91
2021-11-05 09:00:30 +0530,476171,26.7,24.1,53.17,30.94
2021-11-05 09:01:00 +0530,476172,26.2,20.1,53.23,30.93
2021-11-05 09:01:30 +0530,476173,22.0,19.8,53.27,30.92
2021-11-05 09:02:00 +0530,476174,24.5,22.1,53.0,30.94
2021-11-05 09:02:30 +0530,476175,26.3,23.5,53.09,30.96
2021-11-05 09:03:00 +0530,476176,36.3,24.3,53.32,30.98
2021-11-05 09:03:30 +0530,476177,29.7,22.9,53.35,31.02
2021-11-05 09:04:00 +0530,476178,25.5,23.1,52.85,31.02
2021-11-05 09:04:30 +0530,476179,25.4,23.0,52.65,31.04
2021-11-05 09:05:00 +0530,476180,25.2,22.7,52.56,31.04
2021-11-05 09:05:30 +0530,476181,26.1,23.3,52.67,31.06
2021-11-05 09:06:00 +0530,476182,21.1,19.2,52.76,31.07
2021-11-05 09:06:30 +0530,476183,26.6,23.9,52.67,31.1
2021-11-05 09:07:00 +0530,476184,25.5,22.8,52.64,31.14
2021-11-05 09:07:30 +0530,476185,25.1,22.7,52.64,31.18
2021-11-05 09:08:00 +0530,476186,57.7,27.0,52.75,31.21
2021-11-05 09:08:30 +0530,476187,40.2,25.7,53.14,31.21
2021-11-05 09:09:00 +0530,476188,50.0,27.4,52.9,31.23
2021-11-05 09:09:30 +0530,476189,26.5,23.1,52.52,31.26
2021-11-05 09:10:00 +0530,476190,25.3,22.9,52.37,31.28
2021-11-05 09:10:30 +0530,476191,23.9,21.4,52.28,31.28
2021-11-05 09:11:00 +0530,476192,22.8,20.5,52.31,31.27
2021-11-05 09:11:30 +0530,476193,25.0,22.8,52.23,31.29
2021-11-05 09:12:00 +0530,476194,26.4,23.8,52.2,31.29
2021-11-05 09:12:30 +0530,476195,26.4,23.6,52.31,31.29
2021-11-05 09:13:00 +0530,476196,29.5,26.3,52.37,31.29
2021-11-05 09:13:30 +0530,476197,29.0,25.9,52.23,31.29
2021-11-05 09:14:00 +0530,476198,27.3,24.3,52.28,31.28
2021-11-05 09:14:30 +0530,476199,38.6,25.6,52.43,31.27
2021-11-05 09:15:00 +0530,476200,39.6,26.3,52.52,31.27
2021-11-05 09:15:30 +0530,476201,32.9,24.4,52.75,31.27
2021-11-05 09:16:00 +0530,476202,34.2,24.9,52.64,31.29
2021-11-05 09:16:30 +0530,476203,26.0,23.3,52.64,31.31
2021-11-05 09:17:00 +0530,476204,33.4,26.1,52.2,31.33
2021-11-05 09:17:30 +0530,476205,28.3,24.9,52.04,31.35
2021-11-05 09:18:00 +0530,476206,30.5,24.6,52.04,31.36
2021-11-05 09:18:30 +0530,476207,27.7,24.8,51.9,31.38
2021-11-05 09:19:00 +0530,476208,49.5,23.3,52.04,31.38
2021-11-05 09:19:30 +0530,476209,38.0,25.9,51.98,31.42
2021-11-05 09:20:00 +0530,476210,28.7,24.9,51.9,31.43
2021-11-05 09:20:30 +0530,476211,29.2,25.2,52.11,31.45
2021-11-05 09:21:00 +0530,476212,54.8,28.2,52.14,31.46
2021-11-05 09:21:30 +0530,476213,39.7,26.3,52.28,31.49
2021-11-05 09:22:00 +0530,476214,31.8,25.5,52.07,31.5
2021-11-05 09:22:30 +0530,476215,30.6,26.0,52.14,31.51
2021-11-05 09:23:00 +0530,476216,26.8,24.2,52.01,31.52
2021-11-05 09:23:30 +0530,476217,32.1,25.8,52.01,31.54
2021-11-05 09:24:00 +0530,476218,31.3,24.8,51.95,31.54
2021-11-05 09:24:30 +0530,476219,29.4,23.9,52.01,31.55
2021-11-05 09:25:00 +0530,476220,38.4,25.2,52.13,31.56
2021-11-05 09:25:30 +0530,476221,26.0,23.4,52.04,31.56
2021-11-05 09:26:00 +0530,476222,49.2,27.7,51.92,31.56
2021-11-05 09:26:30 +0530,476223,80.1,30.6,51.92,31.57
2021-11-05 09:27:00 +0530,476224,30.9,24.1,52.1,31.58
2021-11-05 09:27:30 +0530,476225,22.6,19.7,52.25,31.59
2021-11-05 09:28:00 +0530,476226,32.7,21.4,52.13,31.6
2021-11-05 09:28:30 +0530,476227,36.7,24.9,51.86,31.64
2021-11-05 09:29:00 +0530,476228,25.9,23.1,51.62,31.66
2021-11-05 09:29:30 +0530,476229,27.2,24.3,51.66,31.69
2021-11-05 09:30:00 +0530,476230,27.9,24.6,51.49,31.72
2021-11-05 09:30:30 +0530,476231,30.8,23.9,51.31,31.76
2021-11-05 09:31:00 +0530,476232,26.3,23.7,51.11,31.8
2021-11-05 09:31:30 +0530,476233,22.9,20.4,51.48,31.8
2021-11-05 09:32:00 +0530,476234,22.9,20.4,51.48,31.8
2021-11-05 09:32:30 +0530,476235,21.6,19.4,52.04,31.69
2021-11-05 09:33:00 +0530,476236,22.9,20.1,51.82,31.7
2021-11-05 09:33:30 +0530,476237,25.5,22.8,51.41,31.74
2021-11-05 09:34:00 +0530,476238,26.1,23.3,51.14,31.78
2021-11-05 09:34:30 +0530,476239,25.7,22.9,51.04,31.79
2021-11-05 09:35:00 +0530,476240,25.7,23.1,50.87,31.79
2021-11-05 09:35:30 +0530,476241,21.3,19.4,51.04,31.74
2021-11-05 09:36:00 +0530,476242,26.7,24.1,50.92,31.72
2021-11-05 09:36:30 +0530,476243,27.4,23.9,50.95,31.7
2021-11-05 09:37:00 +0530,476244,25.8,23.2,50.92,31.68
2021-11-05 09:37:30 +0530,476245,26.8,24.1,50.98,31.67
2021-11-05 09:38:00 +0530,476246,26.4,23.8,51.08,31.65
2021-11-05 09:38:30 +0530,476247,26.4,22.9,51.25,31.64
2021-11-05 09:39:00 +0530,476248,29.9,23.7,51.49,31.64
2021-11-05 09:39:30 +0530,476249,26.6,23.8,51.46,31.64
2021-11-05 09:40:00 +0530,476250,26.0,23.3,51.59,31.64
2021-11-05 09:40:30 +0530,476251,24.4,22.1,51.42,31.65
2021-11-05 09:41:00 +0530,476252,20.3,18.1,51.35,31.63
2021-11-05 09:41:30 +0530,476253,24.4,21.8,51.04,31.64
2021-11-05 09:42:00 +0530,476254,19.2,17.3,51.08,31.63
2021-11-05 09:42:30 +0530,476255,23.1,20.7,50.98,31.64
2021-11-05 09:43:00 +0530,476256,24.7,22.2,51.04,31.65
2021-11-05 09:43:30 +0530,476257,25.4,21.6,51.28,31.67
2021-11-05 09:44:00 +0530,476258,27.6,24.2,51.25,31.7
2021-11-05 09:44:30 +0530,476259,50.5,32.9,51.24,31.73
2021-11-05 09:45:00 +0530,476260,23.9,21.6,51.01,31.75
2021-11-05 09:45:30 +0530,476261,21.8,19.9,50.63,31.75
2021-11-05 09:46:00 +0530,476262,25.2,21.8,50.63,31.75
2021-11-05 09:46:30 +0530,476263,25.2,21.6,50.77,31.75
2021-11-05 09:47:00 +0530,476264,30.2,23.1,50.67,31.76
2021-11-05 09:47:30 +0530,476265,30.2,23.1,50.67,31.76
2021-11-05 09:48:00 +0530,476266,23.0,18.9,50.98,31.68
2021-11-05 09:48:30 +0530,476267,20.1,18.1,50.95,31.67
2021-11-05 09:49:00 +0530,476268,22.7,20.3,50.82,31.69
2021-11-05 09:49:30 +0530,476269,22.2,17.7,51.04,31.67
2021-11-05 09:50:00 +0530,476270,24.9,20.3,50.95,31.67
2021-11-05 09:50:30 +0530,476271,23.0,20.5,50.85,31.65
2021-11-05 09:51:00 +0530,476272,23.0,20.8,50.78,31.64
2021-11-05 09:51:30 +0530,476273,25.0,22.4,50.88,31.61
2021-11-05 09:52:00 +0530,476274,23.0,20.8,50.98,31.59
2021-11-05 09:52:30 +0530,476275,23.8,21.6,50.88,31.58
2021-11-05 09:53:00 +0530,476276,19.8,17.9,51.02,31.54
2021-11-05 09:53:30 +0530,476277,23.7,21.3,51.19,31.53
2021-11-05 09:54:00 +0530,476278,23.7,21.3,51.19,31.53
2021-11-05 09:54:30 +0530,476279,19.7,17.8,51.78,31.31
2021-11-05 09:55:00 +0530,476280,25.5,19.5,51.85,31.33
2021-11-05 09:55:30 +0530,476281,29.6,22.7,51.85,31.38
2021-11-05 09:56:00 +0530,476282,26.9,18.4,51.98,31.38
2021-11-05 09:56:30 +0530,476283,20.2,18.0,52.04,31.42
2021-11-05 09:57:00 +0530,476284,29.2,22.5,51.77,31.45
2021-11-05 09:57:30 +0530,476285,26.5,23.2,51.43,31.49
2021-11-05 09:58:00 +0530,476286,39.8,25.6,51.56,31.52
2021-11-05 09:58:30 +0530,476287,25.0,21.6,51.35,31.55
2021-11-05 09:59:00 +0530,476288,23.5,21.2,51.32,31.56
2021-11-05 09:59:30 +0530,476289,24.6,21.9,51.39,31.58
2021-11-05 10:00:00 +0530,476290,27.2,21.8,51.42,31.6
2021-11-05 10:00:30 +0530,476291,26.3,20.9,51.35,31.64
2021-11-05 10:01:00 +0530,476292,38.9,23.7,51.28,31.66
2021-11-05 10:01:30 +0530,476293,33.5,21.8,51.22,31.69
2021-11-05 10:02:00 +0530,476294,39.8,22.3,51.38,31.72
2021-11-05 10:02:30 +0530,476295,29.7,20.5,51.34,31.74
2021-11-05 10:03:00 +0530,476296,32.0,20.1,51.24,31.76
2021-11-05 10:03:30 +0530,476297,23.9,20.8,50.94,31.8
2021-11-05 10:04:00 +0530,476298,19.7,17.6,51.01,31.79
2021-11-05 10:04:30 +0530,476299,23.6,21.2,50.77,31.81
2021-11-05 10:05:00 +0530,476300,32.8,22.9,50.67,31.82
2021-11-05 10:05:30 +0530,476301,23.7,21.1,50.77,31.82
2021-11-05 10:06:00 +0530,476302,18.1,16.3,50.63,31.82
2021-11-05 10:06:30 +0530,476303,22.7,20.4,50.43,31.83
2021-11-05 10:07:00 +0530,476304,23.1,20.7,50.5,31.84
2021-11-05 10:07:30 +0530,476305,24.4,20.4,50.33,31.85
2021-11-05 10:08:00 +0530,476306,23.7,20.3,50.37,31.86
2021-11-05 10:08:30 +0530,476307,22.4,20.2,50.2,31.87
2021-11-05 10:09:00 +0530,476308,24.9,20.6,50.23,31.88
2021-11-05 10:09:30 +0530,476309,33.9,19.3,50.33,31.86
2021-11-05 10:10:00 +0530,476310,32.6,22.6,50.69,31.9
2021-11-05 10:10:30 +0530,476311,33.7,22.1,50.59,31.96
2021-11-05 10:11:00 +0530,476312,25.4,20.8,50.59,32.02
2021-11-05 10:11:30 +0530,476313,24.2,21.6,50.35,32.09
2021-11-05 10:12:00 +0530,476314,39.5,23.4,50.42,32.14
2021-11-05 10:12:30 +0530,476315,32.7,22.7,50.38,32.22
2021-11-05 10:13:00 +0530,476316,37.9,23.8,50.24,32.27
2021-11-05 10:13:30 +0530,476317,28.7,23.6,50.11,32.33
2021-11-05 10:14:00 +0530,476318,60.2,26.6,50.07,32.4
2021-11-05 10:14:30 +0530,476319,34.5,23.3,49.86,32.46
2021-11-05 10:15:00 +0530,476320,398.6,72.6,49.82,32.54
2021-11-05 10:15:30 +0530,476321,203.0,50.4,49.24,32.63
2021-11-05 10:16:00 +0530,476322,33.8,27.8,48.86,32.69
2021-11-05 10:16:31 +0530,476323,31.1,25.9,48.53,32.74
2021-11-05 10:17:00 +0530,476324,31.5,19.9,48.69,32.75
2021-11-05 10:17:30 +0530,476325,20.4,17.9,48.92,32.77
2021-11-05 10:18:00 +0530,476326,24.7,21.1,48.79,32.82
2021-11-05 10:18:30 +0530,476327,43.9,25.4,48.82,32.87
2021-11-05 10:19:00 +0530,476328,59.9,25.3,48.71,32.96
2021-11-05 10:19:30 +0530,476329,39.0,21.4,48.71,33.01
2021-11-05 10:20:00 +0530,476330,41.0,29.9,48.71,33.07
2021-11-05 10:20:30 +0530,476331,43.1,24.4,48.53,33.14
2021-11-05 10:21:00 +0530,476332,25.6,20.8,47.86,33.19
2021-11-05 10:21:30 +0530,476333,25.3,20.8,47.69,33.21
2021-11-05 10:22:00 +0530,476334,23.5,17.9,47.72,33.21
2021-11-05 10:22:30 +0530,476335,39.1,35.5,47.38,33.21
2021-11-05 10:23:00 +0530,476336,27.8,24.7,47.28,33.23
2021-11-05 10:23:30 +0530,476337,33.8,30.2,47.34,33.22
2021-11-05 10:24:00 +0530,476338,31.7,27.9,47.38,33.25
2021-11-05 10:24:30 +0530,476339,32.4,23.3,47.54,33.26
2021-11-05 10:25:00 +0530,476340,25.9,22.2,47.6,33.26
2021-11-05 10:25:30 +0530,476341,24.6,20.6,47.67,33.27
2021-11-05 10:26:00 +0530,476342,18.6,16.7,47.62,33.25
2021-11-05 10:26:30 +0530,476343,25.3,16.8,47.38,33.21
2021-11-05 10:27:00 +0530,476344,19.8,17.8,47.51,33.2
2021-11-05 10:27:30 +0530,476345,24.9,22.5,47.48,33.21
2021-11-05 10:28:00 +0530,476346,22.1,19.4,47.48,33.19
2021-11-05 10:28:30 +0530,476347,29.1,24.6,47.44,33.21
2021-11-05 10:29:00 +0530,476348,28.1,23.1,47.6,33.26
2021-11-05 10:29:30 +0530,476349,23.3,21.0,47.64,33.28
2021-11-05 10:30:00 +0530,476350,26.4,23.7,47.5,33.33
2021-11-05 10:30:30 +0530,476351,37.5,23.7,47.41,33.38
2021-11-05 10:31:00 +0530,476352,108.9,35.3,47.29,33.46
2021-11-05 10:31:30 +0530,476353,52.9,25.8,47.29,33.53
2021-11-05 10:32:00 +0530,476354,38.9,23.2,46.85,33.6
2021-11-05 10:32:30 +0530,476355,23.2,18.1,46.77,33.62
2021-11-05 10:33:00 +0530,476356,30.2,21.5,46.7,33.65
2021-11-05 10:33:30 +0530,476357,24.3,20.9,46.5,33.68
2021-11-05 10:34:00 +0530,476358,30.2,21.4,46.64,33.68
2021-11-05 10:34:30 +0530,476359,23.5,20.6,46.5,33.7
2021-11-05 10:35:00 +0530,476360,37.4,23.2,46.77,33.68
2021-11-05 10:35:30 +0530,476361,32.0,21.8,46.67,33.68
2021-11-05 10:36:00 +0530,476362,33.0,21.8,47.01,33.68
2021-11-05 10:36:30 +0530,476363,23.0,20.5,46.8,33.7
2021-11-05 10:37:00 +0530,476364,22.7,20.6,46.47,33.71
2021-11-05 10:37:30 +0530,476365,26.6,18.7,46.64,33.68
2021-11-05 10:38:00 +0530,476366,26.1,22.3,46.6,33.68
2021-11-05 10:38:30 +0530,476367,25.5,20.9,46.94,33.7
2021-11-05 10:39:00 +0530,476368,23.7,21.1,46.57,33.72
2021-11-05 10:39:30 +0530,476369,27.6,21.6,46.33,33.73
2021-11-05 10:40:00 +0530,476370,40.4,20.1,46.64,33.72
2021-11-05 10:40:30 +0530,476371,38.1,22.7,46.33,33.74
2021-11-05 10:41:00 +0530,476372,25.4,21.3,46.09,33.76
2021-11-05 10:41:30 +0530,476373,23.6,21.1,46.02,33.76
2021-11-05 10:42:00 +0530,476374,29.6,22.2,46.12,33.76
2021-11-05 10:42:30 +0530,476375,24.3,21.7,46.16,33.76
2021-11-05 10:43:00 +0530,476376,20.3,18.4,46.26,33.72
2021-11-05 10:43:30 +0530,476377,26.2,22.6,46.37,33.72
2021-11-05 10:44:00 +0530,476378,33.6,22.8,46.67,33.74
2021-11-05 10:44:30 +0530,476379,22.5,17.4,46.74,33.76
2021-11-05 10:45:00 +0530,476380,31.2,22.2,46.64,33.76
2021-11-05 10:45:30 +0530,476381,23.5,21.1,46.35,33.79
2021-11-05 10:46:00 +0530,476382,24.7,21.7,46.32,33.82
2021-11-05 10:46:30 +0530,476383,25.3,22.7,46.12,33.85
2021-11-05 10:47:00 +0530,476384,25.3,20.4,45.95,33.86
2021-11-05 10:47:30 +0530,476385,38.9,22.9,46.08,33.85
2021-11-05 10:48:00 +0530,476386,54.3,26.5,46.39,33.82
2021-11-05 10:48:30 +0530,476387,25.1,20.4,45.98,33.83
2021-11-05 10:49:00 +0530,476388,27.2,21.3,46.08,33.85
2021-11-05 10:49:30 +0530,476389,32.1,21.3,45.98,33.88
2021-11-05 10:50:00 +0530,476390,27.4,20.9,45.91,33.92
2021-11-05 10:50:30 +0530,476391,26.4,21.3,45.77,33.94
2021-11-05 10:51:00 +0530,476392,27.4,21.8,45.83,33.97
2021-11-05 10:51:30 +0530,476393,20.4,17.9,45.67,33.96
2021-11-05 10:52:00 +0530,476394,27.0,20.4,45.16,33.97
2021-11-05 10:52:30 +0530,476395,31.1,21.4,45.16,34.0
2021-11-05 10:53:00 +0530,476396,23.9,19.7,45.05,34.02
2021-11-05 10:53:30 +0530,476397,30.4,20.9,45.25,34.02
2021-11-05 10:54:00 +0530,476398,22.2,19.8,45.32,34.04
2021-11-05 10:54:30 +0530,476399,22.5,17.1,45.43,34.02
2021-11-05 10:55:00 +0530,476400,22.2,19.9,45.53,34.05
2021-11-05 10:55:30 +0530,476401,25.1,19.8,45.56,34.07
2021-11-05 10:56:00 +0530,476402,26.1,20.1,45.19,34.09
2021-11-05 10:56:30 +0530,476403,26.6,20.9,45.43,34.11
2021-11-05 10:57:00 +0530,476404,22.7,20.4,45.35,34.12
2021-11-05 10:57:30 +0530,476405,21.7,19.6,45.14,34.16
2021-11-05 10:58:00 +0530,476406,22.4,20.1,44.67,34.16
2021-11-05 10:58:30 +0530,476407,21.6,19.4,44.64,34.14
2021-11-05 10:59:00 +0530,476408,21.7,19.4,44.77,34.14
2021-11-05 10:59:30 +0530,476409,17.3,15.3,44.88,34.11
2021-11-05 11:00:00 +0530,476410,19.1,17.1,44.94,34.11
2021-11-05 11:00:30 +0530,476411,21.2,19.0,44.77,34.16
2021-11-05 11:01:00 +0530,476412,21.0,18.8,44.77,34.18
2021-11-05 11:01:30 +0530,476413,26.6,19.8,44.77,34.21
2021-11-05 11:02:00 +0530,476414,21.9,19.7,44.7,34.24
2021-11-05 11:02:30 +0530,476415,20.9,18.9,44.57,34.23
2021-11-05 11:03:00 +0530,476416,22.0,19.8,44.77,34.22
2021-11-05 11:03:30 +0530,476417,22.8,20.4,44.77,34.22
2021-11-05 11:04:00 +0530,476418,25.1,21.3,44.87,34.23
2021-11-05 11:04:30 +0530,476419,25.7,16.9,45.11,34.23
2021-11-05 11:05:00 +0530,476420,22.6,20.2,44.96,34.27
2021-11-05 11:05:30 +0530,476421,22.2,19.8,44.79,34.33
2021-11-05 11:06:00 +0530,476422,21.9,19.6,44.62,34.38
2021-11-05 11:06:30 +0530,476423,24.1,20.5,44.42,34.45
2021-11-05 11:07:00 +0530,476424,25.5,20.9,44.27,34.52
2021-11-05 11:07:30 +0530,476425,29.1,23.5,44.13,34.59
2021-11-05 11:08:00 +0530,476426,26.6,20.9,44.09,34.63
2021-11-05 11:08:30 +0530,476427,22.7,20.1,43.88,34.68
2021-11-05 11:09:00 +0530,476428,23.7,18.6,43.85,34.68
2021-11-05 11:09:30 +0530,476429,23.4,20.9,43.81,34.7
2021-11-05 11:10:00 +0530,476430,31.2,21.8,44.02,34.7
2021-11-05 11:10:30 +0530,476431,35.2,20.7,44.12,34.69
2021-11-05 11:11:00 +0530,476432,24.0,17.9,44.22,34.68
2021-11-05 11:11:30 +0530,476433,27.0,22.0,43.88,34.68
2021-11-05 11:12:00 +0530,476434,27.1,22.4,43.78,34.68
2021-11-05 11:12:30 +0530,476435,21.5,19.2,43.23,34.67
2021-11-05 11:13:00 +0530,476436,22.7,20.3,43.3,34.66
2021-11-05 11:13:30 +0530,476437,21.2,19.1,43.27,34.66
2021-11-05 11:14:00 +0530,476438,20.5,18.1,43.13,34.66
2021-11-05 11:14:30 +0530,476439,22.2,18.8,43.16,34.68
2021-11-05 11:15:00 +0530,476440,29.3,20.7,43.58,34.7
2021-11-05 11:15:30 +0530,476441,31.9,20.2,43.64,34.75
2021-11-05 11:16:00 +0530,476442,22.7,20.3,43.51,34.78
2021-11-05 11:16:30 +0530,476443,42.9,21.9,43.53,34.82
2021-11-05 11:17:00 +0530,476444,38.5,21.6,43.8,34.88
2021-11-05 11:17:30 +0530,476445,43.0,24.1,43.74,34.93
2021-11-05 11:18:00 +0530,476446,27.0,22.2,43.7,34.95
2021-11-05 11:18:30 +0530,476447,23.5,21.1,43.51,34.97
2021-11-05 11:19:00 +0530,476448,19.7,17.8,43.5,34.97
2021-11-05 11:19:30 +0530,476449,22.3,19.9,43.38,34.97
2021-11-05 11:20:00 +0530,476450,22.8,20.4,43.58,34.97
2021-11-05 11:20:30 +0530,476451,24.5,20.8,43.65,34.96
2021-11-05 11:21:00 +0530,476452,26.1,21.2,43.5,34.94
2021-11-05 11:21:30 +0530,476453,31.1,21.7,43.77,34.93
2021-11-05 11:22:00 +0530,476454,33.6,22.9,43.84,34.9
2021-11-05 11:22:30 +0530,476455,28.4,21.6,43.67,34.89
2021-11-05 11:23:00 +0530,476456,25.5,22.7,43.6,34.86
2021-11-05 11:23:30 +0530,476457,22.7,20.1,43.57,34.84
2021-11-05 11:24:00 +0530,476458,23.7,20.1,43.5,34.83
2021-11-05 11:24:30 +0530,476459,23.6,19.5,43.67,34.8
2021-11-05 11:25:00 +0530,476460,21.4,18.9,43.85,34.77
2021-11-05 11:25:30 +0530,476461,28.1,21.6,44.09,34.75
2021-11-05 11:26:00 +0530,476462,27.0,21.7,43.98,34.75
2021-11-05 11:26:30 +0530,476463,26.2,19.8,43.88,34.75
2021-11-05 11:27:00 +0530,476464,27.4,20.1,43.74,34.76
2021-11-05 11:27:30 +0530,476465,27.6,19.3,43.88,34.79
2021-11-05 11:28:00 +0530,476466,26.1,19.8,44.07,34.82
2021-11-05 11:28:30 +0530,476467,31.7,18.9,44.19,34.81
2021-11-05 11:29:00 +0530,476468,32.9,18.9,44.11,34.83
2021-11-05 11:29:30 +0530,476469,29.4,20.9,43.87,34.89
2021-11-05 11:30:00 +0530,476470,32.7,21.2,43.7,34.92
2021-11-05 11:30:30 +0530,476471,26.2,20.4,43.74,34.95
2021-11-05 11:31:00 +0530,476472,21.4,19.2,43.42,34.96
2021-11-05 11:31:30 +0530,476473,21.5,19.2,43.51,34.98
2021-11-05 11:32:00 +0530,476474,19.5,16.4,43.26,34.95
2021-11-05 11:32:30 +0530,476475,28.5,18.4,43.13,34.93
2021-11-05 11:33:00 +0530,476476,21.0,18.2,43.09,34.9
2021-11-05 11:33:30 +0530,476477,25.0,18.7,43.13,34.88
2021-11-05 11:34:00 +0530,476478,44.3,20.1,43.22,34.88
2021-11-05 11:34:30 +0530,476479,20.4,17.3,43.13,34.89
2021-11-05 11:35:00 +0530,476480,14.9,13.3,42.92,34.88
2021-11-05 11:35:30 +0530,476481,21.4,17.4,42.92,34.89
2021-11-05 11:36:00 +0530,476482,23.6,17.8,43.13,34.91
2021-11-05 11:36:30 +0530,476483,18.2,15.9,42.58,34.93
2021-11-05 11:37:00 +0530,476484,17.7,15.8,42.58,34.94
2021-11-05 11:37:30 +0530,476485,23.0,16.6,42.71,34.94
2021-11-05 11:38:00 +0530,476486,17.1,14.3,42.92,34.93
2021-11-05 11:38:30 +0530,476487,20.0,16.6,42.85,34.94
2021-11-05 11:39:00 +0530,476488,17.4,14.8,43.06,34.93
2021-11-05 11:39:30 +0530,476489,22.0,17.4,43.16,34.94
2021-11-05 11:40:00 +0530,476490,30.2,19.1,43.39,34.95
2021-11-05 11:40:30 +0530,476491,33.5,19.3,43.48,34.97
2021-11-05 11:41:00 +0530,476492,26.5,19.7,43.17,34.99
2021-11-05 11:41:30 +0530,476493,34.5,21.3,43.24,35.01
2021-11-05 11:42:00 +0530,476494,35.6,17.1,43.35,35.01
2021-11-05 11:42:30 +0530,476495,25.3,18.8,42.56,35.04
2021-11-05 11:43:00 +0530,476496,18.9,16.9,42.26,35.05
2021-11-05 11:43:30 +0530,476497,26.1,18.2,42.32,35.05
2021-11-05 11:44:00 +0530,476498,20.1,17.9,42.46,35.05
2021-11-05 11:44:30 +0530,476499,20.0,17.8,42.6,35.06
2021-11-05 11:45:00 +0530,476500,16.7,13.7,42.73,35.06
2021-11-05 11:45:30 +0530,476501,19.2,17.3,42.42,35.08
2021-11-05 11:46:00 +0530,476502,21.9,17.7,42.56,35.09
2021-11-05 11:46:30 +0530,476503,26.0,17.2,42.77,35.1
2021-11-05 11:47:00 +0530,476504,24.7,16.5,42.84,35.12
2021-11-05 11:47:30 +0530,476505,20.3,18.2,42.56,35.11
2021-11-05 11:48:00 +0530,476506,17.5,15.4,42.77,35.1
2021-11-05 11:48:30 +0530,476507,23.3,15.9,42.87,35.09
2021-11-05 11:49:00 +0530,476508,17.6,15.8,42.46,35.08
2021-11-05 11:49:30 +0530,476509,14.6,11.6,41.81,35.05
2021-11-05 11:50:00 +0530,476510,16.7,14.9,41.57,35.0
2021-11-05 11:50:30 +0530,476511,20.0,15.3,41.74,34.97
2021-11-05 11:51:00 +0530,476512,16.3,14.7,41.79,34.95
2021-11-05 11:51:30 +0530,476513,16.9,15.1,41.83,34.92
2021-11-05 11:52:00 +0530,476514,18.0,16.1,42.03,34.91
2021-11-05 11:52:30 +0530,476515,19.8,16.1,42.23,34.91
2021-11-05 11:53:00 +0530,476516,20.4,16.1,42.23,34.92
2021-11-05 11:53:30 +0530,476517,18.6,16.6,42.44,34.93
2021-11-05 11:54:00 +0530,476518,19.5,16.2,42.61,34.94
2021-11-05 11:54:30 +0530,476519,22.6,19.4,42.55,34.96
2021-11-05 11:55:00 +0530,476520,30.3,14.8,42.3,34.92
2021-11-05 11:55:30 +0530,476521,33.0,18.3,42.61,34.92
2021-11-05 11:56:00 +0530,476522,21.9,16.2,42.2,34.92
2021-11-05 11:56:30 +0530,476523,14.5,13.0,42.13,34.88
2021-11-05 11:57:00 +0530,476524,20.5,16.2,42.16,34.92
2021-11-05 11:57:30 +0530,476525,18.6,15.4,42.13,34.93
2021-11-05 11:58:00 +0530,476526,18.2,16.3,42.03,34.94
2021-11-05 11:58:30 +0530,476527,19.9,16.1,42.07,34.94
2021-11-05 11:59:00 +0530,476528,17.4,15.7,42.0,34.93
2021-11-05 11:59:30 +0530,476529,18.1,16.2,41.97,34.94
2021-11-05 12:00:00 +0530,476530,18.2,16.3,42.1,34.96
2021-11-05 12:00:30 +0530,476531,19.5,16.1,42.12,34.99
2021-11-05 12:01:00 +0530,476532,20.1,15.9,41.98,35.01
2021-11-05 12:01:30 +0530,476533,19.7,15.3,41.71,35.05
2021-11-05 12:02:00 +0530,476534,17.2,14.9,41.68,35.08
2021-11-05 12:02:30 +0530,476535,18.7,14.3,41.68,35.11
2021-11-05 12:03:00 +0530,476536,20.9,15.4,41.57,35.13
2021-11-05 12:03:30 +0530,476537,18.9,15.9,41.61,35.14
2021-11-05 12:04:00 +0530,476538,22.5,16.4,41.53,35.16
2021-11-05 12:04:30 +0530,476539,27.0,16.7,41.53,35.19
2021-11-05 12:05:00 +0530,476540,23.8,15.7,41.46,35.21
2021-11-05 12:05:30 +0530,476541,16.7,15.0,41.05,35.21
2021-11-05 12:06:00 +0530,476542,17.6,15.8,40.98,35.15
2021-11-05 12:06:30 +0530,476543,16.0,14.4,41.08,35.14
2021-11-05 12:07:00 +0530,476544,24.8,16.3,41.06,35.1
2021-11-05 12:07:30 +0530,476545,14.9,11.8,41.26,35.06
2021-11-05 12:08:00 +0530,476546,16.8,14.9,40.96,35.04
2021-11-05 12:09:00 +0530,476547,14.6,13.0,41.07,34.96
2021-11-05 12:09:30 +0530,476548,36.2,14.2,41.39,34.91
2021-11-05 12:10:00 +0530,476549,34.9,14.6,41.45,34.9
2021-11-05 12:10:30 +0530,476550,17.9,15.1,41.72,34.81
2021-11-05 12:11:00 +0530,476551,16.7,14.9,41.43,34.8
2021-11-05 12:11:30 +0530,476552,16.7,15.1,41.26,34.79
2021-11-05 12:12:00 +0530,476553,22.7,16.5,41.46,34.78
2021-11-05 12:12:30 +0530,476554,21.9,16.1,41.7,34.75
2021-11-05 12:13:00 +0530,476555,27.8,25.1,41.87,34.75
2021-11-05 12:13:30 +0530,476556,30.0,13.9,42.26,34.63
2021-11-05 12:14:00 +0530,476557,28.9,17.8,42.28,34.66
2021-11-05 12:14:30 +0530,476558,21.7,16.6,42.25,34.68
2021-11-05 12:15:00 +0530,476559,21.9,13.9,42.04,34.68
2021-11-05 12:15:30 +0530,476560,31.9,29.0,41.97,34.68
2021-11-05 12:16:00 +0530,476561,18.6,13.5,42.18,34.66
2021-11-05 12:16:30 +0530,476562,14.2,12.7,42.25,34.64
2021-11-05 12:17:00 +0530,476563,17.9,16.1,42.35,34.63
2021-11-05 12:17:30 +0530,476564,18.6,13.7,42.52,34.62
2021-11-05 12:18:00 +0530,476565,19.9,16.1,42.62,34.63
2021-11-05 12:18:30 +0530,476566,39.8,20.7,43.16,34.66
2021-11-05 12:19:00 +0530,476567,22.7,19.6,42.65,34.68
2021-11-05 12:19:30 +0530,476568,22.7,20.3,42.48,34.71
2021-11-05 12:20:00 +0530,476569,29.3,26.6,42.52,34.73
2021-11-05 12:20:30 +0530,476570,28.1,18.9,42.65,34.71
2021-11-05 12:21:00 +0530,476571,35.4,19.8,43.1,34.71
2021-11-05 12:21:30 +0530,476572,23.7,16.4,42.72,34.71
2021-11-05 12:22:00 +0530,476573,20.9,15.8,42.39,34.69
2021-11-05 12:22:30 +0530,476574,18.6,15.3,42.35,34.7
2021-11-05 12:23:00 +0530,476575,14.5,12.6,42.53,34.55
2021-11-05 12:23:30 +0530,476576,19.2,15.8,42.53,34.51
2021-11-05 12:24:00 +0530,476577,17.6,15.8,42.51,34.46
2021-11-05 12:24:30 +0530,476578,16.5,15.1,42.44,34.4
2021-11-05 12:25:00 +0530,476579,16.3,14.8,42.61,34.36
2021-11-05 12:25:30 +0530,476580,17.3,15.6,42.55,34.32
2021-11-05 12:26:00 +0530,476581,23.2,13.0,42.68,34.27
2021-11-05 12:26:30 +0530,476582,19.2,15.3,42.85,34.27
2021-11-05 12:27:00 +0530,476583,16.1,14.5,42.88,34.29
2021-11-05 12:27:30 +0530,476584,13.6,11.3,42.69,34.27
2021-11-05 12:28:00 +0530,476585,15.1,13.7,42.78,34.29
2021-11-05 12:28:30 +0530,476586,15.8,14.4,42.85,34.31
2021-11-05 12:29:00 +0530,476587,16.4,14.8,42.85,34.33
2021-11-05 12:29:30 +0530,476588,25.8,15.8,42.92,34.34
2021-11-05 12:30:00 +0530,476589,19.1,15.9,42.74,34.36
2021-11-05 12:30:30 +0530,476590,16.4,14.9,42.78,34.38
2021-11-05 12:31:00 +0530,476591,16.4,14.9,42.78,34.38
2021-11-05 12:31:30 +0530,476592,14.1,12.6,43.19,34.33
2021-11-05 12:32:00 +0530,476593,22.2,15.7,42.78,34.39
2021-11-05 12:32:30 +0530,476594,17.3,15.3,42.65,34.45
2021-11-05 12:33:00 +0530,476595,17.6,15.8,42.56,34.48
2021-11-05 12:33:30 +0530,476596,26.8,24.4,42.5,34.51
2021-11-05 12:34:00 +0530,476597,13.5,11.0,42.53,34.52
2021-11-05 12:34:30 +0530,476598,13.5,11.8,42.36,34.52
2021-11-05 12:35:00 +0530,476599,16.7,15.1,42.32,34.54
2021-11-05 12:35:30 +0530,476600,23.4,21.4,42.36,34.56
2021-11-05 12:36:00 +0530,476601,26.8,21.7,42.26,34.6
2021-11-05 12:36:30 +0530,476602,32.6,29.6,42.25,34.62
2021-11-05 12:37:00 +0530,476603,24.9,16.2,42.48,34.64
2021-11-05 12:37:30 +0530,476604,21.3,15.6,42.58,34.65
2021-11-05 12:38:00 +0530,476605,15.6,13.7,42.42,34.63
2021-11-05 12:38:30 +0530,476606,30.7,28.4,42.16,34.61
2021-11-05 12:39:00 +0530,476607,16.2,14.6,42.23,34.59
2021-11-05 12:39:30 +0530,476608,18.6,15.1,42.26,34.55
2021-11-05 12:40:00 +0530,476609,17.6,15.8,42.23,34.51
2021-11-05 12:40:30 +0530,476610,20.4,15.4,42.34,34.45
2021-11-05 12:41:00 +0530,476611,19.0,15.6,42.37,34.39
2021-11-05 12:41:30 +0530,476612,21.7,13.6,42.68,34.34
2021-11-05 12:42:00 +0530,476613,31.4,17.1,42.95,34.32
2021-11-05 12:42:30 +0530,476614,41.1,18.0,43.02,34.34
2021-11-05 12:43:00 +0530,476615,41.1,18.0,43.02,34.34
2021-11-05 12:43:30 +0530,476616,15.7,12.7,43.56,34.07
2021-11-05 12:44:00 +0530,476617,30.2,13.5,43.49,34.09
2021-11-05 12:44:30 +0530,476618,20.2,15.2,43.38,34.17
2021-11-05 12:45:00 +0530,476619,26.0,23.0,43.31,34.22
2021-11-05 12:45:30 +0530,476620,21.0,12.7,43.58,34.26
2021-11-05 12:46:00 +0530,476621,25.2,17.7,43.26,34.33
2021-11-05 12:46:30 +0530,476622,17.9,14.3,42.92,34.37
2021-11-05 12:47:00 +0530,476623,21.5,14.6,42.51,34.4
2021-11-05 12:47:30 +0530,476624,30.4,16.6,42.74,34.44
2021-11-05 12:48:00 +0530,476625,17.8,14.3,41.86,34.45
2021-11-05 12:48:30 +0530,476626,11.4,10.3,41.86,34.42
2021-11-05 12:49:00 +0530,476627,15.2,13.8,41.45,34.45
2021-11-05 12:49:30 +0530,476628,19.7,18.0,41.34,34.47
2021-11-05 12:50:00 +0530,476629,15.1,9.4,41.76,34.38
2021-11-05 12:50:30 +0530,476630,21.7,19.7,41.45,34.46
2021-11-05 12:51:00 +0530,476631,23.8,21.7,41.41,34.51
2021-11-05 12:51:30 +0530,476632,23.8,21.7,41.41,34.51
2021-11-05 12:52:00 +0530,478158,14.0,10.9,42.1,34.42
2021-11-05 12:52:30 +0530,478159,19.2,12.1,41.85,34.51
2021-11-05 12:53:00 +0530,478160,12.6,11.2,41.85,34.6
2021-11-05 12:53:30 +0530,478161,15.5,14.2,41.7,34.66
2021-11-05 12:54:00 +0530,478162,13.7,11.3,41.39,34.68
2021-11-05 12:54:30 +0530,478163,16.1,14.4,40.92,34.68
2021-11-05 12:55:00 +0530,476634,11.4,10.2,40.78,34.68
2021-11-05 12:55:30 +0530,476635,14.8,13.6,40.54,34.66
2021-11-05 12:56:00 +0530,476633,15.9,14.5,40.3,34.64
2021-11-05 12:56:30 +0530,476636,17.1,15.7,40.49,34.6
2021-11-05 12:57:00 +0530,476637,11.8,10.6,40.55,34.53
2021-11-05 12:57:30 +0530,476638,14.1,12.7,40.83,34.49
2021-11-05 12:58:00 +0530,476639,13.9,12.6,40.83,34.47
2021-11-05 12:58:30 +0530,476640,19.0,17.4,41.18,34.46
2021-11-05 12:59:00 +0530,476641,23.0,21.1,41.1,34.47
2021-11-05 12:59:30 +0530,476642,17.0,14.7,41.34,34.49
2021-11-05 13:00:00 +0530,476643,12.9,11.6,40.69,34.5
2021-11-05 13:00:30 +0530,476644,15.1,12.2,40.55,34.51
2021-11-05 13:01:30 +0530,476645,13.9,11.8,40.65,34.46
2021-11-05 13:02:00 +0530,476646,16.6,15.1,40.59,34.47
2021-11-05 13:02:30 +0530,476647,16.9,12.1,40.74,34.47
2021-11-05 13:03:00 +0530,476648,12.4,11.3,40.84,34.45
2021-11-05 13:03:30 +0530,476649,12.2,11.3,40.64,34.42
2021-11-05 13:04:00 +0530,476650,12.5,11.4,40.64,34.4
2021-11-05 13:04:30 +0530,476651,12.5,11.4,40.64,34.4
2021-11-05 13:05:30 +0530,476652,14.1,10.4,40.92,34.25
2021-11-05 13:06:00 +0530,476653,16.7,12.8,40.88,34.29
2021-11-05 13:06:30 +0530,476654,15.4,13.4,40.91,34.34
2021-11-05 13:07:00 +0530,476655,62.5,19.9,40.5,34.37
2021-11-05 13:07:30 +0530,476656,6.7,6.1,40.74,34.38
2021-11-05 13:08:00 +0530,476657,13.2,11.9,40.88,34.44
2021-11-05 13:08:30 +0530,476658,10.4,9.6,40.91,34.42
2021-11-05 13:09:00 +0530,476659,13.3,12.2,40.81,34.45
2021-11-05 13:09:30 +0530,476660,13.1,12.0,40.81,34.45
2021-11-05 13:10:00 +0530,476661,9.2,8.1,41.37,34.25
2021-11-05 13:10:30 +0530,476662,14.8,12.3,40.97,34.32
2021-11-05 13:11:00 +0530,476663,5.4,2.7,41.01,34.32
2021-11-05 13:11:30 +0530,476664,25.5,14.8,41.39,34.38
2021-11-05 13:12:00 +0530,476665,15.8,12.6,41.45,34.42
2021-11-05 13:12:30 +0530,476666,15.0,10.1,41.29,34.45
2021-11-05 13:13:00 +0530,476667,12.3,11.1,40.52,34.47
2021-11-05 13:14:00 +0530,476668,12.3,9.1,40.43,34.44
2021-11-05 13:15:00 +0530,476669,10.3,9.3,40.2,34.46
2021-11-05 13:15:30 +0530,476670,13.2,11.6,40.29,34.47
2021-11-05 13:16:00 +0530,476671,13.8,11.7,40.55,34.47
2021-11-05 13:16:30 +0530,476672,13.1,11.8,40.65,34.48
2021-11-05 13:17:00 +0530,476673,13.4,12.0,40.55,34.48
2021-11-05 13:17:30 +0530,476674,15.8,11.9,40.59,34.48
2021-11-05 13:18:00 +0530,476675,16.0,12.0,40.59,34.48
2021-11-05 13:18:30 +0530,476676,28.6,26.2,40.81,34.4
2021-11-05 13:19:00 +0530,476677,26.2,23.9,40.84,34.45
2021-11-05 13:19:30 +0530,476678,16.4,13.6,40.91,34.46
2021-11-05 13:20:00 +0530,476679,16.5,12.7,40.59,34.49
2021-11-05 13:20:30 +0530,476680,15.6,12.8,40.52,34.49
2021-11-05 13:21:00 +0530,476681,13.4,10.2,41.18,34.35
2021-11-05 13:21:30 +0530,476682,31.6,28.3,41.3,34.46
2021-11-05 13:22:00 +0530,476683,16.3,11.8,40.79,34.52
2021-11-05 13:22:30 +0530,476684,11.1,8.6,40.32,34.56
2021-11-05 13:23:00 +0530,476685,15.4,11.7,39.88,34.62
2021-11-05 13:23:30 +0530,476686,20.3,13.3,39.93,34.66
2021-11-05 13:24:00 +0530,476687,14.9,12.2,40.13,34.68
2021-11-05 13:24:30 +0530,476688,12.4,11.1,39.69,34.69
2021-11-05 13:25:00 +0530,476689,7.7,7.0,39.52,34.68
2021-11-05 13:25:30 +0530,476690,11.6,8.2,39.69,34.66
2021-11-05 13:26:00 +0530,476691,12.9,11.6,39.86,34.65
2021-11-05 13:26:30 +0530,476692,12.9,11.6,39.96,34.68
2021-11-05 13:27:30 +0530,476693,9.3,8.3,40.15,34.46
2021-11-05 13:28:00 +0530,476694,12.3,11.2,40.29,34.48
2021-11-05 13:29:00 +0530,476695,26.6,23.9,40.46,34.46
2021-11-05 13:30:00 +0530,476696,26.4,23.8,40.79,34.52
2021-11-05 13:30:30 +0530,476697,28.0,25.7,40.49,34.56
2021-11-05 13:31:00 +0530,476698,27.3,25.0,40.68,34.61
2021-11-05 13:32:30 +0530,476699,23.7,21.7,40.58,34.65
2021-11-05 13:33:30 +0530,476700,8.9,8.3,41.08,34.46
2021-11-05 13:34:00 +0530,476701,8.9,8.3,41.08,34.46
2021-11-05 13:34:30 +0530,476702,8.9,8.3,41.08,34.46
2021-11-05 13:35:30 +0530,476703,20.9,18.7,41.2,34.22
2021-11-05 13:36:00 +0530,476704,20.9,18.7,41.2,34.22
2021-11-05 13:36:30 +0530,476705,36.9,32.7,41.16,34.25
2021-11-05 13:37:00 +0530,476706,34.8,28.1,41.16,34.25
2021-11-05 13:37:30 +0530,476707,33.6,30.4,40.97,34.32
2021-11-05 13:38:00 +0530,476708,29.7,26.8,41.08,34.39
2021-11-05 13:38:30 +0530,476709,28.2,25.5,41.01,34.44
2021-11-05 13:39:00 +0530,476710,28.2,25.5,41.01,34.44
2021-11-05 13:39:30 +0530,476711,28.2,25.5,41.01,34.44
2021-11-05 13:40:00 +0530,476712,29.2,27.1,41.26,34.25
2021-11-05 13:40:30 +0530,476713,27.9,25.4,41.22,34.36
2021-11-05 13:41:00 +0530,476714,28.7,25.7,40.94,34.46
2021-11-05 13:41:30 +0530,476715,28.8,26.1,40.83,34.49
2021-11-05 13:42:00 +0530,476716,37.2,34.6,41.0,34.49
2021-11-05 13:42:30 +0530,476717,26.0,24.5,40.94,34.47
2021-11-05 13:43:00 +0530,476718,36.2,33.6,40.94,34.46
2021-11-05 13:43:30 +0530,476719,36.2,33.6,40.94,34.46
2021-11-05 13:44:00 +0530,476720,29.5,26.7,41.29,34.32
2021-11-05 13:45:00 +0530,476721,22.2,20.6,40.5,34.38
2021-11-05 13:45:30 +0530,476722,34.4,31.3,40.57,34.36
2021-11-05 13:46:00 +0530,476723,34.4,31.3,40.57,34.36
2021-11-05 13:46:30 +0530,476724,34.4,31.3,40.57,34.36
2021-11-05 13:47:00 +0530,476725,34.4,31.3,40.57,34.36
2021-11-05 13:47:30 +0530,476726,23.9,22.2,41.77,33.91
2021-11-05 13:48:00 +0530,476727,26.0,24.2,41.31,33.99
2021-11-05 13:48:30 +0530,476728,26.0,24.2,41.31,33.99
2021-11-05 13:49:00 +0530,476729,28.8,26.4,41.56,33.97
2021-11-05 13:49:30 +0530,476730,27.2,22.4,41.35,34.1
2021-11-05 13:50:00 +0530,476731,31.2,23.6,41.2,34.19
2021-11-05 13:51:00 +0530,476732,9.1,8.2,41.41,34.16
2021-11-05 13:52:00 +0530,476733,25.2,23.0,41.08,34.36
2021-11-05 13:52:30 +0530,476734,24.1,22.0,40.94,34.39
2021-11-05 13:53:00 +0530,476735,24.1,22.0,40.94,34.39
2021-11-05 13:53:30 +0530,476736,24.1,22.0,40.94,34.39
2021-11-05 13:54:00 +0530,476737,24.1,22.0,40.94,34.39
2021-11-05 13:54:30 +0530,476738,22.2,20.5,41.81,34.21
2021-11-05 13:55:00 +0530,476739,22.2,20.5,41.81,34.21
2021-11-05 13:55:30 +0530,476740,22.2,20.5,41.81,34.21
2021-11-05 13:56:00 +0530,476741,29.2,26.6,41.29,34.33
2021-11-05 13:56:30 +0530,476742,13.5,7.6,40.46,34.5
2021-11-05 13:57:00 +0530,476743,14.3,8.6,40.46,34.5
2021-11-05 13:57:30 +0530,476744,14.3,8.6,40.46,34.5
2021-11-05 13:58:30 +0530,476745,3.6,3.0,40.29,34.55
2021-11-05 13:59:00 +0530,476746,15.9,14.5,40.29,34.63
2021-11-05 13:59:30 +0530,476747,15.9,14.5,40.29,34.63
2021-11-05 14:00:00 +0530,476748,50.6,24.2,40.72,34.59
2021-11-05 14:00:30 +0530,476749,37.1,28.6,40.2,34.77
2021-11-05 14:01:00 +0530,476750,35.8,28.4,40.2,34.79
2021-11-05 14:01:30 +0530,476751,35.8,28.4,40.2,34.79
2021-11-05 14:02:00 +0530,476752,35.8,28.4,40.2,34.79
2021-11-05 14:02:30 +0530,476753,35.8,28.4,40.2,34.79
2021-11-05 14:03:00 +0530,476754,29.4,27.2,40.93,34.65
2021-11-05 14:03:30 +0530,476755,36.6,30.8,40.2,34.79
2021-11-05 14:04:30 +0530,476756,26.4,23.7,40.05,34.93
2021-11-05 14:05:00 +0530,476757,26.4,23.7,40.05,34.93
2021-11-05 14:05:30 +0530,476758,26.4,23.7,40.05,34.93
2021-11-05 14:06:00 +0530,476759,26.4,23.7,40.05,34.93
2021-11-05 14:06:30 +0530,476760,26.4,23.7,40.05,34.93
2021-11-05 14:07:30 +0530,476761,25.5,23.8,39.52,34.78
2021-11-05 14:08:00 +0530,476762,29.0,27.1,39.07,34.92
2021-11-05 14:08:30 +0530,476763,26.4,24.6,38.93,34.95
2021-11-05 14:09:00 +0530,476764,26.4,24.6,38.93,34.95
2021-11-05 14:09:30 +0530,476765,25.8,23.6,39.62,34.78
2021-11-05 14:10:00 +0530,476766,23.2,21.1,39.49,34.79
2021-11-05 14:10:30 +0530,476767,23.2,21.1,39.49,34.79
2021-11-05 14:11:30 +0530,476768,24.9,22.9,39.65,34.91
2021-11-05 14:12:00 +0530,476769,27.8,25.5,39.49,34.98
2021-11-05 14:12:30 +0530,476770,27.8,25.5,39.49,34.98
2021-11-05 14:13:00 +0530,476771,27.8,25.5,39.49,34.98
2021-11-05 14:13:30 +0530,476772,27.8,25.5,39.49,34.98
2021-11-05 14:14:30 +0530,476773,11.4,8.8,39.79,34.78
2021-11-05 14:15:00 +0530,476774,11.4,8.8,39.79,34.78
2021-11-05 14:16:00 +0530,476775,30.2,27.8,39.51,34.89
2021-11-05 14:16:30 +0530,476776,26.0,24.0,39.22,35.03
2021-11-05 14:17:00 +0530,476777,25.7,23.8,39.19,35.05
2021-11-05 14:17:30 +0530,476778,27.2,25.7,39.39,35.05
2021-11-05 14:18:00 +0530,476779,27.2,25.7,39.39,35.05
2021-11-05 14:19:00 +0530,476780,9.1,7.6,39.85,34.86
2021-11-05 14:19:30 +0530,476781,9.1,7.6,39.85,34.86
2021-11-05 14:20:00 +0530,476782,24.5,22.6,40.0,34.77
2021-11-05 14:21:00 +0530,476783,12.9,9.6,39.72,34.84
2021-11-05 14:21:30 +0530,476784,12.9,9.6,39.72,34.84
2021-11-05 14:22:00 +0530,476785,12.9,9.6,39.72,34.84
2021-11-05 14:22:30 +0530,476786,25.1,22.7,40.44,34.68
2021-11-05 14:23:30 +0530,476787,26.9,24.5,39.68,34.91
2021-11-05 14:24:00 +0530,476788,26.2,24.2,39.65,34.93
2021-11-05 14:24:30 +0530,476789,31.4,10.7,39.83,34.81
2021-11-05 14:25:00 +0530,476790,27.4,24.6,39.68,34.89
2021-11-05 14:25:30 +0530,476791,27.4,24.6,39.68,34.89
2021-11-05 14:26:00 +0530,476792,27.4,24.6,39.68,34.89
2021-11-05 14:26:30 +0530,476793,27.4,24.6,39.68,34.89
2021-11-05 14:27:00 +0530,476794,27.4,24.6,39.68,34.89
2021-11-05 14:28:00 +0530,476795,20.7,19.1,39.5,34.6
2021-11-05 14:28:30 +0530,476796,25.9,24.0,39.11,34.76
2021-11-05 14:29:30 +0530,476797,22.2,20.6,38.76,34.95
2021-11-05 14:30:00 +0530,476798,24.4,22.7,38.76,34.96
2021-11-05 14:30:30 +0530,476799,17.7,12.8,38.79,34.96
2021-11-05 14:31:30 +0530,476800,24.1,22.0,38.75,35.03
2021-11-05 14:32:00 +0530,476801,24.1,22.0,38.75,35.03
2021-11-05 14:32:30 +0530,476802,24.1,22.0,38.75,35.03
2021-11-05 14:33:00 +0530,476803,24.1,22.0,38.75,35.03
2021-11-05 14:33:30 +0530,476804,24.1,22.0,38.75,35.03
2021-11-05 14:34:00 +0530,476805,24.1,22.0,38.75,35.03
2021-11-05 14:34:30 +0530,476806,24.1,22.0,38.75,35.03
2021-11-05 14:35:30 +0530,476807,21.1,19.4,39.49,34.77
2021-11-05 14:36:00 +0530,476808,27.9,25.9,38.72,34.95
2021-11-05 14:36:30 +0530,476809,25.9,24.0,38.69,34.95
2021-11-05 14:37:00 +0530,476810,25.9,24.0,38.69,34.95
2021-11-05 14:38:00 +0530,476811,9.3,7.2,39.25,34.75
2021-11-05 14:38:30 +0530,476812,9.3,7.2,39.25,34.75
2021-11-05 14:39:30 +0530,476813,21.9,19.4,39.4,34.84
2021-11-05 14:40:00 +0530,476814,21.9,19.4,39.4,34.84
2021-11-05 14:40:30 +0530,476815,28.6,26.4,39.44,34.9
2021-11-05 14:41:30 +0530,476816,21.3,19.3,39.01,35.12
2021-11-05 14:42:00 +0530,476817,21.3,19.3,39.01,35.12
2021-11-05 14:42:30 +0530,476818,21.3,19.3,39.01,35.12
2021-11-05 14:43:00 +0530,476819,21.3,19.3,39.01,35.12
2021-11-05 14:43:30 +0530,476820,5.7,5.2,39.78,34.85
2021-11-05 14:44:00 +0530,476821,15.4,10.2,39.78,34.85
2021-11-05 14:45:30 +0530,476822,26.6,24.1,38.86,35.24
2021-11-05 14:46:00 +0530,476823,29.2,26.7,39.04,35.28
2021-11-05 14:46:30 +0530,476824,29.2,26.7,39.04,35.28
2021-11-05 14:47:00 +0530,476825,36.0,32.5,39.52,35.18
2021-11-05 14:48:00 +0530,476826,7.9,7.3,39.24,35.23
2021-11-05 14:48:30 +0530,476827,21.0,19.1,38.86,35.3
2021-11-05 14:49:00 +0530,476828,28.1,25.8,38.51,35.35
2021-11-05 14:49:30 +0530,476829,29.3,27.3,38.61,35.37
2021-11-05 14:50:00 +0530,476830,29.4,27.5,38.14,35.42
2021-11-05 14:50:30 +0530,476831,26.2,24.3,38.1,35.48
2021-11-05 14:51:00 +0530,476832,26.2,24.3,38.1,35.48
2021-11-05 14:51:30 +0530,476833,26.2,24.3,38.1,35.48
2021-11-05 14:52:30 +0530,476834,31.0,27.6,38.48,35.39
2021-11-05 14:53:00 +0530,476835,28.8,25.9,38.07,35.45
2021-11-05 14:53:30 +0530,476836,28.4,25.7,38.07,35.45
2021-11-05 14:54:00 +0530,476837,23.2,21.7,38.14,35.4
2021-11-05 14:54:30 +0530,476838,23.2,21.7,38.14,35.4
2021-11-05 14:55:00 +0530,476839,23.2,21.7,38.14,35.4
2021-11-05 14:55:30 +0530,476840,23.2,21.7,38.14,35.4
2021-11-05 14:56:00 +0530,476841,23.2,21.7,38.14,35.4
2021-11-05 14:57:00 +0530,476842,24.5,22.9,38.6,34.71
2021-11-05 14:57:30 +0530,476843,24.5,22.9,38.6,34.71
2021-11-05 14:58:00 +0530,476844,24.5,22.9,38.6,34.71
2021-11-05 14:59:00 +0530,476845,19.6,10.9,39.55,34.39
2021-11-05 14:59:30 +0530,476846,19.6,10.9,39.55,34.39
2021-11-05 15:00:00 +0530,476847,26.9,24.9,39.55,34.32
2021-11-05 15:00:30 +0530,476849,20.6,17.9,39.21,34.46
2021-11-05 15:01:00 +0530,476848,20.6,17.9,39.21,34.46
2021-11-05 15:01:30 +0530,476850,20.6,17.9,39.21,34.46
2021-11-05 15:02:01 +0530,476851,20.6,17.9,39.21,34.46
2021-11-05 15:02:30 +0530,476852,20.6,17.9,39.21,34.46
2021-11-05 15:03:00 +0530,476853,20.6,17.9,39.21,34.46
2021-11-05 15:03:30 +0530,476854,20.6,17.9,39.21,34.46
2021-11-05 15:04:30 +0530,476855,26.9,24.5,39.55,34.47
2021-11-05 15:05:00 +0530,476856,26.8,24.5,39.46,34.5
2021-11-05 15:05:30 +0530,476857,26.8,24.5,39.46,34.5
2021-11-05 15:06:30 +0530,476858,13.1,7.3,39.14,34.68
2021-11-05 15:07:00 +0530,476859,16.9,8.1,39.14,34.68
2021-11-05 15:07:30 +0530,476860,24.4,15.8,39.32,34.75
2021-11-05 15:08:30 +0530,476861,27.1,24.4,38.91,34.98
2021-11-05 15:09:00 +0530,476862,27.3,25.3,38.64,35.14
2021-11-05 15:09:30 +0530,476863,27.8,25.5,38.46,35.25
2021-11-05 15:10:00 +0530,476864,26.7,24.8,38.17,35.37
2021-11-05 15:10:30 +0530,476865,26.7,24.9,38.17,35.38
2021-11-05 15:11:00 +0530,476866,22.3,20.4,38.24,35.39
2021-11-05 15:11:30 +0530,476867,20.3,18.6,38.27,35.4
2021-11-05 15:12:00 +0530,476868,20.3,18.6,38.27,35.4
2021-11-05 15:12:30 +0530,476869,20.3,18.6,38.27,35.4
2021-11-05 15:13:00 +0530,476870,29.6,27.7,38.59,35.14
2021-11-05 15:13:30 +0530,476871,30.2,28.2,38.46,35.2
2021-11-05 15:14:00 +0530,476872,30.2,28.2,38.46,35.2
2021-11-05 15:14:30 +0530,476873,31.7,29.4,38.64,35.05
2021-11-05 15:15:00 +0530,476874,31.7,29.4,38.64,35.05
2021-11-05 15:15:30 +0530,476875,6.9,6.4,38.88,34.81
2021-11-05 15:16:00 +0530,476876,24.1,22.2,38.65,34.89
2021-11-05 15:16:30 +0530,476877,24.1,22.2,38.65,34.89
2021-11-05 15:17:30 +0530,476878,11.4,7.3,39.14,34.68
2021-11-05 15:18:00 +0530,476879,37.5,35.4,38.98,34.68
2021-11-05 15:18:30 +0530,476880,8.2,7.4,38.78,34.63
2021-11-05 15:19:30 +0530,476881,23.4,21.6,38.67,34.7
2021-11-05 15:20:00 +0530,476882,23.4,21.6,38.67,34.7
2021-11-05 15:20:30 +0530,476883,23.4,21.6,38.67,34.7
2021-11-05 15:21:00 +0530,476884,31.5,29.3,39.31,34.49
2021-11-05 15:21:30 +0530,476885,31.5,29.3,39.31,34.49
2021-11-05 15:22:00 +0530,476886,31.5,29.3,39.31,34.49
2021-11-05 15:22:30 +0530,476887,31.0,29.1,39.72,34.42
2021-11-05 15:23:00 +0530,476888,31.0,29.1,39.72,34.42
2021-11-05 15:23:30 +0530,476889,29.6,26.9,39.74,34.59
2021-11-05 15:24:00 +0530,476890,26.1,23.8,39.74,34.63
2021-11-05 15:24:30 +0530,476891,26.1,23.8,39.74,34.63
2021-11-05 15:25:00 +0530,476892,26.1,23.8,39.74,34.63
2021-11-05 15:26:00 +0530,476893,27.1,24.7,40.17,34.68
2021-11-05 15:26:30 +0530,476894,30.0,27.1,40.2,34.7
2021-11-05 15:27:00 +0530,476895,30.0,27.1,40.2,34.7
2021-11-05 15:27:30 +0530,476896,11.8,9.1,40.23,34.7
2021-11-05 15:28:00 +0530,476897,29.3,26.3,40.09,34.84
2021-11-05 15:28:30 +0530,476898,29.4,26.5,39.95,34.94
2021-11-05 15:29:00 +0530,476899,29.3,26.7,39.94,34.98
2021-11-05 15:29:30 +0530,476900,32.2,29.4,39.91,34.95
2021-11-05 15:30:30 +0530,476901,4.4,4.0,39.95,34.95
2021-11-05 15:31:30 +0530,476902,12.1,8.3,40.4,34.8
2021-11-05 15:32:00 +0530,476903,12.1,8.3,40.4,34.8
2021-11-05 15:32:30 +0530,476904,12.1,8.3,40.4,34.8
2021-11-05 15:33:00 +0530,476905,12.1,8.3,40.4,34.8
2021-11-05 15:34:00 +0530,476906,27.3,24.8,40.52,34.57
2021-11-05 15:34:30 +0530,476907,26.3,23.9,40.52,34.57
2021-11-05 15:35:00 +0530,476908,26.3,23.9,40.52,34.57
2021-11-05 15:36:00 +0530,476909,8.8,7.9,39.97,34.62
2021-11-05 15:37:00 +0530,476910,16.9,15.7,40.11,34.56
2021-11-05 15:37:30 +0530,476911,21.6,19.7,40.01,34.53
2021-11-05 15:38:30 +0530,476912,8.3,7.7,39.94,34.51
2021-11-05 15:39:00 +0530,476913,8.4,6.7,40.03,34.47
2021-11-05 15:40:00 +0530,476914,23.4,21.9,39.4,34.53
2021-11-05 15:40:30 +0530,476915,8.4,7.6,39.31,34.48
2021-11-05 15:41:00 +0530,476916,24.9,23.1,39.02,34.57
2021-11-05 15:42:00 +0530,476917,22.1,20.2,39.11,34.67
2021-11-05 15:42:30 +0530,476918,8.6,7.7,39.33,34.55
2021-11-05 15:43:00 +0530,476919,24.0,22.1,39.23,34.62
2021-11-05 15:43:30 +0530,476920,34.2,31.5,39.11,34.63
2021-11-05 15:44:00 +0530,476921,34.2,31.5,39.11,34.63
2021-11-05 15:44:30 +0530,476922,34.2,31.5,39.11,34.63
2021-11-05 15:45:00 +0530,476923,34.2,31.5,39.11,34.63
2021-11-05 15:45:30 +0530,476924,29.0,26.1,40.07,34.27
2021-11-05 15:46:00 +0530,476925,27.2,25.1,39.99,34.39
2021-11-05 15:46:30 +0530,476926,26.2,23.8,40.01,34.51
2021-11-05 15:47:00 +0530,476927,26.1,23.7,40.01,34.52
2021-11-05 15:48:00 +0530,476928,28.1,26.0,40.59,34.47
2021-11-05 15:48:30 +0530,476929,28.9,26.7,40.46,34.55
2021-11-05 15:49:00 +0530,476930,29.0,26.8,40.42,34.56
2021-11-05 15:49:30 +0530,476931,29.0,26.8,40.42,34.56
2021-11-05 15:50:00 +0530,476932,29.0,26.8,40.42,34.56
2021-11-05 15:50:30 +0530,476933,33.2,30.6,41.2,34.23
2021-11-05 15:51:00 +0530,476934,29.8,27.3,41.25,34.35
2021-11-05 15:51:30 +0530,476935,28.6,26.6,41.01,34.46
2021-11-05 15:52:30 +0530,476936,9.5,8.6,41.11,34.42
2021-11-05 15:53:30 +0530,476937,26.0,23.4,41.52,34.37
2021-11-05 15:54:00 +0530,476938,30.4,24.6,41.29,34.46
2021-11-05 15:54:30 +0530,476939,32.6,25.7,41.1,34.51
2021-11-05 15:56:00 +0530,476940,32.2,29.6,41.08,34.44
2021-11-05 15:56:30 +0530,476941,28.2,25.8,41.11,34.47
2021-11-05 15:57:00 +0530,476942,28.2,25.8,41.11,34.47
2021-11-05 15:58:00 +0530,476943,20.8,11.4,41.71,34.25
2021-11-05 15:59:00 +0530,476944,64.0,30.8,41.9,34.33
2021-11-05 15:59:30 +0530,476945,37.2,33.1,41.3,34.47
2021-11-05 16:00:00 +0530,476946,40.5,30.7,41.27,34.5
2021-11-05 16:00:30 +0530,476947,40.5,30.7,41.27,34.5
2021-11-05 16:01:00 +0530,476948,26.5,23.7,41.36,34.4
2021-11-05 16:01:30 +0530,476949,28.3,25.6,41.01,34.48
2021-11-05 16:02:00 +0530,476950,36.2,33.2,40.83,34.53
2021-11-05 16:02:30 +0530,476951,36.2,33.2,40.83,34.53
2021-11-05 16:03:30 +0530,476952,29.4,26.7,40.52,34.48
2021-11-05 16:04:00 +0530,476953,31.5,28.5,40.22,34.54
2021-11-05 16:04:30 +0530,476954,32.6,30.0,39.72,34.64
2021-11-05 16:05:00 +0530,476955,29.3,27.1,39.59,34.69
2021-11-05 16:05:30 +0530,476956,29.3,27.1,39.59,34.69
2021-11-05 16:06:00 +0530,476957,29.3,27.1,39.59,34.69
2021-11-05 16:07:00 +0530,476958,22.7,19.6,40.38,34.29
2021-11-05 16:07:30 +0530,476959,22.7,19.6,40.38,34.29
2021-11-05 16:08:30 +0530,476960,27.9,25.3,39.99,34.35
2021-11-05 16:09:00 +0530,476961,29.8,27.2,39.99,34.38
2021-11-05 16:09:30 +0530,476962,29.8,27.2,39.99,34.38
2021-11-05 16:10:30 +0530,476963,26.0,23.9,40.21,34.25
2021-11-05 16:11:00 +0530,476964,84.1,51.4,39.65,34.45
2021-11-05 16:11:30 +0530,476965,61.8,39.9,39.67,34.57
2021-11-05 16:12:30 +0530,476966,17.9,16.2,39.62,34.68
2021-11-05 16:13:00 +0530,476967,24.8,22.5,39.72,34.62
2021-11-05 16:13:30 +0530,476968,29.1,26.4,39.52,34.68
2021-11-05 16:14:30 +0530,476969,30.0,27.4,39.83,34.71
2021-11-05 16:15:00 +0530,476970,28.5,25.8,39.83,34.78
2021-11-05 16:15:30 +0530,476971,4.2,3.8,40.07,34.68
2021-11-05 16:16:00 +0530,476972,14.5,10.1,39.72,34.73
2021-11-05 16:16:30 +0530,476973,23.3,21.2,39.49,34.78
2021-11-05 16:17:00 +0530,476974,23.3,21.2,39.49,34.78
2021-11-05 16:17:30 +0530,476975,23.3,21.2,39.49,34.78
2021-11-05 16:18:00 +0530,476976,29.1,26.2,40.18,34.53
2021-11-05 16:18:30 +0530,476977,29.7,26.9,40.18,34.61
2021-11-05 16:19:30 +0530,476978,13.9,11.3,40.46,34.51
2021-11-05 16:20:30 +0530,476979,31.3,27.9,40.9,34.51
2021-11-05 16:21:00 +0530,476980,31.3,27.9,40.9,34.51
2021-11-05 16:21:30 +0530,476981,31.3,27.9,40.9,34.51
2021-11-05 16:22:00 +0530,476982,31.3,27.9,40.9,34.51
2021-11-05 16:22:30 +0530,476983,31.3,27.9,40.9,34.51
2021-11-05 16:23:00 +0530,476984,31.3,27.9,40.9,34.51
2021-11-05 16:23:30 +0530,476985,31.3,27.9,40.9,34.51
2021-11-05 16:24:00 +0530,476986,35.9,32.3,41.86,34.3
2021-11-05 16:24:30 +0530,476987,31.5,28.2,41.55,34.48
2021-11-05 16:25:00 +0530,476988,13.4,12.0,41.3,34.57
2021-11-05 16:26:00 +0530,476989,23.2,11.9,41.26,34.67
2021-11-05 16:26:30 +0530,476990,23.2,11.9,41.26,34.67
2021-11-05 16:27:00 +0530,476991,51.2,12.7,41.61,34.51
2021-11-05 16:28:00 +0530,476992,61.2,31.6,41.29,34.63
2021-11-05 16:28:30 +0530,476993,73.9,35.1,41.26,34.71
2021-11-05 16:29:00 +0530,476994,60.6,32.8,41.12,34.79
2021-11-05 16:29:30 +0530,476995,60.6,32.8,41.12,34.79
2021-11-05 16:30:00 +0530,476996,60.6,32.8,41.12,34.79
2021-11-05 16:30:30 +0530,476997,26.9,24.5,41.52,34.41
2021-11-05 16:31:00 +0530,476998,26.9,24.5,41.52,34.41
2021-11-05 16:31:30 +0530,476999,26.9,24.5,41.52,34.41
2021-11-05 16:32:00 +0530,477000,26.9,24.5,41.52,34.41
2021-11-05 16:32:30 +0530,477001,34.1,30.6,42.16,33.99
2021-11-05 16:33:00 +0530,477002,24.5,22.1,41.94,34.17
2021-11-05 16:34:30 +0530,477003,29.9,24.4,41.57,34.25
2021-11-05 16:35:00 +0530,477004,29.9,24.4,41.57,34.25
2021-11-05 16:35:30 +0530,477005,29.9,24.4,41.57,34.25
2021-11-05 16:36:00 +0530,477006,14.9,10.6,42.1,33.95
2021-11-05 16:37:00 +0530,477007,25.1,23.1,41.75,34.02
2021-11-05 16:37:30 +0530,477008,25.1,23.1,41.75,34.02
2021-11-05 16:38:00 +0530,477009,33.1,30.6,41.77,33.93
2021-11-05 16:38:30 +0530,477010,30.7,28.4,41.41,33.93
2021-11-05 16:39:00 +0530,477011,28.5,26.3,41.41,33.93
2021-11-05 16:39:30 +0530,477012,35.8,33.1,41.52,33.9
2021-11-05 16:40:00 +0530,477013,31.9,29.6,41.39,33.92
2021-11-05 16:40:30 +0530,477014,30.1,27.4,41.41,33.96
2021-11-05 16:41:00 +0530,477015,30.9,28.2,41.48,34.0
2021-11-05 16:42:00 +0530,477016,27.9,25.4,41.59,33.92
2021-11-05 16:42:30 +0530,477017,27.9,25.4,41.59,33.92
2021-11-05 16:43:00 +0530,477018,14.4,11.3,42.13,33.61
2021-11-05 16:43:30 +0530,477019,31.0,28.1,41.98,33.72
2021-11-05 16:44:00 +0530,477020,31.8,29.0,41.95,33.76
2021-11-05 16:45:00 +0530,477021,37.1,28.1,42.32,33.67
2021-11-05 16:46:00 +0530,477022,28.3,19.7,42.45,33.71
2021-11-05 16:47:00 +0530,477023,32.7,28.4,42.57,33.57
2021-11-05 16:47:30 +0530,477024,33.2,27.9,42.61,33.58
2021-11-05 16:48:00 +0530,477025,33.8,30.4,42.57,33.58
2021-11-05 16:49:00 +0530,477026,15.1,10.1,42.68,33.58
2021-11-05 16:49:30 +0530,477027,15.1,10.1,42.68,33.58
2021-11-05 16:50:00 +0530,477028,38.6,35.1,43.03,33.44
2021-11-05 16:50:30 +0530,477029,36.8,32.9,42.84,33.48
2021-11-05 16:51:00 +0530,477030,32.5,29.0,42.68,33.52
2021-11-05 16:51:30 +0530,477031,32.3,28.8,42.64,33.56
2021-11-05 16:52:00 +0530,477032,32.3,29.2,42.57,33.58
2021-11-05 16:53:00 +0530,477033,21.6,13.3,42.84,33.46
2021-11-05 16:53:30 +0530,477034,32.3,26.7,42.74,33.51
2021-11-05 16:54:00 +0530,477035,53.8,35.8,42.81,33.5
2021-11-05 16:54:30 +0530,477036,56.3,33.9,42.84,33.49
2021-11-05 16:55:00 +0530,477037,56.3,33.9,42.84,33.49
2021-11-05 16:56:00 +0530,477038,33.9,29.6,43.38,33.16
2021-11-05 16:56:30 +0530,477039,36.3,30.7,43.24,33.23
2021-11-05 16:57:00 +0530,477040,34.0,30.3,43.27,33.27
2021-11-05 16:57:30 +0530,477041,33.3,30.5,43.07,33.21
2021-11-05 16:58:00 +0530,477042,24.0,15.9,43.27,33.25
2021-11-05 16:58:30 +0530,477043,32.9,29.4,43.19,33.3
2021-11-05 16:59:00 +0530,477044,76.8,35.3,43.1,33.31
2021-11-05 16:59:30 +0530,477045,36.5,28.9,43.03,33.33
2021-11-05 17:00:00 +0530,477046,32.7,29.4,43.03,33.36
2021-11-05 17:01:00 +0530,477047,29.0,13.8,43.45,33.12
2021-11-05 17:01:30 +0530,477048,29.0,13.8,43.45,33.12
2021-11-05 17:02:00 +0530,477049,45.3,42.2,43.91,32.9
2021-11-05 17:02:30 +0530,477050,45.3,42.2,43.91,32.9
2021-11-05 17:03:00 +0530,477051,45.3,42.2,43.91,32.9
2021-11-05 17:04:00 +0530,477052,33.8,30.2,44.43,32.69
2021-11-05 17:04:30 +0530,477053,35.9,32.2,44.32,32.81
2021-11-05 17:05:00 +0530,477054,24.2,13.2,44.22,32.85
2021-11-05 17:06:00 +0530,477055,35.4,31.7,44.03,32.96
2021-11-05 17:06:30 +0530,477056,34.2,30.7,44.0,32.97
2021-11-05 17:07:00 +0530,477057,34.2,30.7,44.0,32.97
2021-11-05 17:07:30 +0530,477058,34.2,30.7,44.0,32.97
2021-11-05 17:08:00 +0530,477059,34.2,30.7,44.0,32.97
2021-11-05 17:08:30 +0530,477060,50.4,45.8,44.88,32.47
2021-11-05 17:09:00 +0530,477061,33.5,31.2,44.71,32.53
2021-11-05 17:11:00 +0530,477062,31.4,28.3,44.93,32.57
2021-11-05 17:11:30 +0530,477063,36.0,32.4,44.93,32.62
2021-11-05 17:12:00 +0530,477064,35.4,32.4,44.74,32.72
2021-11-05 17:13:00 +0530,477065,30.3,27.4,44.72,32.82
2021-11-05 17:13:30 +0530,477066,31.1,27.7,44.42,32.85
2021-11-05 17:14:00 +0530,477067,27.6,25.1,44.23,32.9
2021-11-05 17:14:30 +0530,477068,29.2,26.6,44.16,32.94
2021-11-05 17:15:30 +0530,477069,34.6,31.7,44.28,32.85
2021-11-05 17:16:00 +0530,477070,32.4,29.5,44.28,32.85
2021-11-05 17:16:30 +0530,477071,32.4,29.5,44.28,32.85
2021-11-05 17:17:00 +0530,477072,32.4,29.5,44.28,32.85
2021-11-05 17:17:30 +0530,477073,32.4,29.5,44.28,32.85
2021-11-05 17:18:00 +0530,477074,31.3,28.6,45.12,32.44
2021-11-05 17:18:30 +0530,477075,29.6,26.6,45.12,32.44
2021-11-05 17:19:00 +0530,477076,38.6,34.9,45.05,32.55
2021-11-05 17:19:30 +0530,477077,18.4,13.3,45.05,32.47
2021-11-05 17:20:00 +0530,477078,31.8,29.2,44.53,32.6
2021-11-05 17:20:30 +0530,477079,30.6,28.2,44.19,32.68
2021-11-05 17:21:00 +0530,477080,32.1,29.2,44.18,32.74
2021-11-05 17:21:30 +0530,477081,32.0,29.1,44.25,32.76
2021-11-05 17:23:00 +0530,477082,29.1,26.7,43.94,32.77
2021-11-05 17:24:30 +0530,477083,32.3,29.6,44.29,32.62
2021-11-05 17:25:00 +0530,477084,30.5,27.9,44.19,32.63
2021-11-05 17:25:30 +0530,477085,30.5,27.9,44.19,32.63
2021-11-05 17:26:00 +0530,477086,30.5,27.9,44.19,32.63
2021-11-05 17:26:30 +0530,477087,30.5,27.9,44.19,32.63
2021-11-05 17:27:00 +0530,477088,30.5,27.9,44.19,32.63
2021-11-05 17:27:30 +0530,477089,32.8,29.8,45.28,32.23
2021-11-05 17:28:00 +0530,477090,31.0,28.2,45.06,32.32
2021-11-05 17:28:30 +0530,477091,31.0,28.2,45.06,32.32
2021-11-05 17:29:00 +0530,477092,31.0,28.2,45.06,32.32
2021-11-05 17:29:30 +0530,477093,15.2,12.7,45.21,32.25
2021-11-05 17:30:30 +0530,477094,69.1,35.4,44.88,32.45
2021-11-05 17:31:00 +0530,477095,62.9,32.3,44.88,32.45
2021-11-05 17:31:30 +0530,477096,62.9,32.3,44.88,32.45
2021-11-05 17:32:30 +0530,477097,23.9,12.1,45.41,32.2
2021-11-05 17:33:00 +0530,477098,42.5,38.2,45.41,32.24
2021-11-05 17:33:30 +0530,477099,42.5,38.2,45.41,32.24
2021-11-05 17:34:00 +0530,477100,42.5,38.2,45.41,32.24
2021-11-05 17:35:00 +0530,477101,41.0,37.1,45.85,32.13
2021-11-05 17:36:00 +0530,477102,39.0,30.3,45.67,32.28
2021-11-05 17:36:30 +0530,477103,33.4,30.4,45.23,32.41
2021-11-05 17:37:30 +0530,477104,28.3,13.6,45.09,32.45
2021-11-05 17:38:00 +0530,477105,28.3,13.6,45.09,32.45
2021-11-05 17:38:30 +0530,477106,28.3,13.6,45.09,32.45
2021-11-05 17:39:00 +0530,477107,28.3,13.6,45.09,32.45
2021-11-05 17:39:30 +0530,477108,18.9,11.8,46.02,32.02
2021-11-05 17:40:00 +0530,477109,18.9,11.8,46.02,32.02
2021-11-05 17:40:30 +0530,477110,18.9,11.8,46.02,32.02
2021-11-05 17:41:00 +0530,477111,31.9,29.1,45.96,32.05
2021-11-05 17:41:30 +0530,477112,32.5,29.8,45.71,32.18
2021-11-05 17:42:00 +0530,477113,32.5,29.8,45.71,32.18
2021-11-05 17:43:00 +0530,477114,28.3,14.1,46.09,32.01
2021-11-05 17:44:00 +0530,477115,33.4,30.0,46.19,32.12
2021-11-05 17:44:30 +0530,477116,33.4,30.0,46.19,32.12
2021-11-05 17:45:00 +0530,477117,37.5,33.7,46.05,32.2
2021-11-05 17:45:30 +0530,477118,36.6,32.9,45.94,32.31
2021-11-05 17:46:00 +0530,477119,34.8,31.4,45.73,32.38
2021-11-05 17:46:30 +0530,477120,29.0,25.8,45.91,32.3
2021-11-05 17:47:00 +0530,477121,35.6,32.0,45.64,32.39
2021-11-05 17:47:30 +0530,477122,36.0,32.4,45.56,32.43
2021-11-05 17:48:00 +0530,477123,36.0,32.4,45.56,32.43
2021-11-05 17:48:30 +0530,477124,48.1,29.3,45.73,32.31
2021-11-05 17:49:00 +0530,477125,38.3,34.5,45.5,32.41
2021-11-05 17:49:30 +0530,477126,34.8,31.6,45.39,32.47
2021-11-05 17:50:00 +0530,477127,34.8,31.6,45.42,32.47
2021-11-05 17:50:30 +0530,477128,41.3,37.9,45.49,32.48
2021-11-05 17:51:30 +0530,477129,29.6,26.6,45.63,32.41
2021-11-05 17:52:30 +0530,477130,30.5,13.3,46.04,32.29
2021-11-05 17:53:00 +0530,477131,36.1,32.4,45.91,32.39
2021-11-05 17:53:30 +0530,477132,28.2,25.7,45.7,32.46
2021-11-05 17:54:00 +0530,477133,11.6,9.2,45.59,32.47
2021-11-05 17:54:30 +0530,477134,32.4,29.2,45.56,32.55
2021-11-05 17:55:00 +0530,477135,33.2,29.1,45.68,32.59
2021-11-05 17:55:30 +0530,477136,35.5,31.8,45.65,32.62
2021-11-05 17:56:00 +0530,477137,35.5,31.8,45.65,32.62
2021-11-05 17:56:30 +0530,477138,33.0,30.0,46.1,32.46
2021-11-05 17:57:00 +0530,477139,33.0,30.0,46.1,32.46
2021-11-05 17:57:30 +0530,477140,33.0,30.0,46.1,32.46
2021-11-05 17:58:00 +0530,477141,33.0,30.0,46.1,32.46
2021-11-05 17:58:30 +0530,477142,33.0,30.0,46.1,32.46
2021-11-05 17:59:30 +0530,477143,36.3,32.4,46.75,32.26
2021-11-05 18:00:00 +0530,477144,39.5,33.7,46.45,32.4
2021-11-05 18:00:30 +0530,477145,37.4,33.3,46.2,32.46
2021-11-05 18:01:00 +0530,477146,42.8,35.1,46.0,32.53
2021-11-05 18:01:30 +0530,477147,41.4,36.0,45.96,32.59
2021-11-05 18:02:00 +0530,477148,45.7,34.9,45.92,32.64
2021-11-05 18:03:00 +0530,477149,16.3,12.8,45.65,32.61
2021-11-05 18:03:30 +0530,477150,45.7,37.7,45.75,32.6
2021-11-05 18:04:00 +0530,477151,65.1,45.2,45.65,32.66
2021-11-05 18:04:30 +0530,477152,46.7,36.1,45.45,32.69
2021-11-05 18:05:00 +0530,477153,61.8,39.0,45.48,32.73
2021-11-05 18:05:30 +0530,477154,61.8,39.0,45.48,32.73
2021-11-05 18:06:00 +0530,477155,61.8,39.0,45.48,32.73
2021-11-05 18:06:30 +0530,477156,39.7,35.6,46.07,32.42
2021-11-05 18:07:00 +0530,477157,37.3,33.4,46.03,32.48
2021-11-05 18:07:30 +0530,477158,37.3,33.4,46.03,32.48
2021-11-05 18:08:00 +0530,477159,39.3,35.6,46.27,32.41
2021-11-05 18:08:30 +0530,477160,39.4,34.7,46.13,32.49
2021-11-05 18:09:00 +0530,477161,46.9,34.0,46.1,32.55
2021-11-05 18:09:30 +0530,477162,47.0,33.9,46.1,32.55
2021-11-05 18:10:00 +0530,477163,47.0,33.9,46.1,32.55
2021-11-05 18:12:30 +0530,477164,41.5,15.4,47.22,31.98
2021-11-05 18:13:00 +0530,477165,41.5,15.4,47.22,31.98
2021-11-05 18:14:00 +0530,477166,36.3,32.9,47.07,32.08
2021-11-05 18:14:30 +0530,477167,36.3,32.9,47.03,32.1
2021-11-05 18:15:00 +0530,477168,36.3,32.9,47.03,32.1
2021-11-05 18:15:30 +0530,477169,36.3,32.9,47.03,32.1
2021-11-05 18:16:30 +0530,477170,38.6,35.9,47.41,31.95
2021-11-05 18:17:00 +0530,477171,38.6,35.9,47.41,31.95
2021-11-05 18:18:00 +0530,477172,7.7,6.5,47.49,31.9
2021-11-05 18:18:30 +0530,477173,54.2,19.4,47.56,31.87
2021-11-05 18:19:30 +0530,477174,37.4,33.6,47.51,31.95
2021-11-05 18:20:00 +0530,477175,37.4,33.6,47.51,31.95
2021-11-05 18:20:30 +0530,477176,17.1,15.4,47.32,31.92
2021-11-05 18:21:30 +0530,477177,36.8,33.4,47.07,32.09
2021-11-05 18:22:00 +0530,477178,36.5,33.4,46.66,32.14
2021-11-05 18:23:00 +0530,477179,19.0,16.9,46.77,32.08
2021-11-05 18:23:30 +0530,477180,19.0,16.9,46.77,32.08
2021-11-05 18:24:00 +0530,477181,19.0,16.9,46.77,32.08
2021-11-05 18:25:00 +0530,477182,53.9,30.8,47.57,31.66
2021-11-05 18:25:30 +0530,477183,53.9,30.8,47.57,31.66
2021-11-05 18:26:30 +0530,477184,24.0,21.8,47.67,31.67
2021-11-05 18:27:00 +0530,477185,27.8,25.3,47.7,31.72
2021-11-05 18:27:30 +0530,477186,40.4,37.0,47.67,31.73
2021-11-05 18:28:00 +0530,477187,40.4,37.0,47.67,31.73
2021-11-05 18:28:30 +0530,477188,40.4,37.0,47.67,31.73
2021-11-05 18:29:00 +0530,477189,40.4,37.0,47.67,31.73
2021-11-05 18:29:31 +0530,477190,40.4,37.0,47.67,31.73
2021-11-05 18:30:00 +0530,477191,40.4,37.0,47.67,31.73
2021-11-05 18:30:30 +0530,477192,40.4,37.0,47.67,31.73
2021-11-05 18:31:00 +0530,477193,40.4,37.0,47.67,31.73
2021-11-05 18:31:30 +0530,477194,40.4,37.0,47.67,31.73
2021-11-05 18:32:00 +0530,477195,12.6,11.7,49.02,31.04
2021-11-05 18:32:30 +0530,477196,19.3,17.5,49.02,31.04
2021-11-05 18:33:00 +0530,477197,43.7,40.2,49.02,31.16
2021-11-05 18:33:30 +0530,477198,43.7,40.2,49.02,31.16
2021-11-05 18:34:00 +0530,477199,41.4,37.6,48.8,31.31
2021-11-05 18:34:30 +0530,477200,39.6,35.9,48.77,31.34
2021-11-05 18:35:00 +0530,477201,39.6,35.9,48.77,31.34
2021-11-05 18:35:30 +0530,477202,8.6,8.0,48.84,31.34
2021-11-05 18:36:00 +0530,477203,35.7,32.0,48.76,31.43
2021-11-05 18:36:30 +0530,477204,50.4,43.1,48.6,31.56
2021-11-05 18:37:00 +0530,477205,35.1,32.2,48.21,31.65
2021-11-05 18:37:30 +0530,477206,33.1,30.4,48.15,31.7
2021-11-05 18:39:30 +0530,477207,53.7,48.3,48.94,31.37
2021-11-05 18:40:00 +0530,477208,53.7,48.3,48.94,31.37
2021-11-05 18:41:00 +0530,477209,48.7,26.6,49.11,31.36
2021-11-05 18:41:30 +0530,477210,77.3,45.1,49.24,31.4
2021-11-05 18:42:00 +0530,477211,63.4,42.4,49.06,31.51
2021-11-05 18:43:00 +0530,477212,35.9,32.4,48.24,31.69
2021-11-05 18:43:30 +0530,477213,35.9,32.4,48.24,31.69
2021-11-05 18:44:00 +0530,477214,35.9,32.4,48.24,31.69
2021-11-05 18:44:30 +0530,477215,35.9,32.4,48.24,31.69
2021-11-05 18:45:00 +0530,477216,37.3,34.2,48.79,31.41
2021-11-05 18:45:30 +0530,477217,35.2,32.5,48.56,31.48
2021-11-05 18:46:00 +0530,477218,38.1,34.3,48.44,31.58
2021-11-05 18:46:30 +0530,477219,37.9,34.1,48.48,31.59
2021-11-05 18:47:00 +0530,477220,37.9,34.1,48.48,31.59
2021-11-05 18:47:30 +0530,477221,37.9,34.1,48.48,31.59
2021-11-05 18:48:00 +0530,477222,39.7,36.3,48.86,31.4
2021-11-05 18:48:30 +0530,477223,37.2,33.9,48.6,31.51
2021-11-05 18:49:00 +0530,477224,37.4,34.2,48.48,31.59
2021-11-05 18:49:30 +0530,477225,37.5,34.2,48.34,31.65
2021-11-05 18:50:00 +0530,477226,42.3,38.2,48.31,31.7
2021-11-05 18:50:30 +0530,477227,39.1,35.4,48.27,31.78
2021-11-05 18:51:00 +0530,477228,39.6,35.7,48.27,31.75
2021-11-05 18:51:30 +0530,477229,39.6,35.7,48.27,31.75
2021-11-05 18:52:00 +0530,477230,44.3,40.0,48.62,31.64
2021-11-05 18:52:30 +0530,477231,41.9,37.3,48.62,31.65
2021-11-05 18:53:00 +0530,477232,41.9,37.3,48.62,31.65
2021-11-05 18:54:00 +0530,477233,59.5,53.6,48.58,31.57
2021-11-05 18:55:00 +0530,477235,40.9,35.9,48.21,31.69
2021-11-05 18:55:30 +0530,477236,48.4,29.7,48.27,31.74
2021-11-05 18:56:00 +0530,477237,27.1,21.2,48.2,31.78
2021-11-05 18:56:30 +0530,477234,35.8,28.9,48.14,31.81
2021-11-05 18:57:00 +0530,477238,47.9,44.1,48.07,31.89
2021-11-05 18:57:30 +0530,477239,49.6,45.6,47.93,31.87
2021-11-05 18:58:00 +0530,477240,45.2,41.3,48.03,31.86
2021-11-05 18:58:30 +0530,477241,44.1,40.4,47.83,31.86
2021-11-05 18:59:00 +0530,477242,38.7,35.4,47.83,31.88
2021-11-05 18:59:30 +0530,477243,38.7,35.4,47.83,31.88
2021-11-05 19:00:00 +0530,477244,41.8,38.5,48.38,31.74
2021-11-05 19:00:30 +0530,477245,41.8,38.5,48.38,31.74
2021-11-05 19:02:30 +0530,477246,38.9,35.2,48.58,31.65
2021-11-05 19:03:00 +0530,477247,38.9,35.2,48.58,31.65
2021-11-05 19:03:30 +0530,477248,38.9,35.2,48.58,31.65
2021-11-05 19:04:00 +0530,477249,38.4,36.0,49.18,31.41
2021-11-05 19:05:00 +0530,477250,37.5,34.2,48.86,31.45
2021-11-05 19:05:30 +0530,477251,40.0,36.5,48.72,31.57
2021-11-05 19:06:00 +0530,477252,41.2,37.6,48.62,31.63
2021-11-05 19:06:30 +0530,477253,41.2,37.6,48.62,31.63
2021-11-05 19:07:00 +0530,477254,46.3,42.6,48.96,31.52
2021-11-05 19:07:30 +0530,477255,21.5,18.4,49.03,31.43
2021-11-05 19:08:00 +0530,477256,22.5,20.1,49.03,31.43
2021-11-05 19:08:30 +0530,477257,22.5,20.1,49.03,31.43
2021-11-05 19:09:00 +0530,477258,22.5,20.1,49.03,31.43
2021-11-05 19:09:30 +0530,477259,22.5,20.1,49.03,31.43
2021-11-05 19:10:30 +0530,477260,35.3,32.4,50.06,31.04
2021-11-05 19:11:30 +0530,477261,8.5,8.0,49.56,31.22
2021-11-05 19:12:00 +0530,477262,49.0,44.6,49.41,31.33
2021-11-05 19:12:30 +0530,477263,38.5,34.7,49.48,31.34
2021-11-05 19:13:00 +0530,477264,38.5,34.7,49.48,31.34
2021-11-05 19:13:30 +0530,477265,38.5,34.7,49.48,31.34
2021-11-05 19:14:00 +0530,477266,38.5,34.7,49.48,31.34
2021-11-05 19:15:30 +0530,477267,82.9,43.6,49.82,31.28
2021-11-05 19:16:00 +0530,477268,62.7,41.8,49.64,31.42
2021-11-05 19:16:30 +0530,477269,58.4,41.4,49.64,31.42
2021-11-05 19:17:00 +0530,477270,58.4,41.4,49.64,31.42
2021-11-05 19:17:30 +0530,477271,43.5,24.2,49.58,31.35
2021-11-05 19:18:00 +0530,477272,43.5,24.2,49.58,31.35
2021-11-05 19:20:00 +0530,477273,48.4,42.1,49.46,31.55
2021-11-05 19:20:30 +0530,477274,43.1,38.7,49.15,31.64
2021-11-05 19:21:00 +0530,477275,43.8,39.6,48.89,31.69
2021-11-05 19:21:30 +0530,477276,44.8,40.4,48.72,31.71
2021-11-05 19:22:00 +0530,477277,25.6,20.4,48.72,31.71
2021-11-05 19:23:00 +0530,477278,39.2,35.8,48.64,31.75
2021-11-05 19:23:30 +0530,477279,39.2,35.8,48.64,31.75
2021-11-05 19:24:30 +0530,477280,21.3,18.9,49.15,31.57
2021-11-05 19:25:00 +0530,477281,19.7,18.1,49.06,31.55
2021-11-05 19:25:30 +0530,477282,21.5,19.6,49.06,31.55
2021-11-05 19:26:00 +0530,477283,42.4,38.9,49.2,31.53
2021-11-05 19:26:30 +0530,477284,42.6,39.1,49.15,31.56
2021-11-05 19:27:00 +0530,477285,42.6,39.1,49.15,31.56
2021-11-05 19:27:30 +0530,477286,24.8,22.6,49.55,31.36
2021-11-05 19:28:00 +0530,477287,46.3,42.3,49.31,31.45
2021-11-05 19:28:30 +0530,477288,46.1,42.1,49.27,31.52
2021-11-05 19:29:00 +0530,477289,50.2,44.8,49.24,31.55
2021-11-05 19:29:30 +0530,477290,41.3,37.5,49.19,31.58
2021-11-05 19:30:30 +0530,477291,33.0,23.1,49.24,31.57
2021-11-05 19:31:00 +0530,477292,33.0,23.1,49.24,31.57
2021-11-05 19:31:30 +0530,477293,33.0,23.1,49.24,31.57
2021-11-05 19:32:00 +0530,477294,55.0,48.7,50.08,31.25
2021-11-05 19:32:30 +0530,477295,51.0,45.0,49.78,31.42
2021-11-05 19:33:00 +0530,477296,47.7,42.1,49.78,31.42
2021-11-05 19:33:30 +0530,477297,47.7,42.1,49.78,31.42
2021-11-05 19:34:00 +0530,477298,53.2,47.7,49.89,31.31
2021-11-05 19:34:30 +0530,477299,44.8,40.8,49.74,31.43
2021-11-05 19:35:30 +0530,477300,43.4,38.4,49.6,31.55
2021-11-05 19:36:00 +0530,477301,48.2,44.5,49.54,31.54
2021-11-05 19:36:30 +0530,477302,48.2,44.5,49.54,31.54
2021-11-05 19:37:30 +0530,477303,49.9,44.8,49.81,31.5
2021-11-05 19:38:00 +0530,477304,56.1,44.2,49.73,31.58
2021-11-05 19:38:30 +0530,477305,56.1,44.2,49.69,31.58
2021-11-05 19:39:30 +0530,477306,36.0,24.6,50.05,31.43
2021-11-05 19:40:00 +0530,477307,36.0,24.6,50.05,31.43
2021-11-05 19:40:30 +0530,477308,36.0,24.6,50.05,31.43
2021-11-05 19:41:30 +0530,477309,44.3,40.1,50.18,31.38
2021-11-05 19:42:00 +0530,477310,46.7,41.8,50.18,31.44
2021-11-05 19:43:00 +0530,477311,40.6,28.9,50.15,31.37
2021-11-05 19:43:30 +0530,477312,40.6,28.9,50.15,31.37
2021-11-05 19:44:01 +0530,477313,40.6,28.9,50.15,31.37
2021-11-05 19:44:30 +0530,477314,40.6,28.9,50.15,31.37
2021-11-05 19:45:00 +0530,477315,40.6,28.9,50.15,31.37
2021-11-05 19:46:00 +0530,477316,28.3,21.6,50.7,31.21
2021-11-05 19:46:30 +0530,477317,50.2,41.6,50.69,31.29
2021-11-05 19:47:00 +0530,477318,50.2,41.6,50.69,31.29
2021-11-05 19:47:30 +0530,477319,50.9,45.6,50.49,31.34
2021-11-05 19:48:00 +0530,477320,49.0,43.8,50.49,31.35
2021-11-05 19:48:30 +0530,477321,49.0,43.8,50.49,31.35
2021-11-05 19:50:00 +0530,477322,50.6,44.8,50.91,31.14
2021-11-05 19:50:30 +0530,477323,39.7,25.9,50.87,31.23
2021-11-05 19:51:00 +0530,477324,51.4,30.3,50.93,31.27
2021-11-05 19:51:30 +0530,477325,51.4,30.3,50.93,31.27
2021-11-05 19:53:00 +0530,477326,36.7,28.7,50.94,31.16
2021-11-05 19:53:30 +0530,477327,36.7,28.7,50.94,31.16
2021-11-05 19:54:00 +0530,477328,47.8,41.3,50.98,31.16
2021-11-05 19:54:30 +0530,477329,48.0,43.1,50.79,31.25
2021-11-05 19:55:00 +0530,477330,48.0,43.1,50.79,31.25
2021-11-05 19:55:30 +0530,477331,48.0,43.1,50.79,31.25
2021-11-05 19:56:00 +0530,477332,48.0,43.1,50.79,31.25
2021-11-05 19:57:00 +0530,477333,42.2,38.3,51.34,31.09
2021-11-05 19:57:30 +0530,477334,42.2,38.3,51.34,31.09
2021-11-05 19:58:00 +0530,477335,32.3,24.7,51.28,31.02
2021-11-05 19:58:30 +0530,477336,32.3,24.7,51.28,31.02
2021-11-05 19:59:00 +0530,477337,48.4,44.1,51.04,31.11
2021-11-05 19:59:30 +0530,477338,48.0,43.7,50.83,31.22
2021-11-05 20:00:00 +0530,477339,47.9,43.7,50.79,31.23
2021-11-05 20:00:30 +0530,477340,47.9,43.7,50.79,31.23
2021-11-05 20:01:00 +0530,477341,47.9,43.7,50.79,31.23
2021-11-05 20:01:30 +0530,477342,47.9,43.7,50.79,31.23
2021-11-05 20:02:00 +0530,477343,55.6,50.3,51.66,30.9
2021-11-05 20:03:00 +0530,477344,45.8,41.5,51.24,31.1
2021-11-05 20:03:30 +0530,477345,45.1,40.9,51.24,31.1
2021-11-05 20:04:00 +0530,477346,45.1,40.9,51.24,31.1
2021-11-05 20:04:30 +0530,477347,45.1,40.9,51.24,31.1
2021-11-05 20:05:00 +0530,477348,111.2,78.4,51.79,30.96
2021-11-05 20:05:30 +0530,477349,111.2,78.4,51.79,30.96
2021-11-05 20:06:00 +0530,477350,111.2,78.4,51.79,30.96
2021-11-05 20:06:30 +0530,477351,111.2,78.4,51.79,30.96
2021-11-05 20:07:00 +0530,477352,55.3,50.5,52.0,30.85
2021-11-05 20:07:30 +0530,477353,49.8,45.3,52.0,30.89
2021-11-05 20:08:00 +0530,477354,49.8,45.3,52.0,30.89
2021-11-05 20:08:30 +0530,477355,49.8,45.3,52.0,30.89
2021-11-05 20:09:00 +0530,477356,49.8,45.3,52.0,30.89
2021-11-05 20:09:30 +0530,477357,49.8,45.3,52.0,30.89
2021-11-05 20:10:00 +0530,477358,43.1,39.5,52.59,30.62
2021-11-05 20:10:30 +0530,477359,43.1,39.5,52.59,30.62
2021-11-05 20:11:00 +0530,477360,43.1,39.5,52.59,30.62
2021-11-05 20:12:00 +0530,477361,51.0,46.2,52.32,30.75
2021-11-05 20:13:00 +0530,477362,51.8,45.1,52.11,30.91
2021-11-05 20:13:30 +0530,477363,54.5,48.7,51.82,31.02
2021-11-05 20:14:00 +0530,477364,38.5,28.9,51.48,31.07
2021-11-05 20:14:30 +0530,477365,54.7,47.8,51.31,31.21
2021-11-05 20:15:00 +0530,477366,46.7,42.1,51.24,31.23
2021-11-05 20:16:00 +0530,477367,38.1,34.4,51.28,31.19
2021-11-05 20:16:30 +0530,477368,38.1,34.4,51.28,31.19
2021-11-05 20:17:00 +0530,477369,38.1,34.4,51.28,31.19
2021-11-05 20:18:00 +0530,477370,50.1,45.4,51.91,30.98
2021-11-05 20:18:30 +0530,477371,50.1,45.4,51.91,30.98
2021-11-05 20:19:00 +0530,477372,51.2,45.9,51.82,30.95
2021-11-05 20:19:30 +0530,477373,49.5,44.3,51.82,30.99
2021-11-05 20:20:00 +0530,477374,49.5,44.3,51.82,30.99
2021-11-05 20:20:30 +0530,477375,49.5,44.3,51.82,30.99
2021-11-05 20:21:00 +0530,477376,47.7,43.9,52.32,30.75
2021-11-05 20:21:30 +0530,477377,55.7,51.1,51.88,30.92
2021-11-05 20:22:00 +0530,477378,12.8,11.8,51.88,30.87
2021-11-05 20:22:30 +0530,477379,50.6,45.8,51.75,31.02
2021-11-05 20:23:00 +0530,477380,49.6,45.4,51.52,31.04
2021-11-05 20:23:30 +0530,477381,54.3,49.6,51.44,31.11
2021-11-05 20:24:00 +0530,477382,54.3,49.6,51.44,31.11
2021-11-05 20:25:00 +0530,477383,44.3,40.1,51.79,31.06
2021-11-05 20:25:30 +0530,477384,44.3,40.1,51.79,31.06
2021-11-05 20:26:00 +0530,477385,29.7,26.8,51.69,31.02
2021-11-05 20:26:30 +0530,477386,46.1,41.1,51.75,31.04
2021-11-05 20:27:00 +0530,477387,46.1,41.1,51.75,31.04
2021-11-05 20:28:00 +0530,477388,55.3,50.7,51.91,31.02
2021-11-05 20:28:30 +0530,477389,50.1,45.6,51.79,31.02
2021-11-05 20:29:00 +0530,477390,50.1,45.6,51.79,31.02
2021-11-05 20:29:30 +0530,477391,37.2,31.7,52.05,30.97
2021-11-05 20:30:00 +0530,477392,41.4,37.1,51.91,31.02
2021-11-05 20:30:30 +0530,477393,49.7,44.5,51.94,31.02
2021-11-05 20:31:00 +0530,477394,58.7,48.6,51.85,31.09
2021-11-05 20:31:30 +0530,477395,58.7,48.6,51.85,31.09
2021-11-05 20:32:00 +0530,477396,58.7,48.6,51.85,31.09
2021-11-05 20:32:30 +0530,477397,17.5,15.7,52.3,30.87
2021-11-05 20:33:00 +0530,477398,38.3,32.3,52.3,30.87
2021-11-05 20:34:00 +0530,477399,58.8,53.2,51.97,31.04
2021-11-05 20:34:30 +0530,477400,58.8,53.2,51.97,31.04
2021-11-05 20:35:00 +0530,477401,58.8,53.2,51.97,31.04
2021-11-05 20:35:30 +0530,477402,58.8,53.2,51.97,31.04
2021-11-05 20:37:00 +0530,477403,45.1,40.3,52.24,30.95
2021-11-05 20:38:00 +0530,477404,38.2,29.1,52.2,30.9
2021-11-05 20:38:30 +0530,477405,38.2,29.1,52.2,30.9
2021-11-05 20:39:30 +0530,477406,51.2,46.2,52.11,30.91
2021-11-05 20:40:00 +0530,477407,53.9,49.0,51.82,31.02
2021-11-05 20:40:30 +0530,477408,29.9,26.9,51.82,30.96
2021-11-05 20:41:00 +0530,477409,39.8,36.1,51.91,31.02
2021-11-05 20:41:30 +0530,477410,39.8,36.1,51.91,31.02
2021-11-05 20:42:00 +0530,477411,40.6,37.1,52.0,30.89
2021-11-05 20:42:30 +0530,477412,40.6,37.1,52.0,30.89
2021-11-05 20:43:00 +0530,477413,40.6,37.1,52.0,30.89
2021-11-05 20:43:30 +0530,477414,56.7,52.4,52.53,30.74
2021-11-05 20:44:00 +0530,477415,51.2,43.7,52.44,30.81
2021-11-05 20:44:30 +0530,477416,51.2,43.7,52.44,30.81
2021-11-05 20:45:00 +0530,477417,51.2,43.7,52.44,30.81
2021-11-05 20:45:30 +0530,477418,51.2,43.7,52.44,30.81
2021-11-05 20:46:00 +0530,477419,51.2,43.7,52.44,30.81
2021-11-05 20:46:30 +0530,477420,51.2,43.7,52.44,30.81
2021-11-05 20:47:00 +0530,477421,51.2,43.7,52.44,30.81
2021-11-05 20:47:30 +0530,477422,31.7,28.8,52.98,30.54
2021-11-05 20:48:00 +0530,477423,31.7,28.8,52.98,30.54
2021-11-05 20:49:00 +0530,477424,14.2,13.1,52.8,30.53
2021-11-05 20:49:30 +0530,477425,28.3,17.7,52.77,30.52
2021-11-05 20:50:00 +0530,477426,52.9,47.9,52.53,30.7
2021-11-05 20:50:30 +0530,477427,53.6,48.4,52.53,30.7
2021-11-05 20:51:30 +0530,477428,33.4,29.7,52.14,30.85
2021-11-05 20:52:00 +0530,477429,52.3,47.6,51.94,30.99
2021-11-05 20:52:30 +0530,477430,52.1,47.4,51.94,31.02
2021-11-05 20:53:30 +0530,477431,49.5,44.4,52.17,30.94
2021-11-05 20:54:00 +0530,477432,37.4,30.3,52.0,30.99
2021-11-05 20:55:00 +0530,477433,54.1,48.9,51.58,31.09
2021-11-05 20:55:30 +0530,477434,51.9,46.8,51.55,31.1
2021-11-05 20:56:00 +0530,477435,51.9,46.8,51.55,31.1
2021-11-05 20:56:30 +0530,477436,51.2,46.8,52.0,30.95
2021-11-05 20:57:00 +0530,477437,49.7,45.0,52.0,30.97
2021-11-05 20:57:30 +0530,477438,49.7,45.0,52.0,30.97
2021-11-05 20:58:00 +0530,477439,49.7,45.0,52.0,30.97
2021-11-05 20:59:00 +0530,477440,50.1,45.7,52.65,30.74
2021-11-05 20:59:30 +0530,477441,50.1,45.7,52.65,30.74
2021-11-05 21:00:30 +0530,477442,53.1,48.2,52.59,30.69
2021-11-05 21:01:00 +0530,477443,53.1,48.2,52.59,30.69
2021-11-05 21:01:30 +0530,477444,53.1,48.2,52.59,30.69
2021-11-05 21:02:00 +0530,477445,61.5,56.2,53.0,30.56
2021-11-05 21:02:30 +0530,477446,61.5,56.2,53.0,30.56
2021-11-05 21:03:30 +0530,477447,52.9,48.2,52.94,30.55
2021-11-05 21:04:00 +0530,477448,53.9,48.9,52.91,30.57
2021-11-05 21:04:30 +0530,477449,53.9,48.9,52.91,30.57
2021-11-05 21:05:30 +0530,477450,38.8,31.8,53.21,30.39
2021-11-05 21:06:00 +0530,477451,59.1,53.5,53.09,30.56
2021-11-05 21:06:30 +0530,477452,56.5,51.1,53.09,30.56
2021-11-05 21:07:00 +0530,477453,46.8,41.7,52.85,30.65
2021-11-05 21:07:30 +0530,477454,57.2,51.9,52.62,30.77
2021-11-05 21:08:00 +0530,477455,56.7,51.4,52.56,30.83
2021-11-05 21:09:00 +0530,477456,38.2,32.8,52.71,30.72
2021-11-05 21:09:30 +0530,477457,38.9,34.7,52.71,30.72
2021-11-05 21:11:00 +0530,477458,46.4,42.2,52.5,30.82
2021-11-05 21:11:30 +0530,477459,46.4,42.2,52.5,30.82
2021-11-05 21:12:00 +0530,477460,58.1,52.8,52.62,30.79
2021-11-05 21:12:30 +0530,477461,58.1,52.8,52.62,30.79
2021-11-05 21:13:30 +0530,477462,78.9,39.2,53.03,30.57
2021-11-05 21:14:00 +0530,477463,78.9,39.2,53.03,30.57
2021-11-05 21:14:30 +0530,477464,78.9,39.2,53.03,30.57
2021-11-05 21:15:00 +0530,477465,79.1,62.1,53.5,30.44
2021-11-05 21:15:30 +0530,477466,79.1,62.1,53.5,30.44
2021-11-05 21:16:00 +0530,477467,79.1,62.1,53.5,30.44
2021-11-05 21:17:30 +0530,477468,56.7,35.4,53.62,30.47
2021-11-05 21:18:30 +0530,477469,39.5,34.8,53.39,30.61
2021-11-05 21:20:00 +0530,477470,54.9,49.6,52.85,30.78
2021-11-05 21:21:00 +0530,477471,41.1,35.3,52.71,30.82
2021-11-05 21:22:30 +0530,477472,64.0,52.1,52.79,30.87
2021-11-05 21:23:00 +0530,477473,63.3,55.2,52.73,30.94
2021-11-05 21:23:30 +0530,477474,63.3,55.2,52.73,30.94
2021-11-05 21:24:00 +0530,477475,62.6,56.1,52.85,30.82
2021-11-05 21:24:30 +0530,477476,62.1,55.7,52.88,30.82
2021-11-05 21:25:00 +0530,477477,60.7,35.3,53.06,30.7
2021-11-05 21:25:30 +0530,477478,61.1,49.8,53.15,30.77
2021-11-05 21:26:00 +0530,477479,61.1,49.8,53.15,30.77
2021-11-05 21:27:00 +0530,477480,63.2,56.9,53.2,30.71
2021-11-05 21:27:30 +0530,477481,59.4,53.4,53.18,30.72
2021-11-05 21:28:00 +0530,477482,19.3,17.5,53.27,30.6
2021-11-05 21:28:30 +0530,477483,37.3,33.5,53.27,30.6
2021-11-05 21:29:00 +0530,477484,37.3,33.5,53.27,30.6
2021-11-05 21:29:30 +0530,477485,55.0,44.9,53.71,30.39
2021-11-05 21:30:30 +0530,477486,35.8,31.9,53.8,30.4
2021-11-05 21:31:00 +0530,477487,35.8,31.9,53.8,30.4
2021-11-05 21:31:30 +0530,477488,87.0,34.9,53.8,30.35
2021-11-05 21:32:00 +0530,477489,154.8,41.9,53.8,30.35
2021-11-05 21:32:30 +0530,477490,54.9,32.2,53.97,30.31
2021-11-05 21:33:00 +0530,477491,58.1,52.8,53.74,30.47
2021-11-05 21:33:30 +0530,477492,58.5,53.3,53.65,30.54
2021-11-05 21:34:30 +0530,477493,59.6,54.0,53.41,30.64
2021-11-05 21:35:00 +0530,477494,57.1,51.0,53.41,30.65
2021-11-05 21:35:30 +0530,477495,34.2,28.9,53.33,30.64
2021-11-05 21:36:00 +0530,477496,36.1,32.3,53.33,30.64
2021-11-05 21:36:30 +0530,477497,46.9,42.4,53.5,30.56
2021-11-05 21:37:00 +0530,477498,57.3,51.9,53.33,30.68
2021-11-05 21:37:30 +0530,477499,62.4,56.2,53.2,30.78
2021-11-05 21:38:00 +0530,477500,63.2,56.8,53.18,30.77
2021-11-05 21:38:30 +0530,477501,63.2,56.8,53.18,30.77
2021-11-05 21:40:30 +0530,477502,35.8,32.3,53.5,30.6
2021-11-05 21:42:00 +0530,477503,57.9,51.8,53.56,30.66
2021-11-05 21:42:30 +0530,477504,57.9,51.8,53.56,30.68
2021-11-05 21:43:00 +0530,477505,57.9,51.8,53.56,30.68
2021-11-05 21:43:30 +0530,477506,57.9,51.8,53.56,30.68
2021-11-05 21:44:00 +0530,477507,57.9,51.8,53.56,30.68
2021-11-05 21:44:30 +0530,477508,57.9,51.8,53.56,30.68
2021-11-05 21:45:30 +0530,477509,46.9,42.6,54.51,30.23
2021-11-05 21:46:00 +0530,477510,46.9,42.6,54.51,30.23
2021-11-05 21:46:30 +0530,477511,48.1,43.6,54.39,30.32
2021-11-05 21:47:30 +0530,477512,54.1,48.7,54.09,30.47
2021-11-05 21:48:30 +0530,477513,38.4,31.1,54.09,30.4
2021-11-05 21:49:00 +0530,477514,47.8,36.1,53.97,30.47
2021-11-05 21:49:30 +0530,477515,42.9,35.8,53.97,30.47
2021-11-05 21:50:00 +0530,477516,61.9,55.9,53.88,30.55
2021-11-05 21:50:30 +0530,477517,59.4,53.3,53.88,30.55
2021-11-05 21:51:00 +0530,477518,67.0,59.4,53.91,30.54
2021-11-05 21:52:00 +0530,477519,42.2,35.6,54.07,30.47
2021-11-05 21:52:30 +0530,477520,46.4,37.2,54.07,30.47
2021-11-05 21:55:00 +0530,477521,58.6,52.9,54.59,30.28
2021-11-05 21:55:30 +0530,477522,58.6,52.9,54.59,30.28
2021-11-05 21:56:30 +0530,477523,48.2,42.9,54.71,30.3
2021-11-05 21:58:30 +0530,477524,46.2,41.6,54.56,30.41
2021-11-05 21:59:30 +0530,477525,55.9,50.4,54.71,30.36
2021-11-05 22:02:30 +0530,477526,59.1,51.4,55.3,30.16
2021-11-05 22:03:00 +0530,477527,59.1,51.4,55.3,30.16
2021-11-05 22:03:30 +0530,477528,59.1,51.4,55.3,30.16
2021-11-05 22:04:00 +0530,477529,59.1,51.4,55.3,30.16
2021-11-05 22:04:30 +0530,477530,59.1,51.4,55.3,30.16
2021-11-05 22:05:00 +0530,477531,67.3,60.9,55.86,29.93
2021-11-05 22:05:30 +0530,477532,51.5,36.4,55.42,30.04
2021-11-05 22:06:30 +0530,477533,40.2,35.9,55.13,30.16
2021-11-05 22:07:30 +0530,477534,50.4,45.5,55.24,30.22
2021-11-05 22:08:00 +0530,477535,50.4,45.5,55.24,30.22
2021-11-05 22:08:30 +0530,477536,50.4,45.5,55.24,30.22
2021-11-05 22:09:00 +0530,477537,58.0,52.1,55.57,30.02
2021-11-05 22:10:00 +0530,477538,59.6,53.7,55.12,30.22
2021-11-05 22:10:30 +0530,477539,60.9,54.9,54.94,30.32
2021-11-05 22:11:00 +0530,477540,48.9,44.7,54.86,30.36
2021-11-05 22:11:30 +0530,477541,63.7,57.1,54.68,30.46
2021-11-05 22:12:00 +0530,477542,62.7,56.5,54.59,30.51
2021-11-05 22:13:00 +0530,477543,42.0,34.6,54.45,30.49
2021-11-05 22:14:00 +0530,477544,57.9,52.3,54.53,30.56
2021-11-05 22:14:30 +0530,477545,66.7,60.9,54.48,30.54
2021-11-05 22:15:00 +0530,477546,66.7,60.9,54.48,30.54
2021-11-05 22:15:30 +0530,477547,66.7,60.9,54.48,30.54
2021-11-05 22:16:00 +0530,477548,67.3,58.9,54.91,30.45
2021-11-05 22:16:30 +0530,477549,66.8,56.6,54.8,30.48
2021-11-05 22:17:30 +0530,477550,63.2,56.4,54.89,30.45
2021-11-05 22:18:00 +0530,477551,67.9,58.9,54.8,30.51
2021-11-05 22:18:30 +0530,477552,67.9,58.9,54.8,30.51
2021-11-05 22:19:00 +0530,477553,67.9,58.9,54.8,30.51
2021-11-05 22:19:30 +0530,477554,69.2,61.6,55.3,30.24
2021-11-05 22:20:00 +0530,477555,69.2,61.6,55.3,30.24
2021-11-05 22:21:30 +0530,477556,41.9,37.4,55.48,30.24
2021-11-05 22:22:30 +0530,477557,61.6,55.4,55.45,30.27
2021-11-05 22:23:30 +0530,477558,58.6,52.7,55.3,30.34
2021-11-05 22:24:00 +0530,477559,54.2,39.1,55.39,30.23
2021-11-05 22:25:00 +0530,477560,58.6,46.4,55.39,30.32
2021-11-05 22:25:30 +0530,477561,85.0,57.9,55.48,30.27
2021-11-05 22:26:00 +0530,477562,80.7,54.8,55.45,30.28
2021-11-05 22:26:30 +0530,477563,80.7,54.8,55.45,30.28
2021-11-05 22:27:00 +0530,477564,80.7,54.8,55.45,30.28
2021-11-05 22:27:30 +0530,477565,80.7,54.8,55.45,30.28
2021-11-05 22:28:30 +0530,477566,54.0,41.8,56.33,29.81
2021-11-05 22:29:30 +0530,477567,51.2,43.8,56.3,29.89
2021-11-05 22:30:00 +0530,477568,51.2,43.8,56.3,29.89
2021-11-05 22:30:30 +0530,477569,59.2,53.2,56.3,29.82
2021-11-05 22:31:00 +0530,477570,59.2,53.2,56.3,29.82
2021-11-05 22:31:30 +0530,477571,64.6,58.3,56.42,29.89
2021-11-05 22:32:00 +0530,477572,62.0,55.7,56.24,29.97
2021-11-05 22:32:30 +0530,477573,62.0,55.7,56.24,29.97
2021-11-05 22:33:00 +0530,477574,62.0,55.7,56.24,29.97
2021-11-05 22:33:30 +0530,477575,62.0,55.7,56.24,29.97
2021-11-05 22:34:00 +0530,477576,64.5,57.9,56.8,29.79
2021-11-05 22:34:30 +0530,477577,71.2,63.4,56.45,29.93
2021-11-05 22:35:00 +0530,477578,62.6,55.8,56.03,30.06
2021-11-05 22:35:30 +0530,477579,65.7,55.6,56.0,30.1
2021-11-05 22:36:00 +0530,477580,65.7,55.6,56.0,30.1
2021-11-05 22:36:30 +0530,477581,65.7,55.6,56.0,30.1
2021-11-05 22:37:30 +0530,477582,66.6,58.3,56.3,29.98
2021-11-05 22:38:00 +0530,477583,67.9,60.8,56.0,30.11
2021-11-05 22:38:30 +0530,477584,67.2,60.3,56.0,30.12
2021-11-05 22:39:00 +0530,477585,67.2,60.3,56.0,30.12
2021-11-05 22:39:30 +0530,477586,67.2,60.3,56.0,30.12
2021-11-05 22:40:00 +0530,477587,107.0,68.2,56.33,30.03
2021-11-05 22:40:30 +0530,477588,108.2,66.4,56.27,30.04
2021-11-05 22:41:00 +0530,477589,75.0,66.7,56.0,30.15
2021-11-05 22:41:30 +0530,477590,75.0,66.7,56.0,30.15
2021-11-05 22:42:30 +0530,477591,48.7,39.4,56.07,30.05
2021-11-05 22:43:00 +0530,477592,61.0,55.7,56.0,30.09
2021-11-05 22:43:30 +0530,477593,66.6,60.4,55.59,30.21
2021-11-05 22:44:00 +0530,477594,61.8,55.8,55.59,30.21
2021-11-05 22:44:30 +0530,477595,65.3,59.5,55.36,30.3
2021-11-05 22:45:00 +0530,477596,44.3,36.7,55.15,30.33
2021-11-05 22:45:30 +0530,477597,77.3,62.0,55.15,30.42
2021-11-05 22:46:00 +0530,477598,72.3,60.6,55.04,30.48
2021-11-05 22:46:30 +0530,477599,73.6,65.9,55.09,30.49
2021-11-05 22:47:00 +0530,477600,51.1,46.1,54.97,30.53
2021-11-05 22:47:30 +0530,477601,44.3,39.8,54.74,30.53
2021-11-05 22:48:00 +0530,477602,47.8,42.8,54.59,30.54
2021-11-05 22:48:30 +0530,477603,66.2,59.9,54.56,30.6
2021-11-05 22:49:00 +0530,477604,21.9,20.0,54.5,30.57
2021-11-05 22:49:30 +0530,477605,56.3,50.8,54.59,30.6
2021-11-05 22:50:00 +0530,477606,56.3,50.8,54.59,30.6
2021-11-05 22:51:00 +0530,477607,71.2,64.9,55.18,30.39
2021-11-05 22:51:30 +0530,477608,71.2,64.9,55.18,30.39
2021-11-05 22:52:00 +0530,477609,71.2,64.9,55.18,30.39
2021-11-05 22:53:00 +0530,477610,53.5,47.9,55.92,30.1
2021-11-05 22:53:30 +0530,477611,53.5,47.9,55.92,30.1
2021-11-05 22:54:30 +0530,477612,42.1,37.0,55.83,30.06
2021-11-05 22:55:30 +0530,477613,39.3,35.2,55.92,30.0
2021-11-05 22:56:30 +0530,477614,61.7,55.8,55.95,30.06
2021-11-05 22:57:00 +0530,477615,64.9,58.6,55.92,30.08
2021-11-05 22:57:30 +0530,477616,30.2,21.7,55.92,30.0
2021-11-05 22:58:00 +0530,477617,47.8,39.4,55.92,30.0
2021-11-05 22:58:30 +0530,477618,47.8,39.4,55.92,30.0
2021-11-05 22:59:00 +0530,477619,47.8,39.4,55.92,30.0
2021-11-05 22:59:30 +0530,477620,71.8,64.2,56.57,29.88
2021-11-05 23:00:30 +0530,477621,53.7,48.5,56.59,29.91
2021-11-05 23:01:30 +0530,477622,62.2,56.3,56.3,29.95
2021-11-05 23:02:00 +0530,477623,36.5,21.6,56.03,30.01
2021-11-05 23:02:30 +0530,477624,42.3,37.9,56.03,30.01
2021-11-05 23:03:00 +0530,477625,42.4,37.9,56.27,29.89
2021-11-05 23:03:30 +0530,477626,66.9,60.2,56.24,30.02
2021-11-05 23:04:00 +0530,477627,67.9,60.7,56.07,30.1
2021-11-05 23:04:30 +0530,477628,42.7,38.4,55.86,30.12
2021-11-05 23:05:30 +0530,477629,64.2,58.1,55.77,30.23
2021-11-05 23:06:00 +0530,477630,64.2,58.1,55.77,30.23
2021-11-05 23:06:30 +0530,477631,64.2,58.1,55.77,30.23
2021-11-05 23:07:00 +0530,477632,64.2,58.1,55.77,30.23
2021-11-05 23:08:30 +0530,477633,54.1,48.4,56.68,29.88
2021-11-05 23:10:30 +0530,477634,65.9,59.3,56.36,30.01
2021-11-05 23:11:30 +0530,477635,64.5,57.8,56.21,30.06
2021-11-05 23:12:00 +0530,477636,65.6,58.7,56.21,30.08
2021-11-05 23:12:30 +0530,477637,65.6,58.7,56.21,30.08
2021-11-05 23:13:00 +0530,477638,62.4,56.3,56.54,29.93
2021-11-05 23:14:00 +0530,477639,62.7,41.3,56.36,29.95
2021-11-05 23:14:30 +0530,477640,62.7,41.3,56.36,29.95
2021-11-05 23:15:00 +0530,477641,62.7,41.3,56.36,29.95
2021-11-05 23:15:30 +0530,477642,65.6,60.1,56.71,29.85
2021-11-05 23:16:00 +0530,477643,65.6,60.1,56.71,29.85
2021-11-05 23:16:30 +0530,477644,76.4,64.9,56.89,29.85
2021-11-05 23:17:00 +0530,477645,71.4,62.7,56.65,29.96
2021-11-05 23:17:30 +0530,477646,70.4,62.7,56.45,30.05
2021-11-05 23:18:00 +0530,477647,70.8,63.1,56.36,30.1
2021-11-05 23:18:30 +0530,477648,73.9,66.3,56.33,30.11
2021-11-05 23:19:00 +0530,477649,72.0,64.8,56.07,30.15
2021-11-05 23:19:30 +0530,477650,67.9,61.2,56.0,30.19
2021-11-05 23:20:30 +0530,477651,59.2,42.1,56.21,30.06
2021-11-05 23:21:30 +0530,477652,50.0,39.8,56.68,29.9
2021-11-05 23:22:30 +0530,477653,60.3,44.0,56.86,29.85
2021-11-05 23:24:30 +0530,477654,27.6,23.4,57.48,29.53
2021-11-05 23:25:00 +0530,477655,63.4,56.8,57.56,29.63
2021-11-05 23:25:30 +0530,477656,68.5,61.9,57.13,29.77
2021-11-05 23:26:00 +0530,477657,66.8,60.3,57.13,29.81
2021-11-05 23:26:30 +0530,477658,66.8,60.3,57.13,29.81
2021-11-05 23:27:00 +0530,477659,75.0,68.8,57.33,29.64
2021-11-05 23:28:00 +0530,477660,59.2,43.7,57.42,29.61
2021-11-05 23:29:00 +0530,477661,56.9,50.7,57.42,29.68
2021-11-05 23:30:00 +0530,477662,102.3,64.1,57.48,29.68
2021-11-05 23:31:00 +0530,477663,41.7,37.4,57.16,29.74
2021-11-05 23:31:30 +0530,477664,33.6,21.3,57.1,29.76
2021-11-05 23:32:00 +0530,477665,82.0,44.0,57.1,29.76
2021-11-05 23:32:30 +0530,477666,82.0,44.0,57.1,29.76
2021-11-05 23:33:30 +0530,477667,149.4,52.8,57.45,29.61
2021-11-05 23:34:00 +0530,477668,73.8,66.5,57.45,29.71
2021-11-05 23:34:30 +0530,477669,52.9,28.1,57.35,29.62
2021-11-05 23:35:00 +0530,477670,68.3,60.9,57.27,29.73
2021-11-05 23:35:30 +0530,477671,68.1,60.9,57.21,29.77
2021-11-05 23:37:00 +0530,477672,69.0,62.3,57.71,29.59
2021-11-05 23:37:30 +0530,477673,69.0,62.3,57.71,29.59
2021-11-05 23:38:00 +0530,477674,69.0,62.3,57.71,29.59
2021-11-05 23:38:30 +0530,477675,69.0,62.3,57.71,29.59
2021-11-05 23:39:00 +0530,477676,69.0,62.3,57.71,29.59
2021-11-05 23:39:30 +0530,477677,62.2,57.2,58.24,29.33
2021-11-05 23:40:30 +0530,477678,66.7,59.8,57.65,29.6
2021-11-05 23:41:00 +0530,477679,69.4,62.2,57.45,29.67
2021-11-05 23:42:00 +0530,477680,66.4,61.1,57.39,29.66
2021-11-05 23:42:30 +0530,477681,70.0,62.4,57.3,29.7
2021-11-05 23:43:00 +0530,477682,70.0,62.4,57.3,29.7
2021-11-05 23:44:00 +0530,477683,72.8,46.7,57.77,29.49
2021-11-05 23:44:30 +0530,477684,71.5,64.6,57.68,29.6
2021-11-05 23:45:00 +0530,477685,54.1,45.1,57.45,29.64
2021-11-05 23:45:30 +0530,477686,69.7,62.5,57.27,29.75
2021-11-05 23:46:30 +0530,477687,63.8,57.8,57.16,29.83
2021-11-05 23:47:00 +0530,477688,65.8,59.9,57.03,29.81
2021-11-05 23:47:30 +0530,477689,65.8,59.9,57.03,29.81
2021-11-05 23:50:00 +0530,477690,55.3,49.6,57.74,29.53
2021-11-05 23:50:30 +0530,477691,65.9,59.9,57.89,29.53
2021-11-05 23:51:00 +0530,477692,60.2,54.4,57.83,29.54
2021-11-05 23:51:30 +0530,477693,44.9,40.4,57.77,29.52
2021-11-05 23:52:00 +0530,477694,46.8,42.3,57.77,29.52
2021-11-05 23:52:30 +0530,477695,43.2,39.1,57.97,29.41
2021-11-05 23:53:00 +0530,477696,69.7,62.9,57.89,29.49
2021-11-05 23:54:00 +0530,477697,54.1,40.3,57.77,29.52
2021-11-05 23:54:30 +0530,477698,67.5,60.9,57.77,29.53
2021-11-05 23:55:30 +0530,477699,54.4,48.6,58.13,29.48
2021-11-05 23:56:30 +0530,477700,56.7,50.8,58.24,29.36
2021-11-05 23:57:00 +0530,477701,56.7,50.8,58.24,29.36
2021-11-05 23:57:30 +0530,477702,68.5,61.8,58.36,29.32
2021-11-05 23:58:01 +0530,477703,68.5,61.8,58.36,29.32
2021-11-05 23:58:30 +0530,477704,68.5,61.8,58.36,29.32
2021-11-05 23:59:00 +0530,477705,60.3,55.8,58.71,29.12
2021-11-05 23:59:30 +0530,477706,52.8,48.2,58.97,29.14
2021-11-06 00:00:00 +0530,477707,52.8,48.2,58.97,29.14
2021-11-06 00:00:30 +0530,477708,52.8,48.2,58.97,29.14
2021-11-06 00:01:30 +0530,477709,44.4,39.1,59.32,28.93
2021-11-06 00:02:00 +0530,477710,44.4,39.1,59.32,28.93
2021-11-06 00:02:30 +0530,477711,44.4,39.1,59.32,28.93
2021-11-06 00:03:00 +0530,477712,44.4,39.1,59.32,28.93
2021-11-06 00:04:30 +0530,477713,54.3,40.1,59.47,28.9
2021-11-06 00:07:00 +0530,477714,77.8,61.4,59.59,28.95
2021-11-06 00:07:30 +0530,477715,73.1,63.4,59.47,29.02
2021-11-06 00:08:00 +0530,477716,62.2,55.9,59.41,29.03
2021-11-06 00:09:00 +0530,477717,55.8,50.3,59.38,29.08
2021-11-06 00:10:00 +0530,477718,54.3,40.1,59.32,29.01
2021-11-06 00:10:30 +0530,477719,69.5,63.7,59.12,29.12
2021-11-06 00:11:00 +0530,477720,65.3,59.1,58.8,29.21
2021-11-06 00:11:30 +0530,477721,65.5,59.8,58.57,29.31
2021-11-06 00:12:30 +0530,477722,42.0,36.9,58.36,29.33
2021-11-06 00:13:00 +0530,477723,44.5,39.6,58.36,29.33
2021-11-06 00:13:30 +0530,477724,44.5,39.6,58.36,29.33
2021-11-06 00:14:00 +0530,477725,44.5,39.6,58.36,29.33
2021-11-06 00:14:30 +0530,477726,44.5,39.6,58.36,29.33
2021-11-06 00:15:00 +0530,477727,44.5,39.6,58.36,29.33
2021-11-06 00:15:30 +0530,477728,64.7,58.8,59.73,28.93
2021-11-06 00:16:00 +0530,477729,23.4,21.6,59.24,29.02
2021-11-06 00:16:30 +0530,477730,66.7,60.7,59.0,29.16
2021-11-06 00:17:00 +0530,477731,66.6,60.7,59.0,29.17
2021-11-06 00:18:00 +0530,477732,62.6,57.3,59.21,29.11
2021-11-06 00:18:30 +0530,477733,62.6,57.3,59.21,29.11
2021-11-06 00:19:00 +0530,477734,62.6,57.3,59.21,29.11
2021-11-06 00:19:30 +0530,477735,68.9,62.6,59.5,28.97
2021-11-06 00:20:00 +0530,477736,64.3,58.7,59.27,29.07
2021-11-06 00:20:30 +0530,477737,66.8,60.8,59.12,29.13
2021-11-06 00:21:00 +0530,477738,66.8,60.8,59.12,29.13
2021-11-06 00:21:30 +0530,477739,67.3,61.1,59.38,29.02
2021-11-06 00:22:30 +0530,477740,65.2,58.8,59.24,29.05
2021-11-06 00:23:00 +0530,477741,68.1,61.2,59.27,29.06
2021-11-06 00:24:30 +0530,477742,68.0,61.8,59.8,28.9
2021-11-06 00:25:00 +0530,477743,66.0,59.9,59.64,28.95
2021-11-06 00:25:30 +0530,477744,66.0,59.9,59.64,28.95
2021-11-06 00:26:00 +0530,477745,66.0,59.9,59.64,28.95
2021-11-06 00:27:30 +0530,477746,25.4,22.8,60.47,28.65
2021-11-06 00:28:00 +0530,477747,50.1,42.9,60.47,28.65
2021-11-06 00:28:30 +0530,477748,50.1,42.9,60.47,28.65
2021-11-06 00:30:00 +0530,477749,60.1,54.6,60.9,28.47
2021-11-06 00:31:00 +0530,477750,60.9,55.2,61.05,28.56
2021-11-06 00:31:30 +0530,477751,60.4,54.7,61.02,28.59
2021-11-06 00:32:00 +0530,477752,60.4,54.7,61.02,28.59
2021-11-06 00:32:30 +0530,477753,60.4,54.7,61.02,28.59
2021-11-06 00:33:00 +0530,477754,60.4,54.7,61.02,28.59
2021-11-06 00:33:30 +0530,477755,71.2,65.3,61.66,28.28
2021-11-06 00:34:00 +0530,477756,71.2,65.3,61.66,28.28
2021-11-06 00:34:30 +0530,477757,71.2,65.3,61.66,28.28
2021-11-06 00:35:00 +0530,477758,71.2,65.3,61.66,28.28
2021-11-06 00:36:00 +0530,477759,39.7,35.8,62.24,28.05
2021-11-06 00:36:30 +0530,477760,39.7,35.8,62.24,28.05
2021-11-06 00:37:00 +0530,477761,63.6,58.6,62.15,28.09
2021-11-06 00:37:30 +0530,477762,63.6,58.6,62.15,28.09
2021-11-06 00:38:30 +0530,477763,60.0,53.7,62.31,28.2
2021-11-06 00:39:30 +0530,477764,62.3,55.7,61.6,28.46
2021-11-06 00:40:00 +0530,477765,65.7,59.2,61.28,28.57
2021-11-06 00:40:30 +0530,477766,65.6,59.2,61.28,28.57
2021-11-06 00:41:00 +0530,477767,65.6,59.2,61.28,28.57
2021-11-06 00:41:30 +0530,477768,63.6,57.3,61.67,28.47
2021-11-06 00:42:00 +0530,477769,61.1,54.9,61.6,28.47
2021-11-06 00:42:30 +0530,477770,61.1,54.9,61.6,28.47
2021-11-06 00:44:00 +0530,477771,40.6,36.4,61.78,28.35
2021-11-06 00:44:30 +0530,477772,40.6,36.4,61.78,28.35
2021-11-06 00:45:30 +0530,477773,59.0,53.6,62.1,28.33
2021-11-06 00:46:00 +0530,477774,59.0,53.6,62.1,28.33
2021-11-06 00:46:30 +0530,477775,59.0,53.6,62.1,28.33
2021-11-06 00:47:00 +0530,477776,59.0,53.6,62.1,28.33
2021-11-06 00:47:30 +0530,477777,59.0,53.6,62.1,28.33
2021-11-06 00:48:00 +0530,477778,39.9,34.3,62.24,28.13
2021-11-06 00:48:30 +0530,477779,53.0,48.2,62.36,28.23
2021-11-06 00:50:00 +0530,477780,41.6,38.5,62.07,28.21
2021-11-06 00:50:30 +0530,477781,60.5,55.2,61.78,28.39
2021-11-06 00:51:00 +0530,477782,59.4,54.2,61.4,28.5
2021-11-06 00:51:30 +0530,477783,59.6,54.2,61.34,28.52
2021-11-06 00:52:00 +0530,477784,59.6,54.2,61.34,28.52
2021-11-06 00:53:30 +0530,477785,42.1,38.3,61.75,28.39
2021-11-06 00:54:00 +0530,477786,42.1,38.3,61.75,28.39
2021-11-06 00:54:30 +0530,477787,42.1,38.3,61.75,28.39
2021-11-06 00:55:00 +0530,477789,,,,
2021-11-06 00:55:30 +0530,477790,39.7,35.6,61.72,28.38
2021-11-06 00:56:00 +0530,477791,39.5,35.6,61.38,28.49
2021-11-06 00:56:30 +0530,477792,41.8,35.1,61.05,28.58
2021-11-06 00:57:00 +0530,477788,48.2,43.3,60.87,28.65
2021-11-06 00:57:30 +0530,477793,51.3,46.4,60.73,28.71
2021-11-06 00:58:00 +0530,477794,51.3,46.4,60.73,28.71
2021-11-06 00:58:30 +0530,477795,61.5,56.1,61.02,28.5
2021-11-06 00:59:30 +0530,477796,32.7,29.7,61.25,28.43
2021-11-06 01:00:00 +0530,477797,50.6,46.2,61.38,28.45
2021-11-06 01:00:30 +0530,477798,48.6,44.2,61.38,28.45
2021-11-06 01:01:00 +0530,477799,26.2,17.7,61.51,28.34
2021-11-06 01:01:30 +0530,477800,55.9,50.8,61.34,28.46
2021-11-06 01:02:00 +0530,477801,55.5,50.7,61.25,28.52
2021-11-06 01:02:30 +0530,477802,54.7,49.6,61.14,28.53
2021-11-06 01:03:00 +0530,477803,54.6,49.9,61.17,28.54
2021-11-06 01:03:30 +0530,477804,51.8,47.1,61.08,28.57
2021-11-06 01:04:00 +0530,477805,51.8,47.1,61.08,28.57
2021-11-06 01:04:30 +0530,477806,51.8,47.1,61.08,28.57
2021-11-06 01:05:00 +0530,477807,54.0,49.3,61.67,28.35
2021-11-06 01:06:00 +0530,477808,30.0,26.8,61.14,28.47
2021-11-06 01:06:30 +0530,477809,54.0,49.3,60.93,28.57
2021-11-06 01:07:00 +0530,477810,52.6,48.1,60.73,28.67
2021-11-06 01:07:30 +0530,477811,52.0,47.7,60.53,28.71
2021-11-06 01:08:00 +0530,477812,32.1,25.8,60.67,28.59
2021-11-06 01:08:30 +0530,477813,50.1,46.0,60.55,28.69
2021-11-06 01:09:00 +0530,477814,53.5,48.7,60.41,28.73
2021-11-06 01:09:30 +0530,477815,50.6,46.2,60.26,28.78
2021-11-06 01:10:00 +0530,477816,50.6,46.1,60.26,28.78
2021-11-06 01:10:30 +0530,477817,16.4,15.1,60.55,28.61
2021-11-06 01:11:00 +0530,477818,35.7,32.3,60.58,28.67
2021-11-06 01:11:30 +0530,477819,26.6,23.9,60.41,28.71
2021-11-06 01:12:00 +0530,477820,40.9,37.4,60.53,28.74
2021-11-06 01:13:30 +0530,477821,35.5,32.4,60.52,28.68
2021-11-06 01:14:30 +0530,477822,28.7,26.1,60.82,28.55
2021-11-06 01:15:00 +0530,477823,28.7,26.1,60.82,28.55
2021-11-06 01:15:30 +0530,477824,18.3,17.1,61.31,28.37
2021-11-06 01:16:00 +0530,477825,45.5,41.8,61.4,28.44
2021-11-06 01:17:00 +0530,477826,30.1,26.8,60.9,28.54
2021-11-06 01:18:00 +0530,477827,48.1,44.1,60.99,28.54
2021-11-06 01:18:30 +0530,477828,28.9,25.9,60.73,28.59
2021-11-06 01:19:30 +0530,477829,30.1,27.4,60.61,28.61
2021-11-06 01:20:00 +0530,477830,51.6,47.3,60.47,28.72
2021-11-06 01:20:30 +0530,477831,51.7,47.1,60.32,28.77
2021-11-06 01:21:00 +0530,477832,51.7,47.1,60.32,28.77
2021-11-06 01:21:30 +0530,477833,12.7,11.8,60.9,28.49
2021-11-06 01:22:00 +0530,477834,48.8,44.2,61.02,28.57
2021-11-06 01:22:30 +0530,477835,48.2,44.2,60.58,28.67
2021-11-06 01:23:00 +0530,477836,47.6,43.6,60.55,28.68
2021-11-06 01:24:00 +0530,477837,25.5,23.5,60.9,28.52
2021-11-06 01:25:00 +0530,477838,26.7,24.2,61.37,28.39
2021-11-06 01:26:00 +0530,477839,39.1,30.3,61.25,28.4
2021-11-06 01:26:30 +0530,477840,41.7,37.3,61.25,28.48
2021-11-06 01:27:30 +0530,477841,28.2,24.2,61.4,28.35
2021-11-06 01:28:00 +0530,477842,24.1,21.9,61.57,28.29
2021-11-06 01:28:30 +0530,477843,47.9,44.0,61.25,28.44
2021-11-06 01:29:00 +0530,477844,50.0,45.4,61.05,28.55
2021-11-06 01:30:00 +0530,477845,27.4,24.4,60.79,28.58
2021-11-06 01:30:30 +0530,477846,27.4,24.4,60.79,28.58
2021-11-06 01:31:00 +0530,477847,48.0,43.6,61.37,28.45
2021-11-06 01:32:00 +0530,477848,31.7,28.6,61.05,28.5
2021-11-06 01:32:30 +0530,477849,31.7,28.6,61.05,28.5
2021-11-06 01:33:00 +0530,477850,31.7,28.6,61.05,28.5
2021-11-06 01:33:30 +0530,477851,31.7,28.6,61.05,28.5
2021-11-06 01:34:00 +0530,477852,31.7,28.6,61.05,28.5
2021-11-06 01:35:00 +0530,477853,29.5,25.2,61.78,28.28
2021-11-06 01:35:30 +0530,477854,27.0,13.1,61.49,28.37
2021-11-06 01:36:00 +0530,477855,26.4,23.8,61.49,28.37
2021-11-06 01:36:30 +0530,477856,49.8,45.7,61.43,28.44
2021-11-06 01:37:00 +0530,477857,10.2,9.4,61.14,28.49
2021-11-06 01:37:30 +0530,477858,45.7,42.1,60.96,28.59
2021-11-06 01:38:30 +0530,477859,49.1,44.6,60.82,28.68
2021-11-06 01:39:00 +0530,477860,49.1,44.6,60.82,28.68
2021-11-06 01:39:30 +0530,477861,49.1,44.6,60.82,28.68
2021-11-06 01:40:30 +0530,477862,40.3,36.8,61.86,28.37
2021-11-06 01:41:00 +0530,477863,38.8,35.3,61.75,28.37
2021-11-06 01:41:30 +0530,477864,46.0,42.3,61.4,28.47
2021-11-06 01:42:30 +0530,477865,44.8,40.7,61.46,28.46
2021-11-06 01:43:00 +0530,477866,30.0,27.5,61.31,28.41
2021-11-06 01:44:00 +0530,477867,40.8,36.9,61.28,28.54
2021-11-06 01:45:30 +0530,477868,41.4,37.6,61.6,28.39
2021-11-06 01:46:30 +0530,477869,47.9,43.9,61.4,28.44
2021-11-06 01:47:00 +0530,477870,48.9,44.7,61.17,28.53
2021-11-06 01:47:30 +0530,477871,47.9,43.8,60.93,28.59
2021-11-06 01:48:00 +0530,477872,47.9,43.8,60.93,28.59
2021-11-06 01:48:30 +0530,477873,47.9,43.8,60.93,28.59
2021-11-06 01:49:00 +0530,477874,47.9,43.8,60.93,28.59
2021-11-06 01:50:30 +0530,477875,28.7,26.3,61.95,28.25
2021-11-06 01:51:00 +0530,477876,48.9,44.9,61.63,28.37
2021-11-06 01:51:30 +0530,477877,48.6,44.8,61.31,28.47
2021-11-06 01:52:00 +0530,477878,49.7,45.8,61.05,28.55
2021-11-06 01:52:30 +0530,477879,50.6,46.3,61.08,28.56
2021-11-06 01:53:30 +0530,477880,45.4,41.5,61.43,28.49
2021-11-06 01:54:00 +0530,477881,27.8,24.9,61.31,28.44
2021-11-06 01:54:30 +0530,477882,29.4,26.6,61.31,28.44
2021-11-06 01:55:00 +0530,477883,26.1,23.9,61.6,28.35
2021-11-06 01:55:30 +0530,477884,26.1,23.9,61.6,28.35
2021-11-06 01:56:00 +0530,477885,26.1,23.9,61.6,28.35
2021-11-06 01:56:30 +0530,477886,26.1,23.9,61.6,28.35
2021-11-06 01:57:00 +0530,477887,26.1,23.9,61.6,28.35
2021-11-06 01:57:30 +0530,477888,26.1,23.9,61.6,28.35
2021-11-06 01:58:30 +0530,477889,24.6,22.4,63.0,27.93
2021-11-06 01:59:00 +0530,477890,24.6,22.4,63.0,27.93
2021-11-06 02:00:30 +0530,477891,25.8,23.7,62.88,27.85
2021-11-06 02:01:00 +0530,477892,32.2,29.6,63.03,27.91
2021-11-06 02:01:30 +0530,477893,32.2,29.6,63.03,27.91
2021-11-06 02:02:30 +0530,477894,43.9,40.1,62.65,27.98
2021-11-06 02:03:00 +0530,477895,42.9,39.2,62.65,27.98
2021-11-06 02:03:30 +0530,477896,42.9,39.2,62.65,27.98
2021-11-06 02:04:00 +0530,477897,42.9,39.2,62.65,27.98
2021-11-06 02:04:30 +0530,477898,50.8,46.7,62.65,28.0
2021-11-06 02:05:00 +0530,477899,47.2,43.4,62.33,28.11
2021-11-06 02:05:30 +0530,477900,47.2,43.4,62.33,28.11
2021-11-06 02:06:30 +0530,477901,30.6,27.7,62.82,28.03
2021-11-06 02:07:30 +0530,477902,42.9,39.6,62.33,28.11
2021-11-06 02:08:00 +0530,477903,42.9,39.6,62.28,28.13
2021-11-06 02:09:00 +0530,477904,44.3,40.6,61.72,28.3
2021-11-06 02:09:30 +0530,477905,46.2,42.9,61.43,28.39
2021-11-06 02:10:00 +0530,477906,46.2,42.9,61.43,28.39
2021-11-06 02:12:00 +0530,477907,47.0,43.7,62.3,28.11
2021-11-06 02:12:30 +0530,477908,47.0,43.7,62.3,28.11
2021-11-06 02:13:00 +0530,477909,50.0,46.4,62.33,28.09
2021-11-06 02:13:30 +0530,477910,50.1,46.5,62.21,28.21
2021-11-06 02:14:00 +0530,477911,27.4,24.6,61.75,28.28
2021-11-06 02:14:30 +0530,477912,40.0,36.8,61.89,28.29
2021-11-06 02:15:00 +0530,477913,40.0,36.8,61.89,28.29
2021-11-06 02:15:30 +0530,477914,44.1,40.6,62.33,28.18
2021-11-06 02:16:00 +0530,477915,42.2,38.8,62.24,28.2
2021-11-06 02:16:30 +0530,477916,53.8,49.8,62.04,28.28
2021-11-06 02:17:00 +0530,477917,53.8,49.8,62.04,28.28
2021-11-06 02:17:30 +0530,477918,53.8,49.8,62.04,28.28
2021-11-06 02:18:00 +0530,477919,53.8,49.8,62.04,28.28
2021-11-06 02:18:30 +0530,477920,53.8,49.8,62.04,28.28
2021-11-06 02:19:30 +0530,477921,38.0,34.6,63.47,27.91
2021-11-06 02:20:30 +0530,477922,45.4,41.3,63.0,28.0
2021-11-06 02:21:00 +0530,477923,45.4,41.3,63.0,28.0
2021-11-06 02:21:30 +0530,477924,45.4,41.3,63.0,28.0
2021-11-06 02:22:30 +0530,477925,37.1,33.7,63.11,27.97
2021-11-06 02:23:30 +0530,477926,26.9,24.2,62.68,28.01
2021-11-06 02:24:00 +0530,477927,49.4,45.0,62.36,28.17
2021-11-06 02:24:30 +0530,477928,49.2,44.8,62.36,28.2
2021-11-06 02:25:00 +0530,477929,45.2,41.7,62.48,28.17
2021-11-06 02:25:30 +0530,477930,45.5,41.9,62.33,28.23
2021-11-06 02:26:00 +0530,477931,45.5,41.9,62.33,28.23
2021-11-06 02:27:00 +0530,477932,43.7,39.8,62.86,28.08
2021-11-06 02:27:30 +0530,477933,43.7,39.8,62.86,28.08
2021-11-06 02:28:00 +0530,477934,43.7,39.8,62.86,28.08
2021-11-06 02:30:30 +0530,477935,31.3,27.3,62.92,27.99
2021-11-06 02:31:30 +0530,477936,46.6,42.9,62.86,28.08
2021-11-06 02:32:00 +0530,477937,46.6,42.9,62.86,28.08
2021-11-06 02:33:00 +0530,477938,46.7,42.7,63.03,28.04
2021-11-06 02:33:30 +0530,477939,12.4,11.5,62.68,28.11
2021-11-06 02:34:00 +0530,477940,50.1,45.6,62.48,28.23
2021-11-06 02:34:30 +0530,477941,51.9,47.7,62.24,28.3
2021-11-06 02:35:00 +0530,477942,28.1,25.7,62.1,28.32
2021-11-06 02:35:30 +0530,477943,39.3,36.1,62.21,28.37
2021-11-06 02:36:00 +0530,477944,55.5,51.5,62.24,28.34
2021-11-06 02:36:30 +0530,477945,55.5,51.5,62.24,28.34
2021-11-06 02:37:30 +0530,477946,34.3,31.2,62.77,28.24
2021-11-06 02:38:00 +0530,477947,34.3,31.2,62.77,28.24
2021-11-06 02:39:30 +0530,477948,28.9,26.4,62.1,28.32
2021-11-06 02:40:00 +0530,477949,59.7,55.2,62.18,28.32
2021-11-06 02:40:30 +0530,477950,59.7,55.2,62.18,28.32
2021-11-06 02:41:30 +0530,477951,30.1,27.2,62.71,28.18
2021-11-06 02:42:00 +0530,477952,30.1,27.2,62.71,28.18
2021-11-06 02:43:30 +0530,477953,49.1,44.7,62.04,28.35
2021-11-06 02:44:00 +0530,477954,38.6,35.1,61.78,28.41
2021-11-06 02:45:00 +0530,477955,32.2,29.1,61.63,28.44
2021-11-06 02:46:00 +0530,477956,20.1,18.0,61.49,28.49
2021-11-06 02:46:30 +0530,477957,55.2,50.8,61.55,28.5
2021-11-06 02:47:00 +0530,477958,54.5,50.2,61.31,28.56
2021-11-06 02:47:30 +0530,477959,54.5,50.2,61.31,28.56
2021-11-06 02:48:00 +0530,477960,54.5,50.2,61.31,28.56
2021-11-06 02:49:00 +0530,477961,28.4,25.7,61.89,28.34
2021-11-06 02:50:00 +0530,477962,50.9,46.8,61.43,28.53
2021-11-06 02:51:00 +0530,477963,43.2,39.2,61.38,28.59
2021-11-06 02:52:00 +0530,477964,53.1,48.7,61.38,28.54
2021-11-06 02:52:30 +0530,477965,55.7,51.1,61.22,28.59
2021-11-06 02:53:00 +0530,477966,55.7,51.1,61.22,28.59
2021-11-06 02:53:30 +0530,477967,55.7,51.1,61.22,28.59
2021-11-06 02:54:00 +0530,477968,55.7,51.1,61.22,28.59
2021-11-06 02:54:30 +0530,477969,55.7,51.1,61.22,28.59
2021-11-06 02:55:00 +0530,477970,55.7,51.1,61.22,28.59
2021-11-06 02:56:00 +0530,477971,50.2,45.6,62.66,28.16
2021-11-06 02:56:30 +0530,477972,50.4,45.8,62.57,28.19
2021-11-06 02:57:00 +0530,477973,50.4,45.8,62.57,28.19
2021-11-06 02:57:30 +0530,477974,50.4,45.8,62.57,28.19
2021-11-06 02:58:30 +0530,477975,36.2,33.1,62.71,28.09
2021-11-06 02:59:30 +0530,477976,52.2,47.8,62.28,28.28
2021-11-06 03:00:00 +0530,477977,52.2,47.8,62.28,28.28
2021-11-06 03:00:30 +0530,477978,52.2,47.8,62.28,28.28
2021-11-06 03:01:00 +0530,477979,32.9,29.6,62.97,27.98
2021-11-06 03:01:30 +0530,477980,46.4,42.4,63.27,28.05
2021-11-06 03:02:00 +0530,477981,53.4,49.3,63.01,28.13
2021-11-06 03:03:00 +0530,477982,36.0,32.6,62.36,28.21
2021-11-06 03:03:30 +0530,477983,36.0,32.6,62.36,28.21
2021-11-06 03:04:00 +0530,477984,59.7,55.3,62.74,28.13
2021-11-06 03:04:30 +0530,477985,59.6,54.8,62.18,28.28
2021-11-06 03:05:00 +0530,477986,55.2,50.8,61.89,28.39
2021-11-06 03:05:30 +0530,477987,55.4,51.1,61.78,28.42
2021-11-06 03:06:00 +0530,477988,55.4,51.1,61.78,28.42
2021-11-06 03:06:30 +0530,477989,55.4,51.1,61.78,28.42
2021-11-06 03:07:00 +0530,477990,55.4,51.1,61.78,28.42
2021-11-06 03:07:30 +0530,477991,62.5,57.8,62.89,28.18
2021-11-06 03:08:00 +0530,477992,62.5,57.8,62.89,28.18
2021-11-06 03:09:00 +0530,477993,43.7,40.0,63.15,28.12
2021-11-06 03:09:30 +0530,477994,43.7,40.0,63.15,28.12
2021-11-06 03:10:00 +0530,477995,60.6,55.6,62.97,28.06
2021-11-06 03:10:30 +0530,477996,60.6,55.6,62.97,28.06
2021-11-06 03:11:00 +0530,477997,60.6,55.6,62.97,28.06
2021-11-06 03:11:30 +0530,477998,40.3,36.4,63.26,27.94
2021-11-06 03:12:00 +0530,477999,40.2,36.4,63.59,27.98
2021-11-06 03:12:30 +0530,478000,40.2,36.4,63.59,27.98
2021-11-06 03:13:00 +0530,478001,40.2,36.4,63.59,27.98
2021-11-06 03:13:30 +0530,478002,38.2,33.9,63.55,27.87
2021-11-06 03:14:00 +0530,478003,54.3,49.5,63.59,27.98
2021-11-06 03:14:30 +0530,478004,54.3,49.5,63.59,27.98
2021-11-06 03:15:00 +0530,478005,62.5,57.5,63.0,28.11
2021-11-06 03:15:30 +0530,478006,61.3,56.2,62.74,28.23
2021-11-06 03:16:00 +0530,478007,35.8,32.4,62.71,28.19
2021-11-06 03:16:30 +0530,478008,51.2,46.9,62.86,28.28
2021-11-06 03:17:00 +0530,478009,61.1,56.4,62.6,28.26
2021-11-06 03:17:30 +0530,478010,61.1,56.4,62.6,28.26
2021-11-06 03:18:00 +0530,478011,61.1,56.4,62.6,28.26
2021-11-06 03:19:00 +0530,478012,61.5,56.9,63.27,28.11
2021-11-06 03:19:30 +0530,478013,57.9,52.8,63.01,28.16
2021-11-06 03:20:00 +0530,478014,50.1,45.6,63.06,28.17
2021-11-06 03:20:30 +0530,478015,47.9,43.7,63.06,28.17
2021-11-06 03:21:30 +0530,478016,35.8,32.4,62.98,28.15
2021-11-06 03:22:00 +0530,478017,63.9,58.5,62.74,28.25
2021-11-06 03:22:30 +0530,478018,61.3,56.1,62.74,28.25
2021-11-06 03:23:00 +0530,478019,64.2,59.1,62.77,28.3
2021-11-06 03:23:30 +0530,478020,64.2,59.1,62.77,28.3
2021-11-06 03:24:00 +0530,478021,64.2,59.1,62.77,28.3
2021-11-06 03:24:30 +0530,478022,64.6,58.9,63.12,28.18
2021-11-06 03:25:00 +0530,478023,39.3,35.8,62.94,28.13
2021-11-06 03:25:30 +0530,478024,61.8,56.7,62.74,28.26
2021-11-06 03:26:00 +0530,478025,60.8,55.8,62.21,28.34
2021-11-06 03:26:30 +0530,478026,60.8,55.8,62.21,28.34
2021-11-06 03:27:00 +0530,478027,60.8,55.8,62.21,28.34
2021-11-06 03:27:30 +0530,478028,60.8,55.8,62.21,28.34
2021-11-06 03:28:00 +0530,478029,60.8,55.8,62.21,28.34
2021-11-06 03:28:30 +0530,478030,60.8,55.8,62.21,28.34
2021-11-06 03:29:30 +0530,478031,38.6,34.9,63.73,27.81
2021-11-06 03:30:30 +0530,478032,39.3,35.9,63.35,27.95
2021-11-06 03:31:00 +0530,478033,47.6,43.7,63.44,28.0
2021-11-06 03:31:30 +0530,478034,17.3,15.9,63.23,27.96
2021-11-06 03:32:00 +0530,478035,50.6,46.6,63.53,28.01
2021-11-06 03:32:30 +0530,478036,50.6,46.6,63.53,28.01
2021-11-06 03:33:00 +0530,478037,65.5,60.4,63.61,27.95
2021-11-06 03:34:30 +0530,478038,58.6,53.8,63.53,27.94
2021-11-06 03:35:30 +0530,478039,55.4,50.8,63.03,28.12
2021-11-06 03:36:00 +0530,478040,55.4,50.8,63.03,28.12
2021-11-06 03:36:30 +0530,478041,55.4,50.8,63.03,28.12
2021-11-06 03:37:00 +0530,478042,55.4,50.8,63.03,28.12
2021-11-06 03:37:30 +0530,478043,55.4,50.8,63.03,28.12
2021-11-06 03:38:30 +0530,478044,62.9,57.9,64.2,27.79
2021-11-06 03:39:30 +0530,478045,65.2,59.7,63.47,27.94
2021-11-06 03:40:00 +0530,478046,63.9,58.5,63.09,28.05
2021-11-06 03:40:30 +0530,478047,64.5,59.1,63.09,28.05
2021-11-06 03:41:30 +0530,478048,41.6,37.9,63.5,27.91
2021-11-06 03:42:00 +0530,478049,66.3,60.8,63.09,28.03
2021-11-06 03:42:30 +0530,478050,68.9,63.2,62.8,28.14
2021-11-06 03:43:00 +0530,478051,68.9,63.2,62.8,28.14
2021-11-06 03:43:30 +0530,478052,68.9,63.2,62.8,28.14
2021-11-06 03:44:00 +0530,478053,68.8,62.9,63.03,28.08
2021-11-06 03:44:30 +0530,478054,20.3,18.4,62.71,28.12
2021-11-06 03:45:00 +0530,478055,48.6,44.1,62.71,28.12
2021-11-06 03:45:30 +0530,478056,55.9,50.8,62.71,28.13
2021-11-06 03:46:00 +0530,478057,58.4,52.9,62.74,28.18
2021-11-06 03:46:30 +0530,478058,58.4,52.9,62.74,28.18
2021-11-06 03:47:30 +0530,478059,63.7,58.1,62.57,28.15
2021-11-06 03:48:00 +0530,478060,66.5,61.0,62.24,28.24
2021-11-06 03:48:30 +0530,478061,66.6,61.1,62.24,28.25
2021-11-06 03:49:00 +0530,478062,40.0,36.1,62.47,28.12
2021-11-06 03:49:30 +0530,478063,64.5,59.2,62.21,28.21
2021-11-06 03:50:00 +0530,478064,61.9,56.8,61.89,28.28
2021-11-06 03:50:30 +0530,478065,62.3,57.1,61.89,28.28
2021-11-06 03:51:00 +0530,478066,62.3,57.1,61.89,28.28
2021-11-06 03:51:30 +0530,478067,62.3,57.1,61.89,28.28
2021-11-06 03:52:00 +0530,478068,62.3,57.1,61.89,28.28
2021-11-06 03:52:30 +0530,478069,62.3,57.1,61.89,28.28
2021-11-06 03:53:00 +0530,478070,62.3,57.1,61.89,28.28
2021-11-06 03:53:30 +0530,478071,17.3,15.3,63.67,27.7
2021-11-06 03:54:30 +0530,478072,52.1,47.3,63.23,27.84
2021-11-06 03:55:30 +0530,478073,62.3,57.2,63.03,27.91
2021-11-06 03:56:00 +0530,478074,41.4,37.4,62.7,27.96
2021-11-06 03:56:30 +0530,478075,63.2,58.1,62.71,28.04
2021-11-06 03:57:30 +0530,478076,65.1,59.8,62.36,28.13
2021-11-06 03:58:00 +0530,478077,19.9,18.0,62.21,28.14
2021-11-06 03:58:30 +0530,478078,51.9,47.5,62.36,28.19
2021-11-06 03:59:30 +0530,478079,70.0,64.3,62.53,28.1
2021-11-06 04:01:00 +0530,478080,41.1,36.8,62.39,28.1
2021-11-06 04:01:30 +0530,478081,46.0,41.8,62.33,28.12
2021-11-06 04:03:00 +0530,478082,64.6,59.0,62.6,28.11
2021-11-06 04:03:30 +0530,478083,64.7,59.1,62.6,28.11
2021-11-06 04:05:30 +0530,478084,21.1,19.3,63.35,27.85
2021-11-06 04:06:00 +0530,478085,43.6,39.6,63.35,27.85
2021-11-06 04:06:30 +0530,478086,42.3,37.7,63.44,27.8
2021-11-06 04:07:30 +0530,478087,43.2,39.4,63.03,27.93
2021-11-06 04:08:00 +0530,478088,52.7,48.1,63.15,27.95
2021-11-06 04:08:30 +0530,478089,44.5,40.1,63.26,27.84
2021-11-06 04:09:00 +0530,478090,68.5,62.7,63.26,27.94
2021-11-06 04:10:00 +0530,478091,67.2,61.4,63.09,27.97
2021-11-06 04:10:31 +0530,478092,67.2,61.4,63.09,27.97
2021-11-06 04:11:00 +0530,478093,67.2,61.4,63.09,27.97
2021-11-06 04:11:30 +0530,478094,67.2,61.5,63.53,27.85
2021-11-06 04:12:00 +0530,478095,63.8,58.2,63.53,27.85
2021-11-06 04:12:30 +0530,478096,63.8,58.2,63.53,27.85
2021-11-06 04:13:30 +0530,478097,67.1,61.4,63.79,27.75
2021-11-06 04:14:00 +0530,478098,65.4,59.7,63.76,27.78
2021-11-06 04:14:30 +0530,478099,65.4,59.7,63.76,27.78
2021-11-06 04:15:30 +0530,478100,65.5,59.3,63.93,27.76
2021-11-06 04:17:00 +0530,478101,76.4,70.1,64.2,27.69
2021-11-06 04:18:00 +0530,478102,35.1,22.2,63.93,27.7
2021-11-06 04:18:30 +0530,478103,46.5,42.0,64.02,27.76
2021-11-06 04:19:00 +0530,478104,69.3,63.5,63.85,27.78
2021-11-06 04:19:30 +0530,478105,69.3,63.5,63.85,27.78
2021-11-06 04:20:00 +0530,478106,69.3,63.5,63.85,27.78
2021-11-06 04:20:30 +0530,478107,69.4,63.8,64.14,27.73
2021-11-06 04:21:00 +0530,478108,69.5,63.3,63.76,27.81
2021-11-06 04:21:30 +0530,478109,67.8,62.2,63.55,27.89
2021-11-06 04:22:00 +0530,478110,67.7,62.1,63.55,27.87
2021-11-06 04:22:30 +0530,478111,42.2,38.2,63.96,27.73
2021-11-06 04:23:00 +0530,478112,63.2,57.7,64.05,27.8
2021-11-06 04:24:00 +0530,478113,65.7,60.1,63.9,27.81
2021-11-06 04:25:00 +0530,478114,63.2,57.6,63.61,27.9
2021-11-06 04:26:00 +0530,478115,64.0,58.6,63.61,27.89
2021-11-06 04:26:30 +0530,478116,63.5,58.1,63.61,27.89
2021-11-06 04:27:00 +0530,478117,63.5,58.1,63.61,27.89
2021-11-06 04:29:00 +0530,478118,47.4,40.7,64.92,27.53
2021-11-06 04:29:30 +0530,478119,67.4,61.6,64.55,27.67
2021-11-06 04:30:00 +0530,478120,67.0,61.1,64.49,27.7
2021-11-06 04:31:00 +0530,478121,42.8,38.5,64.6,27.63
2021-11-06 04:32:00 +0530,478122,44.6,40.1,64.25,27.75
2021-11-06 04:32:30 +0530,478123,68.1,62.3,63.9,27.89
2021-11-06 04:33:30 +0530,478124,65.1,59.6,63.91,27.95
2021-11-06 04:34:00 +0530,478125,70.6,64.7,63.5,28.04
2021-11-06 04:34:30 +0530,478126,65.9,60.2,63.5,28.06
2021-11-06 04:35:00 +0530,478127,67.8,62.1,63.35,28.11
2021-11-06 04:36:30 +0530,478128,44.7,40.7,63.01,28.19
2021-11-06 04:37:00 +0530,478129,44.5,40.1,63.21,28.12
2021-11-06 04:37:30 +0530,478130,58.5,53.1,63.53,28.15
2021-11-06 04:39:00 +0530,478131,68.6,62.4,63.06,28.18
2021-11-06 04:39:30 +0530,478132,68.8,62.7,62.86,28.25
2021-11-06 04:40:00 +0530,478133,68.8,62.7,62.86,28.25
2021-11-06 04:40:30 +0530,478134,68.8,62.7,62.86,28.25
2021-11-06 04:41:00 +0530,478135,68.8,62.7,62.86,28.25
2021-11-06 04:41:30 +0530,478136,70.9,64.9,63.76,28.02
2021-11-06 04:42:00 +0530,478137,70.9,64.9,63.76,28.02
2021-11-06 04:42:30 +0530,478138,56.5,51.4,63.82,27.91
2021-11-06 04:43:00 +0530,478139,26.9,24.1,63.18,27.98
2021-11-06 04:44:00 +0530,478140,58.4,53.3,62.92,28.06
2021-11-06 04:44:30 +0530,478141,65.6,59.7,63.11,28.06
2021-11-06 04:45:00 +0530,478142,66.8,60.9,63.03,28.08
2021-11-06 04:45:30 +0530,478143,65.6,59.9,63.0,28.06
2021-11-06 04:46:00 +0530,478150,65.6,59.9,63.0,28.06
2021-11-06 04:46:30 +0530,478157,65.6,59.9,63.0,28.06
2021-11-06 04:47:00 +0530,478164,65.6,59.9,63.0,28.06
2021-11-06 04:47:30 +0530,478165,45.6,41.1,63.96,27.7
2021-11-06 04:48:00 +0530,478166,56.3,51.1,63.55,27.84
2021-11-06 04:48:30 +0530,478167,56.1,50.8,63.05,27.94
2021-11-06 04:49:00 +0530,478168,56.4,51.1,62.71,28.01
2021-11-06 04:49:30 +0530,478169,56.3,50.8,62.5,28.05
2021-11-06 04:50:00 +0530,478170,56.8,51.2,62.33,28.09
2021-11-06 04:50:30 +0530,478171,46.7,42.3,62.24,28.05
2021-11-06 04:51:00 +0530,478172,58.5,52.3,62.24,28.08
2021-11-06 04:51:30 +0530,478173,59.3,53.7,62.24,28.09
2021-11-06 04:52:00 +0530,478174,57.8,52.4,62.24,28.09
2021-11-06 04:52:30 +0530,478175,60.4,54.8,62.27,28.09
2021-11-06 04:53:00 +0530,478176,58.7,53.2,62.3,28.09
2021-11-06 04:53:30 +0530,478177,60.5,54.6,62.33,28.09
2021-11-06 04:54:00 +0530,478178,60.9,55.3,62.27,28.09
2021-11-06 04:54:30 +0530,478179,60.1,54.8,62.27,28.1
2021-11-06 04:55:00 +0530,478180,60.2,54.5,62.24,28.1
2021-11-06 04:55:30 +0530,478181,51.5,46.7,62.3,28.04
2021-11-06 04:56:00 +0530,478182,54.8,49.2,62.5,28.04
2021-11-06 04:56:30 +0530,478183,58.1,52.6,62.33,28.04
2021-11-06 04:57:00 +0530,478184,54.8,49.7,62.44,28.03
2021-11-06 04:57:30 +0530,478185,61.6,55.7,62.33,28.03
2021-11-06 04:58:00 +0530,478186,52.3,47.1,62.5,28.01
2021-11-06 04:58:30 +0530,478187,54.4,49.5,62.53,27.99
2021-11-06 04:59:00 +0530,478188,58.1,52.6,62.44,27.99
2021-11-06 04:59:30 +0530,478189,56.8,51.3,62.33,28.0
2021-11-06 05:00:00 +0530,478190,50.8,46.1,62.39,27.97
2021-11-06 05:00:30 +0530,478191,55.8,50.4,62.27,27.97
2021-11-06 05:01:00 +0530,478192,51.9,46.8,62.44,27.94
2021-11-06 05:01:30 +0530,478193,58.0,52.5,62.41,27.93
2021-11-06 05:02:00 +0530,478194,59.8,54.2,62.44,27.93
2021-11-06 05:02:30 +0530,478195,60.1,54.4,62.5,27.91
2021-11-06 05:03:00 +0530,478196,55.5,50.2,62.68,27.89
2021-11-06 05:03:30 +0530,478197,51.8,46.9,62.76,27.86
2021-11-06 05:04:00 +0530,478198,52.0,47.3,62.88,27.84
2021-11-06 05:04:30 +0530,478199,54.3,48.9,62.94,27.83
2021-11-06 05:05:00 +0530,478200,60.2,54.3,62.91,27.83
2021-11-06 05:05:30 +0530,478201,53.6,48.4,63.03,27.83
2021-11-06 05:06:00 +0530,478202,60.7,55.0,62.94,27.83
2021-11-06 05:06:30 +0530,478203,60.8,55.0,63.0,27.83
2021-11-06 05:07:00 +0530,478204,62.8,56.5,63.0,27.84
2021-11-06 05:07:30 +0530,478205,62.5,56.5,63.03,27.84
2021-11-06 05:08:00 +0530,478206,62.3,56.4,63.05,27.84
2021-11-06 05:08:30 +0530,478207,55.2,49.7,63.23,27.82
2021-11-06 05:09:00 +0530,478208,61.7,55.7,63.18,27.82
2021-11-06 05:09:30 +0530,478209,62.9,56.7,63.18,27.82
2021-11-06 05:10:00 +0530,478210,62.5,56.5,63.18,27.82
2021-11-06 05:10:30 +0530,478211,62.4,56.5,63.2,27.83
2021-11-06 05:11:00 +0530,478212,64.2,58.1,63.2,27.82
2021-11-06 05:11:30 +0530,478213,62.3,56.5,63.23,27.82
2021-11-06 05:12:00 +0530,478214,62.5,56.3,63.2,27.82
2021-11-06 05:12:30 +0530,478215,60.4,54.6,63.18,27.82
2021-11-06 05:13:00 +0530,478216,61.2,55.2,63.11,27.81
2021-11-06 05:13:30 +0530,478217,64.5,56.8,63.15,27.81
2021-11-06 05:14:00 +0530,478218,63.3,56.6,63.15,27.81
2021-11-06 05:14:30 +0530,478219,62.5,56.2,63.15,27.81
2021-11-06 05:15:00 +0530,478220,62.0,55.9,63.15,27.81
2021-11-06 05:15:30 +0530,478221,62.5,56.2,63.08,27.81
2021-11-06 05:16:00 +0530,478222,63.4,56.8,63.08,27.8
2021-11-06 05:16:30 +0530,478223,63.0,56.4,63.05,27.8
2021-11-06 05:17:00 +0530,478224,65.2,58.6,63.03,27.81
2021-11-06 05:17:30 +0530,478225,58.9,51.5,63.18,27.76
2021-11-06 05:18:00 +0530,478226,63.6,57.3,63.08,27.76
2021-11-06 05:18:30 +0530,478227,65.8,59.1,63.05,27.76
2021-11-06 05:19:00 +0530,478228,67.5,60.7,63.08,27.75
2021-11-06 05:19:30 +0530,478229,65.7,59.3,63.11,27.75
2021-11-06 05:20:00 +0530,478230,65.3,59.2,63.15,27.74
2021-11-06 05:20:30 +0530,478231,64.2,58.1,63.21,27.74
2021-11-06 05:21:00 +0530,478232,66.3,59.4,63.23,27.74
2021-11-06 05:21:30 +0530,478233,77.5,60.8,63.21,27.74
2021-11-06 05:22:00 +0530,478234,75.4,62.0,63.21,27.73
2021-11-06 05:22:30 +0530,478235,67.3,60.4,63.26,27.72
2021-11-06 05:23:00 +0530,478236,66.5,59.7,63.35,27.71
2021-11-06 05:23:30 +0530,478237,66.5,59.8,63.4,27.7
2021-11-06 05:24:00 +0530,478238,65.8,59.3,63.44,27.7
2021-11-06 05:24:30 +0530,478239,66.9,59.9,63.47,27.7
2021-11-06 05:25:00 +0530,478240,68.1,60.7,63.47,27.69
2021-11-06 05:25:30 +0530,478241,67.7,60.9,63.5,27.68
2021-11-06 05:26:00 +0530,478242,67.5,60.7,63.53,27.68
2021-11-06 05:26:30 +0530,478243,59.5,53.5,63.7,27.65
2021-11-06 05:27:00 +0530,478244,69.9,63.2,63.61,27.66
2021-11-06 05:27:30 +0530,478245,67.1,60.2,63.58,27.67
2021-11-06 05:28:00 +0530,478246,69.0,61.8,63.58,27.67
2021-11-06 05:28:30 +0530,478247,66.6,59.6,63.58,27.67
2021-11-06 05:29:00 +0530,478248,60.6,54.1,63.7,27.64
2021-11-06 05:29:30 +0530,478249,69.3,62.2,63.64,27.64
2021-11-06 05:30:00 +0530,478250,102.0,66.9,63.64,27.65
2021-11-06 05:30:30 +0530,478251,73.4,65.5,63.64,27.64
2021-11-06 05:31:00 +0530,478252,67.3,60.8,63.82,27.63
2021-11-06 05:31:30 +0530,478253,60.4,54.4,63.84,27.61
2021-11-06 05:32:00 +0530,478254,67.3,60.7,63.95,27.61
2021-11-06 05:32:30 +0530,478255,60.1,53.8,64.11,27.59
2021-11-06 05:33:00 +0530,478256,194.0,76.4,64.05,27.59
2021-11-06 05:33:30 +0530,478257,70.8,61.8,64.05,27.6
2021-11-06 05:34:00 +0530,478258,68.0,61.1,64.05,27.6
2021-11-06 05:34:30 +0530,478259,109.7,62.2,64.16,27.58
2021-11-06 05:35:00 +0530,478260,98.5,66.7,64.13,27.58
2021-11-06 05:35:30 +0530,478261,69.0,61.9,64.11,27.58
2021-11-06 05:36:00 +0530,478262,69.0,61.9,64.11,27.6
2021-11-06 05:36:30 +0530,478263,243.6,86.1,64.05,27.6
2021-11-06 05:37:00 +0530,478264,108.4,67.1,64.01,27.6
2021-11-06 05:37:30 +0530,478265,183.5,77.4,64.01,27.6
2021-11-06 05:38:00 +0530,478266,72.0,63.1,64.05,27.6
2021-11-06 05:38:30 +0530,478267,99.9,66.3,64.05,27.61
2021-11-06 05:39:00 +0530,478268,77.4,65.7,64.08,27.61
2021-11-06 05:39:30 +0530,478269,155.5,72.8,64.05,27.61
2021-11-06 05:40:00 +0530,478270,315.6,92.6,63.99,27.63
2021-11-06 05:40:30 +0530,478271,209.7,78.9,63.99,27.63
2021-11-06 05:41:00 +0530,478272,106.3,65.6,63.93,27.63
2021-11-06 05:41:30 +0530,478273,68.6,60.2,63.82,27.63
2021-11-06 05:42:00 +0530,478274,80.2,63.9,63.82,27.63
2021-11-06 05:42:30 +0530,478275,91.1,64.8,63.79,27.63
2021-11-06 05:43:00 +0530,478276,75.5,60.3,63.79,27.61
2021-11-06 05:43:30 +0530,478277,68.1,61.0,63.69,27.61
2021-11-06 05:44:00 +0530,478278,69.9,62.8,63.76,27.61
2021-11-06 05:44:30 +0530,478279,71.0,63.5,63.78,27.6
2021-11-06 05:45:00 +0530,478280,72.7,62.1,63.84,27.6
2021-11-06 05:45:30 +0530,478281,65.5,56.1,63.98,27.57
2021-11-06 05:46:00 +0530,478282,72.6,64.8,63.87,27.58
2021-11-06 05:46:30 +0530,478283,72.5,65.0,63.84,27.59
2021-11-06 05:47:00 +0530,478284,71.1,63.6,63.84,27.6
2021-11-06 05:47:30 +0530,478285,62.1,55.4,63.87,27.56
2021-11-06 05:48:00 +0530,478286,68.2,59.4,64.08,27.56
2021-11-06 05:48:30 +0530,478287,78.9,66.2,63.93,27.58
2021-11-06 05:49:00 +0530,478288,77.5,65.6,63.93,27.6
2021-11-06 05:49:30 +0530,478289,85.9,66.9,63.9,27.6
2021-11-06 05:50:00 +0530,478290,78.9,65.2,63.9,27.6
2021-11-06 05:50:30 +0530,478291,69.4,61.9,63.84,27.6
2021-11-06 05:51:00 +0530,478292,70.5,63.1,63.84,27.6
2021-11-06 05:51:30 +0530,478293,71.4,57.4,63.98,27.58
2021-11-06 05:52:00 +0530,478294,76.6,63.2,64.05,27.56
2021-11-06 05:52:30 +0530,478295,84.5,61.6,64.08,27.54
2021-11-06 05:53:00 +0530,478296,92.2,68.3,63.93,27.55
2021-11-06 05:53:30 +0530,478297,78.7,67.9,63.9,27.56
2021-11-06 05:54:00 +0530,478298,73.8,66.1,63.87,27.56
2021-11-06 05:54:30 +0530,478299,64.7,56.9,64.01,27.54
2021-11-06 05:55:00 +0530,478300,71.8,64.5,63.93,27.54
2021-11-06 05:55:30 +0530,478301,71.9,64.4,63.95,27.54
2021-11-06 05:56:00 +0530,478302,74.2,66.3,63.95,27.54
2021-11-06 05:56:30 +0530,478303,74.7,66.8,63.95,27.54
2021-11-06 05:57:00 +0530,478304,74.9,66.9,63.95,27.54
2021-11-06 05:57:30 +0530,478305,77.2,68.2,63.98,27.54
2021-11-06 05:58:00 +0530,478306,75.6,67.7,63.98,27.54
2021-11-06 05:58:30 +0530,478307,75.3,67.1,63.95,27.55
2021-11-06 05:59:00 +0530,478308,74.7,64.1,63.93,27.54
2021-11-06 05:59:30 +0530,478309,79.3,68.9,63.9,27.55
2021-11-06 06:00:00 +0530,478310,77.9,66.9,63.9,27.54
2021-11-06 06:00:30 +0530,478311,81.5,66.4,63.9,27.54
2021-11-06 06:01:00 +0530,478312,72.0,64.7,63.9,27.54
2021-11-06 06:01:30 +0530,478313,75.3,67.3,63.87,27.54
2021-11-06 06:02:00 +0530,478314,73.8,65.9,63.9,27.53
2021-11-06 06:02:30 +0530,478315,71.0,63.8,63.87,27.53
2021-11-06 06:03:00 +0530,478316,69.5,62.4,63.87,27.52
2021-11-06 06:03:30 +0530,478317,69.4,62.2,63.9,27.52
2021-11-06 06:04:00 +0530,478318,69.7,62.4,63.9,27.52
2021-11-06 06:05:00 +0530,478319,69.1,61.6,64.57,27.34
2021-11-06 06:05:30 +0530,478320,73.1,65.5,64.4,27.38
2021-11-06 06:06:00 +0530,478321,76.8,68.7,64.27,27.39
2021-11-06 06:06:30 +0530,478322,74.8,66.9,64.22,27.42
2021-11-06 06:07:00 +0530,478323,72.7,65.2,64.13,27.43
2021-11-06 06:07:30 +0530,478324,72.2,64.7,64.13,27.44
2021-11-06 06:08:00 +0530,478325,74.3,66.4,64.08,27.46
2021-11-06 06:08:30 +0530,478326,70.0,63.1,64.05,27.46
2021-11-06 06:09:00 +0530,478327,72.0,64.5,64.05,27.46
2021-11-06 06:09:30 +0530,478328,71.1,63.8,63.98,27.47
2021-11-06 06:10:00 +0530,478329,73.3,65.7,63.98,27.47
2021-11-06 06:10:30 +0530,478330,74.8,67.1,63.93,27.49
2021-11-06 06:11:00 +0530,478331,74.3,66.5,63.9,27.5
2021-11-06 06:11:30 +0530,478332,68.3,61.3,63.98,27.49
2021-11-06 06:12:00 +0530,478333,68.3,61.3,63.98,27.49
2021-11-06 06:13:00 +0530,478334,66.3,59.3,64.43,27.34
2021-11-06 06:13:30 +0530,478335,68.6,61.7,64.22,27.38
2021-11-06 06:14:00 +0530,478336,56.5,50.4,64.08,27.37
2021-11-06 06:14:30 +0530,478337,72.3,64.7,64.05,27.39
2021-11-06 06:15:00 +0530,478338,74.6,65.9,63.95,27.42
2021-11-06 06:15:30 +0530,478339,73.2,64.4,63.9,27.43
2021-11-06 06:16:00 +0530,478340,69.6,59.1,64.01,27.41
2021-11-06 06:16:30 +0530,478341,71.7,64.0,63.95,27.41
2021-11-06 06:17:00 +0530,478342,74.6,66.4,63.95,27.42
2021-11-06 06:17:30 +0530,478343,71.5,59.3,64.1,27.41
2021-11-06 06:18:00 +0530,478344,75.3,60.8,64.13,27.39
2021-11-06 06:18:30 +0530,478345,74.6,66.7,64.05,27.4
2021-11-06 06:19:00 +0530,478346,72.4,64.9,63.95,27.42
2021-11-06 06:19:30 +0530,478347,72.7,64.9,63.98,27.43
2021-11-06 06:20:00 +0530,478348,65.8,58.8,63.95,27.41
2021-11-06 06:20:30 +0530,478349,74.4,66.2,63.95,27.43
2021-11-06 06:21:00 +0530,478350,76.0,66.3,63.93,27.44
2021-11-06 06:21:30 +0530,478351,82.0,70.8,63.9,27.45
2021-11-06 06:22:00 +0530,478352,81.2,69.8,63.87,27.45
2021-11-06 06:22:30 +0530,478353,81.6,70.2,63.87,27.45
2021-11-06 06:23:00 +0530,478354,79.2,70.7,63.84,27.47
2021-11-06 06:23:30 +0530,478355,75.7,67.7,63.87,27.49
2021-11-06 06:24:00 +0530,478356,75.9,68.3,63.9,27.49
2021-11-06 06:24:30 +0530,478357,73.2,66.0,63.9,27.5
2021-11-06 06:25:00 +0530,478358,72.1,64.9,63.87,27.51
2021-11-06 06:25:30 +0530,478359,71.1,63.9,63.84,27.52
2021-11-06 06:26:00 +0530,478360,71.3,63.7,63.81,27.53
2021-11-06 06:26:30 +0530,478361,71.5,63.8,63.78,27.54
2021-11-06 06:27:00 +0530,478362,67.4,59.2,63.9,27.52
2021-11-06 06:27:30 +0530,478363,72.5,58.3,63.93,27.51
2021-11-06 06:28:00 +0530,478364,79.4,67.0,63.66,27.52
2021-11-06 06:28:30 +0530,478365,97.2,69.3,63.6,27.53
2021-11-06 06:29:00 +0530,478366,87.2,61.6,63.63,27.49
2021-11-06 06:29:30 +0530,478367,91.5,71.1,63.66,27.51
2021-11-06 06:30:00 +0530,478368,77.5,68.3,63.66,27.51
2021-11-06 06:30:30 +0530,478369,92.3,70.1,63.66,27.52
2021-11-06 06:31:00 +0530,478370,80.5,66.7,63.63,27.53
2021-11-06 06:31:30 +0530,478371,76.1,66.0,63.63,27.53
2021-11-06 06:32:00 +0530,478372,74.0,66.4,63.58,27.54
2021-11-06 06:32:30 +0530,478373,77.3,69.0,63.55,27.54
2021-11-06 06:33:00 +0530,478374,79.5,70.4,63.58,27.54
2021-11-06 06:33:30 +0530,478375,81.9,68.5,63.52,27.55
2021-11-06 06:34:00 +0530,478376,77.8,69.5,63.52,27.56
2021-11-06 06:34:30 +0530,478377,65.1,58.6,63.66,27.54
2021-11-06 06:35:00 +0530,478378,64.8,57.7,63.76,27.53
2021-11-06 06:35:30 +0530,478379,64.9,58.4,63.81,27.51
2021-11-06 06:36:00 +0530,478380,75.3,67.4,63.6,27.52
2021-11-06 06:36:30 +0530,478381,73.7,66.2,63.52,27.54
2021-11-06 06:37:00 +0530,478382,71.6,64.4,63.49,27.55
2021-11-06 06:37:30 +0530,478383,73.5,66.3,63.46,27.55
2021-11-06 06:38:00 +0530,478384,75.3,67.8,63.44,27.56
2021-11-06 06:38:30 +0530,478385,71.5,64.0,63.58,27.55
2021-11-06 06:39:00 +0530,478386,74.0,66.1,63.46,27.56
2021-11-06 06:39:30 +0530,478387,74.6,67.0,63.44,27.58
2021-11-06 06:40:00 +0530,478388,73.8,65.9,63.37,27.59
2021-11-06 06:40:30 +0530,478389,73.6,65.6,63.4,27.6
2021-11-06 06:41:00 +0530,478390,73.6,65.9,63.37,27.61
2021-11-06 06:41:30 +0530,478391,74.8,66.8,63.31,27.61
2021-11-06 06:42:00 +0530,478392,76.2,67.9,63.38,27.61
2021-11-06 06:42:30 +0530,478393,75.8,67.6,63.38,27.61
2021-11-06 06:43:00 +0530,478394,75.4,60.7,63.81,27.54
2021-11-06 06:43:30 +0530,478395,71.9,64.2,63.55,27.57
2021-11-06 06:44:00 +0530,478396,76.5,68.1,63.4,27.59
2021-11-06 06:44:30 +0530,478397,76.3,67.9,63.35,27.63
2021-11-06 06:45:00 +0530,478398,73.4,65.7,63.23,27.64
2021-11-06 06:45:30 +0530,478399,64.2,57.9,63.26,27.64
2021-11-06 06:46:00 +0530,478400,71.9,65.0,63.11,27.65
2021-11-06 06:46:30 +0530,478401,80.3,66.2,63.21,27.68
2021-11-06 06:47:00 +0530,478402,71.3,63.6,63.15,27.69
2021-11-06 06:47:30 +0530,478403,70.3,63.3,63.0,27.71
2021-11-06 06:48:00 +0530,478404,72.3,64.7,63.0,27.73
2021-11-06 06:48:30 +0530,478405,71.3,64.2,63.03,27.74
2021-11-06 06:49:00 +0530,478406,71.2,64.3,63.0,27.76
2021-11-06 06:49:30 +0530,478407,70.3,63.4,62.97,27.79
2021-11-06 06:50:00 +0530,478408,74.3,66.9,62.97,27.8
2021-11-06 06:50:30 +0530,478409,72.8,65.5,62.88,27.82
2021-11-06 06:51:00 +0530,478410,72.9,65.8,62.76,27.84
2021-11-06 06:51:30 +0530,478411,74.1,66.6,62.73,27.86
2021-11-06 06:52:00 +0530,478412,78.4,65.3,62.76,27.89
2021-11-06 06:52:30 +0530,478413,74.8,65.0,62.68,27.91
2021-11-06 06:53:00 +0530,478414,74.2,66.0,62.68,27.94
2021-11-06 06:53:30 +0530,478415,70.8,63.7,62.6,27.96
2021-11-06 06:54:00 +0530,478416,79.5,65.3,62.5,27.96
2021-11-06 06:54:30 +0530,478417,72.9,61.7,62.33,27.99
2021-11-06 06:55:00 +0530,478419,69.1,61.6,62.15,28.0
2021-11-06 06:55:30 +0530,478420,67.1,59.9,62.15,28.01
2021-11-06 06:56:00 +0530,478421,66.1,58.9,62.09,28.02
2021-11-06 06:56:30 +0530,478422,66.7,59.7,61.89,28.04
2021-11-06 06:57:00 +0530,478418,73.6,66.4,61.89,28.06
2021-11-06 06:57:30 +0530,478423,75.5,68.1,61.83,28.09
2021-11-06 06:58:00 +0530,478424,63.0,56.5,62.3,28.02
2021-11-06 06:58:30 +0530,478425,70.3,62.8,62.04,28.04
2021-11-06 06:59:00 +0530,478426,67.1,60.4,61.83,28.06
2021-11-06 06:59:30 +0530,478427,70.9,63.6,61.66,28.09
2021-11-06 07:00:00 +0530,478428,69.0,61.9,61.63,28.11
2021-11-06 07:00:30 +0530,478429,74.4,63.3,61.6,28.14
2021-11-06 07:01:00 +0530,478430,69.1,61.9,61.54,28.16
2021-11-06 07:01:30 +0530,478431,71.6,63.8,61.48,28.18
2021-11-06 07:02:00 +0530,478432,71.2,63.4,61.43,28.21
2021-11-06 07:02:30 +0530,478433,68.8,61.5,61.37,28.24
2021-11-06 07:03:00 +0530,478434,70.9,63.8,61.22,28.28
2021-11-06 07:03:30 +0530,478435,67.5,60.6,61.13,28.28
2021-11-06 07:04:00 +0530,478436,59.7,53.3,61.1,28.27
2021-11-06 07:04:30 +0530,478437,68.5,61.7,61.02,28.28
2021-11-06 07:05:00 +0530,478438,68.4,61.6,61.02,28.32
2021-11-06 07:05:30 +0530,478439,57.8,51.9,60.99,28.31
2021-11-06 07:06:00 +0530,478440,67.5,60.8,61.02,28.34
2021-11-06 07:06:30 +0530,478441,68.9,61.9,60.81,28.38
2021-11-06 07:07:00 +0530,478442,67.4,60.2,60.87,28.4
2021-11-06 07:07:30 +0530,478443,65.9,59.5,60.73,28.41
2021-11-06 07:08:00 +0530,478444,68.0,61.1,60.41,28.42
2021-11-06 07:08:30 +0530,478445,65.5,59.0,60.31,28.43
2021-11-06 07:09:00 +0530,478446,67.0,60.2,60.28,28.44
2021-11-06 07:09:30 +0530,478447,67.2,60.6,60.28,28.45
2021-11-06 07:10:00 +0530,478448,66.9,60.2,60.23,28.46
2021-11-06 07:10:30 +0530,478449,60.3,54.1,60.38,28.44
2021-11-06 07:11:00 +0530,478450,69.4,61.8,60.38,28.45
2021-11-06 07:11:30 +0530,478451,69.3,61.9,60.52,28.47
2021-11-06 07:12:00 +0530,478452,58.2,52.3,60.67,28.45
2021-11-06 07:12:30 +0530,478453,67.5,59.0,60.5,28.47
2021-11-06 07:13:00 +0530,478454,66.8,59.4,60.52,28.48
2021-11-06 07:13:30 +0530,478455,60.9,54.8,60.55,28.47
2021-11-06 07:14:00 +0530,478456,66.3,59.8,60.44,28.48
2021-11-06 07:14:30 +0530,478457,67.0,60.1,60.44,28.5
2021-11-06 07:15:00 +0530,478458,67.1,60.6,60.44,28.5
2021-11-06 07:15:30 +0530,478459,68.7,61.8,60.32,28.53
2021-11-06 07:16:00 +0530,478460,63.4,56.9,60.26,28.5
2021-11-06 07:16:30 +0530,478461,68.2,61.7,60.23,28.54
2021-11-06 07:17:00 +0530,478462,68.8,62.1,60.12,28.56
2021-11-06 07:17:30 +0530,478463,67.5,60.8,60.02,28.57
2021-11-06 07:18:00 +0530,478464,68.0,60.9,60.02,28.58
2021-11-06 07:18:30 +0530,478465,68.0,61.0,59.97,28.59
2021-11-06 07:19:00 +0530,478466,65.1,58.6,60.06,28.6
2021-11-06 07:19:30 +0530,478467,69.3,61.7,60.09,28.61
2021-11-06 07:20:00 +0530,478468,63.6,57.0,60.23,28.61
2021-11-06 07:20:30 +0530,478469,73.6,63.8,60.06,28.64
2021-11-06 07:21:00 +0530,478470,73.6,65.7,59.99,28.65
2021-11-06 07:21:30 +0530,478471,69.3,62.3,59.85,28.67
2021-11-06 07:22:00 +0530,478472,70.4,63.1,59.85,28.67
2021-11-06 07:22:30 +0530,478473,69.9,62.6,59.91,28.65
2021-11-06 07:23:00 +0530,478474,74.2,65.3,60.0,28.65
2021-11-06 07:23:30 +0530,478475,64.8,57.9,60.2,28.62
2021-11-06 07:24:00 +0530,478476,65.0,58.1,60.26,28.6
2021-11-06 07:24:30 +0530,478477,70.6,63.0,60.02,28.61
2021-11-06 07:25:00 +0530,478478,64.3,57.2,60.14,28.61
2021-11-06 07:25:30 +0530,478479,59.4,53.1,60.2,28.61
2021-11-06 07:26:00 +0530,478480,70.3,63.1,59.99,28.64
2021-11-06 07:26:30 +0530,478481,64.9,58.3,60.15,28.65
2021-11-06 07:27:00 +0530,478482,71.8,64.0,60.09,28.68
2021-11-06 07:27:30 +0530,478483,75.9,59.0,60.26,28.68
2021-11-06 07:28:00 +0530,478484,74.8,64.8,60.15,28.7
2021-11-06 07:28:30 +0530,478485,79.7,68.5,60.12,28.71
2021-11-06 07:29:00 +0530,478486,75.5,66.6,60.02,28.73
2021-11-06 07:29:30 +0530,478487,73.1,65.4,59.97,28.74
2021-11-06 07:30:00 +0530,478488,69.3,60.6,60.0,28.72
2021-11-06 07:30:30 +0530,478489,69.5,59.4,60.26,28.71
2021-11-06 07:31:00 +0530,478490,76.3,67.9,60.17,28.72
2021-11-06 07:31:30 +0530,478491,71.4,60.4,60.35,28.71
2021-11-06 07:32:00 +0530,478492,74.5,66.6,60.17,28.73
2021-11-06 07:32:30 +0530,478493,72.4,64.7,60.02,28.75
2021-11-06 07:33:00 +0530,478494,74.4,66.3,59.91,28.77
2021-11-06 07:33:30 +0530,478495,73.9,66.2,59.91,28.78
2021-11-06 07:34:00 +0530,478496,75.3,67.2,59.7,28.8
2021-11-06 07:34:30 +0530,478497,73.1,65.4,59.44,28.82
2021-11-06 07:35:00 +0530,478498,71.3,63.7,59.5,28.83
2021-11-06 07:35:30 +0530,478499,71.5,64.1,59.59,28.84
2021-11-06 07:36:00 +0530,478500,72.1,64.4,59.64,28.85
2021-11-06 07:36:30 +0530,478501,69.5,59.8,59.73,28.85
2021-11-06 07:37:00 +0530,478502,72.3,64.6,59.62,28.85
2021-11-06 07:37:30 +0530,478503,74.8,66.6,59.64,28.87
2021-11-06 07:38:00 +0530,478504,61.7,55.2,59.73,28.85
2021-11-06 07:38:30 +0530,478505,83.0,69.3,59.64,28.89
2021-11-06 07:39:00 +0530,478506,70.5,58.6,59.7,28.9
2021-11-06 07:39:30 +0530,478507,83.3,66.3,59.67,28.93
2021-11-06 07:40:00 +0530,478508,74.1,64.9,59.62,28.95
2021-11-06 07:40:30 +0530,478509,76.7,65.7,59.62,28.95
2021-11-06 07:41:00 +0530,478510,70.8,61.3,60.09,28.82
2021-11-06 07:41:30 +0530,478511,67.2,59.8,60.18,28.85
2021-11-06 07:42:00 +0530,478512,73.5,65.5,59.85,28.9
2021-11-06 07:42:30 +0530,478513,73.9,60.2,59.91,28.91
2021-11-06 07:43:00 +0530,478514,73.2,65.7,59.62,28.94
2021-11-06 07:43:30 +0530,478515,75.4,66.7,59.56,28.98
2021-11-06 07:44:00 +0530,478516,74.5,65.1,59.62,29.02
2021-11-06 07:44:30 +0530,478517,75.1,67.0,59.62,29.03
2021-11-06 07:45:00 +0530,478518,76.3,68.0,59.62,29.06
2021-11-06 07:45:30 +0530,478519,74.1,66.8,59.53,29.08
2021-11-06 07:46:00 +0530,478520,73.3,65.8,59.48,29.09
2021-11-06 07:46:30 +0530,478521,74.1,66.6,59.44,29.11
2021-11-06 07:47:00 +0530,478522,74.5,67.1,59.41,29.13
2021-11-06 07:47:30 +0530,478523,77.4,69.4,59.27,29.14
2021-11-06 07:48:00 +0530,478524,72.9,65.4,59.3,29.15
2021-11-06 07:48:30 +0530,478525,75.1,67.2,59.38,29.19
2021-11-06 07:49:00 +0530,478526,73.2,65.6,59.41,29.21
2021-11-06 07:49:30 +0530,478527,75.3,67.7,59.21,29.23
2021-11-06 07:50:00 +0530,478528,70.2,61.0,59.3,29.23
2021-11-06 07:50:30 +0530,478529,76.3,67.7,59.18,29.26
2021-11-06 07:51:00 +0530,478530,71.6,64.1,59.24,29.28
2021-11-06 07:51:30 +0530,478531,74.9,62.3,59.3,29.27
2021-11-06 07:52:00 +0530,478532,77.8,69.5,59.3,29.29
2021-11-06 07:52:30 +0530,478533,76.9,68.7,59.15,29.3
2021-11-06 07:53:00 +0530,478534,76.5,68.4,59.15,29.3
2021-11-06 07:53:30 +0530,478535,78.0,69.5,59.15,29.32
2021-11-06 07:54:00 +0530,478536,82.4,69.9,59.15,29.32
2021-11-06 07:54:30 +0530,478537,79.0,68.6,59.03,29.33
2021-11-06 07:55:00 +0530,478538,75.0,66.9,58.95,29.34
2021-11-06 07:55:30 +0530,478539,75.5,67.4,59.0,29.36
2021-11-06 07:56:00 +0530,478540,76.1,68.1,58.8,29.39
2021-11-06 07:56:30 +0530,478541,77.2,68.9,58.71,29.42
2021-11-06 07:57:00 +0530,478542,75.7,67.4,58.68,29.44
2021-11-06 07:57:30 +0530,478543,77.0,68.6,58.54,29.46
2021-11-06 07:58:00 +0530,478544,78.7,70.5,58.41,29.5
2021-11-06 07:58:30 +0530,478545,76.9,68.5,58.29,29.52
2021-11-06 07:59:00 +0530,478546,80.6,68.1,58.15,29.53
2021-11-06 07:59:30 +0530,478547,82.4,69.7,58.12,29.56
2021-11-06 08:00:00 +0530,478548,79.9,71.3,58.18,29.58
2021-11-06 08:00:30 +0530,478549,79.1,70.8,58.24,29.61
2021-11-06 08:01:00 +0530,478550,74.8,66.7,58.21,29.63
2021-11-06 08:01:30 +0530,478551,75.3,67.1,58.06,29.66
2021-11-06 08:02:00 +0530,478552,70.7,63.0,58.15,29.65
2021-11-06 08:02:30 +0530,478553,79.9,71.2,58.24,29.66
2021-11-06 08:03:00 +0530,478554,84.8,74.1,58.21,29.67
2021-11-06 08:03:30 +0530,478555,81.7,72.8,57.86,29.7
2021-11-06 08:04:00 +0530,478556,83.4,74.8,57.62,29.71
2021-11-06 08:04:30 +0530,478557,73.8,66.2,57.59,29.67
2021-11-06 08:05:00 +0530,478558,81.4,73.0,57.56,29.67
2021-11-06 08:05:30 +0530,478559,71.2,63.9,57.68,29.65
2021-11-06 08:06:00 +0530,478560,78.2,69.9,57.53,29.65
2021-11-06 08:06:30 +0530,478561,83.2,74.6,57.56,29.66
2021-11-06 08:07:00 +0530,478562,82.2,73.4,57.59,29.68
2021-11-06 08:07:30 +0530,478563,83.9,74.9,57.65,29.7
2021-11-06 08:08:00 +0530,478564,87.3,77.9,57.68,29.7
2021-11-06 08:08:30 +0530,478565,85.8,76.7,57.68,29.72
2021-11-06 08:09:00 +0530,478566,89.3,77.8,57.71,29.74
2021-11-06 08:09:30 +0530,478567,86.0,75.1,57.71,29.76
2021-11-06 08:10:00 +0530,478568,81.2,68.9,57.74,29.76
2021-11-06 08:10:30 +0530,478569,83.2,74.2,57.51,29.79
2021-11-06 08:11:00 +0530,478570,73.2,65.9,57.51,29.8
2021-11-06 08:11:30 +0530,478571,81.4,72.8,57.35,29.85
2021-11-06 08:12:00 +0530,478572,76.6,68.3,57.18,29.85
2021-11-06 08:12:30 +0530,478573,78.5,69.9,57.24,29.85
2021-11-06 08:13:00 +0530,478574,87.6,73.4,57.33,29.83
2021-11-06 08:13:30 +0530,478575,82.4,65.0,57.45,29.82
2021-11-06 08:14:00 +0530,478576,97.5,73.9,57.39,29.85
2021-11-06 08:14:30 +0530,478577,78.1,68.3,57.24,29.89
2021-11-06 08:15:00 +0530,478578,78.8,70.5,57.13,29.91
2021-11-06 08:15:30 +0530,478579,80.0,71.4,56.8,29.96
2021-11-06 08:16:00 +0530,478580,75.1,67.2,56.51,30.0
2021-11-06 08:16:30 +0530,478581,73.6,65.9,56.51,30.03
2021-11-06 08:17:00 +0530,478582,77.8,68.5,56.36,30.06
2021-11-06 08:17:30 +0530,478583,73.4,65.5,56.27,30.1
2021-11-06 08:18:00 +0530,478584,72.1,64.4,56.21,30.15
2021-11-06 08:18:30 +0530,478585,74.7,65.7,56.0,30.19
2021-11-06 08:19:00 +0530,478586,69.5,62.2,55.71,30.21
2021-11-06 08:19:30 +0530,478587,66.8,60.2,55.51,30.24
2021-11-06 08:20:00 +0530,478588,122.1,65.8,55.68,30.28
2021-11-06 08:20:30 +0530,478589,67.3,59.9,55.59,30.33
2021-11-06 08:21:00 +0530,478590,62.5,55.8,55.71,30.34
2021-11-06 08:21:30 +0530,478591,73.2,60.9,55.45,30.38
2021-11-06 08:22:00 +0530,478592,75.0,61.7,55.42,30.41
2021-11-06 08:22:30 +0530,478593,59.3,51.3,55.45,30.42
2021-11-06 08:23:00 +0530,478594,58.6,52.6,55.48,30.45
2021-11-06 08:23:30 +0530,478595,65.3,58.4,55.18,30.48
2021-11-06 08:24:00 +0530,478596,67.0,60.1,55.04,30.52
2021-11-06 08:24:30 +0530,478597,66.9,59.8,54.97,30.54
2021-11-06 08:25:00 +0530,478598,65.8,58.8,54.59,30.57
2021-11-06 08:25:30 +0530,478599,61.7,55.1,54.59,30.57
2021-11-06 08:26:00 +0530,478600,68.5,59.4,54.53,30.62
2021-11-06 08:26:30 +0530,478601,69.3,58.9,54.65,30.65
2021-11-06 08:27:00 +0530,478602,69.8,58.1,54.62,30.7
2021-11-06 08:27:30 +0530,478603,67.7,59.3,54.36,30.74
2021-11-06 08:28:00 +0530,478604,63.4,55.5,54.26,30.79
2021-11-06 08:28:30 +0530,478605,71.6,57.7,54.2,30.82
2021-11-06 08:29:00 +0530,478606,87.8,60.5,54.3,30.87
2021-11-06 08:29:30 +0530,478607,75.9,50.4,54.33,30.91
2021-11-06 08:30:00 +0530,478608,52.5,43.1,54.03,30.94
2021-11-06 08:30:30 +0530,478609,61.3,53.3,53.62,31.02
2021-11-06 08:31:00 +0530,478610,55.4,49.4,53.44,31.02
2021-11-06 08:31:30 +0530,478611,61.2,54.7,53.32,31.04
2021-11-06 08:32:00 +0530,478612,60.5,53.9,53.11,31.1
2021-11-06 08:32:30 +0530,478613,61.8,55.1,53.08,31.15
2021-11-06 08:33:00 +0530,478614,60.6,54.4,53.02,31.21
2021-11-06 08:33:30 +0530,478615,62.5,56.4,52.99,31.25
2021-11-06 08:34:00 +0530,478616,64.0,57.0,53.1,31.28
2021-11-06 08:34:30 +0530,478617,59.3,53.1,52.82,31.34
2021-11-06 08:35:00 +0530,478618,56.3,50.7,52.55,31.37
2021-11-06 08:35:30 +0530,478619,57.5,50.6,52.52,31.4
2021-11-06 08:36:00 +0530,478620,54.2,48.7,52.43,31.42
2021-11-06 08:36:30 +0530,478621,49.9,45.1,51.87,31.42
2021-11-06 08:37:00 +0530,478622,47.3,42.4,51.87,31.37
2021-11-06 08:37:30 +0530,478623,51.8,46.6,51.81,31.36
2021-11-06 08:38:00 +0530,478624,50.8,45.7,51.74,31.35
2021-11-06 08:38:30 +0530,478625,51.4,45.9,51.87,31.37
2021-11-06 08:39:00 +0530,478626,51.7,46.3,52.01,31.4
2021-11-06 08:39:30 +0530,478627,51.7,46.5,51.98,31.45
2021-11-06 08:40:00 +0530,478628,54.9,49.2,51.77,31.51
2021-11-06 08:40:30 +0530,478629,51.9,46.8,51.56,31.57
2021-11-06 08:41:00 +0530,478630,51.6,46.3,51.32,31.65
2021-11-06 08:41:30 +0530,478631,50.1,44.9,51.18,31.73
2021-11-06 08:42:00 +0530,478632,51.1,44.7,51.01,31.76
2021-11-06 08:42:30 +0530,478633,55.2,45.7,50.98,31.8
2021-11-06 08:43:00 +0530,478634,51.9,45.3,50.77,31.84
2021-11-06 08:43:30 +0530,478635,49.5,44.2,50.59,31.9
2021-11-06 08:44:00 +0530,478636,57.2,44.7,50.9,31.97
2021-11-06 08:44:30 +0530,478637,49.2,44.0,50.46,32.02
2021-11-06 08:45:00 +0530,478638,48.5,43.2,50.35,32.11
2021-11-06 08:45:30 +0530,478639,46.1,41.4,50.05,32.18
2021-11-06 08:46:00 +0530,478640,48.3,43.1,49.63,32.23
2021-11-06 08:46:30 +0530,478641,44.7,40.6,49.29,32.26
2021-11-06 08:47:00 +0530,478642,46.1,41.8,48.92,32.29
2021-11-06 08:47:30 +0530,478643,48.5,43.3,49.16,32.28
2021-11-06 08:48:00 +0530,478644,48.2,43.2,49.33,32.29
2021-11-06 08:48:30 +0530,478645,48.1,43.1,49.46,32.31
2021-11-06 08:49:01 +0530,478646,49.5,44.1,49.46,32.34
2021-11-06 08:49:30 +0530,478647,45.5,41.1,49.46,32.38
2021-11-06 08:50:00 +0530,478648,48.4,43.3,49.36,32.41
2021-11-06 08:50:30 +0530,478649,46.0,40.3,49.46,32.41
2021-11-06 08:51:00 +0530,478650,51.8,46.5,49.32,32.41
2021-11-06 08:51:30 +0530,478651,50.5,45.1,49.32,32.45
2021-11-06 08:52:00 +0530,478652,49.9,44.6,49.02,32.47
2021-11-06 08:52:30 +0530,478653,51.7,46.6,48.91,32.5
2021-11-06 08:53:00 +0530,478654,55.0,46.6,48.95,32.55
2021-11-06 08:53:30 +0530,478655,55.3,47.7,49.0,32.59
2021-11-06 08:54:00 +0530,478656,46.9,42.1,48.53,32.62
2021-11-06 08:54:30 +0530,478657,46.7,42.1,48.46,32.64
2021-11-06 08:55:00 +0530,478658,38.8,35.1,48.63,32.63
2021-11-06 08:55:30 +0530,478659,39.5,35.2,48.29,32.61
2021-11-06 08:56:00 +0530,478660,40.8,36.7,48.32,32.6
2021-11-06 08:56:30 +0530,478661,40.1,36.3,48.39,32.59
2021-11-06 08:57:00 +0530,478662,46.5,41.5,48.29,32.61
2021-11-06 08:57:30 +0530,478663,39.4,35.6,48.22,32.62
2021-11-06 08:58:00 +0530,478664,48.7,44.3,47.96,32.63
2021-11-06 08:58:30 +0530,478665,48.5,42.6,48.05,32.67
2021-11-06 08:59:00 +0530,478666,49.3,43.0,47.99,32.71
2021-11-06 08:59:30 +0530,478667,50.0,43.8,48.01,32.75
2021-11-06 09:00:00 +0530,478668,80.0,44.9,48.24,32.78
2021-11-06 09:00:30 +0530,478669,67.1,48.3,48.12,32.84
2021-11-06 09:01:00 +0530,478670,44.8,40.4,47.81,32.88
2021-11-06 09:01:30 +0530,478671,44.2,39.9,47.77,32.9
2021-11-06 09:02:00 +0530,478672,87.6,41.9,48.35,32.85
2021-11-06 09:02:30 +0530,478673,46.0,41.0,47.63,32.91
2021-11-06 09:03:00 +0530,478674,44.2,39.8,47.46,32.98
2021-11-06 09:03:30 +0530,478675,45.5,40.7,47.02,33.01
2021-11-06 09:04:00 +0530,478676,47.9,37.3,47.15,33.01
2021-11-06 09:04:30 +0530,478677,47.6,42.0,47.28,33.05
2021-11-06 09:05:00 +0530,478678,56.7,43.4,47.39,33.08
2021-11-06 09:05:30 +0530,478679,45.7,40.8,47.21,33.14
2021-11-06 09:06:00 +0530,478680,47.5,42.4,47.04,33.18
2021-11-06 09:06:30 +0530,478681,46.6,41.6,46.87,33.21
2021-11-06 09:07:00 +0530,478682,46.8,42.1,46.76,33.25
2021-11-06 09:07:30 +0530,478683,44.1,39.9,46.76,33.31
2021-11-06 09:08:00 +0530,478684,47.0,42.1,46.83,33.33
2021-11-06 09:08:30 +0530,478685,45.4,40.7,46.66,33.36
2021-11-06 09:09:00 +0530,478686,46.9,41.9,46.59,33.38
2021-11-06 09:09:30 +0530,478687,46.2,41.7,46.52,33.41
2021-11-06 09:10:00 +0530,478688,46.7,42.2,46.28,33.41
2021-11-06 09:10:30 +0530,478689,39.7,35.8,46.42,33.37
2021-11-06 09:11:00 +0530,478690,46.7,40.7,46.35,33.37
2021-11-06 09:11:30 +0530,478691,44.5,39.9,46.31,33.4
2021-11-06 09:12:00 +0530,478692,42.8,38.4,46.35,33.42
2021-11-06 09:12:30 +0530,478693,44.7,39.8,46.38,33.45
2021-11-06 09:13:00 +0530,478694,44.8,38.4,46.28,33.47
2021-11-06 09:13:30 +0530,478695,54.1,41.6,46.47,33.5
2021-11-06 09:14:00 +0530,478696,40.3,35.1,46.58,33.52
2021-11-06 09:14:30 +0530,478697,43.0,38.0,46.03,33.58
2021-11-06 09:15:00 +0530,478698,43.2,38.9,46.02,33.61
2021-11-06 09:15:30 +0530,478699,42.7,38.3,46.02,33.65
2021-11-06 09:16:00 +0530,478700,43.2,38.9,45.93,33.68
2021-11-06 09:16:30 +0530,478701,42.8,38.6,45.89,33.73
2021-11-06 09:17:00 +0530,478702,46.5,36.4,45.72,33.74
2021-11-06 09:17:30 +0530,478703,43.8,39.2,45.69,33.76
2021-11-06 09:18:00 +0530,478704,45.4,40.4,45.77,33.79
2021-11-06 09:18:30 +0530,478705,41.7,37.3,45.77,33.85
2021-11-06 09:19:00 +0530,478706,43.6,38.9,45.61,33.89
2021-11-06 09:19:30 +0530,478707,41.1,37.1,45.37,33.92
2021-11-06 09:20:00 +0530,478708,42.2,37.8,45.32,33.94
2021-11-06 09:20:30 +0530,478709,45.5,41.0,45.22,33.95
2021-11-06 09:21:00 +0530,478710,43.7,39.4,45.29,33.95
2021-11-06 09:21:30 +0530,478711,45.4,40.6,45.36,33.94
2021-11-06 09:22:00 +0530,478712,46.3,41.5,45.43,33.94
2021-11-06 09:22:30 +0530,478713,45.2,40.3,45.77,33.95
2021-11-06 09:23:00 +0530,478714,43.8,39.4,45.73,33.99
2021-11-06 09:23:30 +0530,478715,43.9,39.4,45.46,34.03
2021-11-06 09:24:00 +0530,478716,44.5,39.7,45.32,34.07
2021-11-06 09:24:30 +0530,478717,43.5,38.9,45.46,34.11
2021-11-06 09:25:00 +0530,478718,43.2,38.2,44.9,34.18
2021-11-06 09:25:30 +0530,478719,42.7,38.1,44.64,34.2
2021-11-06 09:26:00 +0530,478720,43.7,38.2,44.53,34.25
2021-11-06 09:26:30 +0530,478721,43.2,38.2,44.42,34.29
2021-11-06 09:27:00 +0530,478722,44.2,38.4,44.21,34.33
2021-11-06 09:27:30 +0530,478723,44.5,39.6,44.07,34.36
2021-11-06 09:28:00 +0530,478724,43.3,38.8,44.11,34.38
2021-11-06 09:28:30 +0530,478725,42.1,37.7,44.04,34.4
2021-11-06 09:29:00 +0530,478726,41.1,36.7,43.97,34.44
2021-11-06 09:29:30 +0530,478727,38.7,34.6,44.28,34.45
2021-11-06 09:30:00 +0530,478728,38.5,33.3,44.48,34.46
2021-11-06 09:30:30 +0530,478729,41.5,37.1,44.03,34.5
2021-11-06 09:31:00 +0530,478730,40.8,36.6,43.62,34.55
2021-11-06 09:31:30 +0530,478731,38.6,35.0,43.35,34.57
2021-11-06 09:32:00 +0530,478732,41.9,37.7,43.08,34.59
2021-11-06 09:32:30 +0530,478733,41.5,37.1,43.08,34.57
2021-11-06 09:33:00 +0530,478734,40.3,35.9,43.21,34.56
2021-11-06 09:33:30 +0530,478735,40.2,35.8,43.52,34.59
2021-11-06 09:34:00 +0530,478736,45.5,35.9,43.59,34.6
2021-11-06 09:34:30 +0530,478737,48.5,35.2,43.48,34.64
2021-11-06 09:35:00 +0530,478738,43.5,31.9,43.51,34.65
2021-11-06 09:35:30 +0530,478739,40.2,33.1,43.06,34.66
2021-11-06 09:36:00 +0530,478740,40.7,36.6,42.9,34.69
2021-11-06 09:36:30 +0530,478741,41.8,34.7,43.03,34.71
2021-11-06 09:37:00 +0530,478742,38.6,34.4,43.16,34.76
2021-11-06 09:37:30 +0530,478743,48.4,36.4,43.16,34.82
2021-11-06 09:38:00 +0530,478744,39.0,34.8,43.06,34.88
2021-11-06 09:38:30 +0530,478745,51.9,36.9,42.95,34.93
2021-11-06 09:39:00 +0530,478746,42.9,37.0,42.87,34.98
2021-11-06 09:39:30 +0530,478747,41.4,36.2,42.63,35.03
2021-11-06 09:40:00 +0530,478748,36.5,32.7,42.63,35.01
2021-11-06 09:40:30 +0530,478749,47.2,37.0,42.73,35.05
2021-11-06 09:41:00 +0530,478750,39.4,34.3,42.7,35.06
2021-11-06 09:41:30 +0530,478751,37.7,33.9,42.49,35.07
2021-11-06 09:42:00 +0530,478752,35.6,31.7,42.63,35.06
2021-11-06 09:42:30 +0530,478753,37.8,33.9,42.26,35.06
2021-11-06 09:43:00 +0530,478754,37.3,33.6,41.98,35.07
2021-11-06 09:43:30 +0530,478755,35.7,32.2,41.68,35.06
2021-11-06 09:44:00 +0530,478756,34.6,31.4,41.26,35.05
2021-11-06 09:44:30 +0530,478757,35.4,31.9,41.4,34.99
2021-11-06 09:45:00 +0530,478758,35.5,32.1,41.42,34.94
2021-11-06 09:45:30 +0530,478759,36.9,33.1,41.49,34.9
2021-11-06 09:46:00 +0530,478760,36.3,32.7,41.83,34.83
2021-11-06 09:46:30 +0530,478761,37.6,33.9,41.94,34.78
2021-11-06 09:47:00 +0530,478762,39.0,34.9,42.14,34.73
2021-11-06 09:47:30 +0530,478763,38.2,34.1,42.39,34.67
2021-11-06 09:48:00 +0530,478764,37.1,33.1,42.69,34.64
2021-11-06 09:48:30 +0530,478765,41.4,36.0,42.67,34.62
2021-11-06 09:49:00 +0530,478766,38.3,34.2,42.74,34.62
2021-11-06 09:49:30 +0530,478767,36.1,32.2,42.39,34.63
2021-11-06 09:50:00 +0530,478768,28.1,25.6,42.36,34.57
2021-11-06 09:50:30 +0530,478769,36.8,32.9,42.46,34.55
2021-11-06 09:51:00 +0530,478770,39.6,32.6,42.63,34.52
2021-11-06 09:51:30 +0530,478771,35.8,31.9,42.53,34.51
2021-11-06 09:52:00 +0530,478772,36.3,32.4,42.56,34.49
2021-11-06 09:52:30 +0530,478773,36.8,33.1,42.53,34.47
2021-11-06 09:53:00 +0530,478774,35.6,32.0,42.56,34.46
2021-11-06 09:53:30 +0530,478775,33.3,29.9,42.74,34.41
2021-11-06 09:54:00 +0530,478776,39.5,31.3,42.61,34.39
2021-11-06 09:54:30 +0530,478777,31.7,28.6,42.24,34.37
2021-11-06 09:55:00 +0530,478778,34.6,30.8,42.3,34.33
2021-11-06 09:55:30 +0530,478779,32.5,29.2,42.44,34.3
2021-11-06 09:56:00 +0530,478780,31.9,28.7,42.68,34.29
2021-11-06 09:56:30 +0530,478781,34.0,30.7,42.66,34.27
2021-11-06 09:57:00 +0530,478782,33.7,30.4,42.49,34.24
2021-11-06 09:57:30 +0530,478783,34.3,30.9,42.59,34.22
2021-11-06 09:58:00 +0530,478784,34.5,31.2,42.59,34.19
2021-11-06 09:58:30 +0530,478785,30.8,27.9,42.73,34.12
2021-11-06 09:59:00 +0530,478786,32.3,29.1,42.61,34.1
2021-11-06 09:59:30 +0530,478787,32.7,29.6,42.64,34.07
2021-11-06 10:00:00 +0530,478788,32.5,29.6,42.64,34.04
2021-11-06 10:00:30 +0530,478789,32.8,26.8,42.87,33.99
2021-11-06 10:01:00 +0530,478790,34.1,30.4,43.01,33.97
2021-11-06 10:01:30 +0530,478791,34.1,30.4,43.01,33.97
2021-11-06 10:02:00 +0530,478792,34.6,30.5,43.01,33.97
2021-11-06 10:02:30 +0530,478793,28.6,25.3,43.6,33.81
2021-11-06 10:03:00 +0530,478794,28.7,25.6,43.33,33.83
2021-11-06 10:03:30 +0530,478795,33.3,29.7,43.09,33.89
2021-11-06 10:04:00 +0530,478796,32.0,28.1,42.91,33.93
2021-11-06 10:04:30 +0530,478797,31.4,28.4,43.04,33.96
2021-11-06 10:05:00 +0530,478798,29.8,26.8,43.25,33.97
2021-11-06 10:05:30 +0530,478799,33.4,29.8,43.29,34.02
2021-11-06 10:06:00 +0530,478800,32.1,28.7,43.22,34.06
2021-11-06 10:06:30 +0530,478801,32.9,29.3,43.15,34.09
2021-11-06 10:07:00 +0530,478802,32.5,29.1,43.03,34.11
2021-11-06 10:07:30 +0530,478803,32.7,29.1,42.97,34.14
2021-11-06 10:08:00 +0530,478804,31.9,28.2,42.69,34.18
2021-11-06 10:08:30 +0530,478805,30.9,27.9,42.52,34.22
2021-11-06 10:09:00 +0530,478806,31.9,27.2,42.12,34.24
2021-11-06 10:09:30 +0530,478807,34.1,29.3,42.39,34.24
2021-11-06 10:10:00 +0530,478808,97.5,37.6,42.85,34.27
2021-11-06 10:10:30 +0530,478809,54.8,34.1,42.61,34.31
2021-11-06 10:11:00 +0530,478810,42.8,31.7,42.41,34.35
2021-11-06 10:11:30 +0530,478811,29.9,26.9,42.13,34.38
2021-11-06 10:12:00 +0530,478812,34.8,27.6,42.24,34.44
2021-11-06 10:12:30 +0530,478813,31.2,28.0,42.05,34.47
2021-11-06 10:13:00 +0530,478814,42.0,30.3,42.43,34.49
2021-11-06 10:13:30 +0530,478815,43.7,30.1,42.43,34.49
2021-11-06 10:14:00 +0530,478816,36.7,26.9,42.71,34.39
2021-11-06 10:14:30 +0530,478817,38.6,34.7,42.51,34.47
2021-11-06 10:15:00 +0530,478818,44.3,33.9,42.23,34.57
2021-11-06 10:15:30 +0530,478819,29.8,26.6,42.14,34.67
2021-11-06 10:16:00 +0530,478820,37.1,27.8,41.77,34.77
2021-11-06 10:16:30 +0530,478821,35.4,27.7,41.39,34.82
2021-11-06 10:17:00 +0530,478822,40.7,30.9,41.28,34.88
2021-11-06 10:17:30 +0530,478823,38.3,29.8,40.91,34.92
2021-11-06 10:18:00 +0530,478824,38.5,29.9,40.84,34.93
2021-11-06 10:18:30 +0530,478825,36.6,26.4,41.45,34.85
2021-11-06 10:19:00 +0530,478826,38.2,34.0,40.88,34.94
2021-11-06 10:19:30 +0530,478827,47.7,42.9,40.72,35.03
2021-11-06 10:20:00 +0530,478828,67.5,61.3,40.31,35.13
2021-11-06 10:20:30 +0530,478829,61.8,55.7,40.2,35.21
2021-11-06 10:21:00 +0530,478830,44.1,39.6,39.92,35.3
2021-11-06 10:21:30 +0530,478831,60.1,49.3,40.04,35.38
2021-11-06 10:22:00 +0530,478832,59.3,48.7,39.71,35.47
2021-11-06 10:22:30 +0530,478833,37.6,33.7,39.62,35.56
2021-11-06 10:23:00 +0530,478834,54.4,32.9,39.64,35.66
2021-11-06 10:23:30 +0530,478835,36.4,26.4,39.5,35.72
2021-11-06 10:24:00 +0530,478836,33.7,29.4,39.3,35.79
2021-11-06 10:24:30 +0530,478837,32.9,29.4,39.18,35.85
2021-11-06 10:25:00 +0530,478838,37.6,28.8,38.81,35.92
2021-11-06 10:25:30 +0530,478839,41.3,36.8,38.98,35.95
2021-11-06 10:26:00 +0530,478840,39.9,30.2,39.14,35.99
2021-11-06 10:26:30 +0530,478841,32.7,29.1,38.69,36.03
2021-11-06 10:27:00 +0530,478842,32.7,28.3,38.45,36.09
2021-11-06 10:27:30 +0530,478843,35.7,27.9,38.28,36.13
2021-11-06 10:28:00 +0530,478844,29.9,27.0,38.2,36.18
2021-11-06 10:28:30 +0530,478845,29.0,25.9,37.92,36.23
2021-11-06 10:29:00 +0530,478846,33.8,26.9,38.03,36.26
2021-11-06 10:29:30 +0530,478847,29.3,26.2,37.48,36.25
2021-11-06 10:30:00 +0530,478848,29.1,26.0,37.48,36.23
2021-11-06 10:30:30 +0530,478849,28.5,25.6,37.51,36.18
2021-11-06 10:31:00 +0530,478850,28.0,25.2,37.66,36.13
2021-11-06 10:31:30 +0530,478851,28.4,25.7,37.87,36.09
2021-11-06 10:32:00 +0530,478852,31.6,26.6,38.11,36.06
2021-11-06 10:32:30 +0530,478853,29.5,26.6,38.11,36.04
2021-11-06 10:33:00 +0530,478854,29.8,26.8,38.04,36.02
2021-11-06 10:33:30 +0530,478855,25.2,22.7,38.33,35.97
2021-11-06 10:34:00 +0530,478856,26.7,21.7,38.4,35.95
2021-11-06 10:34:30 +0530,478857,27.4,24.7,38.43,35.95
2021-11-06 10:35:00 +0530,478858,30.5,25.3,38.67,35.96
2021-11-06 10:35:30 +0530,478859,48.0,27.0,38.76,35.98
2021-11-06 10:36:00 +0530,478860,27.0,24.3,38.59,36.01
2021-11-06 10:36:30 +0530,478861,28.0,25.4,38.35,36.04
2021-11-06 10:37:00 +0530,478862,27.4,24.6,38.04,36.07
2021-11-06 10:37:30 +0530,478863,34.4,25.8,38.28,36.08
2021-11-06 10:38:00 +0530,478864,32.6,22.1,38.42,36.09
2021-11-06 10:38:30 +0530,478865,36.7,25.6,38.11,36.11
2021-11-06 10:39:00 +0530,478866,37.4,26.4,38.11,36.15
2021-11-06 10:39:30 +0530,478867,40.8,27.0,37.96,36.21
2021-11-06 10:40:00 +0530,478868,36.6,27.1,38.03,36.25
2021-11-06 10:40:30 +0530,478869,29.8,25.7,37.51,36.28
2021-11-06 10:41:00 +0530,478870,28.7,25.7,37.62,36.28
2021-11-06 10:41:30 +0530,478871,28.5,25.7,37.69,36.27
2021-11-06 10:42:00 +0530,478872,27.6,24.9,37.69,36.24
2021-11-06 10:42:30 +0530,478873,28.2,25.1,37.65,36.19
2021-11-06 10:43:00 +0530,478874,31.4,25.9,37.7,36.11
2021-11-06 10:43:30 +0530,478875,25.9,23.5,37.87,36.02
2021-11-06 10:44:00 +0530,478876,30.0,27.0,37.91,35.97
2021-11-06 10:44:30 +0530,478877,29.8,26.7,38.09,35.93
2021-11-06 10:45:00 +0530,478878,35.0,27.5,38.19,35.88
2021-11-06 10:45:30 +0530,478879,31.6,28.8,38.3,35.86
2021-11-06 10:46:00 +0530,478880,30.2,26.9,38.26,35.86
2021-11-06 10:46:30 +0530,478881,32.1,28.6,38.26,35.85
2021-11-06 10:47:00 +0530,478882,32.1,26.9,38.4,35.84
2021-11-06 10:47:30 +0530,478883,34.5,26.8,38.31,35.81
2021-11-06 10:48:00 +0530,478884,58.6,28.9,37.69,35.75
2021-11-06 10:48:30 +0530,478885,29.9,24.7,37.46,35.72
2021-11-06 10:49:00 +0530,478886,27.8,25.2,37.62,35.69
2021-11-06 10:49:30 +0530,478887,25.8,23.1,37.9,35.66
2021-11-06 10:50:00 +0530,478888,28.9,25.9,38.2,35.65
2021-11-06 10:50:30 +0530,478889,26.9,24.3,38.19,35.63
2021-11-06 10:51:00 +0530,478890,26.2,23.8,37.82,35.58
2021-11-06 10:51:30 +0530,478891,26.5,23.9,37.88,35.52
2021-11-06 10:52:00 +0530,478892,26.7,24.2,38.24,35.45
2021-11-06 10:52:30 +0530,478893,23.2,20.1,38.51,35.39
2021-11-06 10:53:00 +0530,478894,26.5,23.9,38.2,35.34
2021-11-06 10:53:30 +0530,478895,26.9,24.4,38.1,35.29
2021-11-06 10:54:00 +0530,478896,29.8,25.2,38.22,35.27
2021-11-06 10:54:30 +0530,478897,28.0,25.2,38.25,35.26
2021-11-06 10:55:00 +0530,478898,28.0,24.9,38.28,35.25
2021-11-06 10:55:30 +0530,478899,23.8,21.7,38.86,35.22
2021-11-06 10:56:00 +0530,478900,23.4,21.3,38.69,35.19
2021-11-06 10:56:30 +0530,478901,27.9,25.0,38.28,35.18
2021-11-06 10:57:00 +0530,478902,27.1,24.4,38.35,35.15
2021-11-06 10:57:30 +0530,478903,24.5,22.3,38.03,35.14
2021-11-06 10:58:00 +0530,478904,25.4,19.8,38.17,35.09
2021-11-06 10:58:30 +0530,478905,33.5,24.7,38.3,35.07
2021-11-06 10:59:00 +0530,478906,26.9,24.3,38.33,35.06
2021-11-06 10:59:30 +0530,478907,30.8,25.9,38.47,35.05
2021-11-06 11:00:00 +0530,478908,34.6,26.3,38.57,35.04
2021-11-06 11:00:30 +0530,478909,28.0,24.9,38.68,35.05
2021-11-06 11:01:00 +0530,478910,23.3,20.6,38.91,35.01
2021-11-06 11:01:30 +0530,478911,26.8,24.2,38.71,35.04
2021-11-06 11:02:00 +0530,478912,33.7,26.3,38.88,35.06
2021-11-06 11:02:30 +0530,478913,40.8,26.8,38.98,35.07
2021-11-06 11:03:00 +0530,478914,32.2,24.8,38.4,35.09
2021-11-06 11:03:30 +0530,478915,37.1,25.7,38.17,35.11
2021-11-06 11:04:00 +0530,478916,44.4,22.4,38.03,35.1
2021-11-06 11:04:30 +0530,478917,39.8,25.9,37.85,35.13
2021-11-06 11:05:00 +0530,478918,28.5,24.2,38.01,35.16
2021-11-06 11:05:30 +0530,478919,36.3,26.3,38.18,35.22
2021-11-06 11:06:00 +0530,478920,40.5,28.1,38.46,35.27
2021-11-06 11:06:30 +0530,478921,37.7,26.7,38.34,35.33
2021-11-06 11:07:00 +0530,478922,28.3,25.4,37.82,35.37
2021-11-06 11:07:30 +0530,478923,24.6,22.4,37.28,35.37
2021-11-06 11:08:00 +0530,478924,25.6,23.4,37.21,35.37
2021-11-06 11:08:30 +0530,478925,26.5,24.1,37.21,35.35
2021-11-06 11:09:00 +0530,478926,27.6,24.8,37.42,35.31
2021-11-06 11:09:30 +0530,478927,25.1,22.6,37.35,35.29
2021-11-06 11:10:00 +0530,478928,25.5,23.4,37.26,35.27
2021-11-06 11:10:30 +0530,478929,26.8,24.4,37.5,35.23
2021-11-06 11:11:00 +0530,478930,28.4,25.7,37.53,35.19
2021-11-06 11:11:30 +0530,478931,28.2,25.7,37.3,35.14
2021-11-06 11:12:00 +0530,478932,27.8,24.9,37.27,35.11
2021-11-06 11:12:30 +0530,478933,26.4,24.1,37.48,35.06
2021-11-06 11:13:00 +0530,478934,26.7,24.1,37.55,35.0
2021-11-06 11:13:30 +0530,478935,30.6,27.7,37.87,34.94
2021-11-06 11:14:00 +0530,478936,29.6,26.6,38.04,34.9
2021-11-06 11:14:31 +0530,478937,29.6,26.6,38.04,34.9
2021-11-06 11:15:00 +0530,478938,23.4,20.9,38.36,34.66
2021-11-06 11:15:30 +0530,478939,26.2,23.6,38.48,34.61
2021-11-06 11:16:00 +0530,478940,31.1,24.7,38.72,34.61
2021-11-06 11:16:30 +0530,478941,36.2,24.4,38.69,34.62
2021-11-06 11:17:00 +0530,478942,25.3,22.7,38.27,34.63
2021-11-06 11:17:30 +0530,478943,31.3,23.3,38.2,34.61
2021-11-06 11:18:00 +0530,478944,32.3,24.8,38.14,34.6
2021-11-06 11:18:30 +0530,478945,49.1,26.1,38.34,34.59
2021-11-06 11:19:00 +0530,478946,21.4,19.3,38.2,34.55
2021-11-06 11:19:30 +0530,478947,26.0,23.2,38.2,34.57
2021-11-06 11:20:00 +0530,478948,26.5,23.8,38.24,34.62
2021-11-06 11:20:30 +0530,478949,25.3,22.9,38.23,34.67
2021-11-06 11:21:00 +0530,478950,24.9,22.4,37.95,34.7
2021-11-06 11:21:30 +0530,478951,28.7,22.9,38.02,34.78
2021-11-06 11:22:00 +0530,478952,26.6,24.1,37.87,34.85
2021-11-06 11:22:30 +0530,478953,26.4,23.7,37.84,34.92
2021-11-06 11:23:00 +0530,478954,29.4,24.4,37.92,35.01
2021-11-06 11:23:30 +0530,478955,27.8,22.7,37.66,35.11
2021-11-06 11:24:00 +0530,478956,21.9,19.7,37.64,35.14
2021-11-06 11:24:30 +0530,478957,23.8,21.4,37.19,35.22
2021-11-06 11:25:00 +0530,478958,23.1,20.9,36.99,35.28
2021-11-06 11:25:30 +0530,478959,23.8,21.3,36.7,35.35
2021-11-06 11:26:00 +0530,478960,23.8,21.3,36.43,35.41
2021-11-06 11:26:30 +0530,478961,23.4,21.3,36.12,35.45
2021-11-06 11:27:00 +0530,478962,24.3,21.9,35.97,35.5
2021-11-06 11:27:30 +0530,478963,19.4,17.7,35.97,35.51
2021-11-06 11:28:00 +0530,478964,23.7,21.3,35.9,35.55
2021-11-06 11:28:30 +0530,478965,23.6,21.2,35.87,35.62
2021-11-06 11:29:00 +0530,478966,20.3,18.6,36.02,35.66
2021-11-06 11:29:30 +0530,478967,24.5,18.4,36.19,35.72
2021-11-06 11:30:00 +0530,478968,31.0,22.3,36.15,35.81
2021-11-06 11:30:30 +0530,478969,28.3,21.7,35.8,35.86
2021-11-06 11:31:00 +0530,478970,18.4,16.7,35.63,35.84
2021-11-06 11:31:30 +0530,478971,28.6,21.0,35.47,35.81
2021-11-06 11:32:00 +0530,478972,24.0,21.5,35.17,35.78
2021-11-06 11:32:30 +0530,478973,23.2,20.7,34.99,35.75
2021-11-06 11:33:00 +0530,478974,23.8,21.3,34.79,35.72
2021-11-06 11:33:30 +0530,478975,20.0,16.1,34.54,35.68
2021-11-06 11:34:00 +0530,478976,22.1,19.8,34.75,35.68
2021-11-06 11:34:30 +0530,478977,25.6,20.8,34.54,35.7
2021-11-06 11:35:00 +0530,478978,23.1,20.7,34.38,35.72
2021-11-06 11:35:30 +0530,478979,23.6,21.2,34.42,35.71
2021-11-06 11:36:00 +0530,478980,25.0,20.4,34.42,35.69
2021-11-06 11:36:30 +0530,478981,25.2,21.6,34.75,35.65
2021-11-06 11:37:00 +0530,478982,22.4,17.0,34.97,35.6
2021-11-06 11:37:30 +0530,478983,34.8,22.2,35.02,35.59
2021-11-06 11:38:00 +0530,478984,33.4,21.9,35.15,35.6
2021-11-06 11:38:30 +0530,478985,33.0,22.1,35.18,35.63
2021-11-06 11:39:00 +0530,478986,30.0,19.9,35.73,35.63
2021-11-06 11:39:30 +0530,478987,28.7,22.1,35.82,35.69
2021-11-06 11:40:00 +0530,478988,41.9,24.8,35.78,35.73
2021-11-06 11:40:30 +0530,478989,33.0,23.3,35.98,35.78
2021-11-06 11:41:00 +0530,478990,26.3,21.2,35.75,35.82
2021-11-06 11:41:30 +0530,478991,26.8,22.4,35.66,35.87
2021-11-06 11:42:00 +0530,478992,23.6,21.3,35.42,35.92
2021-11-06 11:42:30 +0530,478993,22.6,20.6,34.89,35.96
2021-11-06 11:43:00 +0530,478994,22.8,20.8,34.7,35.99
2021-11-06 11:43:30 +0530,478995,21.3,19.4,34.42,36.02
2021-11-06 11:44:00 +0530,478996,25.4,21.0,34.34,36.06
2021-11-06 11:44:30 +0530,478997,22.3,20.2,34.37,36.1
2021-11-06 11:45:00 +0530,478998,23.3,21.1,34.53,36.14
2021-11-06 11:45:30 +0530,478999,22.6,20.5,34.88,36.21
2021-11-06 11:46:00 +0530,479000,22.8,20.7,34.88,36.21
2021-11-06 11:46:30 +0530,479001,17.8,16.1,35.17,36.11
2021-11-06 11:47:00 +0530,479002,20.0,17.9,34.78,36.14
2021-11-06 11:47:30 +0530,479003,23.3,20.8,34.52,36.18
2021-11-06 11:48:00 +0530,479004,21.9,19.9,33.99,36.22
2021-11-06 11:48:30 +0530,479005,21.9,19.7,33.67,36.24
2021-11-06 11:49:00 +0530,479006,22.3,20.3,33.71,36.26
2021-11-06 11:49:30 +0530,479007,25.8,20.2,33.83,36.3
2021-11-06 11:50:00 +0530,479008,22.0,19.7,34.08,36.33
2021-11-06 11:50:30 +0530,479009,24.0,21.4,34.17,36.37
2021-11-06 11:51:00 +0530,479010,22.9,20.7,33.85,36.39
2021-11-06 11:51:30 +0530,479011,22.5,20.5,33.57,36.41
2021-11-06 11:52:00 +0530,479012,23.0,21.0,33.69,36.41
2021-11-06 11:52:30 +0530,479013,25.7,22.0,33.97,36.42
2021-11-06 11:53:00 +0530,479014,23.4,21.2,34.33,36.42
2021-11-06 11:53:30 +0530,479015,27.6,21.9,33.76,36.44
2021-11-06 11:54:00 +0530,479016,18.9,16.9,33.85,36.4
2021-11-06 11:54:30 +0530,479017,22.7,20.2,33.57,36.37
2021-11-06 11:55:00 +0530,479018,23.1,19.9,33.51,36.3
2021-11-06 11:55:30 +0530,479019,21.6,19.6,33.14,36.22
2021-11-06 11:56:00 +0530,479020,23.6,19.6,33.49,36.15
2021-11-06 11:56:30 +0530,479021,22.4,20.2,33.69,36.08
2021-11-06 11:57:00 +0530,479022,26.8,19.9,33.77,36.0
2021-11-06 11:57:30 +0530,479023,22.7,20.5,33.63,35.94
2021-11-06 11:58:00 +0530,479024,25.0,22.3,33.92,35.92
2021-11-06 11:58:30 +0530,479025,18.4,16.8,33.87,35.89
2021-11-06 11:59:00 +0530,479026,24.0,21.8,33.59,35.93
2021-11-06 11:59:30 +0530,479027,22.3,20.0,33.55,35.96
2021-11-06 12:00:00 +0530,479028,25.8,19.8,33.65,35.99
2021-11-06 12:00:30 +0530,479029,20.9,18.9,33.61,36.01
2021-11-06 12:01:00 +0530,479030,22.3,19.7,33.65,36.03
2021-11-06 12:01:30 +0530,479031,25.6,19.9,33.81,36.01
2021-11-06 12:02:00 +0530,479032,25.6,16.8,33.73,35.99
2021-11-06 12:02:30 +0530,479033,24.6,19.4,33.47,35.97
2021-11-06 12:03:00 +0530,479034,27.6,19.4,33.47,35.93
2021-11-06 12:03:30 +0530,479035,20.2,15.8,33.51,35.83
2021-11-06 12:04:00 +0530,479036,21.1,18.9,33.7,35.75
2021-11-06 12:04:30 +0530,479037,21.8,16.6,33.94,35.68
2021-11-06 12:05:00 +0530,479038,22.8,19.7,34.14,35.65
2021-11-06 12:05:30 +0530,479039,20.9,18.9,34.22,35.65
2021-11-06 12:06:00 +0530,479040,21.1,19.1,34.22,35.66
2021-11-06 12:06:30 +0530,479041,22.6,20.2,34.26,35.66
2021-11-06 12:07:00 +0530,479042,21.4,19.2,34.3,35.65
2021-11-06 12:07:30 +0530,479043,25.1,20.4,34.3,35.65
2021-11-06 12:08:00 +0530,479044,22.0,17.6,34.5,35.65
2021-11-06 12:08:30 +0530,479045,22.8,19.2,34.54,35.69
2021-11-06 12:09:00 +0530,479046,23.1,19.8,34.66,35.75
2021-11-06 12:09:30 +0530,479047,22.7,20.3,34.6,35.84
2021-11-06 12:10:00 +0530,479048,31.9,20.9,34.97,35.94
2021-11-06 12:10:30 +0530,479049,22.8,19.3,34.25,36.02
2021-11-06 12:11:00 +0530,479050,32.4,20.2,34.01,36.09
2021-11-06 12:11:30 +0530,479051,24.6,18.9,33.97,36.14
2021-11-06 12:12:00 +0530,479052,19.9,17.8,33.87,36.19
2021-11-06 12:12:30 +0530,479053,20.9,18.1,33.79,36.22
2021-11-06 12:13:00 +0530,479054,21.4,14.5,33.38,36.19
2021-11-06 12:13:30 +0530,479055,22.3,20.2,33.14,36.19
2021-11-06 12:14:00 +0530,479056,21.7,19.5,32.89,36.17
2021-11-06 12:14:30 +0530,479057,20.6,18.5,32.94,36.16
2021-11-06 12:15:00 +0530,479058,19.1,17.3,32.88,36.15
2021-11-06 12:15:30 +0530,479059,19.2,17.4,32.88,36.15
2021-11-06 12:16:00 +0530,479060,18.1,15.9,33.16,36.03
2021-11-06 12:16:30 +0530,479061,40.6,20.9,33.37,36.07
2021-11-06 12:17:00 +0530,479062,34.1,20.1,33.37,36.1
2021-11-06 12:17:30 +0530,479063,25.1,16.1,33.25,36.12
2021-11-06 12:18:00 +0530,479064,20.0,18.0,33.04,36.13
2021-11-06 12:18:30 +0530,479065,23.2,20.9,33.04,36.14
2021-11-06 12:19:00 +0530,479066,21.7,19.4,33.25,36.14
2021-11-06 12:19:30 +0530,479067,73.8,27.1,33.51,36.17
2021-11-06 12:20:00 +0530,479068,27.4,18.3,32.33,36.19
2021-11-06 12:20:30 +0530,479069,29.0,18.4,32.05,36.22
2021-11-06 12:21:00 +0530,479070,29.2,19.3,31.73,36.23
2021-11-06 12:21:30 +0530,479071,21.3,17.4,31.52,36.23
2021-11-06 12:22:00 +0530,479072,19.4,17.4,31.32,36.24
2021-11-06 12:22:30 +0530,479073,20.0,15.3,31.61,36.23
2021-11-06 12:23:00 +0530,479074,20.9,18.7,31.85,36.24
2021-11-06 12:23:30 +0530,479075,24.3,18.4,32.41,36.25
2021-11-06 12:24:00 +0530,479076,31.3,17.4,32.66,36.27
2021-11-06 12:24:30 +0530,479077,27.0,18.7,32.45,36.29
2021-11-06 12:25:00 +0530,479078,25.5,14.7,32.21,36.29
2021-11-06 12:25:30 +0530,479079,24.7,18.1,32.11,36.32
2021-11-06 12:26:00 +0530,479080,23.9,18.3,32.02,36.33
2021-11-06 12:26:30 +0530,479081,26.5,17.7,32.01,36.3
2021-11-06 12:27:00 +0530,479082,23.3,18.6,32.09,36.3
2021-11-06 12:27:30 +0530,479083,35.4,19.4,32.09,36.31
2021-11-06 12:28:00 +0530,479084,26.5,17.4,32.21,36.31
2021-11-06 12:28:30 +0530,479085,26.2,18.2,32.21,36.29
2021-11-06 12:29:00 +0530,479086,31.3,15.9,32.45,36.21
2021-11-06 12:29:30 +0530,479087,20.8,17.1,32.07,36.16
2021-11-06 12:30:00 +0530,479088,21.1,16.6,32.28,36.09
2021-11-06 12:30:30 +0530,479089,19.6,17.6,31.99,36.02
2021-11-06 12:31:00 +0530,479090,19.6,17.3,32.14,35.94
2021-11-06 12:31:30 +0530,479091,15.7,14.0,32.28,35.82
2021-11-06 12:32:00 +0530,479092,18.3,16.4,32.12,35.73
2021-11-06 12:32:30 +0530,479093,17.0,15.4,32.16,35.67
2021-11-06 12:33:00 +0530,479094,18.9,16.9,32.63,35.57
2021-11-06 12:33:30 +0530,479095,19.5,16.8,33.24,35.5
2021-11-06 12:34:00 +0530,479096,25.3,17.6,33.25,35.43
2021-11-06 12:34:30 +0530,479097,28.8,18.1,33.25,35.37
2021-11-06 12:35:00 +0530,479098,23.2,18.4,33.09,35.29
2021-11-06 12:35:30 +0530,479099,18.7,16.6,32.99,35.25
2021-11-06 12:36:00 +0530,479100,21.1,17.1,33.16,35.22
2021-11-06 12:36:30 +0530,479101,19.4,17.7,33.44,35.19
2021-11-06 12:37:00 +0530,479102,25.4,23.2,33.4,35.14
2021-11-06 12:37:30 +0530,479103,23.2,20.9,33.54,35.09
2021-11-06 12:38:00 +0530,479104,21.4,19.2,33.75,35.05
2021-11-06 12:38:30 +0530,479105,39.1,21.6,34.27,35.0
2021-11-06 12:39:00 +0530,479106,23.1,19.3,34.15,34.95
2021-11-06 12:39:30 +0530,479107,19.3,17.4,33.93,34.89
2021-11-06 12:40:00 +0530,479108,16.5,14.9,34.15,34.8
2021-11-06 12:40:30 +0530,479109,24.3,22.0,34.44,34.69
2021-11-06 12:41:00 +0530,479110,23.6,21.4,34.79,34.6
2021-11-06 12:41:30 +0530,479111,21.4,18.9,34.94,34.51
2021-11-06 12:42:00 +0530,479112,20.7,17.9,35.05,34.42
2021-11-06 12:42:30 +0530,479113,18.7,16.9,35.22,34.34
2021-11-06 12:43:00 +0530,479114,19.6,17.6,35.29,34.26
2021-11-06 12:43:30 +0530,479115,18.1,16.4,35.21,34.2
2021-11-06 12:44:00 +0530,479116,19.0,17.1,35.65,34.11
2021-11-06 12:44:30 +0530,479117,25.4,17.4,35.6,34.07
2021-11-06 12:45:00 +0530,479118,19.1,17.2,35.29,34.02
2021-11-06 12:45:30 +0530,479119,17.7,16.1,35.08,34.0
2021-11-06 12:46:00 +0530,479120,19.1,16.2,35.15,33.96
2021-11-06 12:46:30 +0530,479121,20.3,16.7,34.85,33.92
2021-11-06 12:47:00 +0530,479122,18.4,16.7,34.47,33.87
2021-11-06 12:47:30 +0530,479123,15.3,13.9,34.61,33.76
2021-11-06 12:48:00 +0530,479124,18.7,16.8,34.82,33.72
2021-11-06 12:48:30 +0530,479125,31.5,18.8,35.02,33.64
2021-11-06 12:49:00 +0530,479126,26.9,16.7,34.96,33.57
2021-11-06 12:49:30 +0530,479127,18.4,15.4,35.03,33.5
2021-11-06 12:50:00 +0530,479128,26.6,17.8,35.27,33.46
2021-11-06 12:50:30 +0530,479129,23.0,17.4,35.11,33.43
2021-11-06 12:51:00 +0530,479130,18.8,16.9,35.18,33.4
2021-11-06 12:51:30 +0530,479131,21.3,16.2,35.15,33.37
2021-11-06 12:52:00 +0530,479132,23.3,16.4,35.15,33.34
2021-11-06 12:52:30 +0530,479133,17.7,15.9,35.32,33.28
2021-11-06 12:53:00 +0530,479134,18.4,16.4,35.4,33.23
2021-11-06 12:53:30 +0530,479135,17.0,15.2,35.5,33.18
2021-11-06 12:54:00 +0530,479136,24.1,18.4,35.74,33.14
2021-11-06 12:54:30 +0530,479137,18.8,15.9,35.81,33.08
2021-11-06 12:55:00 +0530,479138,19.7,17.7,35.99,33.07
2021-11-06 12:56:00 +0530,479139,20.8,15.8,36.13,33.04
2021-11-06 12:56:30 +0530,479140,25.2,17.2,36.37,33.02
2021-11-06 12:57:30 +0530,479141,18.1,14.0,36.7,32.97
2021-11-06 12:58:00 +0530,479142,28.5,21.1,36.74,32.98
2021-11-06 12:58:30 +0530,479143,24.2,18.7,36.84,32.97
2021-11-06 12:59:00 +0530,479144,20.0,17.9,36.81,32.96
2021-11-06 12:59:30 +0530,479145,19.6,17.6,36.81,32.92
2021-11-06 13:00:00 +0530,479146,20.9,17.9,36.92,32.89
2021-11-06 13:00:30 +0530,479147,19.9,17.7,37.06,32.88
2021-11-06 13:01:00 +0530,479148,22.6,18.6,37.1,32.88
2021-11-06 13:01:30 +0530,479149,18.4,16.6,37.23,32.87
2021-11-06 13:02:00 +0530,479150,21.5,19.3,37.43,32.88
2021-11-06 13:02:30 +0530,479151,28.0,21.1,37.5,32.89
2021-11-06 13:03:00 +0530,479152,31.9,21.2,37.52,32.91
2021-11-06 13:03:30 +0530,479153,30.3,19.9,37.66,32.93
2021-11-06 13:04:00 +0530,479154,67.3,24.8,37.79,32.93
2021-11-06 13:04:30 +0530,479155,37.9,21.7,37.82,32.94
2021-11-06 13:05:00 +0530,479156,32.2,20.7,37.75,32.94
2021-11-06 13:05:30 +0530,479157,28.0,16.4,37.66,32.93
2021-11-06 13:06:00 +0530,479158,20.6,18.7,37.69,32.93
2021-11-06 13:06:30 +0530,479159,21.0,18.8,37.96,32.92
2021-11-06 13:07:00 +0530,479160,21.5,18.2,37.93,32.91
2021-11-06 13:07:30 +0530,479161,20.6,18.4,37.95,32.89
2021-11-06 13:08:00 +0530,479162,19.8,17.8,37.91,32.86
2021-11-06 13:08:30 +0530,479163,19.4,17.4,37.84,32.82
2021-11-06 13:09:00 +0530,479164,21.4,19.1,37.88,32.76
2021-11-06 13:09:30 +0530,479165,26.6,19.3,37.88,32.71
2021-11-06 13:10:00 +0530,479166,26.5,17.4,37.85,32.66
2021-11-06 13:10:30 +0530,479167,22.7,19.1,37.85,32.6
2021-11-06 13:11:00 +0530,479168,22.5,15.0,37.87,32.55
2021-11-06 13:11:30 +0530,479169,19.6,17.6,38.04,32.5
2021-11-06 13:12:00 +0530,479170,16.9,15.3,37.87,32.47
2021-11-06 13:12:30 +0530,479171,18.0,16.6,37.87,32.42
2021-11-06 13:13:00 +0530,479172,21.5,17.9,38.05,32.4
2021-11-06 13:13:30 +0530,479173,19.0,17.3,38.16,32.34
2021-11-06 13:14:00 +0530,479174,18.6,17.0,37.51,32.29
2021-11-06 13:14:30 +0530,479175,18.3,15.5,38.02,32.24
2021-11-06 13:15:00 +0530,479176,18.6,16.9,37.87,32.18
2021-11-06 13:15:30 +0530,479177,20.1,18.1,38.04,32.16
2021-11-06 13:16:00 +0530,479178,17.5,15.7,38.2,32.13
2021-11-06 13:16:30 +0530,479179,19.1,17.3,38.34,32.13
2021-11-06 13:17:00 +0530,479180,20.0,17.8,38.44,32.13
2021-11-06 13:17:30 +0530,479181,20.9,18.1,38.47,32.11
2021-11-06 13:18:00 +0530,479182,17.3,15.6,38.24,32.08
2021-11-06 13:18:30 +0530,479183,21.3,18.1,38.22,32.04
2021-11-06 13:19:00 +0530,479184,20.1,17.9,38.53,32.01
2021-11-06 13:19:30 +0530,479185,23.0,18.7,38.62,32.0
2021-11-06 13:20:00 +0530,479186,22.0,19.7,38.79,32.0
2021-11-06 13:20:30 +0530,479187,28.4,19.8,38.86,32.0
2021-11-06 13:21:00 +0530,479188,24.4,18.9,38.93,32.0
2021-11-06 13:21:30 +0530,479189,18.9,17.1,38.93,31.99
2021-11-06 13:22:00 +0530,479190,21.7,19.6,39.1,31.97
2021-11-06 13:22:30 +0530,479191,22.4,17.3,39.17,31.95
2021-11-06 13:23:00 +0530,479192,20.5,18.4,39.36,31.95
2021-11-06 13:23:30 +0530,479193,21.0,18.8,39.47,31.96
2021-11-06 13:24:00 +0530,479194,20.7,18.5,39.43,31.97
2021-11-06 13:24:30 +0530,479195,16.8,15.3,39.27,31.98
2021-11-06 13:25:00 +0530,479196,18.9,17.1,38.39,31.99
2021-11-06 13:25:30 +0530,479197,19.3,17.4,38.35,32.0
2021-11-06 13:26:00 +0530,479198,18.6,13.6,38.46,32.0
2021-11-06 13:26:30 +0530,479199,19.5,17.6,38.42,32.03
2021-11-06 13:27:00 +0530,479200,19.4,17.5,38.18,32.04
2021-11-06 13:27:30 +0530,479201,34.7,22.1,38.39,32.02
2021-11-06 13:28:00 +0530,479202,31.5,20.8,38.86,32.02
2021-11-06 13:28:30 +0530,479203,19.6,17.5,39.13,32.02
2021-11-06 13:29:00 +0530,479204,23.4,18.2,39.13,32.04
2021-11-06 13:29:30 +0530,479205,22.7,17.6,38.91,32.08
2021-11-06 13:30:00 +0530,479206,21.3,17.9,38.91,32.1
2021-11-06 13:30:30 +0530,479207,24.7,17.3,38.3,32.11
2021-11-06 13:31:00 +0530,479208,18.3,13.9,38.0,32.1
2021-11-06 13:31:30 +0530,479209,24.0,17.8,37.93,32.08
2021-11-06 13:32:00 +0530,479210,28.9,18.9,37.98,32.05
2021-11-06 13:32:30 +0530,479211,27.6,17.7,37.98,32.04
2021-11-06 13:33:00 +0530,479212,61.5,21.4,37.91,32.05
2021-11-06 13:33:30 +0530,479213,19.7,14.4,38.01,32.05
2021-11-06 13:34:00 +0530,479214,20.3,16.9,37.69,32.08
2021-11-06 13:34:30 +0530,479215,16.1,14.6,37.47,32.07
2021-11-06 13:35:00 +0530,479216,18.2,16.4,37.57,32.05
2021-11-06 13:35:30 +0530,479217,15.3,14.0,37.71,32.03
2021-11-06 13:36:00 +0530,479218,18.5,16.5,37.33,32.02
2021-11-06 13:36:30 +0530,479219,25.7,17.1,37.64,32.0
2021-11-06 13:37:00 +0530,479220,39.7,19.4,38.04,32.0
2021-11-06 13:37:30 +0530,479221,22.1,15.9,38.35,32.01
2021-11-06 13:38:00 +0530,479222,20.2,17.4,38.42,32.03
2021-11-06 13:38:30 +0530,479223,19.8,17.6,38.18,32.07
2021-11-06 13:39:00 +0530,479224,18.0,16.1,38.0,32.08
2021-11-06 13:39:30 +0530,479225,19.3,17.3,38.0,32.08
2021-11-06 13:40:00 +0530,479226,18.3,14.9,37.95,32.07
2021-11-06 13:40:30 +0530,479227,14.6,13.4,38.01,32.04
2021-11-06 13:41:00 +0530,479228,18.5,16.7,38.01,32.02
2021-11-06 13:41:30 +0530,479229,16.4,14.8,38.04,32.0
2021-11-06 13:42:00 +0530,479230,20.8,17.1,38.11,31.99
2021-11-06 13:42:30 +0530,479231,19.1,17.1,38.04,32.0
2021-11-06 13:43:00 +0530,479232,19.6,17.0,38.11,32.01
2021-11-06 13:43:30 +0530,479233,15.5,14.2,37.85,32.01
2021-11-06 13:44:00 +0530,479234,18.8,15.9,37.78,32.01
2021-11-06 13:44:30 +0530,479235,25.4,16.9,37.68,32.03
2021-11-06 13:45:00 +0530,479236,22.2,17.3,37.69,32.07
2021-11-06 13:45:30 +0530,479237,20.7,17.4,38.11,32.11
2021-11-06 13:46:00 +0530,479238,17.5,15.9,37.87,32.14
2021-11-06 13:46:30 +0530,479239,17.9,16.1,38.24,32.16
2021-11-06 13:47:00 +0530,479240,19.0,17.3,37.9,32.22
2021-11-06 13:47:30 +0530,479241,30.1,19.6,38.02,32.29
2021-11-06 13:48:00 +0530,479242,23.2,20.9,37.72,32.4
2021-11-06 13:48:30 +0530,479243,19.6,17.7,37.6,32.53
2021-11-06 13:49:00 +0530,479244,22.1,18.1,37.55,32.67
2021-11-06 13:49:30 +0530,479245,20.2,18.2,37.46,32.84
2021-11-06 13:50:00 +0530,479246,19.0,17.3,37.01,32.99
2021-11-06 13:50:30 +0530,479247,19.0,17.1,36.63,33.15
2021-11-06 13:51:00 +0530,479248,19.9,17.9,36.37,33.3
2021-11-06 13:51:30 +0530,479249,19.9,17.9,36.37,33.3
2021-11-06 13:52:00 +0530,479250,17.8,15.1,36.71,33.31
2021-11-06 13:52:30 +0530,479251,20.4,18.3,36.59,33.47
2021-11-06 13:53:00 +0530,479252,22.0,18.2,36.21,33.64
2021-11-06 13:53:30 +0530,479253,20.8,18.2,35.66,33.8
2021-11-06 13:54:00 +0530,479254,20.1,14.4,35.43,33.96
2021-11-06 13:54:30 +0530,479255,23.2,18.3,34.95,34.09
2021-11-06 13:55:00 +0530,479256,24.6,15.4,34.87,34.24
2021-11-06 13:55:30 +0530,479257,20.2,17.6,34.28,34.4
2021-11-06 13:56:00 +0530,479258,23.3,17.8,34.42,34.55
2021-11-06 13:56:30 +0530,479259,15.3,13.9,34.4,34.66
2021-11-06 13:57:00 +0530,479260,15.9,13.8,34.24,34.76
2021-11-06 13:57:30 +0530,479261,18.4,16.6,33.77,34.91
2021-11-06 13:58:00 +0530,479262,19.9,15.1,33.63,35.0
2021-11-06 13:58:30 +0530,479263,24.3,17.9,33.14,35.14
2021-11-06 13:59:00 +0530,479264,30.2,17.2,32.67,35.22
2021-11-06 13:59:30 +0530,479265,18.6,16.6,32.67,35.3
2021-11-06 14:00:00 +0530,479266,28.4,14.1,32.86,35.36
2021-11-06 14:00:30 +0530,479267,17.6,15.9,32.37,35.43
2021-11-06 14:01:00 +0530,479268,18.3,16.6,31.98,35.5
2021-11-06 14:01:30 +0530,479269,18.7,16.9,31.5,35.55
2021-11-06 14:02:00 +0530,479270,21.3,17.2,31.57,35.58
2021-11-06 14:02:30 +0530,479271,25.8,17.8,31.7,35.63
2021-11-06 14:03:00 +0530,479272,13.4,12.2,31.57,35.64
2021-11-06 14:03:30 +0530,479273,24.3,17.5,31.11,35.68
2021-11-06 14:04:00 +0530,479274,16.2,14.6,30.95,35.67
2021-11-06 14:04:30 +0530,479275,19.1,17.1,31.11,35.64
2021-11-06 14:05:00 +0530,479276,44.3,18.2,31.25,35.56
2021-11-06 14:05:30 +0530,479277,69.2,19.3,31.62,35.5
2021-11-06 14:06:00 +0530,479278,51.7,21.1,31.64,35.47
2021-11-06 14:06:30 +0530,479279,23.1,15.0,31.61,35.39
2021-11-06 14:07:00 +0530,479280,22.8,15.2,31.52,35.31
2021-11-06 14:07:30 +0530,479281,19.3,14.9,31.58,35.22
2021-11-06 14:08:00 +0530,479282,35.2,16.4,31.81,35.12
2021-11-06 14:08:30 +0530,479283,39.5,13.9,32.17,35.01
2021-11-06 14:09:00 +0530,479284,29.3,15.8,32.4,34.93
2021-11-06 14:09:30 +0530,479285,40.2,19.7,32.44,34.88
2021-11-06 14:10:00 +0530,479286,56.3,20.8,32.8,34.82
2021-11-06 14:10:30 +0530,479287,34.2,18.1,32.54,34.8
2021-11-06 14:11:00 +0530,479288,22.6,17.7,32.62,34.73
2021-11-06 14:11:30 +0530,479289,26.7,14.8,32.86,34.66
2021-11-06 14:12:00 +0530,479290,22.5,17.5,32.95,34.68
2021-11-06 14:12:30 +0530,479291,18.2,16.6,32.7,34.7
2021-11-06 14:13:00 +0530,479292,20.4,18.2,32.58,34.77
2021-11-06 14:13:30 +0530,479293,26.8,18.1,32.56,34.88
2021-11-06 14:14:00 +0530,479294,27.9,19.3,32.54,34.98
2021-11-06 14:14:30 +0530,479295,27.3,18.6,32.5,35.06
2021-11-06 14:15:00 +0530,479296,21.5,18.6,32.46,35.14
2021-11-06 14:15:30 +0530,479297,23.9,18.1,32.48,35.24
2021-11-06 14:16:00 +0530,479298,21.7,17.5,32.29,35.31
2021-11-06 14:16:30 +0530,479299,18.9,16.9,32.0,35.37
2021-11-06 14:17:00 +0530,479300,18.9,17.0,31.84,35.39
2021-11-06 14:17:30 +0530,479301,19.1,16.9,31.84,35.41
2021-11-06 14:18:00 +0530,479302,20.0,16.5,31.84,35.45
2021-11-06 14:18:30 +0530,479303,16.3,12.8,32.0,35.45
2021-11-06 14:19:00 +0530,479304,21.8,18.7,32.02,35.49
2021-11-06 14:19:30 +0530,479305,20.7,15.7,32.02,35.54
2021-11-06 14:20:00 +0530,479306,18.6,15.7,31.7,35.57
2021-11-06 14:20:30 +0530,479307,18.7,16.6,31.62,35.62
2021-11-06 14:21:00 +0530,479308,19.9,14.2,31.54,35.59
2021-11-06 14:21:30 +0530,479309,25.2,17.7,31.55,35.64
2021-11-06 14:22:00 +0530,479310,17.4,15.8,31.27,35.67
2021-11-06 14:22:30 +0530,479311,20.2,16.8,31.15,35.7
2021-11-06 14:23:00 +0530,479312,23.1,16.6,31.39,35.74
2021-11-06 14:23:30 +0530,479313,17.9,16.0,31.67,35.8
2021-11-06 14:24:00 +0530,479314,18.0,16.2,31.57,35.85
2021-11-06 14:24:30 +0530,479315,18.7,16.5,31.49,35.9
2021-11-06 14:25:00 +0530,479316,15.8,12.9,31.57,35.93
2021-11-06 14:25:30 +0530,479317,17.7,16.0,31.33,35.96
2021-11-06 14:26:00 +0530,479318,20.2,16.6,31.63,35.99
2021-11-06 14:26:30 +0530,479319,21.3,16.9,31.54,36.03
2021-11-06 14:27:00 +0530,479320,18.1,16.3,31.35,36.08
2021-11-06 14:27:30 +0530,479321,14.1,12.9,31.26,36.08
2021-11-06 14:28:00 +0530,479322,35.0,18.9,31.02,36.11
2021-11-06 14:28:30 +0530,479323,18.5,16.6,30.9,36.14
2021-11-06 14:29:00 +0530,479324,18.2,16.3,30.8,36.17
2021-11-06 14:29:30 +0530,479325,37.7,18.6,31.08,36.22
2021-11-06 14:30:00 +0530,479326,52.9,21.3,31.24,36.24
2021-11-06 14:30:30 +0530,479327,18.8,16.8,31.04,36.27
2021-11-06 14:31:00 +0530,479328,40.4,19.7,31.16,36.3
2021-11-06 14:31:30 +0530,479329,49.8,21.9,31.25,36.34
2021-11-06 14:32:00 +0530,479330,30.7,18.3,31.06,36.38
2021-11-06 14:32:30 +0530,479331,24.4,17.4,30.97,36.43
2021-11-06 14:33:00 +0530,479332,21.1,17.2,30.65,36.45
2021-11-06 14:33:30 +0530,479333,18.3,15.7,30.32,36.49
2021-11-06 14:34:00 +0530,479334,17.0,15.4,30.0,36.49
2021-11-06 14:34:30 +0530,479335,19.9,15.5,29.92,36.49
2021-11-06 14:35:00 +0530,479336,20.6,15.9,29.92,36.41
2021-11-06 14:35:30 +0530,479337,24.5,17.9,30.16,36.36
2021-11-06 14:36:00 +0530,479338,19.1,17.3,30.36,36.32
2021-11-06 14:36:30 +0530,479339,17.8,16.1,30.31,36.31
2021-11-06 14:37:00 +0530,479340,18.9,16.0,30.31,36.3
2021-11-06 14:37:30 +0530,479341,17.4,15.7,30.06,36.3
2021-11-06 14:38:00 +0530,479342,15.9,14.3,29.87,36.29
2021-11-06 14:38:30 +0530,479343,16.3,14.9,29.95,36.26
2021-11-06 14:39:00 +0530,479344,16.4,14.9,29.9,36.23
2021-11-06 14:39:30 +0530,479345,16.2,14.7,29.71,36.18
2021-11-06 14:40:00 +0530,479346,16.8,15.1,29.8,36.14
2021-11-06 14:40:30 +0530,479347,20.1,15.6,30.01,36.12
2021-11-06 14:41:00 +0530,479348,16.5,12.9,30.25,36.06
2021-11-06 14:41:30 +0530,479349,18.4,16.5,30.42,36.04
2021-11-06 14:42:00 +0530,479350,19.7,17.9,30.49,36.03
2021-11-06 14:42:30 +0530,479351,17.4,15.8,30.58,36.03
2021-11-06 14:43:00 +0530,479352,17.2,15.7,30.7,36.03
2021-11-06 14:43:30 +0530,479353,14.1,11.5,30.6,35.99
2021-11-06 14:44:00 +0530,479354,17.8,15.9,30.58,36.01
2021-11-06 14:44:30 +0530,479355,19.9,16.1,30.58,36.02
2021-11-06 14:45:00 +0530,479356,21.0,16.9,30.54,36.03
2021-11-06 14:45:30 +0530,479357,18.7,16.3,30.45,36.07
2021-11-06 14:46:00 +0530,479358,13.4,12.0,30.21,36.02
2021-11-06 14:46:30 +0530,479359,19.9,16.6,30.09,35.98
2021-11-06 14:47:00 +0530,479360,20.8,16.6,30.19,35.96
2021-11-06 14:47:30 +0530,479361,17.8,16.1,30.76,35.95
2021-11-06 14:48:00 +0530,479362,21.2,16.3,31.05,35.95
2021-11-06 14:48:30 +0530,479363,21.7,13.7,31.37,35.93
2021-11-06 14:49:00 +0530,479364,25.5,17.1,31.37,35.94
2021-11-06 14:49:30 +0530,479365,18.0,16.1,31.17,35.95
2021-11-06 14:50:00 +0530,479366,17.6,15.7,31.09,35.95
2021-11-06 14:50:30 +0530,479367,18.0,16.2,31.05,35.95
2021-11-06 14:51:00 +0530,479368,18.5,16.4,31.05,35.96
2021-11-06 14:51:30 +0530,479369,18.9,16.8,31.14,35.98
2021-11-06 14:52:00 +0530,479370,22.6,16.8,31.14,36.01
2021-11-06 14:52:30 +0530,479371,17.4,15.7,30.49,36.02
2021-11-06 14:53:00 +0530,479372,13.2,12.0,30.33,35.99
2021-11-06 14:53:30 +0530,479373,18.7,16.7,30.21,35.99
2021-11-06 14:54:00 +0530,479374,19.9,17.6,30.09,36.0
2021-11-06 14:54:30 +0530,479375,19.4,17.4,30.09,36.03
2021-11-06 14:55:00 +0530,479376,18.5,16.8,30.54,36.07
2021-11-06 14:55:30 +0530,479377,18.5,16.6,30.7,36.08
2021-11-06 14:56:00 +0530,479378,17.2,15.7,30.66,36.1
2021-11-06 14:56:30 +0530,479379,17.6,15.9,30.7,36.1
2021-11-06 14:57:00 +0530,479380,19.5,17.1,30.98,36.11
2021-11-06 14:57:30 +0530,479381,23.8,17.4,31.19,36.12
2021-11-06 14:58:00 +0530,479382,21.7,17.3,31.26,36.13
2021-11-06 14:58:30 +0530,479383,15.9,14.2,31.65,35.96
2021-11-06 14:59:00 +0530,479384,20.3,16.7,31.54,35.99
2021-11-06 14:59:30 +0530,479385,18.7,16.7,31.51,35.98
2021-11-06 15:00:00 +0530,479386,18.5,16.7,31.65,35.96
2021-11-06 15:00:30 +0530,479388,20.7,18.8,31.77,35.95
2021-11-06 15:01:00 +0530,479387,18.2,16.6,31.77,35.88
2021-11-06 15:01:30 +0530,479389,21.1,19.2,31.77,35.84
2021-11-06 15:02:00 +0530,479390,23.2,13.9,31.8,35.79
2021-11-06 15:02:30 +0530,479391,18.7,16.8,31.92,35.78
2021-11-06 15:03:00 +0530,479392,19.3,17.2,31.88,35.77
2021-11-06 15:03:30 +0530,479393,26.6,18.7,32.2,35.72
2021-11-06 15:04:00 +0530,479394,26.2,18.3,32.16,35.7
2021-11-06 15:04:30 +0530,479395,19.2,17.1,31.83,35.68
2021-11-06 15:05:00 +0530,479396,20.9,17.0,31.92,35.66
2021-11-06 15:05:30 +0530,479397,20.3,17.2,31.8,35.66
2021-11-06 15:06:00 +0530,479398,19.1,17.0,32.12,35.66
2021-11-06 15:06:30 +0530,479399,21.3,18.0,32.2,35.67
2021-11-06 15:07:00 +0530,479400,18.2,16.4,31.55,35.67
2021-11-06 15:07:30 +0530,479401,13.5,12.2,31.46,35.62
2021-11-06 15:08:00 +0530,479402,19.5,16.2,31.18,35.58
2021-11-06 15:08:30 +0530,479403,18.6,15.6,31.01,35.55
2021-11-06 15:09:00 +0530,479404,17.7,13.3,31.18,35.51
2021-11-06 15:09:30 +0530,479405,24.5,17.9,31.62,35.51
2021-11-06 15:10:00 +0530,479406,21.2,16.9,31.74,35.52
2021-11-06 15:10:30 +0530,479407,18.3,16.4,31.74,35.54
2021-11-06 15:11:00 +0530,479408,27.0,17.6,31.29,35.56
2021-11-06 15:11:30 +0530,479409,21.6,16.8,31.25,35.58
2021-11-06 15:12:00 +0530,479410,24.4,16.5,31.25,35.59
2021-11-06 15:12:30 +0530,479411,18.8,16.0,31.09,35.6
2021-11-06 15:13:00 +0530,479412,18.4,16.4,31.34,35.62
2021-11-06 15:13:30 +0530,479413,19.6,13.8,31.34,35.6
2021-11-06 15:14:00 +0530,479414,14.3,11.8,30.89,35.58
2021-11-06 15:14:30 +0530,479415,17.8,15.9,30.81,35.58
2021-11-06 15:15:00 +0530,479416,18.8,16.9,30.73,35.58
2021-11-06 15:15:30 +0530,479417,25.8,17.1,30.45,35.58
2021-11-06 15:16:00 +0530,479418,25.6,17.1,30.09,35.58
2021-11-06 15:16:30 +0530,479419,14.9,12.7,30.25,35.56
2021-11-06 15:17:00 +0530,479420,17.9,16.0,30.21,35.55
2021-11-06 15:17:30 +0530,479421,18.1,15.8,30.16,35.53
2021-11-06 15:18:00 +0530,479422,18.8,16.9,30.37,35.51
2021-11-06 15:18:30 +0530,479423,22.3,17.6,30.53,35.51
2021-11-06 15:19:00 +0530,479424,18.5,16.6,30.61,35.51
2021-11-06 15:19:30 +0530,479425,14.2,12.7,30.81,35.49
2021-11-06 15:20:00 +0530,479426,17.7,16.1,30.49,35.49
2021-11-06 15:20:30 +0530,479427,18.2,16.3,30.59,35.48
2021-11-06 15:21:00 +0530,479428,18.6,16.1,30.55,35.47
2021-11-06 15:21:30 +0530,479429,18.8,16.8,30.55,35.43
2021-11-06 15:22:00 +0530,479430,18.5,16.2,30.59,35.41
2021-11-06 15:22:30 +0530,479431,23.8,17.0,30.63,35.37
2021-11-06 15:23:00 +0530,479432,18.4,16.6,30.71,35.34
2021-11-06 15:23:30 +0530,479433,19.0,16.9,30.71,35.29
2021-11-06 15:24:00 +0530,479434,32.7,18.2,30.82,35.27
2021-11-06 15:24:30 +0530,479435,22.8,17.6,31.26,35.26
2021-11-06 15:25:00 +0530,479436,17.7,14.7,31.58,35.24
2021-11-06 15:25:30 +0530,479437,20.0,17.0,31.67,35.25
2021-11-06 15:26:00 +0530,479438,19.3,17.2,31.58,35.28
2021-11-06 15:26:30 +0530,479439,19.5,17.5,31.54,35.3
2021-11-06 15:27:00 +0530,479440,14.2,12.7,31.51,35.29
2021-11-06 15:27:30 +0530,479441,19.2,17.3,31.61,35.33
2021-11-06 15:28:00 +0530,479442,19.0,16.2,31.32,35.33
2021-11-06 15:28:30 +0530,479443,18.3,16.4,31.48,35.31
2021-11-06 15:29:00 +0530,479444,18.5,16.6,31.68,35.29
2021-11-06 15:29:30 +0530,479445,13.1,12.0,31.83,35.24
2021-11-06 15:30:00 +0530,479446,19.0,17.1,31.99,35.24
2021-11-06 15:30:30 +0530,479447,17.5,15.8,31.99,35.22
2021-11-06 15:31:00 +0530,479448,18.7,16.8,31.99,35.21
2021-11-06 15:31:30 +0530,479449,28.9,18.6,31.99,35.22
2021-11-06 15:32:00 +0530,479450,17.6,16.1,32.31,35.23
2021-11-06 15:32:30 +0530,479451,18.9,16.9,32.35,35.22
2021-11-06 15:33:00 +0530,479452,17.8,16.2,32.35,35.21
2021-11-06 15:33:30 +0530,479453,18.0,16.3,32.35,35.21
2021-11-06 15:34:30 +0530,479454,17.3,15.6,32.74,35.01
2021-11-06 15:35:00 +0530,479455,16.0,14.4,32.82,35.0
2021-11-06 15:35:30 +0530,479456,20.5,17.1,32.74,35.07
2021-11-06 15:36:00 +0530,479457,19.4,13.6,32.86,35.06
2021-11-06 15:36:30 +0530,479458,25.0,19.2,32.94,35.07
2021-11-06 15:37:00 +0530,479459,34.9,20.3,33.02,35.09
2021-11-06 15:37:30 +0530,479460,37.0,21.2,32.98,35.09
2021-11-06 15:38:00 +0530,479461,26.9,19.9,32.82,35.1
2021-11-06 15:38:30 +0530,479462,25.5,18.9,32.9,35.09
2021-11-06 15:39:00 +0530,479463,31.7,20.1,33.14,35.1
2021-11-06 15:39:30 +0530,479464,32.5,19.5,32.86,35.12
2021-11-06 15:40:00 +0530,479465,15.3,13.7,32.86,35.1
2021-11-06 15:40:30 +0530,479466,26.8,21.1,32.94,35.09
2021-11-06 15:41:00 +0530,479467,28.7,19.2,33.14,35.1
2021-11-06 15:41:30 +0530,479468,29.4,19.3,33.47,35.11
2021-11-06 15:42:00 +0530,479469,24.7,19.6,33.26,35.13
2021-11-06 15:42:30 +0530,479470,29.3,16.2,33.51,35.1
2021-11-06 15:43:00 +0530,479471,20.6,18.4,33.3,35.11
2021-11-06 15:43:30 +0530,479472,19.7,17.8,33.51,35.09
2021-11-06 15:44:00 +0530,479473,20.2,17.9,33.47,35.07
2021-11-06 15:44:30 +0530,479474,15.8,14.2,33.75,35.0
2021-11-06 15:45:00 +0530,479475,15.5,14.1,33.53,34.94
2021-11-06 15:45:30 +0530,479476,18.9,17.3,33.12,34.92
2021-11-06 15:46:00 +0530,479477,22.2,14.4,33.21,34.86
2021-11-06 15:46:30 +0530,479478,18.5,16.6,33.35,34.8
2021-11-06 15:47:00 +0530,479479,19.5,17.7,33.47,34.77
2021-11-06 15:47:30 +0530,479480,19.9,17.9,33.67,34.75
2021-11-06 15:48:00 +0530,479481,17.2,15.5,33.59,34.68
2021-11-06 15:48:30 +0530,479482,20.5,18.4,33.67,34.66
2021-11-06 15:49:00 +0530,479483,21.6,19.2,33.75,34.65
2021-11-06 15:49:30 +0530,479484,23.9,19.3,34.08,34.64
2021-11-06 15:50:00 +0530,479485,20.9,17.8,34.12,34.63
2021-11-06 15:50:30 +0530,479486,16.7,15.2,34.21,34.61
2021-11-06 15:51:00 +0530,479487,21.2,18.7,33.89,34.61
2021-11-06 15:51:30 +0530,479488,22.2,18.5,34.05,34.6
2021-11-06 15:52:00 +0530,479489,20.6,18.5,34.14,34.6
2021-11-06 15:52:30 +0530,479490,20.3,18.2,33.82,34.57
2021-11-06 15:53:00 +0530,479491,20.8,18.8,33.89,34.56
2021-11-06 15:53:30 +0530,479492,21.8,19.8,33.89,34.54
2021-11-06 15:54:00 +0530,479493,20.7,18.5,34.14,34.52
2021-11-06 15:54:30 +0530,479494,17.1,15.3,33.77,34.49
2021-11-06 15:55:00 +0530,479495,20.5,18.2,33.66,34.48
2021-11-06 15:55:30 +0530,479496,21.4,19.3,33.76,34.46
2021-11-06 15:56:00 +0530,479497,17.5,15.6,34.0,34.42
2021-11-06 15:56:30 +0530,479498,20.3,18.3,33.84,34.44
2021-11-06 15:57:00 +0530,479499,20.2,18.4,34.0,34.42
2021-11-06 15:57:30 +0530,479500,20.9,18.3,33.96,34.42
2021-11-06 15:58:00 +0530,479501,24.0,21.4,34.0,34.41
2021-11-06 15:58:30 +0530,479502,20.1,18.2,33.76,34.41
2021-11-06 15:59:00 +0530,479503,20.7,18.7,33.76,34.4
2021-11-06 15:59:30 +0530,479504,24.1,19.1,33.84,34.39
2021-11-06 16:00:00 +0530,479505,19.9,18.1,33.84,34.39
2021-11-06 16:00:30 +0530,479506,24.6,20.3,33.79,34.39
2021-11-06 16:01:00 +0530,479507,38.2,23.0,33.88,34.39
2021-11-06 16:01:30 +0530,479508,22.0,19.6,33.96,34.39
2021-11-06 16:02:00 +0530,479509,22.0,19.2,34.0,34.41
2021-11-06 16:02:30 +0530,479510,41.0,36.8,34.08,34.44
2021-11-06 16:03:00 +0530,479511,34.3,30.9,34.2,34.45
2021-11-06 16:03:30 +0530,479512,24.2,21.9,34.05,34.46
2021-11-06 16:04:00 +0530,479513,21.6,19.4,34.02,34.47
2021-11-06 16:04:30 +0530,479514,24.0,19.5,34.02,34.49
2021-11-06 16:05:00 +0530,479515,30.1,18.6,34.21,34.49
2021-11-06 16:05:30 +0530,479516,24.7,19.6,34.21,34.51
2021-11-06 16:06:00 +0530,479517,19.6,17.6,33.73,34.53
2021-11-06 16:06:30 +0530,479518,22.1,14.0,33.66,34.5
2021-11-06 16:07:00 +0530,479519,15.5,14.3,33.56,34.46
2021-11-06 16:07:30 +0530,479520,23.7,19.2,33.56,34.41
2021-11-06 16:08:00 +0530,479521,22.0,18.3,33.47,34.36
2021-11-06 16:08:30 +0530,479522,26.5,16.7,33.72,34.31
2021-11-06 16:09:00 +0530,479523,26.1,19.1,33.74,34.27
2021-11-06 16:09:30 +0530,479524,23.4,18.2,33.62,34.25
2021-11-06 16:10:00 +0530,479525,35.9,20.2,33.7,34.21
2021-11-06 16:10:30 +0530,479526,25.9,19.7,33.94,34.2
2021-11-06 16:11:00 +0530,479527,31.7,19.8,34.06,34.19
2021-11-06 16:11:30 +0530,479528,20.4,18.1,34.02,34.19
2021-11-06 16:12:00 +0530,479529,22.9,18.7,34.15,34.18
2021-11-06 16:12:30 +0530,479530,22.4,19.0,34.22,34.19
2021-11-06 16:13:00 +0530,479531,20.1,18.1,33.99,34.19
2021-11-06 16:13:30 +0530,479532,19.5,17.4,33.86,34.19
2021-11-06 16:14:00 +0530,479533,16.0,14.3,33.82,34.12
2021-11-06 16:14:30 +0530,479534,18.4,16.8,33.66,34.12
2021-11-06 16:15:00 +0530,479535,18.7,15.3,33.84,34.09
2021-11-06 16:15:30 +0530,479536,22.0,17.1,34.08,34.07
2021-11-06 16:16:00 +0530,479537,20.5,18.4,34.12,34.08
2021-11-06 16:16:30 +0530,479538,22.2,18.2,34.12,34.1
2021-11-06 16:17:00 +0530,479539,19.5,17.4,34.06,34.11
2021-11-06 16:17:30 +0530,479540,20.2,18.2,33.86,34.14
2021-11-06 16:18:00 +0530,479541,20.2,18.2,33.86,34.14
2021-11-06 16:18:30 +0530,479542,20.6,16.8,33.84,34.04
2021-11-06 16:19:00 +0530,479543,22.5,18.7,33.84,34.03
2021-11-06 16:19:30 +0530,479544,18.3,15.7,34.16,34.04
2021-11-06 16:20:00 +0530,479545,20.1,18.0,34.25,34.06
2021-11-06 16:20:30 +0530,479546,19.8,17.8,34.16,34.07
2021-11-06 16:21:00 +0530,479547,21.7,18.2,34.25,34.08
2021-11-06 16:21:30 +0530,479548,23.5,18.8,34.12,34.08
2021-11-06 16:22:00 +0530,479549,19.9,18.2,34.0,34.09
2021-11-06 16:22:30 +0530,479550,20.0,17.9,34.08,34.09
2021-11-06 16:23:00 +0530,479551,20.4,18.3,34.21,34.1
2021-11-06 16:23:30 +0530,479552,21.0,18.8,34.1,34.1
2021-11-06 16:24:00 +0530,479553,22.3,18.8,34.21,34.11
2021-11-06 16:24:30 +0530,479554,29.5,20.6,34.47,34.12
2021-11-06 16:25:00 +0530,479555,19.8,15.4,34.33,34.11
2021-11-06 16:25:30 +0530,479556,23.3,18.7,34.05,34.11
2021-11-06 16:26:00 +0530,479557,19.2,17.7,33.7,34.11
2021-11-06 16:26:30 +0530,479558,21.4,18.3,33.84,34.1
2021-11-06 16:27:00 +0530,479559,20.9,18.8,33.92,34.08
2021-11-06 16:27:30 +0530,479560,17.2,15.6,34.12,34.05
2021-11-06 16:28:00 +0530,479561,20.9,18.7,34.05,34.06
2021-11-06 16:28:30 +0530,479562,23.9,19.2,34.0,34.03
2021-11-06 16:29:00 +0530,479563,27.9,20.6,34.12,34.02
2021-11-06 16:29:30 +0530,479564,34.7,20.1,34.16,34.03
2021-11-06 16:30:00 +0530,479565,30.0,20.1,34.28,34.04
2021-11-06 16:30:30 +0530,479566,34.1,20.3,34.37,34.05
2021-11-06 16:31:00 +0530,479567,30.5,20.7,34.41,34.08
2021-11-06 16:31:30 +0530,479568,30.0,20.1,34.41,34.1
2021-11-06 16:32:00 +0530,479569,25.4,19.7,34.28,34.11
2021-11-06 16:32:30 +0530,479570,22.4,18.3,34.59,34.16
2021-11-06 16:33:00 +0530,479571,19.4,15.9,34.79,34.12
2021-11-06 16:33:30 +0530,479572,24.3,18.7,34.75,34.14
2021-11-06 16:34:00 +0530,479573,25.4,19.7,34.79,34.14
2021-11-06 16:34:30 +0530,479574,22.0,19.4,34.82,34.12
2021-11-06 16:35:00 +0530,479575,20.9,18.7,34.92,34.11
2021-11-06 16:35:30 +0530,479576,25.6,23.1,34.99,34.1
2021-11-06 16:36:00 +0530,479577,21.7,19.4,34.95,34.06
2021-11-06 16:36:30 +0530,479578,23.6,20.8,35.05,34.03
2021-11-06 16:37:00 +0530,479579,26.2,20.7,35.19,34.0
2021-11-06 16:37:30 +0530,479580,21.4,19.1,35.26,33.96
2021-11-06 16:38:00 +0530,479581,21.5,18.9,35.33,33.93
2021-11-06 16:38:30 +0530,479582,21.4,19.2,35.04,33.9
2021-11-06 16:39:00 +0530,479583,19.7,17.8,35.31,33.88
2021-11-06 16:39:30 +0530,479584,21.6,18.8,35.24,33.85
2021-11-06 16:40:00 +0530,479585,21.5,19.2,35.31,33.83
2021-11-06 16:40:30 +0530,479586,22.4,19.2,35.37,33.82
2021-11-06 16:41:00 +0530,479587,24.2,19.4,35.44,33.82
2021-11-06 16:41:30 +0530,479588,20.8,18.6,35.24,33.82
2021-11-06 16:42:00 +0530,479589,22.6,18.4,35.04,33.79
2021-11-06 16:42:30 +0530,479590,26.6,21.1,35.18,33.76
2021-11-06 16:43:00 +0530,479591,30.0,20.9,35.29,33.76
2021-11-06 16:43:30 +0530,479592,34.1,21.3,35.31,33.76
2021-11-06 16:44:00 +0530,479593,24.5,20.3,35.21,33.77
2021-11-06 16:44:30 +0530,479594,22.0,19.7,34.97,33.78
2021-11-06 16:45:00 +0530,479595,20.5,18.4,34.9,33.78
2021-11-06 16:45:30 +0530,479596,21.4,19.3,34.93,33.79
2021-11-06 16:46:01 +0530,479597,21.4,19.3,34.93,33.79
2021-11-06 16:46:30 +0530,479598,19.5,16.4,35.18,33.72
2021-11-06 16:47:00 +0530,479599,29.0,21.5,35.29,33.76
2021-11-06 16:47:30 +0530,479600,23.2,19.8,35.22,33.76
2021-11-06 16:48:00 +0530,479601,27.5,22.1,35.07,33.79
2021-11-06 16:48:30 +0530,479602,26.0,20.7,34.63,33.8
2021-11-06 16:49:00 +0530,479603,22.4,17.7,34.65,33.78
2021-11-06 16:49:30 +0530,479604,32.7,20.4,34.27,33.79
2021-11-06 16:50:00 +0530,479605,27.3,22.1,34.55,33.79
2021-11-06 16:50:30 +0530,479606,25.3,21.8,34.67,33.8
2021-11-06 16:51:00 +0530,479607,27.0,21.1,34.59,33.81
2021-11-06 16:51:30 +0530,479608,33.2,21.2,34.67,33.83
2021-11-06 16:52:00 +0530,479609,26.8,20.5,34.79,33.83
2021-11-06 16:52:30 +0530,479610,30.6,21.1,34.67,33.86
2021-11-06 16:53:00 +0530,479611,32.4,21.9,34.47,33.86
2021-11-06 16:53:30 +0530,479612,28.7,17.4,34.43,33.85
2021-11-06 16:54:00 +0530,479613,27.6,20.9,34.27,33.82
2021-11-06 16:54:30 +0530,479614,24.2,19.7,34.35,33.81
2021-11-06 16:55:00 +0530,479615,27.7,20.6,34.43,33.78
2021-11-06 16:55:30 +0530,479616,19.2,17.3,34.65,33.76
2021-11-06 16:56:00 +0530,479617,22.1,19.8,34.7,33.75
2021-11-06 16:56:30 +0530,479618,20.8,18.8,34.77,33.74
2021-11-06 16:57:00 +0530,479619,22.0,19.2,34.85,33.73
2021-11-06 16:57:30 +0530,479620,21.1,18.9,34.95,33.73
2021-11-06 16:58:00 +0530,479621,23.9,21.6,34.85,33.73
2021-11-06 16:58:30 +0530,479622,23.3,19.6,34.88,33.73
2021-11-06 16:59:00 +0530,479623,19.2,16.4,34.99,33.7
2021-11-06 16:59:30 +0530,479624,22.2,19.5,35.05,33.7
2021-11-06 17:00:00 +0530,479625,24.4,19.4,35.05,33.7
2021-11-06 17:00:30 +0530,479626,24.5,19.2,35.11,33.71
2021-11-06 17:01:00 +0530,479627,21.6,18.9,35.05,33.71
2021-11-06 17:01:30 +0530,479628,25.1,16.3,35.18,33.67
2021-11-06 17:02:00 +0530,479629,23.0,19.0,35.15,33.66
2021-11-06 17:02:30 +0530,479630,25.4,20.1,35.22,33.66
2021-11-06 17:03:00 +0530,479631,28.5,20.2,35.29,33.65
2021-11-06 17:03:30 +0530,479632,21.4,15.7,35.36,33.62
2021-11-06 17:04:00 +0530,479633,27.7,19.7,35.39,33.62
2021-11-06 17:04:30 +0530,479634,36.6,21.3,35.43,33.62
2021-11-06 17:05:00 +0530,479635,24.5,19.8,35.5,33.62
2021-11-06 17:05:30 +0530,479636,23.0,19.4,35.5,33.62
2021-11-06 17:06:00 +0530,479637,24.1,18.9,35.43,33.62
2021-11-06 17:06:30 +0530,479638,28.8,18.9,35.25,33.63
2021-11-06 17:07:00 +0530,479639,22.7,18.5,34.99,33.62
2021-11-06 17:07:30 +0530,479640,20.3,15.2,34.96,33.58
2021-11-06 17:08:00 +0530,479641,20.6,18.2,34.51,33.57
2021-11-06 17:08:30 +0530,479642,23.8,18.7,34.63,33.52
2021-11-06 17:09:00 +0530,479643,26.9,20.1,34.86,33.49
2021-11-06 17:09:30 +0530,479644,35.4,20.8,35.03,33.48
2021-11-06 17:10:00 +0530,479645,34.2,20.4,35.1,33.46
2021-11-06 17:10:30 +0530,479646,22.1,19.6,34.9,33.46
2021-11-06 17:11:00 +0530,479647,19.2,15.8,34.81,33.43
2021-11-06 17:11:30 +0530,479648,20.7,18.6,34.62,33.42
2021-11-06 17:12:00 +0530,479649,23.7,18.7,34.73,33.4
2021-11-06 17:12:30 +0530,479650,23.8,18.9,34.92,33.37
2021-11-06 17:13:00 +0530,479651,29.3,19.9,34.95,33.37
2021-11-06 17:13:30 +0530,479652,27.1,20.7,35.11,33.35
2021-11-06 17:14:00 +0530,479653,23.7,19.7,35.11,33.35
2021-11-06 17:14:30 +0530,479654,27.4,20.8,35.18,33.35
2021-11-06 17:15:00 +0530,479655,22.6,20.1,35.18,33.35
2021-11-06 17:15:30 +0530,479656,23.2,18.9,35.11,33.35
2021-11-06 17:16:00 +0530,479657,31.7,19.4,35.21,33.35
2021-11-06 17:16:30 +0530,479658,34.2,20.5,35.25,33.34
2021-11-06 17:17:00 +0530,479659,29.7,19.8,35.25,33.34
2021-11-06 17:17:30 +0530,479660,29.3,21.6,35.32,33.33
2021-11-06 17:18:00 +0530,479661,26.6,20.6,35.15,33.34
2021-11-06 17:18:30 +0530,479662,21.6,19.4,34.78,33.33
2021-11-06 17:19:00 +0530,479663,23.2,19.9,34.81,33.32
2021-11-06 17:19:30 +0530,479664,29.4,21.2,35.08,33.31
2021-11-06 17:20:00 +0530,479665,27.2,18.4,35.21,33.29
2021-11-06 17:20:30 +0530,479666,23.5,16.8,35.15,33.26
2021-11-06 17:21:00 +0530,479667,29.4,21.2,35.11,33.27
2021-11-06 17:21:30 +0530,479668,30.0,21.7,35.11,33.26
2021-11-06 17:22:00 +0530,479669,26.4,21.8,35.21,33.26
2021-11-06 17:22:30 +0530,479670,133.1,37.8,35.15,33.26
2021-11-06 17:23:00 +0530,479671,76.0,28.8,35.18,33.26
2021-11-06 17:23:30 +0530,479672,39.4,23.4,35.18,33.27
2021-11-06 17:24:00 +0530,479673,30.9,21.8,35.21,33.26
2021-11-06 17:24:30 +0530,479674,25.7,19.1,35.13,33.23
2021-11-06 17:25:00 +0530,479675,22.7,19.7,35.1,33.21
2021-11-06 17:25:30 +0530,479676,30.9,23.8,35.0,33.21
2021-11-06 17:26:00 +0530,479677,31.6,23.5,35.0,33.21
2021-11-06 17:26:30 +0530,479678,34.2,23.5,34.96,33.2
2021-11-06 17:27:00 +0530,479679,28.5,22.6,34.93,33.2
2021-11-06 17:27:30 +0530,479680,44.9,20.4,35.1,33.18
2021-11-06 17:28:00 +0530,479681,33.4,23.4,34.93,33.17
2021-11-06 17:28:30 +0530,479682,34.2,23.7,34.89,33.19
2021-11-06 17:29:00 +0530,479683,36.0,22.2,34.93,33.18
2021-11-06 17:29:30 +0530,479684,36.0,23.8,34.76,33.18
2021-11-06 17:30:00 +0530,479685,36.9,24.0,34.86,33.18
2021-11-06 17:30:30 +0530,479686,33.9,19.4,34.79,33.15
2021-11-06 17:31:00 +0530,479687,30.9,22.8,34.52,33.14
2021-11-06 17:31:30 +0530,479688,39.5,24.7,34.56,33.14
2021-11-06 17:32:00 +0530,479689,42.0,23.3,34.4,33.11
2021-11-06 17:32:30 +0530,479690,36.4,24.1,34.4,33.09
2021-11-06 17:33:00 +0530,479691,35.6,22.8,34.3,33.07
2021-11-06 17:33:30 +0530,479692,29.7,22.9,34.5,33.06
2021-11-06 17:34:00 +0530,479693,35.4,24.2,34.46,33.05
2021-11-06 17:34:30 +0530,479694,32.2,23.8,34.58,33.05
2021-11-06 17:35:00 +0530,479695,25.4,21.6,34.5,33.04
2021-11-06 17:35:30 +0530,479696,21.0,18.8,34.5,33.01
2021-11-06 17:36:00 +0530,479697,30.7,23.3,34.46,33.01
2021-11-06 17:36:30 +0530,479698,29.0,22.7,34.54,33.01
2021-11-06 17:37:00 +0530,479699,35.0,23.8,34.66,33.01
2021-11-06 17:37:30 +0530,479700,33.1,23.9,34.3,33.01
2021-11-06 17:38:00 +0530,479701,22.7,20.3,33.89,32.98
2021-11-06 17:38:30 +0530,479702,28.1,21.8,33.89,32.94
2021-11-06 17:39:00 +0530,479703,30.3,22.7,34.04,32.89
2021-11-06 17:39:30 +0530,479704,30.9,22.1,34.12,32.87
2021-11-06 17:40:00 +0530,479705,26.1,22.6,34.08,32.85
2021-11-06 17:40:30 +0530,479706,31.7,22.3,34.16,32.81
2021-11-06 17:41:00 +0530,479707,30.0,23.8,34.32,32.77
2021-11-06 17:41:30 +0530,479708,30.8,24.0,34.28,32.75
2021-11-06 17:42:00 +0530,479709,32.7,24.2,34.42,32.73
2021-11-06 17:42:30 +0530,479710,32.5,23.3,34.5,32.73
2021-11-06 17:43:00 +0530,479711,32.2,23.8,34.5,32.72
2021-11-06 17:43:30 +0530,479712,32.2,23.8,34.5,32.72
2021-11-06 17:44:00 +0530,479713,28.0,21.9,34.66,32.58
2021-11-06 17:44:30 +0530,479714,39.0,28.2,34.87,32.59
2021-11-06 17:45:00 +0530,479715,31.4,25.6,34.87,32.6
2021-11-06 17:45:30 +0530,479716,19.5,17.4,34.7,32.59
2021-11-06 17:46:00 +0530,479717,26.6,21.7,34.63,32.6
2021-11-06 17:46:30 +0530,479718,28.6,17.7,34.63,32.58
2021-11-06 17:47:00 +0530,479719,20.4,18.3,34.61,32.54
2021-11-06 17:47:30 +0530,479720,31.3,22.5,34.69,32.54
2021-11-06 17:48:00 +0530,479721,31.0,22.3,34.79,32.54
2021-11-06 17:48:30 +0530,479722,26.7,22.8,34.86,32.54
2021-11-06 17:49:00 +0530,479723,25.5,22.7,34.76,32.55
2021-11-06 17:49:30 +0530,479724,35.5,23.2,34.73,32.55
2021-11-06 17:50:00 +0530,479725,26.0,21.9,34.65,32.54
2021-11-06 17:50:30 +0530,479726,29.2,23.7,34.76,32.53
2021-11-06 17:51:00 +0530,479727,28.2,23.3,34.86,32.52
2021-11-06 17:51:30 +0530,479728,36.0,25.7,34.89,32.52
2021-11-06 17:52:00 +0530,479729,34.5,25.7,34.92,32.52
2021-11-06 17:52:30 +0530,479730,34.4,24.2,34.92,32.52
2021-11-06 17:53:00 +0530,479731,28.7,23.1,34.99,32.5
2021-11-06 17:53:30 +0530,479732,30.1,23.9,34.99,32.49
2021-11-06 17:54:00 +0530,479733,31.9,23.8,34.99,32.48
2021-11-06 17:54:30 +0530,479734,27.4,22.6,34.92,32.47
2021-11-06 17:55:00 +0530,479735,28.7,24.5,35.1,32.44
2021-11-06 17:55:30 +0530,479736,31.2,21.6,35.34,32.41
2021-11-06 17:56:00 +0530,479737,34.3,25.1,35.31,32.41
2021-11-06 17:56:30 +0530,479738,38.8,25.3,35.38,32.41
2021-11-06 17:57:00 +0530,479739,36.5,25.2,35.3,32.41
2021-11-06 17:57:30 +0530,479740,23.4,20.8,35.38,32.41
2021-11-06 17:58:00 +0530,479741,37.2,29.7,35.45,32.41
2021-11-06 17:58:30 +0530,479742,39.5,27.4,35.57,32.41
2021-11-06 17:59:00 +0530,479743,37.9,27.1,35.64,32.42
2021-11-06 17:59:30 +0530,479744,39.3,27.6,35.53,32.43
2021-11-06 18:00:00 +0530,479745,49.7,30.6,35.44,32.45
2021-11-06 18:00:30 +0530,479746,44.7,30.6,35.6,32.43
2021-11-06 18:01:00 +0530,479747,46.9,30.9,35.53,32.43
2021-11-06 18:01:30 +0530,479748,51.8,36.7,35.53,32.44
2021-11-06 18:02:00 +0530,479749,56.8,31.3,35.6,32.45
2021-11-06 18:02:30 +0530,479750,35.5,26.7,35.77,32.42
2021-11-06 18:03:00 +0530,479751,37.8,25.8,35.53,32.42
2021-11-06 18:03:30 +0530,479752,39.9,28.6,35.51,32.41
2021-11-06 18:04:00 +0530,479753,45.3,24.4,35.65,32.39
2021-11-06 18:04:30 +0530,479754,34.6,26.0,35.51,32.38
2021-11-06 18:05:00 +0530,479755,41.1,28.4,35.65,32.35
2021-11-06 18:05:30 +0530,479756,36.3,26.3,35.62,32.34
2021-11-06 18:06:00 +0530,479757,33.1,26.9,35.65,32.32
2021-11-06 18:06:30 +0530,479758,36.1,28.2,35.76,32.29
2021-11-06 18:07:00 +0530,479759,44.0,30.1,35.92,32.28
2021-11-06 18:07:30 +0530,479760,45.8,29.9,35.99,32.27
2021-11-06 18:08:00 +0530,479761,39.9,30.9,36.12,32.26
2021-11-06 18:08:30 +0530,479762,41.7,33.4,36.12,32.26
2021-11-06 18:09:00 +0530,479763,40.1,29.1,36.05,32.26
2021-11-06 18:09:30 +0530,479764,49.1,30.7,36.16,32.26
2021-11-06 18:10:00 +0530,479765,36.5,28.4,36.19,32.25
2021-11-06 18:10:30 +0530,479766,40.9,26.4,36.09,32.24
2021-11-06 18:11:00 +0530,479767,39.5,27.8,36.18,32.22
2021-11-06 18:11:30 +0530,479768,43.0,28.8,36.14,32.2
2021-11-06 18:12:00 +0530,479769,39.0,26.8,36.14,32.19
2021-11-06 18:12:30 +0530,479770,29.2,24.3,36.31,32.16
2021-11-06 18:13:00 +0530,479771,39.0,28.9,36.44,32.16
2021-11-06 18:13:30 +0530,479772,42.3,28.3,36.34,32.16
2021-11-06 18:14:00 +0530,479773,34.8,27.8,36.34,32.16
2021-11-06 18:14:30 +0530,479774,36.2,27.8,36.41,32.16
2021-11-06 18:15:00 +0530,479775,39.6,24.4,36.48,32.13
2021-11-06 18:15:30 +0530,479776,38.0,27.2,36.51,32.12
2021-11-06 18:16:00 +0530,479777,36.2,26.1,36.44,32.11
2021-11-06 18:16:30 +0530,479778,38.8,27.2,36.58,32.09
2021-11-06 18:17:00 +0530,479779,42.9,28.3,36.62,32.08
2021-11-06 18:17:30 +0530,479780,37.1,28.3,36.59,32.07
2021-11-06 18:18:00 +0530,479781,35.9,26.7,36.73,32.04
2021-11-06 18:18:30 +0530,479782,36.9,27.4,36.76,32.04
2021-11-06 18:19:00 +0530,479783,39.8,28.2,36.9,32.03
2021-11-06 18:19:30 +0530,479784,38.8,27.1,36.86,32.03
2021-11-06 18:20:00 +0530,479785,42.9,27.6,36.83,32.02
2021-11-06 18:20:30 +0530,479786,28.1,23.2,36.9,31.99
2021-11-06 18:21:00 +0530,479787,38.6,27.3,36.8,31.99
2021-11-06 18:21:30 +0530,479788,32.5,25.3,36.76,31.98
2021-11-06 18:22:00 +0530,479789,30.9,26.7,36.86,31.95
2021-11-06 18:22:30 +0530,479790,36.6,26.6,36.93,31.93
2021-11-06 18:23:00 +0530,479791,41.0,28.3,37.0,31.9
2021-11-06 18:23:30 +0530,479792,35.7,27.7,37.03,31.89
2021-11-06 18:24:00 +0530,479793,30.6,21.7,37.11,31.86
2021-11-06 18:24:30 +0530,479794,25.7,22.2,37.18,31.84
2021-11-06 18:25:00 +0530,479795,35.5,27.2,37.18,31.85
2021-11-06 18:25:30 +0530,479796,30.1,26.7,37.15,31.86
2021-11-06 18:26:00 +0530,479797,35.3,26.9,37.15,31.85
2021-11-06 18:26:30 +0530,479798,38.1,27.8,37.22,31.85
2021-11-06 18:27:00 +0530,479799,33.6,27.3,37.18,31.85
2021-11-06 18:27:30 +0530,479800,32.8,23.8,37.29,31.82
2021-11-06 18:28:00 +0530,479801,37.4,24.1,37.32,31.82
2021-11-06 18:28:30 +0530,479802,32.9,26.4,37.25,31.82
2021-11-06 18:29:00 +0530,479803,36.8,26.6,37.18,31.82
2021-11-06 18:29:30 +0530,479804,34.2,27.2,37.25,31.82
2021-11-06 18:30:00 +0530,479805,37.9,27.4,37.32,31.82
2021-11-06 18:30:30 +0530,479806,35.5,23.8,37.32,31.78
2021-11-06 18:31:00 +0530,479807,34.6,27.7,37.39,31.74
2021-11-06 18:31:30 +0530,479808,37.2,26.8,37.46,31.73
2021-11-06 18:32:00 +0530,479809,35.2,27.4,37.46,31.72
2021-11-06 18:32:30 +0530,479810,33.7,26.8,37.46,31.72
2021-11-06 18:33:00 +0530,479811,31.0,26.2,37.39,31.72
2021-11-06 18:33:30 +0530,479812,37.3,27.9,37.43,31.72
2021-11-06 18:34:00 +0530,479813,48.3,29.0,37.37,31.72
2021-11-06 18:34:30 +0530,479814,40.3,28.0,37.37,31.71
2021-11-06 18:35:00 +0530,479815,50.6,31.4,37.4,31.69
2021-11-06 18:35:30 +0530,479816,32.6,28.2,37.43,31.66
2021-11-06 18:36:00 +0530,479817,40.3,30.9,37.33,31.68
2021-11-06 18:36:30 +0530,479818,34.9,28.5,37.27,31.67
2021-11-06 18:37:00 +0530,479819,42.4,29.2,37.2,31.67
2021-11-06 18:37:30 +0530,479820,37.5,28.3,37.2,31.67
2021-11-06 18:38:00 +0530,479821,50.8,32.0,37.33,31.66
2021-11-06 18:38:30 +0530,479822,40.4,24.7,37.37,31.64
2021-11-06 18:39:00 +0530,479823,38.9,29.6,37.33,31.65
2021-11-06 18:39:30 +0530,479824,45.3,30.0,37.4,31.67
2021-11-06 18:40:00 +0530,479825,40.1,29.3,37.4,31.66
2021-11-06 18:40:30 +0530,479826,31.5,26.3,37.69,31.52
2021-11-06 18:41:00 +0530,479827,28.1,25.0,37.62,31.52
2021-11-06 18:41:30 +0530,479828,35.0,30.4,37.6,31.55
2021-11-06 18:42:00 +0530,479829,44.6,27.4,37.64,31.55
2021-11-06 18:42:30 +0530,479830,44.0,31.3,37.53,31.58
2021-11-06 18:43:00 +0530,479831,42.0,31.4,37.53,31.58
2021-11-06 18:43:30 +0530,479832,57.7,34.3,37.85,31.42
2021-11-06 18:44:00 +0530,479833,51.5,37.7,37.95,31.46
2021-11-06 18:44:30 +0530,479834,46.2,34.4,37.69,31.52
2021-11-06 18:45:00 +0530,479835,44.4,32.2,37.5,31.55
2021-11-06 18:45:30 +0530,479836,46.7,32.9,37.5,31.58
2021-11-06 18:46:00 +0530,479837,45.0,32.6,37.43,31.59
2021-11-06 18:46:30 +0530,479838,45.3,33.2,37.46,31.59
2021-11-06 18:47:00 +0530,479839,41.0,31.3,37.37,31.6
2021-11-06 18:47:30 +0530,479840,45.3,31.3,37.33,31.6
2021-11-06 18:48:00 +0530,479841,45.1,33.8,37.53,31.6
2021-11-06 18:48:30 +0530,479842,45.0,32.1,37.6,31.6
2021-11-06 18:49:00 +0530,479843,40.9,29.8,37.27,31.6
2021-11-06 18:49:30 +0530,479844,41.7,31.4,37.33,31.59
2021-11-06 18:50:00 +0530,479845,36.7,27.5,37.43,31.56
2021-11-06 18:50:30 +0530,479846,38.0,30.7,37.4,31.56
2021-11-06 18:51:00 +0530,479847,45.1,32.2,37.4,31.57
2021-11-06 18:51:30 +0530,479848,48.8,36.6,37.46,31.56
2021-11-06 18:52:00 +0530,479849,45.0,30.5,37.33,31.57
2021-11-06 18:52:30 +0530,479850,79.5,46.8,37.43,31.56
2021-11-06 18:53:00 +0530,479851,149.1,82.8,37.53,31.57
2021-11-06 18:53:30 +0530,479852,46.9,33.5,37.37,31.57
2021-11-06 18:54:01 +0530,479853,63.6,39.0,37.43,31.55
2021-11-06 18:54:30 +0530,479854,55.2,34.9,37.53,31.55
2021-11-06 18:55:00 +0530,479855,48.2,32.2,37.59,31.54
2021-11-06 18:56:00 +0530,479857,41.0,28.2,37.62,31.53
2021-11-06 18:56:30 +0530,479858,42.0,27.7,37.66,31.54
2021-11-06 18:57:00 +0530,479859,51.4,35.4,37.67,31.56
2021-11-06 18:57:30 +0530,479856,37.4,29.3,37.69,31.52
2021-11-06 18:58:00 +0530,479860,38.9,29.5,37.75,31.54
2021-11-06 18:58:30 +0530,479861,40.2,30.2,37.92,31.43
2021-11-06 18:59:00 +0530,479862,41.4,34.0,37.85,31.46
2021-11-06 18:59:30 +0530,479863,47.4,34.3,37.75,31.5
2021-11-06 19:00:00 +0530,479864,52.5,34.1,37.79,31.52
2021-11-06 19:00:30 +0530,479865,45.2,32.5,37.69,31.54
2021-11-06 19:01:00 +0530,479866,41.9,28.2,37.72,31.52
2021-11-06 19:01:30 +0530,479867,40.8,31.5,37.69,31.53
2021-11-06 19:02:00 +0530,479868,42.4,31.3,37.79,31.52
2021-11-06 19:02:30 +0530,479869,40.2,30.7,37.79,31.52
2021-11-06 19:03:00 +0530,479870,44.0,30.6,37.75,31.5
2021-11-06 19:03:30 +0530,479871,44.1,31.8,37.82,31.5
2021-11-06 19:04:00 +0530,479872,49.2,33.7,37.85,31.49
2021-11-06 19:04:30 +0530,479873,43.3,31.8,37.85,31.49
2021-11-06 19:05:00 +0530,479874,46.9,27.0,37.92,31.46
2021-11-06 19:05:30 +0530,479875,46.5,28.8,37.92,31.46
2021-11-06 19:06:00 +0530,479876,48.5,29.7,38.24,31.33
2021-11-06 19:06:30 +0530,479877,53.2,35.3,38.2,31.36
2021-11-06 19:07:00 +0530,479878,49.4,36.1,38.23,31.4
2021-11-06 19:07:30 +0530,479879,51.7,34.4,38.19,31.41
2021-11-06 19:08:00 +0530,479880,46.3,31.9,38.23,31.43
2021-11-06 19:08:30 +0530,479881,36.0,26.5,38.26,31.41
2021-11-06 19:09:00 +0530,479882,46.7,31.9,38.23,31.42
2021-11-06 19:09:30 +0530,479883,46.9,31.9,38.3,31.41
2021-11-06 19:10:00 +0530,479884,47.3,32.4,38.33,31.42
2021-11-06 19:10:30 +0530,479885,54.0,34.1,38.36,31.41
2021-11-06 19:11:00 +0530,479886,43.3,32.6,38.4,31.41
2021-11-06 19:11:30 +0530,479887,47.2,34.4,38.43,31.4
2021-11-06 19:12:00 +0530,479888,35.4,26.8,38.48,31.37
2021-11-06 19:12:30 +0530,479889,41.4,32.1,38.48,31.36
2021-11-06 19:13:00 +0530,479890,44.8,30.8,38.54,31.36
2021-11-06 19:13:30 +0530,479891,44.0,31.3,38.58,31.37
2021-11-06 19:14:00 +0530,479892,43.9,31.6,38.58,31.37
2021-11-06 19:14:30 +0530,479893,48.6,33.1,38.78,31.37
2021-11-06 19:15:00 +0530,479894,49.7,32.9,38.84,31.38
2021-11-06 19:15:30 +0530,479895,42.4,28.7,38.78,31.36
2021-11-06 19:16:00 +0530,479896,44.1,31.9,38.78,31.35
2021-11-06 19:16:30 +0530,479897,44.8,32.4,38.78,31.36
2021-11-06 19:17:00 +0530,479898,41.6,32.2,38.78,31.36
2021-11-06 19:18:00 +0530,479899,46.8,30.5,39.23,31.12
2021-11-06 19:18:30 +0530,479900,41.7,29.3,39.2,31.11
2021-11-06 19:19:00 +0530,479901,51.0,30.3,39.27,31.13
2021-11-06 19:19:30 +0530,479902,42.2,31.7,39.2,31.16
2021-11-06 19:20:00 +0530,479903,45.4,31.7,39.2,31.18
2021-11-06 19:20:30 +0530,479904,38.4,32.2,39.23,31.18
2021-11-06 19:21:00 +0530,479905,47.8,33.2,39.33,31.18
2021-11-06 19:21:30 +0530,479906,46.0,34.5,39.4,31.18
2021-11-06 19:22:00 +0530,479907,45.2,34.1,39.33,31.18
2021-11-06 19:22:30 +0530,479908,41.0,29.6,39.43,31.15
2021-11-06 19:23:00 +0530,479909,42.6,33.7,39.47,31.16
2021-11-06 19:23:30 +0530,479910,43.8,33.9,39.46,31.19
2021-11-06 19:24:00 +0530,479911,38.9,32.9,39.37,31.2
2021-11-06 19:24:30 +0530,479912,47.6,34.8,39.43,31.2
2021-11-06 19:25:00 +0530,479913,49.4,33.8,39.47,31.2
2021-11-06 19:25:30 +0530,479914,46.4,34.7,39.52,31.2
2021-11-06 19:26:00 +0530,479915,40.7,32.9,39.56,31.21
2021-11-06 19:26:30 +0530,479916,40.0,33.0,39.59,31.22
2021-11-06 19:27:00 +0530,479917,40.4,33.1,39.59,31.22
2021-11-06 19:27:30 +0530,479918,45.9,29.7,39.75,31.02
2021-11-06 19:28:00 +0530,479919,45.8,34.9,39.78,31.04
2021-11-06 19:28:30 +0530,479920,50.4,35.3,39.78,31.07
2021-11-06 19:29:00 +0530,479921,48.2,35.9,39.88,31.1
2021-11-06 19:29:30 +0530,479922,42.2,33.3,39.84,31.12
2021-11-06 19:30:00 +0530,479923,47.1,33.6,39.78,31.13
2021-11-06 19:30:30 +0530,479924,40.6,32.4,39.74,31.15
2021-11-06 19:31:00 +0530,479925,39.6,34.4,39.78,31.18
2021-11-06 19:31:30 +0530,479926,46.1,33.6,39.81,31.18
2021-11-06 19:32:00 +0530,479927,38.5,32.7,39.84,31.19
2021-11-06 19:32:30 +0530,479928,47.5,30.7,39.91,31.18
2021-11-06 19:33:00 +0530,479929,47.1,34.4,39.81,31.19
2021-11-06 19:33:30 +0530,479930,39.9,32.2,39.86,31.19
2021-11-06 19:34:00 +0530,479931,45.1,33.9,39.93,31.2
2021-11-06 19:34:30 +0530,479932,43.0,35.1,39.93,31.21
2021-11-06 19:35:00 +0530,479933,44.1,34.1,39.86,31.21
2021-11-06 19:35:30 +0530,479934,36.8,32.8,39.83,31.22
2021-11-06 19:36:00 +0530,479935,36.3,32.7,39.86,31.22
2021-11-06 19:36:30 +0530,479936,45.8,33.7,39.86,31.22
2021-11-06 19:37:00 +0530,479937,33.6,30.3,39.91,31.18
2021-11-06 19:37:30 +0530,479938,43.1,33.7,39.97,31.19
2021-11-06 19:38:00 +0530,479939,35.5,29.1,39.97,31.15
2021-11-06 19:38:30 +0530,479940,32.9,29.1,39.97,31.15
2021-11-06 19:39:00 +0530,479941,42.5,35.4,40.11,31.08
2021-11-06 19:39:30 +0530,479942,40.0,33.8,40.04,31.11
2021-11-06 19:40:00 +0530,479943,41.1,36.6,40.14,31.11
2021-11-06 19:40:30 +0530,479944,49.5,34.3,40.14,31.12
2021-11-06 19:41:00 +0530,479945,50.1,34.3,40.24,31.12
2021-11-06 19:41:30 +0530,479946,42.5,33.3,40.24,31.12
2021-11-06 19:42:00 +0530,479947,45.1,34.2,40.24,31.12
2021-11-06 19:42:30 +0530,479948,44.3,34.0,40.31,31.12
2021-11-06 19:43:00 +0530,479949,41.9,33.4,40.24,31.12
2021-11-06 19:43:30 +0530,479950,39.3,33.6,40.31,31.11
2021-11-06 19:44:00 +0530,479951,45.2,36.1,40.28,31.1
2021-11-06 19:44:30 +0530,479952,49.1,42.9,40.35,31.1
2021-11-06 19:45:00 +0530,479953,52.8,47.1,40.45,31.08
2021-11-06 19:45:30 +0530,479954,54.9,44.8,40.52,31.07
2021-11-06 19:46:00 +0530,479955,65.8,59.3,40.42,31.04
2021-11-06 19:46:30 +0530,479956,42.6,37.2,40.46,31.02
2021-11-06 19:47:00 +0530,479957,39.2,35.3,40.66,31.02
2021-11-06 19:47:30 +0530,479958,44.6,39.9,40.66,31.02
2021-11-06 19:48:00 +0530,479959,52.2,39.8,40.76,31.02
2021-11-06 19:48:30 +0530,479960,38.8,34.7,40.76,31.02
2021-11-06 19:49:00 +0530,479961,41.5,35.3,40.69,31.02
2021-11-06 19:49:30 +0530,479962,42.4,33.1,40.76,31.02
2021-11-06 19:50:00 +0530,479963,41.8,33.7,40.76,31.02
2021-11-06 19:50:30 +0530,479964,38.0,31.6,40.87,30.99
2021-11-06 19:51:00 +0530,479965,46.9,35.0,40.93,30.98
2021-11-06 19:51:30 +0530,479966,48.9,40.6,40.87,30.98
2021-11-06 19:52:00 +0530,479967,56.6,40.9,40.9,30.98
2021-11-06 19:52:30 +0530,479968,52.2,38.6,40.9,30.97
2021-11-06 19:53:00 +0530,479969,42.6,35.0,40.9,30.96
2021-11-06 19:53:30 +0530,479970,43.0,35.4,40.93,30.95
2021-11-06 19:54:00 +0530,479971,60.5,38.8,41.07,30.94
2021-11-06 19:54:30 +0530,479972,35.3,30.1,41.3,30.91
2021-11-06 19:55:00 +0530,479973,43.2,34.8,41.2,30.91
2021-11-06 19:55:30 +0530,479974,41.3,36.8,41.1,30.9
2021-11-06 19:56:00 +0530,479975,41.5,34.3,41.04,30.9
2021-11-06 19:56:30 +0530,479976,45.2,33.8,41.04,30.9
2021-11-06 19:57:00 +0530,479977,32.9,29.0,41.1,30.85
2021-11-06 19:57:30 +0530,479978,38.5,34.4,41.1,30.84
2021-11-06 19:58:00 +0530,479979,46.2,37.6,41.13,30.84
2021-11-06 19:58:30 +0530,479980,40.0,33.0,41.08,30.83
2021-11-06 19:59:00 +0530,479981,35.1,29.9,41.18,30.8
2021-11-06 19:59:30 +0530,479982,42.3,34.2,41.08,30.79
2021-11-06 20:00:00 +0530,479983,42.6,36.4,41.08,30.79
2021-11-06 20:00:30 +0530,479984,42.8,37.1,41.28,30.78
2021-11-06 20:01:00 +0530,479985,42.7,35.1,41.32,30.77
2021-11-06 20:01:30 +0530,479986,45.0,32.9,41.39,30.74
2021-11-06 20:02:00 +0530,479987,41.9,35.8,41.39,30.75
2021-11-06 20:02:30 +0530,479988,41.3,35.2,41.52,30.75
2021-11-06 20:03:00 +0530,479989,39.7,34.2,41.42,30.75
2021-11-06 20:03:30 +0530,479990,41.8,37.2,41.45,30.74
2021-11-06 20:04:00 +0530,479991,39.6,35.2,41.22,30.75
2021-11-06 20:04:30 +0530,479992,39.4,35.1,41.22,30.75
2021-11-06 20:05:00 +0530,479993,40.5,33.9,41.42,30.62
2021-11-06 20:05:30 +0530,479994,43.3,37.3,41.36,30.63
2021-11-06 20:06:00 +0530,479995,44.9,38.2,41.36,30.63
2021-11-06 20:06:30 +0530,479996,42.5,36.5,41.39,30.63
2021-11-06 20:07:00 +0530,479997,41.7,37.1,41.46,30.62
2021-11-06 20:07:30 +0530,479998,35.7,31.6,41.53,30.59
2021-11-06 20:08:00 +0530,479999,41.7,37.2,41.49,30.59
2021-11-06 20:08:30 +0530,480000,45.4,38.3,41.53,30.59
2021-11-06 20:09:00 +0530,480001,47.6,38.3,41.59,30.57
2021-11-06 20:09:30 +0530,480002,39.9,34.9,41.66,30.54
2021-11-06 20:10:00 +0530,480003,46.4,40.3,41.63,30.53
2021-11-06 20:10:30 +0530,480004,46.2,39.3,41.77,30.52
2021-11-06 20:11:00 +0530,480005,42.3,34.9,41.91,30.49
2021-11-06 20:11:30 +0530,480006,44.0,39.1,41.94,30.48
2021-11-06 20:12:00 +0530,480007,49.8,39.9,42.11,30.47
2021-11-06 20:12:30 +0530,480008,45.1,40.2,42.15,30.47
2021-11-06 20:13:00 +0530,480009,45.0,40.1,42.18,30.47
2021-11-06 20:13:30 +0530,480010,44.4,39.2,42.29,30.45
2021-11-06 20:14:00 +0530,480011,51.1,40.9,42.55,30.44
2021-11-06 20:14:30 +0530,480012,47.5,34.8,42.58,30.4
2021-11-06 20:15:00 +0530,480013,43.0,37.7,42.42,30.39
2021-11-06 20:15:30 +0530,480014,38.4,34.2,42.52,30.36
2021-11-06 20:16:00 +0530,480015,43.9,38.3,42.53,30.34
2021-11-06 20:16:30 +0530,480016,43.8,37.5,42.56,30.34
2021-11-06 20:17:00 +0530,480017,47.9,39.1,42.63,30.33
2021-11-06 20:17:30 +0530,480018,52.4,41.7,42.73,30.31
2021-11-06 20:18:00 +0530,480019,44.4,39.5,42.8,30.31
2021-11-06 20:18:30 +0530,480020,48.6,39.2,42.9,30.3
2021-11-06 20:19:00 +0530,480021,53.8,39.5,42.97,30.3
2021-11-06 20:19:30 +0530,480022,50.0,38.1,42.93,30.3
2021-11-06 20:20:00 +0530,480023,44.4,37.4,42.9,30.3
2021-11-06 20:20:30 +0530,480024,56.6,38.4,42.9,30.3
2021-11-06 20:21:00 +0530,480025,45.5,38.2,42.93,30.28
2021-11-06 20:21:30 +0530,480026,49.3,37.9,42.97,30.28
2021-11-06 20:22:00 +0530,480027,42.5,37.9,42.93,30.27
2021-11-06 20:22:30 +0530,480028,37.3,33.2,43.0,30.23
2021-11-06 20:23:00 +0530,480029,38.1,33.7,43.17,30.21
2021-11-06 20:23:30 +0530,480030,43.1,38.6,43.13,30.23
2021-11-06 20:24:00 +0530,480031,43.3,38.6,43.1,30.24
2021-11-06 20:24:30 +0530,480032,36.8,32.3,43.1,30.2
2021-11-06 20:25:00 +0530,480033,41.3,36.7,43.1,30.23
2021-11-06 20:25:30 +0530,480034,44.6,37.0,43.03,30.22
2021-11-06 20:26:00 +0530,480035,41.1,36.6,42.93,30.22
2021-11-06 20:26:30 +0530,480036,42.1,37.2,42.93,30.22
2021-11-06 20:27:00 +0530,480037,43.5,36.1,42.93,30.22
2021-11-06 20:27:30 +0530,480038,43.1,36.6,42.87,30.21
2021-11-06 20:28:00 +0530,480039,41.6,37.2,42.93,30.19
2021-11-06 20:28:30 +0530,480040,34.6,31.2,42.9,30.16
2021-11-06 20:29:00 +0530,480041,40.4,36.0,42.91,30.15
2021-11-06 20:29:30 +0530,480042,42.3,36.8,42.98,30.13
2021-11-06 20:30:00 +0530,480043,47.4,37.9,43.15,30.12
2021-11-06 20:30:30 +0530,480044,43.9,35.9,43.05,30.12
2021-11-06 20:31:00 +0530,480045,47.6,38.9,43.15,30.11
2021-11-06 20:31:30 +0530,480046,53.5,41.2,43.32,30.11
2021-11-06 20:32:00 +0530,480047,44.0,39.3,43.25,30.1
2021-11-06 20:32:30 +0530,480048,44.0,39.3,43.25,30.1
2021-11-06 20:33:00 +0530,480049,35.8,32.5,43.66,29.91
2021-11-06 20:33:30 +0530,480050,44.9,40.3,43.46,29.93
2021-11-06 20:34:00 +0530,480051,49.4,38.4,43.46,29.95
2021-11-06 20:34:30 +0530,480052,43.0,34.2,43.63,29.94
2021-11-06 20:35:00 +0530,480053,44.0,37.7,43.49,29.96
2021-11-06 20:35:30 +0530,480054,49.2,33.2,43.46,29.95
2021-11-06 20:36:00 +0530,480055,42.0,37.4,43.46,29.96
2021-11-06 20:36:30 +0530,480056,44.5,39.7,43.49,29.98
2021-11-06 20:37:00 +0530,480057,39.9,35.8,43.29,30.0
2021-11-06 20:37:30 +0530,480058,39.4,35.3,43.19,29.98
2021-11-06 20:38:00 +0530,480059,38.4,34.6,43.19,29.96
2021-11-06 20:38:30 +0530,480060,40.5,36.2,43.22,29.96
2021-11-06 20:39:00 +0530,480061,38.9,35.1,43.19,29.95
2021-11-06 20:39:30 +0530,480062,41.4,36.9,43.19,29.94
2021-11-06 20:40:00 +0530,480063,51.1,42.7,43.22,29.93
2021-11-06 20:40:30 +0530,480064,37.6,32.8,43.36,29.9
2021-11-06 20:41:00 +0530,480065,41.8,37.6,43.36,29.9
2021-11-06 20:41:30 +0530,480066,43.7,39.3,43.43,29.89
2021-11-06 20:42:00 +0530,480067,40.9,36.6,43.43,29.9
2021-11-06 20:42:30 +0530,480068,45.2,36.7,43.53,29.9
2021-11-06 20:43:00 +0530,480069,41.8,37.3,43.46,29.9
2021-11-06 20:43:30 +0530,480070,43.4,38.4,43.43,29.91
2021-11-06 20:44:00 +0530,480071,44.8,40.3,43.39,29.9
2021-11-06 20:44:30 +0530,480072,46.4,40.7,43.39,29.89
2021-11-06 20:45:00 +0530,480073,45.9,41.4,43.46,29.9
2021-11-06 20:45:30 +0530,480074,45.1,40.2,43.46,29.89
2021-11-06 20:46:00 +0530,480075,45.9,41.1,43.49,29.89
2021-11-06 20:46:30 +0530,480076,43.6,39.1,43.39,29.9
2021-11-06 20:47:00 +0530,480077,50.2,44.5,43.29,29.9
2021-11-06 20:47:30 +0530,480078,45.1,40.2,43.43,29.89
2021-11-06 20:48:00 +0530,480079,41.7,37.2,43.39,29.88
2021-11-06 20:48:30 +0530,480080,41.1,37.1,43.43,29.88
2021-11-06 20:49:00 +0530,480081,43.0,38.4,43.43,29.87
2021-11-06 20:49:30 +0530,480082,35.6,31.7,43.49,29.82
2021-11-06 20:50:00 +0530,480083,44.8,37.4,43.49,29.82
2021-11-06 20:50:30 +0530,480084,43.9,37.1,43.54,29.82
2021-11-06 20:51:00 +0530,480085,42.1,37.8,43.61,29.81
2021-11-06 20:51:30 +0530,480086,41.2,37.3,43.61,29.81
2021-11-06 20:52:00 +0530,480087,40.8,36.4,43.58,29.81
2021-11-06 20:52:30 +0530,480088,41.9,37.6,43.61,29.8
2021-11-06 20:53:00 +0530,480089,41.2,37.3,43.67,29.8
2021-11-06 20:53:30 +0530,480090,41.2,37.3,43.67,29.8
2021-11-06 20:54:30 +0530,480091,39.5,35.2,44.13,29.59
2021-11-06 20:55:00 +0530,480092,43.7,39.1,44.13,29.62
2021-11-06 20:55:30 +0530,480093,42.1,37.8,44.13,29.65
2021-11-06 20:56:00 +0530,480094,35.1,31.6,44.19,29.65
2021-11-06 20:56:30 +0530,480095,44.0,39.5,44.18,29.67
2021-11-06 20:57:00 +0530,480096,43.7,39.3,44.11,29.7
2021-11-06 20:57:30 +0530,480097,58.8,48.9,44.11,29.71
2021-11-06 20:58:00 +0530,480098,54.1,49.4,44.15,29.68
2021-11-06 20:58:30 +0530,480099,41.5,37.7,43.94,29.7
2021-11-06 20:59:00 +0530,480100,43.3,38.8,43.97,29.71
2021-11-06 20:59:30 +0530,480101,41.7,37.7,43.97,29.71
2021-11-06 21:00:00 +0530,480102,40.5,36.4,43.97,29.71
2021-11-06 21:00:30 +0530,480103,41.6,37.3,43.97,29.71
2021-11-06 21:01:00 +0530,480104,41.1,36.9,44.01,29.71
2021-11-06 21:01:30 +0530,480105,37.9,34.1,44.15,29.67
2021-11-06 21:02:00 +0530,480106,43.0,38.8,44.11,29.67
2021-11-06 21:02:30 +0530,480107,42.1,34.7,44.16,29.65
2021-11-06 21:03:00 +0530,480108,42.6,38.2,44.16,29.64
2021-11-06 21:03:30 +0530,480109,43.2,38.7,44.16,29.66
2021-11-06 21:04:00 +0530,480110,34.5,31.1,44.19,29.63
2021-11-06 21:04:30 +0530,480111,42.8,38.3,44.19,29.65
2021-11-06 21:05:00 +0530,480112,44.1,38.8,44.25,29.66
2021-11-06 21:05:30 +0530,480113,42.7,38.2,44.29,29.66
2021-11-06 21:06:00 +0530,480114,43.4,38.9,44.25,29.66
2021-11-06 21:06:30 +0530,480115,42.9,38.7,44.29,29.66
2021-11-06 21:07:00 +0530,480116,42.2,38.1,44.29,29.66
2021-11-06 21:07:30 +0530,480117,40.6,37.1,44.21,29.66
2021-11-06 21:08:00 +0530,480118,44.7,39.9,44.22,29.65
2021-11-06 21:08:30 +0530,480119,44.0,39.6,44.32,29.64
2021-11-06 21:09:00 +0530,480120,45.8,41.1,44.42,29.63
2021-11-06 21:09:30 +0530,480121,39.6,35.8,44.52,29.6
2021-11-06 21:10:00 +0530,480122,43.8,39.1,44.52,29.59
2021-11-06 21:10:30 +0530,480123,39.5,35.3,44.59,29.56
2021-11-06 21:11:00 +0530,480124,38.9,34.9,44.66,29.53
2021-11-06 21:11:30 +0530,480125,42.1,37.8,44.63,29.53
2021-11-06 21:12:00 +0530,480126,50.4,45.8,44.66,29.54
2021-11-06 21:12:30 +0530,480127,42.8,38.6,44.66,29.54
2021-11-06 21:13:00 +0530,480128,41.3,36.3,44.8,29.52
2021-11-06 21:13:30 +0530,480129,43.8,39.4,44.8,29.52
2021-11-06 21:14:00 +0530,480130,45.1,40.4,44.8,29.52
2021-11-06 21:14:30 +0530,480131,44.0,39.3,44.8,29.53
2021-11-06 21:15:00 +0530,480132,45.7,40.8,44.8,29.53
2021-11-06 21:15:30 +0530,480133,39.4,35.4,44.93,29.5
2021-11-06 21:16:00 +0530,480134,39.7,33.6,44.99,29.48
2021-11-06 21:16:31 +0530,480135,43.9,39.6,44.96,29.49
2021-11-06 21:17:00 +0530,480136,47.9,40.4,44.99,29.48
2021-11-06 21:17:30 +0530,480137,44.2,39.8,45.06,29.48
2021-11-06 21:18:00 +0530,480138,39.8,35.8,45.11,29.46
2021-11-06 21:18:30 +0530,480139,44.1,39.4,45.07,29.46
2021-11-06 21:19:00 +0530,480140,45.0,40.5,45.14,29.46
2021-11-06 21:19:30 +0530,480141,43.7,39.5,45.14,29.45
2021-11-06 21:20:00 +0530,480142,44.3,39.7,45.18,29.44
2021-11-06 21:20:30 +0530,480143,44.2,39.7,45.24,29.42
2021-11-06 21:21:00 +0530,480144,44.7,40.3,45.28,29.42
2021-11-06 21:21:30 +0530,480145,43.5,39.3,45.28,29.42
2021-11-06 21:22:00 +0530,480146,44.8,40.1,45.28,29.41
2021-11-06 21:22:30 +0530,480147,43.5,39.3,45.24,29.39
2021-11-06 21:23:00 +0530,480148,42.6,38.7,45.34,29.38
2021-11-06 21:23:30 +0530,480149,42.3,38.4,45.34,29.37
2021-11-06 21:24:00 +0530,480150,43.3,39.2,45.45,29.37
2021-11-06 21:24:30 +0530,480151,43.2,38.7,45.51,29.35
2021-11-06 21:25:00 +0530,480152,37.2,33.9,45.55,29.32
2021-11-06 21:25:30 +0530,480153,43.5,39.4,45.61,29.33
2021-11-06 21:26:00 +0530,480154,44.4,39.8,45.59,29.32
2021-11-06 21:26:30 +0530,480155,43.6,39.3,45.62,29.31
2021-11-06 21:27:00 +0530,480156,45.1,40.4,45.65,29.31
2021-11-06 21:27:30 +0530,480157,44.4,40.1,45.69,29.3
2021-11-06 21:28:00 +0530,480158,37.4,34.3,45.76,29.26
2021-11-06 21:28:30 +0530,480159,46.0,41.4,45.79,29.28
2021-11-06 21:29:00 +0530,480160,46.1,41.3,45.82,29.29
2021-11-06 21:29:30 +0530,480161,47.4,42.7,45.82,29.29
2021-11-06 21:30:00 +0530,480162,48.7,43.8,45.82,29.29
2021-11-06 21:30:30 +0530,480163,47.8,43.2,45.86,29.31
2021-11-06 21:31:00 +0530,480164,39.4,35.1,45.96,29.29
2021-11-06 21:31:30 +0530,480165,44.3,40.1,45.86,29.3
2021-11-06 21:32:00 +0530,480166,48.9,42.1,45.86,29.3
2021-11-06 21:32:30 +0530,480167,37.4,34.2,45.96,29.28
2021-11-06 21:33:00 +0530,480168,46.2,41.4,45.82,29.28
2021-11-06 21:33:30 +0530,480169,45.6,40.8,45.76,29.28
2021-11-06 21:34:00 +0530,480170,55.6,42.3,45.79,29.27
2021-11-06 21:34:30 +0530,480171,50.5,42.4,45.82,29.27
2021-11-06 21:35:00 +0530,480172,44.5,37.7,45.96,29.24
2021-11-06 21:35:30 +0530,480173,60.8,44.2,45.96,29.26
2021-11-06 21:36:00 +0530,480174,46.8,41.3,46.02,29.27
2021-11-06 21:36:30 +0530,480175,48.9,43.8,45.99,29.28
2021-11-06 21:37:00 +0530,480176,45.0,40.3,45.96,29.28
2021-11-06 21:37:30 +0530,480177,45.9,41.5,45.89,29.28
2021-11-06 21:38:00 +0530,480178,45.1,40.8,45.99,29.29
2021-11-06 21:38:30 +0530,480179,45.2,40.6,45.96,29.28
2021-11-06 21:39:00 +0530,480180,45.8,41.4,46.02,29.28
2021-11-06 21:39:30 +0530,480181,46.0,41.5,45.99,29.28
2021-11-06 21:40:00 +0530,480182,45.4,40.8,46.02,29.27
2021-11-06 21:40:30 +0530,480183,45.0,40.6,46.02,29.27
2021-11-06 21:41:00 +0530,480184,45.8,41.2,46.06,29.26
2021-11-06 21:41:30 +0530,480185,44.6,40.3,46.12,29.24
2021-11-06 21:42:00 +0530,480186,45.2,41.2,46.09,29.24
2021-11-06 21:42:30 +0530,480187,48.1,41.7,46.09,29.24
2021-11-06 21:43:00 +0530,480188,44.7,40.4,46.09,29.24
2021-11-06 21:43:30 +0530,480189,46.9,42.2,46.16,29.24
2021-11-06 21:44:00 +0530,480190,44.8,40.5,46.19,29.23
2021-11-06 21:44:30 +0530,480191,45.0,40.5,46.19,29.23
2021-11-06 21:45:00 +0530,480192,42.7,38.7,46.47,29.09
2021-11-06 21:45:30 +0530,480193,48.5,43.8,46.37,29.12
2021-11-06 21:46:00 +0530,480194,48.6,44.1,46.37,29.12
2021-11-06 21:46:30 +0530,480195,47.0,42.2,46.4,29.13
2021-11-06 21:47:00 +0530,480196,45.5,40.9,46.37,29.13
2021-11-06 21:47:30 +0530,480197,45.6,41.2,46.47,29.13
2021-11-06 21:48:00 +0530,480198,46.5,42.0,46.54,29.12
2021-11-06 21:48:30 +0530,480199,48.0,42.9,46.47,29.13
2021-11-06 21:49:00 +0530,480200,48.0,42.9,46.47,29.13
2021-11-06 21:50:00 +0530,480201,46.9,42.1,46.92,28.92
2021-11-06 21:50:30 +0530,480202,43.1,38.6,47.02,28.94
2021-11-06 21:51:00 +0530,480203,48.6,43.6,46.88,28.98
2021-11-06 21:51:30 +0530,480204,44.6,39.7,46.98,28.98
2021-11-06 21:52:00 +0530,480205,51.2,46.6,46.83,29.0
2021-11-06 21:52:30 +0530,480206,43.3,39.4,46.88,29.0
2021-11-06 21:53:00 +0530,480207,47.3,42.9,46.85,29.0
2021-11-06 21:53:30 +0530,480208,47.2,42.4,46.8,29.01
2021-11-06 21:54:00 +0530,480209,47.8,43.3,46.8,29.02
2021-11-06 21:54:30 +0530,480210,47.1,42.7,46.77,29.02
2021-11-06 21:55:00 +0530,480211,46.8,42.3,46.8,29.01
2021-11-06 21:55:30 +0530,480212,46.5,41.8,46.8,29.01
2021-11-06 21:56:00 +0530,480213,46.1,39.2,46.88,28.99
2021-11-06 21:56:30 +0530,480214,47.0,42.3,46.85,28.98
2021-11-06 21:57:00 +0530,480215,47.9,43.2,46.88,28.98
2021-11-06 21:57:30 +0530,480216,45.8,41.3,46.92,28.98
2021-11-06 21:58:00 +0530,480217,40.4,35.8,46.98,28.93
2021-11-06 21:58:30 +0530,480218,41.9,37.8,47.08,28.91
2021-11-06 21:59:00 +0530,480219,47.4,42.6,47.08,28.91
2021-11-06 21:59:30 +0530,480220,47.8,42.9,47.05,28.93
2021-11-06 22:00:00 +0530,480221,46.7,41.8,47.08,28.93
2021-11-06 22:00:30 +0530,480222,46.3,41.9,47.12,28.94
2021-11-06 22:01:00 +0530,480223,47.6,42.9,47.15,28.94
2021-11-06 22:01:30 +0530,480224,42.1,38.0,47.25,28.93
2021-11-06 22:02:00 +0530,480225,48.0,42.8,47.22,28.93
2021-11-06 22:02:30 +0530,480226,48.1,42.8,47.22,28.93
2021-11-06 22:03:00 +0530,480227,48.2,43.5,47.12,28.95
2021-11-06 22:03:30 +0530,480228,50.0,43.7,47.12,28.95
2021-11-06 22:04:00 +0530,480229,49.0,43.9,47.15,28.95
2021-11-06 22:04:30 +0530,480230,47.9,43.0,47.15,28.94
2021-11-06 22:05:00 +0530,480231,41.5,37.4,47.28,28.93
2021-11-06 22:05:30 +0530,480232,47.8,42.9,47.18,28.93
2021-11-06 22:06:00 +0530,480233,48.8,44.1,47.12,28.93
2021-11-06 22:06:30 +0530,480234,47.3,42.7,47.12,28.93
2021-11-06 22:07:00 +0530,480235,47.4,42.7,47.08,28.93
2021-11-06 22:07:30 +0530,480236,48.9,43.9,47.12,28.93
2021-11-06 22:08:00 +0530,480237,47.1,42.4,47.12,28.92
2021-11-06 22:08:30 +0530,480238,48.1,43.1,47.12,28.92
2021-11-06 22:09:00 +0530,480239,47.2,42.4,47.15,28.91
2021-11-06 22:09:30 +0530,480240,48.9,43.6,47.15,28.91
2021-11-06 22:10:00 +0530,480241,48.2,43.3,47.15,28.91
2021-11-06 22:10:30 +0530,480242,48.8,43.9,47.15,28.91
2021-11-06 22:11:00 +0530,480243,47.8,42.8,47.15,28.91
2021-11-06 22:11:30 +0530,480244,43.4,39.3,47.22,28.87
2021-11-06 22:12:00 +0530,480245,48.4,43.4,47.18,28.88
2021-11-06 22:12:30 +0530,480246,48.0,43.2,47.22,28.9
2021-11-06 22:13:00 +0530,480247,40.4,36.0,47.28,28.87
2021-11-06 22:13:30 +0530,480248,46.4,41.7,47.18,28.87
2021-11-06 22:14:00 +0530,480249,48.1,43.2,47.18,28.86
2021-11-06 22:14:30 +0530,480250,48.1,43.6,47.31,28.86
2021-11-06 22:15:00 +0530,480251,48.4,43.8,47.31,28.85
2021-11-06 22:15:30 +0530,480252,43.8,36.8,47.31,28.83
2021-11-06 22:16:00 +0530,480253,49.0,43.8,47.35,28.84
2021-11-06 22:16:30 +0530,480254,49.1,44.2,47.35,28.84
2021-11-06 22:17:00 +0530,480255,48.6,43.3,47.38,28.84
2021-11-06 22:17:30 +0530,480256,47.5,42.9,47.35,28.85
2021-11-06 22:18:00 +0530,480257,42.8,38.4,47.41,28.8
2021-11-06 22:18:30 +0530,480258,47.6,43.2,47.41,28.8
2021-11-06 22:19:00 +0530,480259,47.0,42.4,47.41,28.8
2021-11-06 22:19:30 +0530,480260,48.4,43.7,47.45,28.8
2021-11-06 22:20:00 +0530,480261,48.7,43.8,47.55,28.8
2021-11-06 22:20:30 +0530,480262,48.7,43.8,47.63,28.8
2021-11-06 22:21:00 +0530,480263,47.2,42.6,47.55,28.8
2021-11-06 22:21:30 +0530,480264,46.9,42.2,47.55,28.8
2021-11-06 22:22:00 +0530,480265,46.3,41.8,47.52,28.8
2021-11-06 22:22:30 +0530,480266,46.8,42.4,47.52,28.8
2021-11-06 22:23:00 +0530,480267,49.5,44.8,47.52,28.79
2021-11-06 22:23:30 +0530,480268,42.4,38.2,47.63,28.77
2021-11-06 22:24:00 +0530,480269,47.2,42.8,47.56,28.76
2021-11-06 22:24:30 +0530,480270,47.8,43.2,47.56,28.77
2021-11-06 22:25:00 +0530,480271,42.1,38.1,47.7,28.74
2021-11-06 22:25:30 +0530,480272,46.3,41.9,47.56,28.74
2021-11-06 22:26:00 +0530,480273,47.1,42.5,47.63,28.74
2021-11-06 22:26:30 +0530,480274,46.3,42.1,47.63,28.74
2021-11-06 22:27:00 +0530,480275,38.8,35.4,47.7,28.71
2021-11-06 22:27:30 +0530,480276,46.7,42.1,47.6,28.71
2021-11-06 22:28:00 +0530,480277,45.0,40.8,47.56,28.7
2021-11-06 22:28:30 +0530,480278,44.7,40.7,47.63,28.69
2021-11-06 22:29:00 +0530,480279,45.5,41.3,47.7,28.69
2021-11-06 22:29:30 +0530,480280,41.3,37.0,47.76,28.65
2021-11-06 22:30:00 +0530,480281,44.6,40.7,47.76,28.65
2021-11-06 22:30:30 +0530,480282,45.6,41.4,47.76,28.65
2021-11-06 22:31:00 +0530,480283,38.5,34.7,47.9,28.62
2021-11-06 22:31:30 +0530,480284,45.9,41.6,47.84,28.64
2021-11-06 22:32:00 +0530,480285,44.7,40.8,47.83,28.65
2021-11-06 22:32:30 +0530,480286,44.7,40.6,47.76,28.65
2021-11-06 22:33:00 +0530,480287,46.5,41.9,47.83,28.67
2021-11-06 22:33:30 +0530,480288,37.0,33.4,47.87,28.64
2021-11-06 22:34:00 +0530,480289,44.1,40.2,47.77,28.64
2021-11-06 22:34:30 +0530,480290,46.1,38.1,47.94,28.6
2021-11-06 22:35:00 +0530,480291,40.8,36.7,47.94,28.58
2021-11-06 22:35:30 +0530,480292,39.8,36.2,47.94,28.56
2021-11-06 22:36:00 +0530,480293,45.6,40.7,47.94,28.57
2021-11-06 22:36:30 +0530,480294,40.4,36.5,48.07,28.56
2021-11-06 22:37:00 +0530,480295,45.6,41.3,48.07,28.56
2021-11-06 22:37:30 +0530,480296,42.1,37.6,48.18,28.54
2021-11-06 22:38:00 +0530,480297,46.0,41.6,48.11,28.56
2021-11-06 22:38:30 +0530,480298,45.6,41.3,48.07,28.58
2021-11-06 22:39:00 +0530,480299,44.8,40.6,48.07,28.59
2021-11-06 22:39:30 +0530,480300,45.3,41.1,48.01,28.59
2021-11-06 22:40:00 +0530,480301,44.5,40.6,48.01,28.6
2021-11-06 22:40:30 +0530,480302,44.8,40.8,48.04,28.6
2021-11-06 22:41:00 +0530,480303,46.0,41.7,48.07,28.61
2021-11-06 22:41:30 +0530,480304,43.5,39.3,48.01,28.6
2021-11-06 22:42:00 +0530,480305,44.2,40.1,48.07,28.61
2021-11-06 22:42:30 +0530,480306,40.5,36.8,48.21,28.58
2021-11-06 22:43:00 +0530,480307,44.3,39.9,48.14,28.58
2021-11-06 22:43:30 +0530,480308,43.0,39.1,48.07,28.58
2021-11-06 22:44:00 +0530,480309,44.2,40.3,48.04,28.58
2021-11-06 22:44:30 +0530,480310,44.4,39.9,48.04,28.58
2021-11-06 22:45:00 +0530,480311,44.5,40.4,48.07,28.57
2021-11-06 22:45:30 +0530,480312,43.9,39.6,48.07,28.58
2021-11-06 22:46:00 +0530,480313,43.1,39.1,48.11,28.58
2021-11-06 22:46:30 +0530,480314,44.2,39.9,48.11,28.58
2021-11-06 22:47:00 +0530,480315,41.1,36.9,48.18,28.55
2021-11-06 22:47:30 +0530,480316,44.4,40.3,48.18,28.55
2021-11-06 22:48:00 +0530,480317,44.1,40.0,48.18,28.55
2021-11-06 22:48:30 +0530,480318,44.9,40.4,48.11,28.56
2021-11-06 22:49:00 +0530,480319,46.2,41.8,48.11,28.57
2021-11-06 22:49:30 +0530,480320,45.2,40.6,48.11,28.56
2021-11-06 22:50:00 +0530,480321,44.9,40.3,48.11,28.56
2021-11-06 22:50:30 +0530,480322,44.9,40.7,48.18,28.56
2021-11-06 22:51:00 +0530,480323,45.1,40.7,48.18,28.57
2021-11-06 22:51:30 +0530,480324,45.3,40.9,48.18,28.56
2021-11-06 22:52:00 +0530,480325,44.4,40.2,48.18,28.56
2021-11-06 22:52:30 +0530,480326,44.3,40.1,48.11,28.55
2021-11-06 22:53:00 +0530,480327,43.7,39.7,48.07,28.55
2021-11-06 22:53:30 +0530,480328,44.2,40.2,48.07,28.55
2021-11-06 22:54:00 +0530,480329,44.1,39.7,47.94,28.55
2021-11-06 22:54:30 +0530,480330,44.1,40.2,48.04,28.54
2021-11-06 22:55:00 +0530,480331,38.9,34.9,48.14,28.52
2021-11-06 22:55:30 +0530,480332,45.2,40.8,48.11,28.52
2021-11-06 22:56:00 +0530,480333,45.0,40.8,48.07,28.53
2021-11-06 22:56:30 +0530,480334,44.5,40.3,48.07,28.52
2021-11-06 22:57:00 +0530,480335,45.5,41.2,48.11,28.53
2021-11-06 22:57:30 +0530,480336,44.0,40.1,48.04,28.53
2021-11-06 22:58:00 +0530,480337,44.4,40.5,48.04,28.53
2021-11-06 22:58:30 +0530,480338,45.2,40.8,47.9,28.53
2021-11-06 22:59:00 +0530,480339,40.1,35.9,48.04,28.49
2021-11-06 22:59:30 +0530,480340,40.5,36.8,48.24,28.48
2021-11-06 23:00:00 +0530,480341,45.3,40.8,48.18,28.49
2021-11-06 23:00:30 +0530,480342,44.0,39.8,48.18,28.49
2021-11-06 23:01:00 +0530,480343,43.6,39.6,48.11,28.49
2021-11-06 23:01:30 +0530,480344,44.2,40.3,48.11,28.49
2021-11-06 23:02:00 +0530,480345,45.8,41.2,48.11,28.52
2021-11-06 23:02:30 +0530,480346,39.2,35.3,48.11,28.48
2021-11-06 23:03:00 +0530,480347,44.8,40.6,48.11,28.48
2021-11-06 23:03:30 +0530,480348,44.5,40.2,48.18,28.49
2021-11-06 23:04:00 +0530,480349,45.2,41.1,48.11,28.48
2021-11-06 23:04:30 +0530,480350,44.9,40.6,48.07,28.48
2021-11-06 23:05:00 +0530,480351,41.8,37.8,48.18,28.46
2021-11-06 23:05:30 +0530,480352,40.5,37.1,48.21,28.44
2021-11-06 23:06:00 +0530,480353,45.4,41.2,48.15,28.45
2021-11-06 23:06:30 +0530,480354,45.6,41.3,48.18,28.46
2021-11-06 23:07:00 +0530,480355,44.9,40.8,48.21,28.46
2021-11-06 23:07:30 +0530,480356,43.8,39.9,48.07,28.47
2021-11-06 23:08:00 +0530,480357,44.0,40.1,48.11,28.47
2021-11-06 23:08:30 +0530,480358,48.1,37.8,48.18,28.44
2021-11-06 23:09:00 +0530,480359,45.3,41.0,48.18,28.44
2021-11-06 23:09:30 +0530,480360,45.3,40.7,48.21,28.44
2021-11-06 23:10:00 +0530,480361,43.8,39.9,48.18,28.44
2021-11-06 23:10:30 +0530,480362,44.5,40.2,48.21,28.44
2021-11-06 23:11:00 +0530,480363,44.0,39.9,48.21,28.43
2021-11-06 23:11:30 +0530,480364,43.0,39.3,48.18,28.43
2021-11-06 23:12:00 +0530,480365,44.8,40.7,48.28,28.43
2021-11-06 23:12:30 +0530,480366,46.5,42.1,48.31,28.43
2021-11-06 23:13:00 +0530,480367,44.9,40.4,48.31,28.42
2021-11-06 23:13:30 +0530,480368,45.4,41.1,48.38,28.43
2021-11-06 23:14:00 +0530,480369,45.8,41.4,48.28,28.42
2021-11-06 23:14:30 +0530,480370,44.8,40.6,48.24,28.42
2021-11-06 23:15:00 +0530,480371,41.2,37.4,48.34,28.4
2021-11-06 23:15:30 +0530,480372,45.5,41.3,48.24,28.41
2021-11-06 23:16:00 +0530,480373,42.3,38.8,48.38,28.39
2021-11-06 23:16:30 +0530,480374,46.1,41.8,48.34,28.41
2021-11-06 23:17:00 +0530,480375,45.8,41.8,48.38,28.41
2021-11-06 23:17:30 +0530,480376,45.4,41.1,48.28,28.42
2021-11-06 23:18:00 +0530,480377,40.2,36.9,48.31,28.4
2021-11-06 23:18:30 +0530,480378,44.5,40.7,48.34,28.41
2021-11-06 23:19:00 +0530,480379,45.0,41.1,48.31,28.42
2021-11-06 23:19:30 +0530,480380,46.2,41.2,48.31,28.43
2021-11-06 23:20:00 +0530,480381,45.8,41.2,48.31,28.43
2021-11-06 23:20:30 +0530,480382,45.2,40.9,48.28,28.43
2021-11-06 23:21:00 +0530,480383,45.2,41.0,48.31,28.44
2021-11-06 23:21:30 +0530,480384,46.5,41.9,48.24,28.44
2021-11-06 23:22:00 +0530,480385,46.0,41.7,48.28,28.44
2021-11-06 23:22:30 +0530,480386,42.2,38.2,48.38,28.41
2021-11-06 23:23:00 +0530,480387,45.5,41.4,48.28,28.41
2021-11-06 23:23:30 +0530,480388,46.8,42.6,48.28,28.41
2021-11-06 23:24:00 +0530,480389,42.2,37.8,48.41,28.38
2021-11-06 23:24:30 +0530,480390,46.5,42.1,48.41,28.39
2021-11-06 23:25:00 +0530,480391,45.0,40.7,48.34,28.38
2021-11-06 23:25:30 +0530,480392,45.0,40.7,48.28,28.39
2021-11-06 23:26:00 +0530,480393,46.0,41.6,48.31,28.38
2021-11-06 23:26:30 +0530,480394,46.0,41.4,48.21,28.39
2021-11-06 23:27:00 +0530,480395,45.6,41.5,48.18,28.38
2021-11-06 23:27:30 +0530,480396,46.0,41.2,48.21,28.37
2021-11-06 23:28:00 +0530,480397,44.0,40.3,48.21,28.35
2021-11-06 23:28:30 +0530,480398,43.7,39.8,48.18,28.34
2021-11-06 23:29:00 +0530,480399,43.9,40.1,48.18,28.33
2021-11-06 23:29:30 +0530,480400,46.0,41.7,48.24,28.33
2021-11-06 23:30:00 +0530,480401,45.1,40.9,48.28,28.33
2021-11-06 23:30:30 +0530,480402,45.4,41.1,48.24,28.33
2021-11-06 23:31:00 +0530,480403,45.6,41.4,48.31,28.32
2021-11-06 23:31:30 +0530,480404,45.1,40.6,48.24,28.32
2021-11-06 23:32:00 +0530,480405,42.9,38.2,48.39,28.29
2021-11-06 23:32:30 +0530,480406,39.8,36.2,48.42,28.28
2021-11-06 23:33:00 +0530,480407,45.7,41.4,48.32,28.28
2021-11-06 23:33:30 +0530,480408,43.9,39.1,48.29,28.28
2021-11-06 23:34:00 +0530,480409,47.9,43.2,48.36,28.28
2021-11-06 23:34:30 +0530,480410,47.7,42.8,48.36,28.28
2021-11-06 23:35:00 +0530,480411,47.5,42.3,48.42,28.28
2021-11-06 23:35:30 +0530,480412,46.1,41.4,48.19,28.28
2021-11-06 23:36:00 +0530,480413,45.8,41.3,48.12,28.28
2021-11-06 23:36:30 +0530,480414,47.1,42.2,48.12,28.28
2021-11-06 23:37:00 +0530,480415,49.3,42.3,48.15,28.28
2021-11-06 23:37:30 +0530,480416,41.3,37.2,48.25,28.24
2021-11-06 23:38:00 +0530,480417,47.7,42.9,48.36,28.24
2021-11-06 23:38:30 +0530,480418,46.2,41.6,48.25,28.24
2021-11-06 23:39:00 +0530,480419,46.5,42.1,48.12,28.24
2021-11-06 23:39:30 +0530,480420,44.4,35.2,48.25,28.19
2021-11-06 23:40:00 +0530,480421,47.2,42.4,48.22,28.21
2021-11-06 23:40:30 +0530,480422,46.3,41.4,48.05,28.21
2021-11-06 23:41:00 +0530,480423,46.9,42.1,48.12,28.2
2021-11-06 23:41:30 +0530,480424,45.1,40.7,48.29,28.17
2021-11-06 23:42:00 +0530,480425,42.6,38.2,48.39,28.15
2021-11-06 23:42:30 +0530,480426,45.0,37.7,48.39,28.13
2021-11-06 23:43:00 +0530,480427,47.5,42.8,48.29,28.14
2021-11-06 23:43:30 +0530,480428,46.2,41.6,48.22,28.15
2021-11-06 23:44:00 +0530,480429,47.5,42.7,48.32,28.15
2021-11-06 23:44:30 +0530,480430,48.7,43.6,48.39,28.16
2021-11-06 23:45:00 +0530,480431,46.0,41.6,48.25,28.15
2021-11-06 23:45:30 +0530,480432,46.0,41.3,48.19,28.16
2021-11-06 23:46:00 +0530,480433,45.5,40.8,48.12,28.16
2021-11-06 23:46:30 +0530,480434,48.6,43.4,48.15,28.16
2021-11-06 23:47:00 +0530,480435,48.9,43.6,48.19,28.17
2021-11-06 23:47:30 +0530,480436,48.3,43.8,48.19,28.17
2021-11-06 23:48:00 +0530,480437,47.7,42.9,48.19,28.16
2021-11-06 23:48:30 +0530,480438,47.7,43.1,48.12,28.16
2021-11-06 23:49:00 +0530,480439,46.5,41.6,48.12,28.17
2021-11-06 23:49:30 +0530,480440,52.3,43.4,48.12,28.17
2021-11-06 23:50:00 +0530,480441,47.1,39.8,48.22,28.15
2021-11-06 23:50:30 +0530,480442,42.2,38.0,48.29,28.13
2021-11-06 23:51:00 +0530,480443,43.5,39.0,48.29,28.13
2021-11-06 23:51:30 +0530,480444,44.5,39.9,48.47,28.03
2021-11-06 23:52:00 +0530,480445,47.9,42.7,48.4,28.05
2021-11-06 23:52:30 +0530,480446,52.0,38.9,48.5,28.06
2021-11-06 23:53:00 +0530,480447,53.1,43.6,48.4,28.09
2021-11-06 23:53:30 +0530,480448,48.3,43.4,48.34,28.11
2021-11-06 23:54:00 +0530,480449,46.1,41.7,48.25,28.13
2021-11-06 23:54:30 +0530,480450,46.7,41.8,48.15,28.14
2021-11-06 23:55:00 +0530,480451,47.0,42.6,48.19,28.13
2021-11-06 23:55:30 +0530,480452,48.5,43.3,48.25,28.13
2021-11-06 23:56:00 +0530,480453,50.3,45.1,48.25,28.13
2021-11-06 23:56:30 +0530,480454,46.4,42.1,48.29,28.13
2021-11-06 23:57:00 +0530,480455,47.1,42.8,48.22,28.13
2021-11-06 23:57:30 +0530,480456,48.8,44.2,48.25,28.13
2021-11-06 23:58:00 +0530,480457,46.6,42.3,48.22,28.13
2021-11-06 23:58:30 +0530,480458,47.3,42.9,48.25,28.14
2021-11-06 23:59:00 +0530,480459,47.5,42.9,48.32,28.14
2021-11-06 23:59:30 +0530,480460,43.0,39.0,48.39,28.12
2021-11-07 00:00:00 +0530,480461,47.4,43.0,48.32,28.12
2021-11-07 00:00:30 +0530,480462,46.8,42.4,48.25,28.13
2021-11-07 00:01:00 +0530,480463,41.1,37.1,48.36,28.11
2021-11-07 00:01:30 +0530,480464,47.7,43.2,48.36,28.11
2021-11-07 00:02:00 +0530,480465,46.8,42.0,48.36,28.12
2021-11-07 00:02:30 +0530,480466,48.4,43.7,48.42,28.14
2021-11-07 00:03:00 +0530,480467,47.9,42.9,48.39,28.14
2021-11-07 00:03:30 +0530,480468,46.8,42.4,48.36,28.14
2021-11-07 00:04:00 +0530,480469,48.6,43.9,48.29,28.15
2021-11-07 00:04:30 +0530,480470,45.9,41.7,48.32,28.16
2021-11-07 00:05:00 +0530,480471,47.1,42.4,48.22,28.16
2021-11-07 00:05:30 +0530,480472,46.3,41.6,48.25,28.17
2021-11-07 00:06:00 +0530,480473,45.4,41.2,48.12,28.17
2021-11-07 00:06:30 +0530,480474,46.8,42.4,48.08,28.17
2021-11-07 00:07:00 +0530,480475,46.3,41.6,48.25,28.15
2021-11-07 00:07:30 +0530,480476,48.9,44.1,48.19,28.16
2021-11-07 00:08:00 +0530,480477,49.2,43.9,48.19,28.16
2021-11-07 00:08:30 +0530,480478,43.5,39.6,48.22,28.14
2021-11-07 00:09:00 +0530,480479,48.5,44.1,48.02,28.14
2021-11-07 00:09:30 +0530,480480,49.5,44.6,48.08,28.15
2021-11-07 00:10:00 +0530,480481,48.5,44.1,48.08,28.16
2021-11-07 00:10:30 +0530,480482,47.8,43.5,48.05,28.17
2021-11-07 00:11:00 +0530,480483,47.7,43.3,48.05,28.17
2021-11-07 00:12:00 +0530,480484,47.3,42.2,48.57,27.99
2021-11-07 00:12:30 +0530,480485,50.3,44.9,48.53,28.03
2021-11-07 00:13:00 +0530,480486,48.1,43.3,48.37,28.05
2021-11-07 00:13:30 +0530,480487,48.1,43.4,48.3,28.08
2021-11-07 00:14:00 +0530,480488,43.3,39.0,48.34,28.08
2021-11-07 00:14:30 +0530,480489,50.1,44.8,48.27,28.09
2021-11-07 00:15:00 +0530,480490,54.1,45.9,48.22,28.1
2021-11-07 00:15:30 +0530,480491,47.3,41.6,48.23,28.1
2021-11-07 00:16:00 +0530,480492,50.9,45.4,48.1,28.11
2021-11-07 00:16:30 +0530,480493,52.8,45.8,48.05,28.11
2021-11-07 00:17:00 +0530,480494,51.0,45.7,48.08,28.13
2021-11-07 00:17:30 +0530,480495,52.8,46.6,48.02,28.13
2021-11-07 00:18:00 +0530,480496,44.9,40.1,48.08,28.12
2021-11-07 00:18:30 +0530,480497,44.6,39.8,48.13,28.1
2021-11-07 00:19:00 +0530,480498,49.5,45.0,47.82,28.11
2021-11-07 00:19:30 +0530,480499,48.8,44.2,47.6,28.09
2021-11-07 00:20:00 +0530,480500,51.6,46.7,47.63,28.08
2021-11-07 00:20:30 +0530,480501,47.7,43.4,47.86,28.08
2021-11-07 00:21:00 +0530,480502,50.3,45.5,47.93,28.08
2021-11-07 00:21:30 +0530,480503,51.3,46.4,47.93,28.09
2021-11-07 00:22:00 +0530,480504,50.4,45.7,47.96,28.1
2021-11-07 00:22:30 +0530,480505,52.0,46.9,47.96,28.11
2021-11-07 00:23:00 +0530,480506,50.7,46.1,47.86,28.11
2021-11-07 00:23:30 +0530,480507,45.9,41.6,48.0,28.09
2021-11-07 00:24:00 +0530,480508,51.5,46.7,47.79,28.09
2021-11-07 00:24:30 +0530,480509,51.8,47.1,47.6,28.09
2021-11-07 00:25:00 +0530,480510,51.3,46.6,47.6,28.1
2021-11-07 00:25:30 +0530,480511,51.6,46.9,47.57,28.1
2021-11-07 00:26:00 +0530,480512,51.6,46.7,47.67,28.1
2021-11-07 00:26:30 +0530,480513,50.8,46.1,47.6,28.1
2021-11-07 00:27:00 +0530,480514,50.9,46.4,47.6,28.1
2021-11-07 00:27:30 +0530,480515,50.7,46.1,47.63,28.1
2021-11-07 00:28:00 +0530,480516,51.5,46.4,47.67,28.11
2021-11-07 00:28:30 +0530,480517,51.7,47.3,47.6,28.12
2021-11-07 00:29:00 +0530,480518,51.9,46.8,47.45,28.12
2021-11-07 00:29:30 +0530,480519,53.2,48.1,47.49,28.12
2021-11-07 00:30:00 +0530,480520,51.9,47.2,47.49,28.13
2021-11-07 00:30:30 +0530,480521,51.3,46.6,47.42,28.12
2021-11-07 00:31:00 +0530,480522,50.3,46.2,47.49,28.12
2021-11-07 00:31:30 +0530,480523,50.7,46.2,47.42,28.11
2021-11-07 00:32:00 +0530,480524,51.7,46.9,47.32,28.11
2021-11-07 00:32:30 +0530,480525,51.6,47.1,47.3,28.1
2021-11-07 00:33:00 +0530,480526,50.6,45.9,47.35,28.1
2021-11-07 00:33:30 +0530,480527,52.4,47.7,47.35,28.11
2021-11-07 00:34:00 +0530,480528,52.3,47.1,47.32,28.11
2021-11-07 00:34:30 +0530,480529,53.8,48.8,47.42,28.11
2021-11-07 00:35:00 +0530,480530,46.6,41.9,47.47,28.09
2021-11-07 00:35:30 +0530,480531,46.4,42.1,47.5,28.05
2021-11-07 00:36:00 +0530,480532,52.1,47.2,47.43,28.06
2021-11-07 00:36:30 +0530,480533,52.7,47.7,47.47,28.06
2021-11-07 00:37:00 +0530,480534,51.4,46.8,47.43,28.08
2021-11-07 00:37:30 +0530,480535,52.4,47.6,47.4,28.08
2021-11-07 00:38:00 +0530,480536,46.1,42.1,47.53,28.04
2021-11-07 00:38:30 +0530,480537,48.6,44.2,47.63,28.02
2021-11-07 00:39:00 +0530,480538,45.2,41.4,47.67,28.01
2021-11-07 00:39:30 +0530,480539,54.8,49.7,47.6,28.02
2021-11-07 00:40:00 +0530,480540,48.7,44.4,47.67,28.0
2021-11-07 00:40:30 +0530,480541,55.7,50.6,47.53,28.01
2021-11-07 00:41:00 +0530,480542,53.4,48.7,47.57,28.0
2021-11-07 00:41:30 +0530,480543,52.7,44.3,47.6,27.97
2021-11-07 00:42:00 +0530,480544,54.7,49.7,47.53,27.98
2021-11-07 00:42:30 +0530,480545,56.4,51.1,47.5,27.99
2021-11-07 00:43:00 +0530,480546,55.5,50.4,47.57,27.99
2021-11-07 00:43:30 +0530,480547,51.3,46.7,47.64,27.96
2021-11-07 00:44:00 +0530,480548,56.3,51.5,47.67,27.95
2021-11-07 00:44:30 +0530,480549,55.9,51.0,47.67,27.96
2021-11-07 00:45:00 +0530,480550,56.0,50.6,47.67,27.96
2021-11-07 00:45:30 +0530,480551,56.5,51.1,47.73,27.96
2021-11-07 00:46:00 +0530,480552,54.1,49.3,47.79,27.96
2021-11-07 00:46:30 +0530,480553,49.8,45.7,47.84,27.94
2021-11-07 00:47:00 +0530,480554,56.6,51.4,47.77,27.94
2021-11-07 00:47:30 +0530,480555,56.8,51.4,47.77,27.94
2021-11-07 00:48:00 +0530,480556,57.5,52.1,47.77,27.94
2021-11-07 00:48:30 +0530,480557,57.2,52.1,47.74,27.95
2021-11-07 00:49:00 +0530,480558,55.8,50.5,47.76,27.95
2021-11-07 00:49:30 +0530,480559,57.0,51.5,47.74,27.95
2021-11-07 00:50:00 +0530,480560,55.4,50.5,47.77,27.95
2021-11-07 00:50:30 +0530,480561,55.3,50.3,47.77,27.95
2021-11-07 00:51:00 +0530,480562,57.5,52.1,47.7,27.95
2021-11-07 00:51:30 +0530,480563,54.8,49.7,47.7,27.95
2021-11-07 00:52:00 +0530,480564,48.2,44.2,47.84,27.93
2021-11-07 00:52:30 +0530,480565,58.1,52.0,47.84,27.93
2021-11-07 00:53:00 +0530,480566,57.5,51.8,47.77,27.94
2021-11-07 00:53:30 +0530,480567,58.5,53.1,47.77,27.94
2021-11-07 00:54:00 +0530,480568,56.2,51.3,47.77,27.95
2021-11-07 00:54:30 +0530,480569,50.1,45.4,47.84,27.93
2021-11-07 00:55:00 +0530,480570,52.0,47.3,47.94,27.9
2021-11-07 00:56:00 +0530,480572,57.1,51.2,47.91,27.91
2021-11-07 00:56:30 +0530,480573,55.5,50.4,47.84,27.91
2021-11-07 00:57:00 +0530,480571,54.3,49.3,47.7,27.91
2021-11-07 00:57:30 +0530,480574,60.5,54.9,47.84,27.89
2021-11-07 00:58:00 +0530,480575,57.3,51.9,47.94,27.89
2021-11-07 00:58:30 +0530,480576,55.1,49.8,47.94,27.88
2021-11-07 00:59:00 +0530,480577,57.8,52.3,47.94,27.88
2021-11-07 00:59:30 +0530,480578,56.9,51.8,47.94,27.88
2021-11-07 01:00:00 +0530,480579,56.8,51.3,47.94,27.89
2021-11-07 01:00:30 +0530,480580,56.7,51.5,47.91,27.89
2021-11-07 01:01:00 +0530,480581,56.4,51.1,47.84,27.9
2021-11-07 01:01:30 +0530,480582,56.7,51.5,47.84,27.9
2021-11-07 01:02:00 +0530,480583,59.8,53.8,47.97,27.9
2021-11-07 01:02:30 +0530,480584,57.4,52.2,47.94,27.89
2021-11-07 01:03:00 +0530,480585,50.6,46.3,48.01,27.85
2021-11-07 01:03:30 +0530,480586,56.8,51.7,48.04,27.86
2021-11-07 01:04:00 +0530,480587,57.7,52.3,48.04,27.85
2021-11-07 01:04:30 +0530,480588,57.8,52.4,48.07,27.86
2021-11-07 01:05:00 +0530,480589,56.4,51.2,48.11,27.86
2021-11-07 01:05:30 +0530,480590,56.4,51.1,48.11,27.86
2021-11-07 01:06:00 +0530,480591,51.3,46.5,48.14,27.82
2021-11-07 01:06:30 +0530,480592,57.1,52.1,48.18,27.83
2021-11-07 01:07:00 +0530,480593,51.4,46.4,48.34,27.81
2021-11-07 01:07:30 +0530,480594,57.3,51.9,48.34,27.8
2021-11-07 01:08:00 +0530,480595,56.1,50.7,48.31,27.81
2021-11-07 01:08:30 +0530,480596,56.2,51.2,48.31,27.81
2021-11-07 01:09:00 +0530,480597,55.0,50.0,48.31,27.81
2021-11-07 01:09:30 +0530,480598,55.7,50.6,48.37,27.81
2021-11-07 01:10:00 +0530,480599,55.0,50.1,48.44,27.81
2021-11-07 01:10:30 +0530,480600,49.9,45.4,48.57,27.78
2021-11-07 01:11:00 +0530,480601,55.5,50.0,48.54,27.78
2021-11-07 01:11:30 +0530,480602,56.0,50.9,48.5,27.78
2021-11-07 01:12:00 +0530,480603,54.4,49.7,48.54,27.79
2021-11-07 01:12:30 +0530,480604,54.5,49.7,48.57,27.79
2021-11-07 01:13:00 +0530,480605,55.7,50.6,48.57,27.79
2021-11-07 01:13:30 +0530,480606,51.9,47.2,48.68,27.76
2021-11-07 01:14:00 +0530,480607,50.4,45.6,48.72,27.74
2021-11-07 01:14:30 +0530,480608,50.1,45.8,48.78,27.73
2021-11-07 01:15:00 +0530,480609,51.9,46.8,48.78,27.72
2021-11-07 01:15:30 +0530,480610,57.4,52.0,48.68,27.73
2021-11-07 01:16:00 +0530,480611,56.8,51.4,48.65,27.74
2021-11-07 01:16:30 +0530,480612,57.1,52.0,48.65,27.75
2021-11-07 01:17:00 +0530,480613,56.8,51.5,48.64,27.76
2021-11-07 01:17:30 +0530,480614,57.0,51.9,48.64,27.76
2021-11-07 01:18:00 +0530,480615,53.9,48.8,48.68,27.75
2021-11-07 01:18:30 +0530,480616,58.9,53.0,48.72,27.74
2021-11-07 01:19:00 +0530,480617,59.4,54.1,48.72,27.75
2021-11-07 01:19:30 +0530,480618,56.4,51.2,48.68,27.75
2021-11-07 01:20:00 +0530,480619,59.7,54.2,48.68,27.75
2021-11-07 01:20:30 +0530,480620,56.4,51.6,48.72,27.75
2021-11-07 01:21:00 +0530,480621,57.3,52.1,48.75,27.75
2021-11-07 01:21:30 +0530,480622,50.5,46.2,48.82,27.74
2021-11-07 01:22:00 +0530,480623,59.9,54.0,48.82,27.74
2021-11-07 01:22:30 +0530,480624,57.8,52.4,48.85,27.74
2021-11-07 01:23:00 +0530,480625,51.8,46.4,48.89,27.71
2021-11-07 01:23:30 +0530,480626,57.6,52.3,48.89,27.74
2021-11-07 01:24:00 +0530,480627,57.2,52.2,48.89,27.74
2021-11-07 01:24:30 +0530,480628,58.2,52.8,48.95,27.74
2021-11-07 01:25:00 +0530,480629,60.4,54.8,48.95,27.74
2021-11-07 01:25:30 +0530,480630,59.1,53.7,48.99,27.75
2021-11-07 01:26:00 +0530,480631,61.7,55.7,48.98,27.75
2021-11-07 01:26:30 +0530,480632,61.0,55.2,48.98,27.76
2021-11-07 01:27:00 +0530,480633,61.1,54.8,49.01,27.76
2021-11-07 01:27:30 +0530,480634,59.1,53.8,48.99,27.76
2021-11-07 01:28:00 +0530,480635,61.4,55.7,48.87,27.76
2021-11-07 01:28:30 +0530,480636,61.1,55.4,48.82,27.75
2021-11-07 01:29:00 +0530,480637,61.9,56.2,48.82,27.74
2021-11-07 01:29:30 +0530,480638,59.0,53.6,48.85,27.74
2021-11-07 01:30:00 +0530,480639,58.5,53.6,48.95,27.73
2021-11-07 01:30:30 +0530,480640,59.7,54.4,49.02,27.72
2021-11-07 01:31:00 +0530,480641,55.0,50.1,49.11,27.7
2021-11-07 01:31:30 +0530,480642,58.6,53.0,49.18,27.66
2021-11-07 01:32:00 +0530,480643,60.8,55.2,49.15,27.67
2021-11-07 01:32:30 +0530,480644,62.7,57.0,49.18,27.66
2021-11-07 01:33:00 +0530,480645,62.4,56.7,49.18,27.66
2021-11-07 01:34:00 +0530,480646,60.1,54.1,49.66,27.49
2021-11-07 01:34:30 +0530,480647,61.4,55.8,49.63,27.51
2021-11-07 01:35:00 +0530,480648,55.0,49.7,49.73,27.51
2021-11-07 01:35:30 +0530,480649,61.6,56.0,49.6,27.53
2021-11-07 01:36:00 +0530,480650,62.5,56.8,49.53,27.54
2021-11-07 01:36:30 +0530,480651,57.7,52.1,49.6,27.53
2021-11-07 01:37:00 +0530,480652,62.2,56.7,49.56,27.53
2021-11-07 01:37:30 +0530,480653,62.5,56.8,49.56,27.54
2021-11-07 01:38:00 +0530,480654,61.4,56.2,49.53,27.54
2021-11-07 01:38:30 +0530,480655,58.5,53.1,49.56,27.52
2021-11-07 01:39:00 +0530,480656,64.6,58.5,49.36,27.52
2021-11-07 01:39:30 +0530,480657,63.1,57.4,49.36,27.52
2021-11-07 01:40:00 +0530,480658,62.1,56.4,49.36,27.52
2021-11-07 01:40:30 +0530,480659,63.7,57.8,49.36,27.52
2021-11-07 01:41:00 +0530,480660,63.1,57.2,49.46,27.53
2021-11-07 01:41:30 +0530,480661,60.8,55.2,49.33,27.54
2021-11-07 01:42:00 +0530,480662,62.0,56.5,49.22,27.53
2021-11-07 01:42:30 +0530,480663,62.9,57.3,49.29,27.53
2021-11-07 01:43:00 +0530,480664,62.8,56.9,49.22,27.52
2021-11-07 01:43:30 +0530,480665,62.7,57.3,49.12,27.52
2021-11-07 01:44:00 +0530,480666,64.4,58.7,49.09,27.51
2021-11-07 01:44:30 +0530,480667,64.4,58.7,49.09,27.51
2021-11-07 01:45:00 +0530,480668,64.9,59.0,49.06,27.5
2021-11-07 01:45:30 +0530,480669,63.7,58.1,49.02,27.51
2021-11-07 01:46:00 +0530,480670,63.9,58.3,49.06,27.52
2021-11-07 01:46:30 +0530,480671,63.7,58.2,49.02,27.52
2021-11-07 01:47:00 +0530,480672,62.5,57.0,49.06,27.53
2021-11-07 01:47:30 +0530,480673,63.8,58.1,48.92,27.52
2021-11-07 01:48:00 +0530,480674,61.6,56.2,48.59,27.52
2021-11-07 01:48:30 +0530,480675,63.6,58.2,48.56,27.52
2021-11-07 01:49:00 +0530,480676,57.7,52.5,48.79,27.5
2021-11-07 01:49:30 +0530,480677,62.8,57.1,48.82,27.51
2021-11-07 01:50:00 +0530,480678,64.1,58.3,48.79,27.52
2021-11-07 01:50:30 +0530,480679,64.5,58.9,48.76,27.54
2021-11-07 01:51:00 +0530,480680,58.8,53.2,48.86,27.53
2021-11-07 01:51:30 +0530,480681,66.8,60.8,48.59,27.54
2021-11-07 01:52:00 +0530,480682,65.7,59.6,48.53,27.55
2021-11-07 01:52:30 +0530,480683,63.8,58.2,48.49,27.56
2021-11-07 01:53:00 +0530,480684,63.3,57.8,48.32,27.57
2021-11-07 01:53:30 +0530,480685,58.7,53.4,48.46,27.55
2021-11-07 01:54:00 +0530,480686,66.2,60.2,48.46,27.56
2021-11-07 01:54:30 +0530,480687,65.5,59.6,48.29,27.56
2021-11-07 01:55:00 +0530,480688,61.4,55.2,48.32,27.55
2021-11-07 01:55:30 +0530,480689,67.2,61.0,48.29,27.56
2021-11-07 01:56:00 +0530,480690,67.5,61.1,48.26,27.56
2021-11-07 01:56:30 +0530,480691,66.9,60.3,48.26,27.56
2021-11-07 01:57:00 +0530,480692,66.9,60.6,48.32,27.56
2021-11-07 01:57:30 +0530,480693,59.9,54.1,48.42,27.54
2021-11-07 01:58:00 +0530,480694,68.9,63.0,48.26,27.54
2021-11-07 01:58:30 +0530,480695,68.1,61.7,48.29,27.55
2021-11-07 01:59:00 +0530,480696,67.0,60.8,48.26,27.56
2021-11-07 01:59:30 +0530,480697,65.9,59.8,48.26,27.55
2021-11-07 02:00:00 +0530,480698,65.9,59.9,48.26,27.55
2021-11-07 02:00:30 +0530,480699,58.9,53.6,48.29,27.53
2021-11-07 02:01:00 +0530,480700,66.4,60.5,48.22,27.53
2021-11-07 02:01:30 +0530,480701,58.0,52.8,48.29,27.5
2021-11-07 02:02:00 +0530,480702,66.6,60.6,48.29,27.51
2021-11-07 02:02:30 +0530,480703,64.9,59.2,48.15,27.51
2021-11-07 02:03:00 +0530,480704,63.3,57.7,48.09,27.51
2021-11-07 02:03:30 +0530,480705,60.8,55.3,48.15,27.47
2021-11-07 02:04:00 +0530,480706,65.6,59.9,48.19,27.47
2021-11-07 02:04:30 +0530,480707,65.2,59.6,48.19,27.47
2021-11-07 02:05:00 +0530,480708,62.4,56.9,48.47,27.37
2021-11-07 02:05:30 +0530,480709,68.2,62.2,48.44,27.39
2021-11-07 02:06:00 +0530,480710,66.5,60.6,48.37,27.4
2021-11-07 02:06:30 +0530,480711,66.3,60.2,48.32,27.43
2021-11-07 02:07:00 +0530,480712,63.7,58.1,48.39,27.45
2021-11-07 02:07:30 +0530,480713,66.1,60.2,48.29,27.46
2021-11-07 02:08:00 +0530,480714,65.5,59.7,48.22,27.47
2021-11-07 02:08:30 +0530,480715,66.7,60.9,48.22,27.49
2021-11-07 02:09:00 +0530,480716,66.9,60.7,48.19,27.51
2021-11-07 02:09:30 +0530,480717,66.2,60.2,48.15,27.51
2021-11-07 02:10:00 +0530,480718,57.5,52.4,48.19,27.5
2021-11-07 02:10:30 +0530,480719,68.2,62.0,48.09,27.5
2021-11-07 02:11:00 +0530,480720,65.8,59.8,48.02,27.51
2021-11-07 02:11:30 +0530,480721,66.4,60.6,48.02,27.51
2021-11-07 02:12:00 +0530,480722,59.6,54.2,48.09,27.49
2021-11-07 02:12:30 +0530,480723,65.9,60.1,47.96,27.5
2021-11-07 02:13:00 +0530,480724,60.3,55.1,48.05,27.46
2021-11-07 02:13:30 +0530,480725,66.7,60.7,48.02,27.47
2021-11-07 02:14:00 +0530,480726,65.5,59.9,47.96,27.49
2021-11-07 02:14:30 +0530,480727,66.2,60.4,47.92,27.49
2021-11-07 02:15:00 +0530,480728,67.2,61.3,47.79,27.49
2021-11-07 02:15:30 +0530,480729,67.2,61.1,47.79,27.5
2021-11-07 02:16:00 +0530,480730,66.4,60.8,47.86,27.5
2021-11-07 02:16:30 +0530,480731,66.7,60.9,47.86,27.51
2021-11-07 02:17:00 +0530,480732,66.6,60.6,47.86,27.5
2021-11-07 02:17:30 +0530,480733,57.3,52.3,47.96,27.49
2021-11-07 02:18:00 +0530,480734,66.7,60.9,47.96,27.49
2021-11-07 02:18:30 +0530,480735,66.4,60.7,47.92,27.5
2021-11-07 02:19:00 +0530,480736,65.4,59.7,47.89,27.51
2021-11-07 02:19:30 +0530,480737,65.7,59.8,47.86,27.51
2021-11-07 02:20:00 +0530,480738,64.3,58.6,47.76,27.52
2021-11-07 02:20:30 +0530,480739,66.2,60.1,47.79,27.52
2021-11-07 02:21:00 +0530,480740,60.8,55.2,47.92,27.51
2021-11-07 02:21:30 +0530,480741,66.0,59.9,47.92,27.52
2021-11-07 02:22:00 +0530,480742,65.9,59.8,47.79,27.52
2021-11-07 02:22:30 +0530,480743,66.4,60.2,47.86,27.53
2021-11-07 02:23:00 +0530,480744,65.8,59.9,47.73,27.54
2021-11-07 02:23:30 +0530,480745,66.0,60.2,47.66,27.56
2021-11-07 02:24:00 +0530,480746,66.9,60.9,47.62,27.56
2021-11-07 02:24:30 +0530,480747,63.4,57.4,47.66,27.55
2021-11-07 02:25:00 +0530,480748,64.1,58.7,47.56,27.55
2021-11-07 02:25:30 +0530,480749,65.7,60.0,47.59,27.56
2021-11-07 02:26:00 +0530,480750,66.5,60.6,47.52,27.56
2021-11-07 02:26:30 +0530,480751,64.8,58.9,47.49,27.56
2021-11-07 02:27:00 +0530,480752,65.4,59.8,47.42,27.57
2021-11-07 02:27:30 +0530,480753,65.4,59.6,47.46,27.57
2021-11-07 02:28:00 +0530,480754,65.6,59.8,47.46,27.57
2021-11-07 02:28:30 +0530,480755,65.9,60.2,47.42,27.57
2021-11-07 02:29:00 +0530,480756,65.8,59.9,47.42,27.58
2021-11-07 02:29:30 +0530,480757,60.8,55.4,47.42,27.54
2021-11-07 02:30:00 +0530,480758,59.1,53.7,47.46,27.53
2021-11-07 02:30:30 +0530,480759,65.0,59.4,47.46,27.54
2021-11-07 02:31:00 +0530,480760,65.0,59.3,47.35,27.54
2021-11-07 02:31:30 +0530,480761,66.4,60.6,47.39,27.54
2021-11-07 02:32:00 +0530,480762,64.0,58.6,47.32,27.54
2021-11-07 02:32:30 +0530,480763,68.0,62.1,47.35,27.54
2021-11-07 02:33:00 +0530,480764,65.1,59.6,47.35,27.53
2021-11-07 02:33:30 +0530,480765,58.5,53.2,47.39,27.49
2021-11-07 02:34:00 +0530,480766,60.3,54.8,47.52,27.47
2021-11-07 02:34:30 +0530,480767,66.6,60.9,47.46,27.49
2021-11-07 02:35:00 +0530,480768,63.8,58.4,47.52,27.49
2021-11-07 02:35:30 +0530,480769,65.9,59.9,47.52,27.49
2021-11-07 02:36:00 +0530,480770,65.7,60.0,47.49,27.49
2021-11-07 02:36:30 +0530,480771,64.2,58.6,47.49,27.49
2021-11-07 02:37:00 +0530,480772,66.5,60.6,47.49,27.5
2021-11-07 02:37:30 +0530,480773,60.1,54.8,47.56,27.46
2021-11-07 02:38:00 +0530,480774,65.3,59.4,47.49,27.47
2021-11-07 02:38:30 +0530,480775,67.1,61.2,47.52,27.46
2021-11-07 02:39:00 +0530,480776,66.0,60.2,47.46,27.47
2021-11-07 02:39:30 +0530,480777,65.5,59.8,47.32,27.49
2021-11-07 02:40:00 +0530,480778,65.6,59.8,47.39,27.49
2021-11-07 02:40:30 +0530,480779,66.6,60.7,47.39,27.5
2021-11-07 02:41:00 +0530,480780,65.6,59.9,47.39,27.51
2021-11-07 02:41:30 +0530,480781,66.9,60.9,47.39,27.51
2021-11-07 02:42:00 +0530,480782,64.9,59.2,47.42,27.5
2021-11-07 02:42:30 +0530,480783,60.8,54.9,47.49,27.49
2021-11-07 02:43:00 +0530,480784,65.2,59.5,47.42,27.5
2021-11-07 02:43:30 +0530,480785,64.5,58.8,47.39,27.5
2021-11-07 02:44:00 +0530,480786,64.7,59.1,47.39,27.51
2021-11-07 02:44:30 +0530,480787,57.1,52.0,47.46,27.5
2021-11-07 02:45:00 +0530,480788,59.4,54.1,47.52,27.47
2021-11-07 02:45:30 +0530,480789,66.2,60.5,47.49,27.5
2021-11-07 02:46:00 +0530,480790,56.5,51.6,47.52,27.47
2021-11-07 02:46:30 +0530,480791,64.8,59.0,47.32,27.5
2021-11-07 02:47:00 +0530,480792,66.2,60.4,47.32,27.5
2021-11-07 02:47:30 +0530,480793,64.8,59.3,47.22,27.51
2021-11-07 02:48:00 +0530,480794,65.7,59.6,47.32,27.52
2021-11-07 02:48:30 +0530,480795,59.8,54.6,47.35,27.51
2021-11-07 02:49:00 +0530,480796,64.7,59.1,47.15,27.52
2021-11-07 02:49:30 +0530,480797,61.0,55.7,47.15,27.51
2021-11-07 02:50:00 +0530,480798,64.7,59.0,47.02,27.52
2021-11-07 02:50:30 +0530,480799,64.5,58.6,46.96,27.52
2021-11-07 02:51:00 +0530,480800,64.3,58.6,46.92,27.53
2021-11-07 02:51:30 +0530,480801,67.1,60.3,46.79,27.53
2021-11-07 02:52:00 +0530,480802,74.1,62.8,46.82,27.53
2021-11-07 02:52:30 +0530,480803,65.4,59.4,46.82,27.53
2021-11-07 02:53:00 +0530,480804,66.1,60.3,46.82,27.54
2021-11-07 02:53:30 +0530,480805,65.8,60.2,46.79,27.54
2021-11-07 02:54:00 +0530,480806,65.9,60.1,46.72,27.54
2021-11-07 02:54:30 +0530,480807,66.0,60.1,46.65,27.54
2021-11-07 02:55:00 +0530,480808,66.2,60.4,46.65,27.54
2021-11-07 02:55:30 +0530,480809,64.0,58.3,46.59,27.54
2021-11-07 02:56:00 +0530,480810,66.2,60.4,46.62,27.54
2021-11-07 02:56:30 +0530,480811,60.0,54.4,46.72,27.52
2021-11-07 02:57:00 +0530,480812,65.3,58.9,46.72,27.5
2021-11-07 02:57:30 +0530,480813,69.2,62.8,46.69,27.5
2021-11-07 02:58:00 +0530,480814,70.5,64.1,46.59,27.51
2021-11-07 02:58:30 +0530,480815,62.9,56.4,46.79,27.5
2021-11-07 02:59:00 +0530,480816,61.3,55.9,46.89,27.47
2021-11-07 02:59:30 +0530,480817,66.8,60.7,46.79,27.5
2021-11-07 03:00:00 +0530,480818,67.4,61.3,46.69,27.51
2021-11-07 03:00:30 +0530,480819,65.5,59.4,46.59,27.51
2021-11-07 03:01:00 +0530,480820,60.2,54.6,46.69,27.5
2021-11-07 03:01:30 +0530,480821,65.7,59.9,46.65,27.51
2021-11-07 03:02:00 +0530,480822,65.5,60.0,46.65,27.52
2021-11-07 03:02:30 +0530,480823,65.2,59.3,46.59,27.53
2021-11-07 03:03:00 +0530,480824,65.3,59.0,46.52,27.53
2021-11-07 03:03:30 +0530,480825,69.3,62.1,46.65,27.53
2021-11-07 03:04:00 +0530,480826,79.0,65.0,46.65,27.53
2021-11-07 03:04:30 +0530,480827,61.8,56.1,46.69,27.51
2021-11-07 03:05:00 +0530,480828,62.1,56.1,46.69,27.5
2021-11-07 03:05:30 +0530,480829,66.7,60.6,46.59,27.5
2021-11-07 03:06:00 +0530,480830,65.8,59.8,46.62,27.52
2021-11-07 03:06:30 +0530,480831,67.8,61.4,46.72,27.52
2021-11-07 03:07:00 +0530,480832,67.1,60.7,46.69,27.53
2021-11-07 03:07:30 +0530,480833,66.0,60.1,46.62,27.54
2021-11-07 03:08:00 +0530,480834,66.7,60.6,46.62,27.54
2021-11-07 03:08:30 +0530,480835,58.9,53.7,46.62,27.52
2021-11-07 03:09:00 +0530,480836,60.2,54.8,46.62,27.52
2021-11-07 03:09:30 +0530,480837,59.4,54.0,47.06,27.34
2021-11-07 03:10:00 +0530,480838,65.8,60.1,47.0,27.38
2021-11-07 03:10:30 +0530,480839,52.6,47.8,47.03,27.39
2021-11-07 03:11:00 +0530,480840,66.1,60.2,46.9,27.41
2021-11-07 03:11:30 +0530,480841,65.4,59.8,46.79,27.45
2021-11-07 03:12:00 +0530,480842,58.6,52.9,46.86,27.45
2021-11-07 03:12:30 +0530,480843,66.6,60.5,46.69,27.46
2021-11-07 03:13:00 +0530,480844,68.0,61.8,46.89,27.49
2021-11-07 03:13:30 +0530,480845,65.5,59.5,47.22,27.5
2021-11-07 03:14:00 +0530,480846,67.2,60.9,46.92,27.5
2021-11-07 03:14:30 +0530,480847,64.3,58.7,46.72,27.5
2021-11-07 03:15:00 +0530,480848,64.4,58.8,46.65,27.5
2021-11-07 03:15:30 +0530,480849,65.3,59.6,46.65,27.49
2021-11-07 03:16:00 +0530,480850,70.2,62.7,46.92,27.5
2021-11-07 03:16:30 +0530,480851,71.0,63.2,47.22,27.49
2021-11-07 03:17:00 +0530,480852,79.7,63.7,47.46,27.47
2021-11-07 03:17:30 +0530,480853,71.9,64.4,47.46,27.45
2021-11-07 03:18:00 +0530,480854,69.2,62.2,47.35,27.44
2021-11-07 03:18:30 +0530,480855,58.0,52.8,47.57,27.41
2021-11-07 03:19:00 +0530,480856,68.8,62.0,47.6,27.4
2021-11-07 03:19:30 +0530,480857,70.1,62.8,47.86,27.39
2021-11-07 03:20:00 +0530,480858,68.4,61.5,48.0,27.38
2021-11-07 03:20:30 +0530,480859,69.6,62.6,47.97,27.37
2021-11-07 03:21:00 +0530,480860,69.4,62.2,47.7,27.35
2021-11-07 03:21:30 +0530,480861,68.7,62.2,47.5,27.35
2021-11-07 03:22:00 +0530,480862,68.4,61.6,47.5,27.35
2021-11-07 03:22:30 +0530,480863,69.2,62.4,47.3,27.34
2021-11-07 03:23:00 +0530,480864,69.6,62.7,47.06,27.35
2021-11-07 03:23:30 +0530,480865,69.6,62.4,47.13,27.35
2021-11-07 03:24:00 +0530,480866,69.1,62.2,47.17,27.36
2021-11-07 03:24:30 +0530,480867,69.7,62.3,47.2,27.35
2021-11-07 03:25:00 +0530,480868,69.7,63.0,47.33,27.36
2021-11-07 03:25:30 +0530,480869,70.1,63.3,47.17,27.37
2021-11-07 03:26:00 +0530,480870,69.9,63.3,47.1,27.36
2021-11-07 03:26:30 +0530,480871,67.8,61.1,46.86,27.37
2021-11-07 03:27:00 +0530,480872,61.4,55.4,46.86,27.35
2021-11-07 03:27:30 +0530,480873,68.6,62.1,47.06,27.34
2021-11-07 03:28:00 +0530,480874,69.7,63.3,47.0,27.35
2021-11-07 03:28:30 +0530,480875,70.0,63.7,46.86,27.36
2021-11-07 03:29:00 +0530,480876,71.0,64.2,46.9,27.37
2021-11-07 03:29:30 +0530,480877,68.9,62.5,46.86,27.38
2021-11-07 03:30:00 +0530,480878,70.7,63.5,47.13,27.39
2021-11-07 03:30:30 +0530,480879,69.8,62.7,47.3,27.39
2021-11-07 03:31:00 +0530,480880,70.9,63.8,47.23,27.4
2021-11-07 03:31:30 +0530,480881,70.2,63.7,47.06,27.4
2021-11-07 03:32:00 +0530,480882,70.2,63.5,46.9,27.41
2021-11-07 03:32:30 +0530,480883,77.2,68.8,47.0,27.41
2021-11-07 03:33:00 +0530,480884,77.7,67.2,47.3,27.42
2021-11-07 03:33:30 +0530,480885,72.4,64.9,47.2,27.42
2021-11-07 03:34:00 +0530,480886,71.7,65.0,47.03,27.43
2021-11-07 03:34:30 +0530,480887,69.6,60.3,47.3,27.4
2021-11-07 03:35:00 +0530,480888,88.4,67.8,47.44,27.41
2021-11-07 03:35:30 +0530,480889,84.9,67.9,47.6,27.41
2021-11-07 03:36:00 +0530,480890,88.9,68.9,47.7,27.42
2021-11-07 03:36:30 +0530,480891,88.3,68.2,47.63,27.42
2021-11-07 03:37:00 +0530,480892,74.0,66.2,47.4,27.41
2021-11-07 03:37:30 +0530,480893,71.0,64.2,46.96,27.41
2021-11-07 03:38:00 +0530,480894,73.4,65.5,47.33,27.4
2021-11-07 03:38:30 +0530,480895,84.1,67.9,47.63,27.4
2021-11-07 03:39:00 +0530,480896,77.2,66.9,47.63,27.39
2021-11-07 03:39:30 +0530,480897,69.8,63.1,47.37,27.39
2021-11-07 03:40:00 +0530,480898,60.9,55.0,47.37,27.36
2021-11-07 03:40:30 +0530,480899,73.8,66.1,47.54,27.36
2021-11-07 03:41:00 +0530,480900,63.7,57.0,47.57,27.35
2021-11-07 03:41:30 +0530,480901,75.5,65.7,47.13,27.34
2021-11-07 03:42:00 +0530,480902,82.5,66.7,46.9,27.34
2021-11-07 03:42:30 +0530,480903,97.8,68.7,46.93,27.34
2021-11-07 03:43:00 +0530,480904,85.5,67.3,46.83,27.35
2021-11-07 03:43:30 +0530,480905,71.7,64.2,47.0,27.35
2021-11-07 03:44:00 +0530,480906,73.3,65.4,47.17,27.36
2021-11-07 03:44:30 +0530,480907,67.0,60.3,46.76,27.35
2021-11-07 03:45:00 +0530,480908,69.8,63.1,46.67,27.35
2021-11-07 03:45:30 +0530,480909,66.7,60.2,46.6,27.31
2021-11-07 03:46:00 +0530,480910,68.6,61.9,46.57,27.3
2021-11-07 03:46:30 +0530,480911,68.0,61.2,46.64,27.28
2021-11-07 03:47:00 +0530,480912,67.8,61.3,46.64,27.28
2021-11-07 03:47:30 +0530,480913,72.0,64.9,47.11,27.28
2021-11-07 03:48:00 +0530,480914,74.8,66.6,47.54,27.28
2021-11-07 03:48:30 +0530,480915,62.9,56.7,47.5,27.26
2021-11-07 03:49:00 +0530,480916,66.2,60.4,46.77,27.26
2021-11-07 03:49:30 +0530,480917,59.6,53.2,46.74,27.23
2021-11-07 03:50:00 +0530,480918,72.3,65.2,47.04,27.24
2021-11-07 03:50:30 +0530,480919,73.5,65.4,47.44,27.26
2021-11-07 03:51:00 +0530,480920,71.2,63.9,47.41,27.26
2021-11-07 03:51:30 +0530,480921,65.9,60.1,46.57,27.26
2021-11-07 03:52:00 +0530,480922,68.1,61.6,46.51,27.28
2021-11-07 03:52:30 +0530,480923,68.7,62.1,46.54,27.28
2021-11-07 03:53:00 +0530,480924,69.8,63.3,46.86,27.28
2021-11-07 03:53:30 +0530,480925,69.2,63.0,46.9,27.29
2021-11-07 03:54:00 +0530,480926,68.4,61.9,46.76,27.31
2021-11-07 03:54:30 +0530,480927,68.4,61.9,46.57,27.32
2021-11-07 03:55:00 +0530,480928,56.9,51.4,46.47,27.3
2021-11-07 03:55:30 +0530,480929,66.8,60.9,46.1,27.31
2021-11-07 03:56:00 +0530,480930,66.4,60.3,46.1,27.34
2021-11-07 03:56:30 +0530,480931,66.3,60.1,45.93,27.35
2021-11-07 03:57:00 +0530,480932,67.9,61.2,46.33,27.37
2021-11-07 03:57:30 +0530,480933,67.0,60.5,45.99,27.37
2021-11-07 03:58:00 +0530,480934,68.4,62.5,45.77,27.39
2021-11-07 03:58:30 +0530,480935,66.0,60.1,45.73,27.37
2021-11-07 03:59:00 +0530,480936,63.0,56.4,46.03,27.32
2021-11-07 03:59:30 +0530,480937,68.3,61.7,46.06,27.32
2021-11-07 04:00:00 +0530,480938,67.4,61.1,46.1,27.34
2021-11-07 04:00:30 +0530,480939,65.3,59.6,45.83,27.34
2021-11-07 04:01:00 +0530,480940,69.1,62.5,46.47,27.35
2021-11-07 04:01:30 +0530,480941,67.0,60.8,46.1,27.35
2021-11-07 04:02:00 +0530,480942,61.1,55.6,46.06,27.32
2021-11-07 04:02:30 +0530,480943,67.2,61.1,45.96,27.31
2021-11-07 04:03:00 +0530,480944,66.8,60.9,46.13,27.32
2021-11-07 04:03:30 +0530,480945,68.8,61.9,46.26,27.32
2021-11-07 04:04:00 +0530,480946,69.1,62.4,46.7,27.32
2021-11-07 04:04:30 +0530,480947,58.9,53.6,46.41,27.29
2021-11-07 04:05:00 +0530,480948,67.9,61.8,46.83,27.31
2021-11-07 04:05:30 +0530,480949,68.4,62.3,46.53,27.31
2021-11-07 04:06:00 +0530,480950,60.5,54.4,46.67,27.3
2021-11-07 04:06:30 +0530,480951,67.3,60.9,46.57,27.3
2021-11-07 04:07:00 +0530,480952,63.1,57.4,45.96,27.3
2021-11-07 04:07:30 +0530,480953,61.5,55.9,45.8,27.3
2021-11-07 04:08:00 +0530,480954,64.6,58.4,45.77,27.3
2021-11-07 04:08:30 +0530,480955,129.7,70.3,45.99,27.3
2021-11-07 04:09:00 +0530,480956,181.6,74.7,46.33,27.3
2021-11-07 04:09:30 +0530,480957,89.2,64.6,46.6,27.31
2021-11-07 04:10:00 +0530,480958,62.5,56.2,46.9,27.3
2021-11-07 04:10:30 +0530,480959,59.3,53.7,46.41,27.28
2021-11-07 04:11:00 +0530,480960,65.7,59.6,46.4,27.3
2021-11-07 04:11:30 +0530,480961,66.9,60.3,46.7,27.31
2021-11-07 04:12:00 +0530,480962,66.1,59.9,46.43,27.32
2021-11-07 04:12:30 +0530,480963,62.5,56.9,45.8,27.32
2021-11-07 04:13:00 +0530,480964,64.3,58.4,46.03,27.32
2021-11-07 04:13:30 +0530,480965,66.0,59.8,46.7,27.32
2021-11-07 04:14:00 +0530,480966,67.3,60.7,46.9,27.34
2021-11-07 04:14:30 +0530,480967,60.4,54.8,46.9,27.3
2021-11-07 04:15:00 +0530,480968,67.3,60.5,46.6,27.3
2021-11-07 04:15:30 +0530,480969,70.6,62.9,46.57,27.31
2021-11-07 04:16:00 +0530,480970,71.7,62.2,46.6,27.32
2021-11-07 04:16:30 +0530,480971,75.7,63.9,46.64,27.32
2021-11-07 04:17:00 +0530,480972,65.2,58.6,46.13,27.34
2021-11-07 04:17:30 +0530,480973,64.4,58.1,46.13,27.34
2021-11-07 04:18:00 +0530,480974,61.0,54.7,46.81,27.17
2021-11-07 04:18:30 +0530,480975,65.0,59.1,46.47,27.21
2021-11-07 04:19:00 +0530,480976,65.1,59.1,46.81,27.24
2021-11-07 04:19:30 +0530,480977,65.4,59.1,47.07,27.26
2021-11-07 04:20:00 +0530,480978,59.9,53.5,47.11,27.24
2021-11-07 04:20:30 +0530,480979,64.8,58.8,46.54,27.25
2021-11-07 04:21:00 +0530,480980,54.2,49.1,46.14,27.22
2021-11-07 04:21:30 +0530,480981,64.7,58.7,46.64,27.23
2021-11-07 04:22:00 +0530,480982,66.6,60.2,47.04,27.24
2021-11-07 04:22:30 +0530,480983,67.8,60.8,47.28,27.25
2021-11-07 04:23:00 +0530,480984,65.9,60.0,47.04,27.24
2021-11-07 04:23:30 +0530,480985,65.2,59.0,46.91,27.24
2021-11-07 04:24:00 +0530,480986,64.2,58.2,46.41,27.24
2021-11-07 04:24:30 +0530,480987,64.8,58.9,46.6,27.24
2021-11-07 04:25:00 +0530,480988,65.7,59.8,46.67,27.23
2021-11-07 04:25:30 +0530,480989,58.6,53.7,46.67,27.21
2021-11-07 04:26:00 +0530,480990,63.6,57.7,46.11,27.21
2021-11-07 04:26:30 +0530,480991,65.3,59.3,46.01,27.22
2021-11-07 04:27:00 +0530,480992,68.0,60.6,46.28,27.22
2021-11-07 04:27:30 +0530,480993,64.9,58.8,46.04,27.22
2021-11-07 04:28:00 +0530,480994,64.6,58.6,45.77,27.22
2021-11-07 04:28:30 +0530,480995,128.9,67.8,46.24,27.22
2021-11-07 04:29:00 +0530,480996,140.1,69.9,46.54,27.21
2021-11-07 04:29:30 +0530,480997,103.3,65.7,46.67,27.2
2021-11-07 04:30:00 +0530,480998,83.2,62.2,46.77,27.19
2021-11-07 04:30:30 +0530,480999,85.2,63.8,46.74,27.17
2021-11-07 04:31:00 +0530,481000,67.3,60.0,46.47,27.17
2021-11-07 04:31:30 +0530,481001,80.5,62.8,46.47,27.17
2021-11-07 04:32:00 +0530,481002,80.4,61.4,46.6,27.17
2021-11-07 04:32:30 +0530,481003,61.3,55.3,46.84,27.14
2021-11-07 04:33:00 +0530,481004,68.1,61.3,46.6,27.14
2021-11-07 04:33:30 +0530,481005,65.9,59.2,46.64,27.13
2021-11-07 04:34:00 +0530,481006,67.3,60.4,46.74,27.13
2021-11-07 04:34:30 +0530,481007,63.8,57.8,46.41,27.13
2021-11-07 04:35:00 +0530,481008,58.2,52.8,46.38,27.11
2021-11-07 04:35:30 +0530,481009,66.3,59.6,46.77,27.11
2021-11-07 04:36:00 +0530,481010,65.2,58.4,46.87,27.12
2021-11-07 04:36:30 +0530,481011,65.1,58.8,47.41,27.1
2021-11-07 04:37:00 +0530,481012,57.0,51.4,47.08,27.06
2021-11-07 04:37:30 +0530,481013,60.5,55.1,46.38,27.06
2021-11-07 04:38:00 +0530,481014,63.4,57.3,46.88,27.06
2021-11-07 04:38:30 +0530,481015,63.3,57.4,47.02,27.05
2021-11-07 04:39:00 +0530,481016,64.7,58.2,46.85,27.04
2021-11-07 04:39:30 +0530,481017,61.0,55.4,46.38,27.02
2021-11-07 04:40:00 +0530,481018,60.7,55.4,46.31,27.01
2021-11-07 04:40:30 +0530,481019,55.0,49.9,46.65,26.99
2021-11-07 04:41:00 +0530,481020,62.3,56.7,46.55,26.99
2021-11-07 04:41:30 +0530,481021,60.9,55.2,46.31,27.0
2021-11-07 04:42:00 +0530,481022,61.7,56.2,46.35,27.0
2021-11-07 04:42:30 +0530,481023,57.7,52.6,46.61,26.98
2021-11-07 04:43:00 +0530,481024,59.3,53.9,46.22,26.99
2021-11-07 04:43:30 +0530,481025,53.1,47.4,46.12,26.98
2021-11-07 04:44:00 +0530,481026,59.6,54.1,46.48,26.98
2021-11-07 04:44:30 +0530,481027,53.0,47.8,46.51,26.97
2021-11-07 04:45:00 +0530,481028,57.9,52.8,46.19,26.99
2021-11-07 04:45:30 +0530,481029,59.8,53.9,46.38,27.0
2021-11-07 04:46:00 +0530,481030,61.2,55.3,46.38,27.01
2021-11-07 04:46:30 +0530,481031,59.7,54.2,46.19,27.02
2021-11-07 04:47:00 +0530,481032,52.6,48.0,46.08,27.0
2021-11-07 04:47:30 +0530,481033,59.2,54.0,46.02,27.0
2021-11-07 04:48:00 +0530,481034,58.8,53.6,45.95,27.01
2021-11-07 04:48:30 +0530,481035,60.2,54.1,46.51,27.01
2021-11-07 04:49:00 +0530,481036,52.4,47.4,46.25,26.99
2021-11-07 04:49:30 +0530,481037,60.9,55.3,46.48,26.99
2021-11-07 04:50:00 +0530,481038,59.4,53.4,46.55,26.98
2021-11-07 04:50:30 +0530,481039,60.1,54.3,46.85,26.98
2021-11-07 04:51:00 +0530,481040,57.6,52.4,46.82,26.97
2021-11-07 04:51:30 +0530,481041,57.0,51.9,46.12,26.97
2021-11-07 04:52:00 +0530,481042,53.0,48.2,46.35,26.95
2021-11-07 04:52:30 +0530,481043,61.3,54.7,46.55,26.95
2021-11-07 04:53:00 +0530,481044,58.6,52.8,46.19,26.96
2021-11-07 04:53:30 +0530,481045,58.9,53.2,46.19,26.96
2021-11-07 04:54:00 +0530,481046,59.1,53.2,45.95,26.97
2021-11-07 04:54:30 +0530,481047,58.2,52.3,45.81,26.96
2021-11-07 04:55:00 +0530,481048,65.0,48.7,45.95,26.94
2021-11-07 04:55:30 +0530,481049,63.0,56.4,46.65,26.93
2021-11-07 04:56:00 +0530,481050,58.5,52.9,46.45,26.93
2021-11-07 04:56:30 +0530,481051,60.4,54.3,46.51,26.93
2021-11-07 04:57:00 +0530,481052,56.6,51.0,46.22,26.93
2021-11-07 04:57:30 +0530,481053,57.7,52.3,46.08,26.93
2021-11-07 04:58:00 +0530,481054,59.5,54.2,45.88,26.94
2021-11-07 04:58:30 +0530,481055,56.6,51.6,45.81,26.95
2021-11-07 04:59:00 +0530,481056,58.2,52.7,45.88,26.95
2021-11-07 04:59:30 +0530,481057,51.4,46.4,46.02,26.93
2021-11-07 05:00:00 +0530,481058,58.8,53.0,46.41,26.94
2021-11-07 05:00:30 +0530,481059,58.9,53.2,46.58,26.94
2021-11-07 05:01:00 +0530,481060,55.9,50.8,45.98,26.94
2021-11-07 05:01:30 +0530,481061,58.2,52.5,46.08,26.94
2021-11-07 05:02:00 +0530,481062,57.5,52.2,45.95,26.94
2021-11-07 05:02:30 +0530,481063,58.6,52.9,46.08,26.94
2021-11-07 05:03:00 +0530,481064,57.2,51.9,45.98,26.94
2021-11-07 05:03:30 +0530,481065,56.2,51.1,45.81,26.95
2021-11-07 05:04:00 +0530,481066,58.6,53.1,46.12,26.95
2021-11-07 05:04:30 +0530,481067,56.9,51.9,45.88,26.96
2021-11-07 05:05:00 +0530,481068,57.1,51.8,46.02,26.96
2021-11-07 05:05:30 +0530,481069,56.5,51.1,46.02,26.96
2021-11-07 05:06:00 +0530,481070,54.1,48.9,46.08,26.94
2021-11-07 05:06:30 +0530,481071,55.5,50.0,46.09,26.93
2021-11-07 05:07:00 +0530,481072,60.8,54.5,46.02,26.94
2021-11-07 05:07:30 +0530,481073,380.4,107.9,46.31,26.95
2021-11-07 05:08:00 +0530,481074,92.1,61.2,46.85,26.96
2021-11-07 05:08:30 +0530,481075,74.6,57.7,46.98,26.96
2021-11-07 05:09:00 +0530,481076,63.3,56.0,46.95,26.95
2021-11-07 05:09:30 +0530,481077,60.7,54.3,46.58,26.94
2021-11-07 05:10:00 +0530,481078,59.4,53.6,46.19,26.94
2021-11-07 05:10:30 +0530,481079,58.0,52.2,45.95,26.94
2021-11-07 05:11:00 +0530,481080,58.6,52.6,45.81,26.94
2021-11-07 05:11:30 +0530,481081,60.2,53.6,46.41,26.94
2021-11-07 05:12:00 +0530,481082,60.4,54.1,46.45,26.94
2021-11-07 05:12:30 +0530,481083,54.4,49.1,46.83,26.92
2021-11-07 05:13:00 +0530,481084,59.2,53.5,46.56,26.91
2021-11-07 05:13:30 +0530,481085,57.9,52.6,45.93,26.9
2021-11-07 05:14:00 +0530,481086,59.8,54.1,46.32,26.91
2021-11-07 05:14:30 +0530,481087,59.4,53.3,46.79,26.9
2021-11-07 05:15:00 +0530,481088,59.7,53.4,47.09,26.89
2021-11-07 05:15:30 +0530,481089,57.9,52.3,46.96,26.86
2021-11-07 05:16:00 +0530,481090,57.9,52.3,46.96,26.86
2021-11-07 05:16:30 +0530,481091,59.9,53.4,47.09,26.76
2021-11-07 05:17:00 +0530,481092,62.4,55.8,47.36,26.77
2021-11-07 05:17:30 +0530,481093,64.1,57.2,47.79,26.78
2021-11-07 05:18:00 +0530,481094,52.8,47.7,47.86,26.76
2021-11-07 05:18:30 +0530,481095,56.6,50.7,47.96,26.72
2021-11-07 05:19:00 +0530,481096,60.9,54.7,48.06,26.72
2021-11-07 05:19:30 +0530,481097,61.2,54.9,48.06,26.72
2021-11-07 05:20:00 +0530,481098,58.6,52.6,48.14,26.6
2021-11-07 05:20:30 +0530,481099,62.0,55.9,47.67,26.61
2021-11-07 05:21:00 +0530,481100,61.8,55.6,48.03,26.62
2021-11-07 05:21:30 +0530,481101,61.7,55.6,47.76,26.63
2021-11-07 05:22:00 +0530,481102,60.3,54.8,47.57,26.64
2021-11-07 05:22:30 +0530,481103,59.8,54.2,48.03,26.63
2021-11-07 05:23:00 +0530,481104,62.7,56.4,48.1,26.64
2021-11-07 05:23:30 +0530,481105,60.1,54.4,48.1,26.64
2021-11-07 05:24:00 +0530,481106,60.9,55.0,48.16,26.63
2021-11-07 05:24:30 +0530,481107,60.8,54.9,48.27,26.62
2021-11-07 05:25:00 +0530,481108,61.2,55.6,48.16,26.61
2021-11-07 05:25:30 +0530,481109,60.9,55.4,48.16,26.61
2021-11-07 05:26:00 +0530,481110,60.7,55.3,48.33,26.6
2021-11-07 05:26:30 +0530,481111,55.0,49.9,48.31,26.57
2021-11-07 05:27:00 +0530,481112,60.9,55.2,48.27,26.56
2021-11-07 05:27:30 +0530,481113,62.6,56.8,48.31,26.56
2021-11-07 05:28:00 +0530,481114,61.8,55.8,48.37,26.54
2021-11-07 05:28:30 +0530,481115,60.6,54.8,48.6,26.54
2021-11-07 05:29:00 +0530,481116,60.8,55.6,48.7,26.53
2021-11-07 05:29:30 +0530,481117,61.4,55.8,48.64,26.51
2021-11-07 05:30:00 +0530,481118,61.9,56.1,48.7,26.5
2021-11-07 05:30:30 +0530,481119,62.1,55.9,48.53,26.48
2021-11-07 05:31:00 +0530,481120,61.9,55.8,48.6,26.47
2021-11-07 05:31:30 +0530,481121,57.6,51.6,48.21,26.41
2021-11-07 05:32:00 +0530,481122,61.5,55.8,48.47,26.42
2021-11-07 05:32:30 +0530,481123,62.4,56.2,48.67,26.42
2021-11-07 05:33:00 +0530,481124,63.1,56.7,48.94,26.41
2021-11-07 05:33:30 +0530,481125,64.8,57.9,48.91,26.4
2021-11-07 05:34:00 +0530,481126,64.7,57.9,48.85,26.38
2021-11-07 05:34:30 +0530,481127,62.6,56.2,48.89,26.36
2021-11-07 05:35:00 +0530,481128,69.9,58.4,49.02,26.35
2021-11-07 05:35:30 +0530,481129,99.0,62.1,49.08,26.34
2021-11-07 05:36:00 +0530,481130,104.7,63.3,49.11,26.32
2021-11-07 05:36:30 +0530,481131,121.4,59.0,49.21,26.27
2021-11-07 05:37:00 +0530,481132,112.6,63.2,49.35,26.25
2021-11-07 05:37:30 +0530,481133,139.4,66.6,49.39,26.25
2021-11-07 05:38:00 +0530,481134,187.7,72.7,49.46,26.24
2021-11-07 05:38:30 +0530,481135,223.3,76.6,49.52,26.22
2021-11-07 05:39:00 +0530,481136,194.2,72.2,49.66,26.19
2021-11-07 05:39:30 +0530,481137,127.8,60.1,49.82,26.13
2021-11-07 05:40:00 +0530,481138,113.2,63.3,49.79,26.11
2021-11-07 05:40:30 +0530,481139,120.4,66.9,49.92,26.08
2021-11-07 05:41:00 +0530,481140,120.0,66.9,49.69,26.06
2021-11-07 05:41:30 +0530,481141,113.3,65.4,49.69,26.04
2021-11-07 05:42:00 +0530,481142,98.1,64.8,49.83,26.03
2021-11-07 05:42:30 +0530,481143,65.3,51.3,49.9,25.99
2021-11-07 05:43:00 +0530,481144,74.4,59.6,49.23,25.97
2021-11-07 05:43:30 +0530,481145,92.3,62.6,49.6,25.97
2021-11-07 05:44:00 +0530,481146,111.5,64.7,49.76,25.96
2021-11-07 05:44:30 +0530,481147,103.1,64.3,49.86,25.96
2021-11-07 05:45:00 +0530,481148,101.1,63.4,49.86,25.95
2021-11-07 05:45:30 +0530,481149,99.0,62.9,49.79,25.95
2021-11-07 05:46:00 +0530,481150,87.5,62.9,49.9,25.94
2021-11-07 05:46:30 +0530,481151,85.2,62.2,49.69,25.94
2021-11-07 05:47:00 +0530,481152,91.0,61.8,49.63,25.94
2021-11-07 05:47:30 +0530,481153,322.6,94.7,49.56,25.93
2021-11-07 05:48:00 +0530,481154,399.6,105.7,49.76,25.94
2021-11-07 05:48:30 +0530,481155,92.1,63.6,49.79,25.94
2021-11-07 05:49:00 +0530,481156,111.2,65.9,49.69,25.94
2021-11-07 05:49:30 +0530,481157,356.5,100.1,49.79,25.95
2021-11-07 05:50:00 +0530,481158,244.9,79.7,49.79,25.93
2021-11-07 05:50:30 +0530,481159,303.4,91.2,49.86,25.93
2021-11-07 05:51:00 +0530,481160,255.5,81.9,49.6,25.93
2021-11-07 05:51:30 +0530,481161,341.1,94.6,49.9,25.94
2021-11-07 05:52:00 +0530,481162,297.7,86.1,50.0,25.94
2021-11-07 05:52:30 +0530,481163,226.2,75.7,50.06,25.93
2021-11-07 05:53:00 +0530,481164,155.8,69.3,50.06,25.93
2021-11-07 05:53:30 +0530,481165,145.3,69.7,50.06,25.93
2021-11-07 05:54:00 +0530,481166,145.4,69.8,49.96,25.92
2021-11-07 05:54:30 +0530,481167,95.9,61.4,49.96,25.93
2021-11-07 05:55:00 +0530,481168,88.7,62.6,49.79,25.93
2021-11-07 05:55:30 +0530,481169,78.6,61.4,49.56,25.93
2021-11-07 05:56:00 +0530,481170,107.0,65.7,49.03,25.93
2021-11-07 05:56:30 +0530,481171,319.1,92.4,49.37,25.94
2021-11-07 05:57:00 +0530,481172,255.0,81.8,49.0,25.95
2021-11-07 05:57:30 +0530,481173,136.7,66.8,48.5,25.96
2021-11-07 05:58:00 +0530,481174,182.3,74.9,48.93,26.01
2021-11-07 05:58:30 +0530,481175,223.4,78.7,49.27,25.98
2021-11-07 05:59:00 +0530,481176,246.1,78.8,49.06,25.98
2021-11-07 05:59:30 +0530,481177,192.2,73.7,48.9,26.01
2021-11-07 06:00:00 +0530,481178,210.6,79.6,49.37,26.01
2021-11-07 06:00:30 +0530,481179,227.7,81.9,49.33,26.02
2021-11-07 06:01:00 +0530,481180,163.2,71.8,49.4,26.03
2021-11-07 06:01:30 +0530,481181,193.4,78.2,49.44,26.03
2021-11-07 06:02:00 +0530,481182,153.0,70.3,48.86,26.04
2021-11-07 06:02:30 +0530,481183,95.5,55.5,48.83,26.02
2021-11-07 06:03:00 +0530,481184,95.0,64.2,48.73,26.03
2021-11-07 06:03:30 +0530,481185,186.3,75.6,49.1,26.04
2021-11-07 06:04:00 +0530,481186,145.1,68.8,48.93,26.05
2021-11-07 06:04:30 +0530,481187,121.4,66.4,48.4,26.05
2021-11-07 06:05:00 +0530,481188,212.5,76.3,48.76,26.06
2021-11-07 06:05:30 +0530,481189,214.2,76.9,48.96,26.07
2021-11-07 06:06:00 +0530,481190,68.8,58.7,48.44,26.06
2021-11-07 06:06:30 +0530,481191,83.5,64.4,48.3,26.07
2021-11-07 06:07:00 +0530,481192,94.1,62.9,48.66,26.08
2021-11-07 06:07:30 +0530,481193,89.5,63.6,48.59,26.1
2021-11-07 06:08:00 +0530,481194,78.9,62.1,48.53,26.11
2021-11-07 06:08:30 +0530,481195,72.6,62.2,48.12,26.13
2021-11-07 06:09:00 +0530,481196,80.4,61.9,48.09,26.16
2021-11-07 06:09:30 +0530,481197,89.2,58.9,48.49,26.13
2021-11-07 06:10:00 +0530,481198,85.3,63.2,48.33,26.15
2021-11-07 06:10:30 +0530,481199,71.6,60.9,48.06,26.17
2021-11-07 06:11:00 +0530,481200,79.4,62.1,47.92,26.19
2021-11-07 06:11:30 +0530,481201,79.0,62.2,47.92,26.19
2021-11-07 06:12:00 +0530,481202,70.9,57.5,48.29,26.1
2021-11-07 06:12:30 +0530,481203,68.6,61.2,48.02,26.11
2021-11-07 06:13:00 +0530,481204,67.4,60.2,47.99,26.13
2021-11-07 06:13:30 +0530,481205,64.4,52.4,48.26,26.13
2021-11-07 06:14:00 +0530,481206,65.9,59.2,48.02,26.16
2021-11-07 06:14:30 +0530,481207,67.3,60.3,48.46,26.17
2021-11-07 06:15:00 +0530,481208,66.9,60.3,48.76,26.17
2021-11-07 06:15:30 +0530,481209,63.7,54.7,49.02,26.15
2021-11-07 06:16:00 +0530,481210,66.9,60.1,49.15,26.16
2021-11-07 06:16:30 +0530,481211,65.6,59.1,49.32,26.15
2021-11-07 06:17:00 +0530,481212,66.1,59.4,49.15,26.15
2021-11-07 06:17:30 +0530,481213,68.8,61.7,49.39,26.15
2021-11-07 06:18:00 +0530,481214,59.9,54.2,49.42,26.11
2021-11-07 06:18:30 +0530,481215,62.4,55.9,49.42,26.11
2021-11-07 06:19:00 +0530,481216,64.0,57.6,49.3,25.99
2021-11-07 06:19:30 +0530,481217,68.7,61.4,49.03,26.02
2021-11-07 06:20:00 +0530,481218,68.8,61.9,48.73,26.04
2021-11-07 06:20:30 +0530,481219,68.5,61.7,48.63,26.05
2021-11-07 06:21:00 +0530,481220,68.8,61.9,48.6,26.06
2021-11-07 06:21:30 +0530,481221,69.7,62.6,48.59,26.07
2021-11-07 06:22:00 +0530,481222,69.7,62.6,48.59,26.07
2021-11-07 06:22:30 +0530,481223,69.1,62.1,48.56,26.09
2021-11-07 06:23:00 +0530,481224,69.6,62.1,48.46,26.1
2021-11-07 06:23:30 +0530,481225,68.0,61.1,48.46,26.1
2021-11-07 06:24:00 +0530,481226,68.9,61.6,48.53,26.12
2021-11-07 06:24:30 +0530,481227,67.9,60.8,48.36,26.12
2021-11-07 06:25:00 +0530,481228,71.8,63.2,48.39,26.13
2021-11-07 06:25:30 +0530,481229,71.3,63.9,48.29,26.16
2021-11-07 06:26:00 +0530,481230,71.8,64.1,48.22,26.16
2021-11-07 06:26:30 +0530,481231,72.3,64.1,48.22,26.17
2021-11-07 06:27:00 +0530,481232,68.9,61.5,48.33,26.16
2021-11-07 06:27:30 +0530,481233,74.0,66.1,48.22,26.17
2021-11-07 06:28:00 +0530,481234,75.5,67.4,48.19,26.18
2021-11-07 06:28:30 +0530,481235,74.4,66.7,48.12,26.2
2021-11-07 06:29:00 +0530,481236,74.4,61.2,48.26,26.18
2021-11-07 06:29:30 +0530,481237,75.1,67.3,48.19,26.2
2021-11-07 06:30:00 +0530,481238,76.7,68.8,48.19,26.21
2021-11-07 06:30:30 +0530,481239,82.5,61.5,48.36,26.2
2021-11-07 06:31:00 +0530,481240,78.9,70.8,48.33,26.21
2021-11-07 06:31:30 +0530,481241,80.1,71.7,48.59,26.22
2021-11-07 06:32:00 +0530,481242,79.9,71.7,48.46,26.23
2021-11-07 06:32:30 +0530,481243,76.2,68.1,48.46,26.21
2021-11-07 06:33:00 +0530,481244,78.8,70.6,48.82,26.22
2021-11-07 06:33:30 +0530,481245,85.0,76.1,48.66,26.23
2021-11-07 06:34:00 +0530,481246,83.9,75.3,48.53,26.24
2021-11-07 06:34:30 +0530,481247,88.5,79.1,48.46,26.24
2021-11-07 06:35:00 +0530,481248,87.5,78.9,48.43,26.24
2021-11-07 06:35:30 +0530,481249,84.2,74.2,48.53,26.21
2021-11-07 06:36:00 +0530,481250,90.1,80.6,48.63,26.22
2021-11-07 06:36:30 +0530,481251,92.6,83.1,48.66,26.21
2021-11-07 06:37:00 +0530,481252,91.2,82.3,48.66,26.22
2021-11-07 06:37:30 +0530,481253,90.8,81.8,48.66,26.21
2021-11-07 06:38:00 +0530,481254,89.0,80.1,48.66,26.22
2021-11-07 06:38:30 +0530,481255,87.9,79.1,48.66,26.21
2021-11-07 06:39:00 +0530,481256,88.7,79.3,48.82,26.22
2021-11-07 06:39:30 +0530,481257,89.9,80.8,48.76,26.21
2021-11-07 06:40:00 +0530,481258,81.2,72.8,48.86,26.17
2021-11-07 06:40:30 +0530,481259,81.5,72.7,48.99,26.16
2021-11-07 06:41:00 +0530,481260,87.4,78.6,49.02,26.16
2021-11-07 06:41:30 +0530,481261,86.8,77.9,48.95,26.16
2021-11-07 06:42:00 +0530,481262,83.9,75.6,48.95,26.16
2021-11-07 06:42:30 +0530,481263,85.7,76.7,48.95,26.16
2021-11-07 06:43:00 +0530,481264,84.0,75.5,48.95,26.17
2021-11-07 06:43:30 +0530,481265,84.1,75.5,49.02,26.16
2021-11-07 06:44:00 +0530,481266,85.8,76.9,49.02,26.17
2021-11-07 06:44:30 +0530,481267,86.0,76.9,49.02,26.17
2021-11-07 06:45:00 +0530,481268,83.4,74.9,49.05,26.17
2021-11-07 06:45:30 +0530,481269,81.9,73.8,49.05,26.18
2021-11-07 06:46:00 +0530,481270,84.4,75.8,49.02,26.18
2021-11-07 06:46:30 +0530,481271,85.2,76.2,49.15,26.18
2021-11-07 06:47:00 +0530,481272,85.5,76.8,49.12,26.18
2021-11-07 06:47:30 +0530,481273,85.6,76.9,49.12,26.18
2021-11-07 06:48:00 +0530,481274,85.5,76.7,49.15,26.18
2021-11-07 06:48:30 +0530,481275,87.1,78.0,49.15,26.19
2021-11-07 06:49:00 +0530,481276,87.2,78.5,49.15,26.2
2021-11-07 06:49:30 +0530,481277,79.7,71.5,49.32,26.19
2021-11-07 06:50:00 +0530,481278,80.8,72.4,49.39,26.18
2021-11-07 06:50:30 +0530,481279,92.1,82.1,49.39,26.19
2021-11-07 06:51:00 +0530,481280,123.2,76.7,49.46,26.19
2021-11-07 06:51:30 +0530,481281,88.2,78.7,49.73,26.21
2021-11-07 06:52:00 +0530,481282,91.8,82.6,49.56,26.22
2021-11-07 06:52:30 +0530,481283,93.6,83.8,49.42,26.23
2021-11-07 06:53:00 +0530,481284,98.4,88.4,49.32,26.25
2021-11-07 06:53:30 +0530,481285,95.0,85.6,49.28,26.25
2021-11-07 06:54:00 +0530,481286,97.0,87.7,49.21,26.26
2021-11-07 06:54:30 +0530,481287,96.9,87.2,49.28,26.28
2021-11-07 06:55:00 +0530,481288,101.4,91.4,49.18,26.3
2021-11-07 06:56:00 +0530,481290,101.5,91.2,49.18,26.33
2021-11-07 06:56:30 +0530,481291,100.9,90.7,49.18,26.34
2021-11-07 06:57:00 +0530,481292,100.1,89.7,49.11,26.36
2021-11-07 06:57:30 +0530,481289,99.8,89.4,49.11,26.36
2021-11-07 06:58:00 +0530,481293,89.0,79.9,49.46,26.23
2021-11-07 06:58:30 +0530,481294,103.6,93.2,49.52,26.25
2021-11-07 06:59:00 +0530,481295,109.3,98.3,49.38,26.3
2021-11-07 06:59:30 +0530,481296,107.7,96.9,49.31,26.35
2021-11-07 07:00:00 +0530,481297,104.3,93.9,49.18,26.39
2021-11-07 07:00:30 +0530,481298,103.6,93.1,49.14,26.41
2021-11-07 07:01:00 +0530,481299,104.8,94.6,49.07,26.45
2021-11-07 07:01:30 +0530,481300,97.2,87.5,49.14,26.45
2021-11-07 07:02:00 +0530,481301,104.0,93.6,49.04,26.47
2021-11-07 07:02:30 +0530,481302,98.8,89.4,48.97,26.48
2021-11-07 07:03:00 +0530,481303,100.8,90.9,48.94,26.5
2021-11-07 07:03:30 +0530,481304,100.3,90.2,48.97,26.52
2021-11-07 07:04:00 +0530,481305,97.2,87.3,48.87,26.54
2021-11-07 07:04:30 +0530,481306,96.1,87.2,48.8,26.55
2021-11-07 07:05:00 +0530,481307,81.9,73.6,48.87,26.54
2021-11-07 07:05:30 +0530,481308,93.7,84.6,48.84,26.56
2021-11-07 07:06:00 +0530,481309,92.9,83.6,48.84,26.57
2021-11-07 07:06:30 +0530,481310,90.7,81.3,48.8,26.6
2021-11-07 07:07:00 +0530,481311,86.4,77.8,48.66,26.61
2021-11-07 07:07:30 +0530,481312,80.0,71.2,48.8,26.6
2021-11-07 07:08:00 +0530,481313,79.4,71.6,48.84,26.58
2021-11-07 07:08:30 +0530,481314,93.1,83.8,48.9,26.61
2021-11-07 07:09:00 +0530,481315,85.9,77.2,48.84,26.6
2021-11-07 07:09:30 +0530,481316,93.7,84.4,48.86,26.62
2021-11-07 07:10:00 +0530,481317,95.3,85.8,48.86,26.65
2021-11-07 07:10:30 +0530,481318,95.4,86.2,48.86,26.65
2021-11-07 07:11:00 +0530,481319,76.9,69.7,48.96,26.65
2021-11-07 07:11:30 +0530,481320,94.4,84.9,48.9,26.65
2021-11-07 07:12:00 +0530,481321,90.5,81.6,48.93,26.66
2021-11-07 07:12:30 +0530,481322,89.7,80.8,48.8,26.68
2021-11-07 07:13:00 +0530,481323,90.3,81.3,48.73,26.7
2021-11-07 07:13:30 +0530,481324,79.3,71.7,48.86,26.68
2021-11-07 07:14:00 +0530,481325,77.8,70.5,48.93,26.68
2021-11-07 07:14:30 +0530,481326,88.1,79.4,48.86,26.7
2021-11-07 07:15:00 +0530,481327,80.7,72.8,48.63,26.72
2021-11-07 07:15:30 +0530,481328,79.2,71.1,48.63,26.75
2021-11-07 07:16:00 +0530,481329,81.7,73.1,48.63,26.77
2021-11-07 07:16:30 +0530,481330,80.1,71.4,48.56,26.77
2021-11-07 07:17:00 +0530,481331,78.2,69.6,48.59,26.77
2021-11-07 07:17:30 +0530,481332,78.2,69.9,48.59,26.77
2021-11-07 07:18:00 +0530,481333,77.1,68.9,49.16,26.63
2021-11-07 07:18:30 +0530,481334,86.4,77.1,49.0,26.66
2021-11-07 07:19:00 +0530,481335,76.1,67.0,49.03,26.68
2021-11-07 07:19:30 +0530,481336,78.4,69.8,49.0,26.69
2021-11-07 07:20:00 +0530,481337,81.0,72.7,48.8,26.73
2021-11-07 07:20:30 +0530,481338,82.2,73.5,48.76,26.77
2021-11-07 07:21:00 +0530,481339,83.7,74.8,48.73,26.8
2021-11-07 07:21:30 +0530,481340,83.1,74.1,48.63,26.83
2021-11-07 07:22:00 +0530,481341,83.1,74.1,48.63,26.83
2021-11-07 07:22:30 +0530,481342,73.7,65.7,49.1,26.68
2021-11-07 07:23:00 +0530,481343,82.5,74.1,49.06,26.75
2021-11-07 07:23:30 +0530,481344,72.7,65.7,49.09,26.78
2021-11-07 07:24:00 +0530,481345,85.8,76.6,49.25,26.82
2021-11-07 07:24:30 +0530,481346,80.5,72.1,49.12,26.85
2021-11-07 07:25:00 +0530,481347,79.8,71.4,48.89,26.89
2021-11-07 07:25:30 +0530,481348,80.1,71.6,48.89,26.91
2021-11-07 07:26:00 +0530,481349,79.5,71.2,48.86,26.91
2021-11-07 07:26:30 +0530,481350,77.1,69.6,48.89,26.93
2021-11-07 07:27:00 +0530,481351,80.0,71.6,48.89,26.94
2021-11-07 07:27:30 +0530,481352,77.0,69.0,48.89,26.94
2021-11-07 07:28:00 +0530,481353,75.8,68.1,49.02,26.96
2021-11-07 07:28:30 +0530,481354,74.9,67.3,48.79,26.96
2021-11-07 07:29:00 +0530,481355,75.9,67.9,48.72,26.98
2021-11-07 07:29:30 +0530,481356,68.3,61.3,48.89,26.96
2021-11-07 07:30:00 +0530,481357,72.3,64.8,48.58,26.97
2021-11-07 07:30:30 +0530,481358,72.0,65.2,48.48,26.98
2021-11-07 07:31:00 +0530,481359,73.9,66.3,48.65,26.98
2021-11-07 07:31:30 +0530,481360,72.6,65.6,48.79,27.0
2021-11-07 07:32:00 +0530,481361,73.2,65.7,48.95,27.01
2021-11-07 07:32:30 +0530,481362,69.8,63.0,48.68,27.04
2021-11-07 07:33:00 +0530,481363,70.8,63.7,48.79,27.02
2021-11-07 07:33:30 +0530,481364,70.4,63.3,48.92,27.05
2021-11-07 07:34:00 +0530,481365,71.0,63.7,48.92,27.05
2021-11-07 07:34:30 +0530,481366,65.8,59.1,48.92,26.95
2021-11-07 07:35:00 +0530,481367,69.0,62.2,48.68,26.98
2021-11-07 07:35:30 +0530,481368,69.1,62.5,48.62,27.0
2021-11-07 07:36:00 +0530,481369,68.8,62.3,48.62,27.02
2021-11-07 07:36:30 +0530,481370,70.5,63.3,48.65,27.05
2021-11-07 07:37:00 +0530,481371,71.1,63.8,48.68,27.06
2021-11-07 07:37:30 +0530,481372,68.1,61.3,48.45,27.08
2021-11-07 07:38:00 +0530,481373,70.5,63.5,48.55,27.08
2021-11-07 07:38:30 +0530,481374,66.6,59.8,48.79,27.07
2021-11-07 07:39:00 +0530,481375,71.7,64.3,49.02,27.09
2021-11-07 07:39:30 +0530,481376,72.9,65.3,48.81,27.12
2021-11-07 07:40:00 +0530,481377,72.3,64.8,48.71,27.12
2021-11-07 07:40:30 +0530,481378,68.3,61.6,48.61,27.13
2021-11-07 07:41:00 +0530,481379,71.8,64.1,48.64,27.14
2021-11-07 07:41:30 +0530,481380,72.6,65.1,48.57,27.15
2021-11-07 07:42:00 +0530,481381,70.6,63.7,48.24,27.15
2021-11-07 07:42:30 +0530,481382,67.5,60.2,48.41,27.14
2021-11-07 07:43:00 +0530,481383,72.3,65.1,48.41,27.13
2021-11-07 07:43:30 +0530,481384,72.5,65.3,48.61,27.14
2021-11-07 07:44:00 +0530,481385,70.9,63.7,48.64,27.14
2021-11-07 07:44:30 +0530,481386,69.7,63.3,48.41,27.16
2021-11-07 07:45:00 +0530,481387,71.2,64.2,48.44,27.16
2021-11-07 07:45:30 +0530,481388,73.8,66.2,48.28,27.17
2021-11-07 07:46:00 +0530,481389,71.9,64.2,48.21,27.19
2021-11-07 07:46:30 +0530,481390,68.8,61.7,47.84,27.2
2021-11-07 07:47:00 +0530,481391,67.4,61.2,47.81,27.2
2021-11-07 07:47:30 +0530,481392,66.8,60.4,47.67,27.2
2021-11-07 07:48:00 +0530,481393,67.8,61.3,47.6,27.19
2021-11-07 07:48:30 +0530,481394,66.3,59.7,47.81,27.2
2021-11-07 07:49:00 +0530,481395,61.7,55.9,47.87,27.17
2021-11-07 07:49:30 +0530,481396,67.9,60.9,47.74,27.17
2021-11-07 07:50:00 +0530,481397,67.0,60.6,47.6,27.2
2021-11-07 07:50:30 +0530,481398,68.3,60.9,47.6,27.21
2021-11-07 07:51:00 +0530,481399,68.1,60.8,47.74,27.23
2021-11-07 07:51:30 +0530,481400,67.2,60.6,47.64,27.24
2021-11-07 07:52:00 +0530,481401,66.7,59.9,47.5,27.27
2021-11-07 07:52:30 +0530,481402,67.9,61.3,47.57,27.3
2021-11-07 07:53:00 +0530,481403,66.2,59.5,47.23,27.32
2021-11-07 07:53:30 +0530,481404,66.9,60.2,47.3,27.34
2021-11-07 07:54:00 +0530,481405,64.5,58.5,47.23,27.35
2021-11-07 07:54:30 +0530,481406,65.2,59.0,47.13,27.36
2021-11-07 07:55:00 +0530,481407,63.7,57.6,47.0,27.38
2021-11-07 07:55:30 +0530,481408,60.5,51.7,47.13,27.37
2021-11-07 07:56:00 +0530,481409,66.4,59.2,47.2,27.38
2021-11-07 07:56:30 +0530,481410,66.0,59.4,46.9,27.39
2021-11-07 07:57:00 +0530,481411,57.5,52.2,47.1,27.39
2021-11-07 07:57:30 +0530,481412,67.1,60.0,47.1,27.41
2021-11-07 07:58:00 +0530,481413,65.9,59.7,46.99,27.44
2021-11-07 07:58:30 +0530,481414,68.9,62.2,47.05,27.46
2021-11-07 07:59:00 +0530,481415,63.1,56.7,47.12,27.47
2021-11-07 07:59:30 +0530,481416,68.1,60.9,47.02,27.51
2021-11-07 08:00:00 +0530,481417,66.2,59.3,47.02,27.54
2021-11-07 08:00:30 +0530,481418,67.5,60.4,46.92,27.58
2021-11-07 08:01:00 +0530,481419,68.7,61.9,46.82,27.61
2021-11-07 08:01:30 +0530,481420,66.7,60.1,46.95,27.64
2021-11-07 08:02:00 +0530,481421,67.7,61.1,46.91,27.67
2021-11-07 08:02:30 +0530,481422,68.5,61.4,46.95,27.7
2021-11-07 08:03:00 +0530,481423,68.3,61.3,46.71,27.73
2021-11-07 08:03:30 +0530,481424,67.6,60.8,46.71,27.73
2021-11-07 08:04:00 +0530,481425,63.0,56.3,47.18,27.66
2021-11-07 08:04:30 +0530,481426,68.2,61.3,46.61,27.71
2021-11-07 08:05:00 +0530,481427,68.5,61.7,46.38,27.75
2021-11-07 08:05:30 +0530,481428,70.2,62.9,46.13,27.81
2021-11-07 08:06:00 +0530,481429,68.6,61.7,45.67,27.86
2021-11-07 08:06:30 +0530,481430,68.2,61.2,45.37,27.9
2021-11-07 08:07:00 +0530,481431,67.1,60.6,45.43,27.94
2021-11-07 08:07:30 +0530,481432,69.3,62.4,45.39,27.97
2021-11-07 08:08:00 +0530,481433,68.8,61.8,45.62,28.01
2021-11-07 08:08:30 +0530,481434,68.1,61.5,45.29,28.04
2021-11-07 08:09:00 +0530,481435,61.2,54.9,45.25,28.06
2021-11-07 08:09:30 +0530,481436,67.7,61.2,45.19,28.11
2021-11-07 08:10:00 +0530,481437,68.8,61.9,45.11,28.13
2021-11-07 08:10:30 +0530,481438,67.6,61.1,45.15,28.17
2021-11-07 08:11:00 +0530,481439,57.7,52.4,44.98,28.18
2021-11-07 08:11:30 +0530,481440,67.1,60.6,44.81,28.2
2021-11-07 08:12:00 +0530,481441,69.6,62.8,44.67,28.24
2021-11-07 08:12:30 +0530,481442,68.9,62.2,44.67,28.28
2021-11-07 08:13:00 +0530,481443,69.2,62.4,44.64,28.3
2021-11-07 08:13:30 +0530,481444,69.3,62.3,44.43,28.34
2021-11-07 08:14:00 +0530,481445,69.2,62.4,44.53,28.39
2021-11-07 08:14:30 +0530,481446,69.2,62.4,44.5,28.39
2021-11-07 08:15:00 +0530,481447,65.8,59.3,44.91,28.29
2021-11-07 08:15:30 +0530,481448,71.3,64.4,44.57,28.34
2021-11-07 08:16:00 +0530,481449,69.8,62.7,44.57,28.4
2021-11-07 08:16:30 +0530,481450,71.2,64.6,44.45,28.45
2021-11-07 08:17:00 +0530,481451,73.7,66.8,44.49,28.5
2021-11-07 08:17:30 +0530,481452,71.2,64.2,44.32,28.56
2021-11-07 08:18:00 +0530,481453,75.5,68.2,44.32,28.59
2021-11-07 08:18:30 +0530,481454,73.6,66.6,44.02,28.65
2021-11-07 08:19:00 +0530,481455,71.7,64.5,44.08,28.7
2021-11-07 08:19:30 +0530,481456,70.2,63.6,43.94,28.74
2021-11-07 08:20:00 +0530,481457,70.4,63.6,43.77,28.78
2021-11-07 08:20:30 +0530,481458,69.0,62.0,43.7,28.82
2021-11-07 08:21:00 +0530,481459,69.4,62.4,43.77,28.83
2021-11-07 08:21:30 +0530,481460,70.8,63.8,43.7,28.85
2021-11-07 08:22:00 +0530,481461,60.0,54.4,43.87,28.85
2021-11-07 08:22:30 +0530,481462,69.6,62.6,43.7,28.9
2021-11-07 08:23:00 +0530,481463,69.2,62.6,43.8,28.95
2021-11-07 08:23:30 +0530,481464,69.7,62.7,43.85,29.02
2021-11-07 08:24:00 +0530,481465,57.6,52.0,43.72,29.06
2021-11-07 08:24:30 +0530,481466,67.1,59.9,43.25,29.13
2021-11-07 08:25:00 +0530,481467,66.9,60.3,43.03,29.2
2021-11-07 08:25:30 +0530,481468,64.1,58.1,43.1,29.24
2021-11-07 08:26:00 +0530,481469,64.4,57.7,42.97,29.33
2021-11-07 08:26:30 +0530,481470,68.4,61.6,42.86,29.38
2021-11-07 08:27:00 +0530,481471,66.6,59.9,42.93,29.44
2021-11-07 08:27:30 +0530,481472,68.2,61.4,42.88,29.49
2021-11-07 08:28:00 +0530,481473,64.9,58.3,42.84,29.54
2021-11-07 08:28:30 +0530,481474,70.0,62.6,42.51,29.61
2021-11-07 08:29:00 +0530,481475,69.6,62.3,42.41,29.66
2021-11-07 08:29:30 +0530,481476,67.1,60.1,41.96,29.71
2021-11-07 08:30:00 +0530,481477,64.3,57.9,41.83,29.76
2021-11-07 08:30:30 +0530,481478,64.1,57.6,41.76,29.82
2021-11-07 08:31:00 +0530,481479,67.6,61.0,41.58,29.88
2021-11-07 08:31:30 +0530,481480,65.0,58.6,41.31,29.93
2021-11-07 08:32:00 +0530,481481,59.6,53.6,41.38,29.96
2021-11-07 08:32:30 +0530,481482,63.7,57.1,41.34,30.01
2021-11-07 08:33:00 +0530,481483,63.0,56.8,41.57,30.06
2021-11-07 08:33:30 +0530,481484,64.8,58.2,41.63,30.1
2021-11-07 08:34:00 +0530,481485,65.1,57.1,41.7,30.17
2021-11-07 08:34:30 +0530,481486,63.4,56.7,41.65,30.21
2021-11-07 08:35:00 +0530,481487,127.7,71.1,41.15,30.28
2021-11-07 08:35:30 +0530,481488,283.4,103.2,41.01,30.32
2021-11-07 08:36:00 +0530,481489,398.1,127.7,40.81,30.34
2021-11-07 08:36:30 +0530,481490,164.5,75.7,40.77,30.37
2021-11-07 08:37:00 +0530,481491,126.3,67.9,40.6,30.41
2021-11-07 08:37:30 +0530,481492,104.1,63.6,40.39,30.47
2021-11-07 08:38:00 +0530,481493,114.2,65.6,40.25,30.52
2021-11-07 08:38:30 +0530,481494,85.3,58.9,40.45,30.57
2021-11-07 08:39:00 +0530,481495,118.0,67.3,40.42,30.66
2021-11-07 08:39:30 +0530,481496,55.6,49.9,39.56,30.72
2021-11-07 08:40:00 +0530,481497,56.9,50.2,39.36,30.77
2021-11-07 08:40:30 +0530,481498,56.0,50.2,39.26,30.81
2021-11-07 08:41:00 +0530,481499,55.3,50.2,39.33,30.83
2021-11-07 08:41:30 +0530,481500,55.5,49.8,39.45,30.85
2021-11-07 08:42:00 +0530,481501,53.9,48.7,39.24,30.86
2021-11-07 08:42:30 +0530,481502,52.9,47.7,39.24,30.86
2021-11-07 08:43:00 +0530,481503,50.9,46.2,38.98,30.85
2021-11-07 08:43:30 +0530,481504,50.8,46.1,39.01,30.85
2021-11-07 08:44:00 +0530,481505,51.9,47.0,39.01,30.85
2021-11-07 08:44:30 +0530,481506,52.5,47.6,39.18,30.86
2021-11-07 08:45:00 +0530,481507,54.2,48.4,39.21,30.86
2021-11-07 08:45:30 +0530,481508,54.8,49.1,39.21,30.85
2021-11-07 08:46:00 +0530,481509,53.1,47.9,39.35,30.84
2021-11-07 08:46:30 +0530,481510,51.7,46.6,39.48,30.85
2021-11-07 08:47:00 +0530,481511,65.5,51.7,39.48,30.89
2021-11-07 08:47:30 +0530,481512,76.2,57.4,39.28,30.92
2021-11-07 08:48:00 +0530,481513,68.5,55.2,39.21,30.95
2021-11-07 08:48:30 +0530,481514,50.7,45.4,39.24,30.96
2021-11-07 08:49:00 +0530,481515,52.8,47.3,39.01,31.02
2021-11-07 08:49:30 +0530,481516,46.0,41.3,38.85,31.02
2021-11-07 08:50:00 +0530,481517,52.1,46.8,38.74,31.04
2021-11-07 08:50:30 +0530,481518,54.5,48.9,38.39,31.07
2021-11-07 08:51:00 +0530,481519,57.9,51.1,38.49,31.08
2021-11-07 08:51:30 +0530,481520,58.8,48.4,38.69,31.1
2021-11-07 08:52:00 +0530,481521,69.9,47.1,38.69,31.16
2021-11-07 08:52:30 +0530,481522,50.1,45.2,38.75,31.23
2021-11-07 08:53:00 +0530,481523,51.7,46.2,38.48,31.3
2021-11-07 08:53:30 +0530,481524,50.7,45.2,38.3,31.35
2021-11-07 08:54:00 +0530,481525,49.0,43.7,38.12,31.38
2021-11-07 08:54:30 +0530,481526,48.0,43.4,37.95,31.43
2021-11-07 08:55:00 +0530,481527,46.5,41.6,37.97,31.41
2021-11-07 08:55:30 +0530,481528,51.3,45.8,37.95,31.48
2021-11-07 08:56:00 +0530,481529,51.2,46.1,37.89,31.53
2021-11-07 08:56:30 +0530,481530,42.5,38.6,37.94,31.57
2021-11-07 08:57:00 +0530,481531,50.8,45.4,37.94,31.64
2021-11-07 08:57:30 +0530,481532,48.2,43.7,37.81,31.7
2021-11-07 08:58:00 +0530,481533,50.2,45.2,37.66,31.76
2021-11-07 08:58:30 +0530,481534,46.4,41.0,37.79,31.79
2021-11-07 08:59:00 +0530,481535,50.9,45.8,37.89,31.84
2021-11-07 08:59:30 +0530,481536,49.0,44.3,37.81,31.9
2021-11-07 09:00:00 +0530,481537,42.2,37.9,37.98,31.96
2021-11-07 09:00:30 +0530,481538,49.2,44.1,37.44,32.02
2021-11-07 09:01:00 +0530,481539,48.7,43.8,37.27,32.05
2021-11-07 09:01:30 +0530,481540,49.0,44.3,37.17,32.05
2021-11-07 09:02:00 +0530,481541,48.0,43.3,37.27,32.07
2021-11-07 09:02:30 +0530,481542,48.6,43.9,37.05,32.08
2021-11-07 09:03:00 +0530,481543,47.4,42.8,37.02,32.07
2021-11-07 09:03:30 +0530,481544,46.5,42.3,37.05,32.07
2021-11-07 09:04:00 +0530,481545,47.6,43.1,37.03,32.04
2021-11-07 09:04:30 +0530,481546,47.7,42.9,37.14,32.03
2021-11-07 09:05:00 +0530,481547,45.3,38.4,37.21,31.99
2021-11-07 09:05:30 +0530,481548,48.4,43.7,37.17,31.97
2021-11-07 09:06:00 +0530,481549,49.9,44.9,37.21,31.96
2021-11-07 09:06:30 +0530,481550,46.7,42.2,37.24,31.96
2021-11-07 09:07:00 +0530,481551,47.7,42.9,37.3,31.97
2021-11-07 09:07:30 +0530,481552,46.3,42.1,37.33,31.98
2021-11-07 09:08:00 +0530,481553,47.2,42.8,37.17,31.96
2021-11-07 09:08:30 +0530,481554,47.5,42.9,37.21,31.96
2021-11-07 09:09:00 +0530,481555,45.9,41.6,37.27,31.94
2021-11-07 09:09:30 +0530,481556,46.8,42.2,37.4,31.95
2021-11-07 09:10:00 +0530,481557,47.8,43.2,37.33,31.96
2021-11-07 09:10:30 +0530,481558,41.9,38.2,37.54,31.97
2021-11-07 09:11:00 +0530,481559,40.8,36.6,37.54,31.99
2021-11-07 09:11:30 +0530,481560,45.7,41.4,37.1,32.03
2021-11-07 09:12:00 +0530,481561,47.3,42.7,36.96,32.07
2021-11-07 09:12:30 +0530,481562,47.7,43.2,37.02,32.09
2021-11-07 09:13:00 +0530,481563,46.7,42.6,37.29,32.13
2021-11-07 09:13:30 +0530,481564,48.6,43.3,37.15,32.16
2021-11-07 09:14:00 +0530,481565,45.9,41.4,36.85,32.19
2021-11-07 09:14:30 +0530,481566,43.8,39.6,36.41,32.22
2021-11-07 09:15:00 +0530,481567,45.2,41.2,36.5,32.25
2021-11-07 09:15:30 +0530,481568,50.6,42.9,36.5,32.26
2021-11-07 09:16:00 +0530,481569,42.0,37.6,36.69,32.23
2021-11-07 09:16:30 +0530,481570,45.7,41.1,36.36,32.27
2021-11-07 09:17:00 +0530,481571,44.5,40.0,36.33,32.3
2021-11-07 09:17:30 +0530,481572,46.5,41.9,36.12,32.33
2021-11-07 09:18:00 +0530,481573,38.7,34.9,36.23,32.37
2021-11-07 09:18:30 +0530,481574,47.3,42.7,36.3,32.4
2021-11-07 09:19:00 +0530,481575,46.2,41.7,36.48,32.43
2021-11-07 09:19:30 +0530,481576,47.0,42.4,36.45,32.46
2021-11-07 09:20:00 +0530,481577,46.6,42.0,36.24,32.47
2021-11-07 09:20:30 +0530,481578,47.3,43.1,36.45,32.47
2021-11-07 09:21:00 +0530,481579,46.5,42.1,36.28,32.46
2021-11-07 09:21:30 +0530,481580,47.6,42.7,36.31,32.46
2021-11-07 09:22:00 +0530,481581,48.3,43.3,36.31,32.46
2021-11-07 09:22:30 +0530,481582,46.2,42.0,36.38,32.47
2021-11-07 09:23:00 +0530,481583,46.7,41.7,36.52,32.48
2021-11-07 09:23:30 +0530,481584,47.0,42.1,36.76,32.49
2021-11-07 09:24:00 +0530,481585,46.4,41.4,36.82,32.52
2021-11-07 09:24:30 +0530,481586,39.2,36.0,36.55,32.53
2021-11-07 09:25:00 +0530,481587,41.4,37.3,36.52,32.53
2021-11-07 09:25:30 +0530,481588,45.5,41.2,36.35,32.55
2021-11-07 09:26:00 +0530,481589,44.9,40.8,36.14,32.55
2021-11-07 09:26:30 +0530,481590,40.9,36.9,36.18,32.5
2021-11-07 09:27:00 +0530,481591,46.4,42.0,36.24,32.47
2021-11-07 09:27:30 +0530,481592,37.7,34.6,36.28,32.41
2021-11-07 09:28:00 +0530,481593,44.0,40.2,36.16,32.35
2021-11-07 09:28:30 +0530,481594,46.5,41.4,36.23,32.28
2021-11-07 09:29:00 +0530,481595,46.3,41.3,36.41,32.2
2021-11-07 09:29:30 +0530,481596,46.8,41.8,36.41,32.2
2021-11-07 09:30:00 +0530,481597,37.6,34.2,36.78,31.86
2021-11-07 09:30:30 +0530,481598,45.1,41.1,36.82,31.82
2021-11-07 09:31:00 +0530,481599,44.7,40.7,37.01,31.78
2021-11-07 09:31:30 +0530,481600,46.0,41.9,37.08,31.74
2021-11-07 09:32:00 +0530,481601,46.4,41.9,37.3,31.72
2021-11-07 09:32:30 +0530,481602,41.6,37.3,37.37,31.69
2021-11-07 09:33:00 +0530,481603,48.0,43.4,37.2,31.68
2021-11-07 09:33:30 +0530,481604,46.9,42.4,37.37,31.68
2021-11-07 09:34:00 +0530,481605,47.4,43.1,37.53,31.69
2021-11-07 09:34:30 +0530,481606,45.8,41.7,37.81,31.71
2021-11-07 09:35:00 +0530,481607,48.9,44.1,37.89,31.73
2021-11-07 09:35:30 +0530,481608,47.6,42.9,37.96,31.75
2021-11-07 09:36:00 +0530,481609,47.7,42.9,37.93,31.76
2021-11-07 09:36:30 +0530,481610,48.4,43.8,37.62,31.79
2021-11-07 09:37:00 +0530,481611,42.8,38.9,37.76,31.76
2021-11-07 09:37:30 +0530,481612,48.4,43.5,37.76,31.79
2021-11-07 09:38:00 +0530,481613,49.2,44.4,37.53,31.8
2021-11-07 09:38:30 +0530,481614,48.2,43.6,37.39,31.81
2021-11-07 09:39:00 +0530,481615,47.7,43.2,37.39,31.81
2021-11-07 09:39:30 +0530,481616,47.5,43.3,37.39,31.8
2021-11-07 09:40:00 +0530,481617,49.1,43.8,37.32,31.76
2021-11-07 09:40:30 +0530,481618,48.2,43.8,37.46,31.75
2021-11-07 09:41:00 +0530,481619,47.9,43.6,37.67,31.71
2021-11-07 09:41:30 +0530,481620,50.1,45.0,37.77,31.7
2021-11-07 09:42:00 +0530,481621,49.8,45.1,37.67,31.68
2021-11-07 09:42:30 +0530,481622,45.1,40.8,37.77,31.64
2021-11-07 09:43:00 +0530,481623,56.5,51.2,37.81,31.67
2021-11-07 09:43:30 +0530,481624,52.6,47.2,37.84,31.69
2021-11-07 09:44:00 +0530,481625,52.1,46.9,37.86,31.72
2021-11-07 09:44:30 +0530,481626,51.2,46.2,37.93,31.76
2021-11-07 09:45:00 +0530,481627,50.1,45.4,38.24,31.85
2021-11-07 09:45:30 +0530,481628,47.3,43.1,37.98,31.9
2021-11-07 09:46:00 +0530,481629,47.8,43.3,37.78,31.96
2021-11-07 09:46:30 +0530,481630,46.2,41.9,37.44,31.99
2021-11-07 09:47:00 +0530,481631,46.3,42.0,37.44,31.99
2021-11-07 09:47:30 +0530,481632,45.7,41.1,37.76,31.89
2021-11-07 09:48:00 +0530,481633,49.1,44.0,37.4,31.96
2021-11-07 09:48:30 +0530,481634,46.2,41.6,37.3,32.03
2021-11-07 09:49:00 +0530,481635,42.9,38.7,37.29,32.09
2021-11-07 09:49:30 +0530,481636,46.5,42.2,36.92,32.15
2021-11-07 09:50:00 +0530,481637,47.2,42.5,36.98,32.19
2021-11-07 09:50:30 +0530,481638,46.4,41.8,36.94,32.26
2021-11-07 09:51:00 +0530,481639,45.9,41.4,36.7,32.29
2021-11-07 09:51:30 +0530,481640,39.5,36.0,36.59,32.29
2021-11-07 09:52:00 +0530,481641,46.3,41.5,36.59,32.31
2021-11-07 09:52:30 +0530,481642,46.9,42.1,36.73,32.33
2021-11-07 09:53:00 +0530,481643,46.3,41.4,36.59,32.38
2021-11-07 09:53:30 +0530,481644,45.6,40.9,36.69,32.41
2021-11-07 09:54:00 +0530,481645,47.1,42.0,36.69,32.44
2021-11-07 09:54:30 +0530,481646,45.9,41.4,36.42,32.47
2021-11-07 09:55:00 +0530,481647,46.9,42.1,36.31,32.49
2021-11-07 09:55:30 +0530,481648,45.7,40.9,36.31,32.53
2021-11-07 09:56:00 +0530,481649,45.6,40.9,36.38,32.55
2021-11-07 09:56:30 +0530,481650,46.7,41.8,36.53,32.58
2021-11-07 09:57:00 +0530,481651,47.8,42.1,36.37,32.62
2021-11-07 09:57:30 +0530,481652,48.2,42.0,36.26,32.66
2021-11-07 09:58:00 +0530,481653,46.6,42.0,36.13,32.69
2021-11-07 09:58:30 +0530,481654,40.8,36.8,36.37,32.68
2021-11-07 09:59:00 +0530,481655,45.2,40.8,35.99,32.7
2021-11-07 09:59:30 +0530,481656,45.2,40.9,36.2,32.69
2021-11-07 10:00:00 +0530,481657,41.3,37.6,36.2,32.64
2021-11-07 10:00:30 +0530,481658,47.2,42.9,36.26,32.62
2021-11-07 10:01:00 +0530,481659,46.2,41.4,36.3,32.6
2021-11-07 10:01:30 +0530,481660,43.6,39.6,36.16,32.59
2021-11-07 10:02:00 +0530,481661,46.4,41.8,36.09,32.58
2021-11-07 10:02:30 +0530,481662,43.8,39.6,36.2,32.59
2021-11-07 10:03:00 +0530,481663,42.7,39.0,35.95,32.58
2021-11-07 10:03:30 +0530,481664,43.9,39.6,35.94,32.54
2021-11-07 10:04:00 +0530,481665,45.4,40.8,36.14,32.5
2021-11-07 10:04:30 +0530,481666,43.6,39.2,36.18,32.47
2021-11-07 10:05:00 +0530,481667,44.6,40.3,36.35,32.44
2021-11-07 10:05:30 +0530,481668,44.8,40.6,36.45,32.44
2021-11-07 10:06:00 +0530,481669,44.6,40.1,36.31,32.42
2021-11-07 10:06:30 +0530,481670,50.7,42.6,36.35,32.42
2021-11-07 10:07:00 +0530,481671,158.1,48.5,36.66,32.41
2021-11-07 10:07:30 +0530,481672,100.4,48.6,36.72,32.43
2021-11-07 10:08:00 +0530,481673,47.4,42.3,36.76,32.47
2021-11-07 10:08:30 +0530,481674,44.3,40.0,36.82,32.49
2021-11-07 10:09:00 +0530,481675,45.0,40.5,36.79,32.53
2021-11-07 10:09:30 +0530,481676,50.2,41.1,37.02,32.55
2021-11-07 10:10:00 +0530,481677,37.6,33.7,36.55,32.54
2021-11-07 10:10:30 +0530,481678,43.7,39.3,36.45,32.54
2021-11-07 10:11:00 +0530,481679,37.6,33.6,36.62,32.53
2021-11-07 10:11:30 +0530,481680,45.3,40.1,36.42,32.53
2021-11-07 10:12:00 +0530,481681,42.1,37.9,36.18,32.52
2021-11-07 10:12:30 +0530,481682,42.7,38.7,36.08,32.48
2021-11-07 10:13:00 +0530,481683,42.7,38.5,36.24,32.44
2021-11-07 10:13:30 +0530,481684,39.3,35.0,36.43,32.4
2021-11-07 10:14:00 +0530,481685,45.5,41.1,36.47,32.38
2021-11-07 10:14:30 +0530,481686,45.6,41.2,36.59,32.37
2021-11-07 10:15:00 +0530,481687,41.4,36.8,36.73,32.34
2021-11-07 10:15:30 +0530,481688,45.2,40.8,36.8,32.35
2021-11-07 10:16:00 +0530,481689,45.2,39.8,36.77,32.39
2021-11-07 10:16:30 +0530,481690,44.8,40.2,36.72,32.41
2021-11-07 10:17:00 +0530,481691,42.6,38.4,36.48,32.45
2021-11-07 10:17:30 +0530,481692,44.8,40.3,36.62,32.47
2021-11-07 10:18:00 +0530,481693,48.7,42.2,36.66,32.52
2021-11-07 10:18:30 +0530,481694,47.2,41.3,36.72,32.55
2021-11-07 10:19:00 +0530,481695,60.6,55.0,36.74,32.59
2021-11-07 10:19:30 +0530,481696,64.5,57.8,36.74,32.62
2021-11-07 10:20:00 +0530,481697,52.9,47.7,36.4,32.63
2021-11-07 10:20:30 +0530,481698,49.2,44.4,36.4,32.62
2021-11-07 10:21:00 +0530,481699,50.0,44.8,36.63,32.61
2021-11-07 10:21:30 +0530,481700,50.0,45.2,36.5,32.61
2021-11-07 10:22:00 +0530,481701,47.3,42.1,36.8,32.61
2021-11-07 10:22:30 +0530,481702,46.5,39.4,36.8,32.63
2021-11-07 10:23:00 +0530,481703,57.0,40.2,36.84,32.66
2021-11-07 10:23:30 +0530,481704,52.9,48.0,36.7,32.69
2021-11-07 10:24:00 +0530,481705,52.4,47.1,36.43,32.72
2021-11-07 10:24:30 +0530,481706,46.7,42.4,36.43,32.73
2021-11-07 10:25:00 +0530,481707,40.1,36.4,36.47,32.71
2021-11-07 10:25:30 +0530,481708,49.5,44.1,36.2,32.7
2021-11-07 10:26:00 +0530,481709,48.6,44.4,36.4,32.68
2021-11-07 10:26:30 +0530,481710,48.7,43.9,36.3,32.7
2021-11-07 10:27:00 +0530,481711,49.4,44.6,36.23,32.73
2021-11-07 10:27:30 +0530,481712,46.4,42.2,36.3,32.75
2021-11-07 10:28:00 +0530,481713,42.0,38.2,36.14,32.76
2021-11-07 10:28:30 +0530,481714,37.8,34.0,36.24,32.76
2021-11-07 10:29:00 +0530,481715,44.1,39.4,36.28,32.79
2021-11-07 10:29:30 +0530,481716,44.0,39.8,36.21,32.84
2021-11-07 10:30:00 +0530,481717,44.6,40.1,36.05,32.88
2021-11-07 10:30:30 +0530,481718,47.9,38.5,35.99,32.92
2021-11-07 10:31:00 +0530,481719,41.9,38.1,35.76,32.92
2021-11-07 10:31:30 +0530,481720,34.6,31.5,35.77,32.91
2021-11-07 10:32:00 +0530,481721,41.3,37.5,35.85,32.91
2021-11-07 10:32:30 +0530,481722,40.8,37.3,35.77,32.9
2021-11-07 10:33:00 +0530,481723,41.5,37.6,35.81,32.88
2021-11-07 10:33:30 +0530,481724,42.2,37.9,35.77,32.85
2021-11-07 10:34:00 +0530,481725,44.3,40.2,35.91,32.84
2021-11-07 10:34:30 +0530,481726,43.0,38.8,35.98,32.81
2021-11-07 10:35:00 +0530,481727,42.6,38.3,36.01,32.78
2021-11-07 10:35:30 +0530,481728,43.9,39.4,36.21,32.77
2021-11-07 10:36:00 +0530,481729,43.1,38.8,36.18,32.77
2021-11-07 10:36:30 +0530,481730,41.8,37.9,36.24,32.77
2021-11-07 10:37:00 +0530,481731,41.8,38.0,36.24,32.79
2021-11-07 10:37:30 +0530,481732,43.4,38.8,36.28,32.79
2021-11-07 10:38:00 +0530,481733,37.5,33.5,36.52,32.81
2021-11-07 10:38:30 +0530,481734,45.4,40.7,36.42,32.85
2021-11-07 10:39:00 +0530,481735,42.2,38.2,36.21,32.87
2021-11-07 10:39:30 +0530,481736,43.1,38.9,36.2,32.91
2021-11-07 10:40:00 +0530,481737,41.8,37.4,36.03,32.96
2021-11-07 10:40:30 +0530,481738,48.0,40.2,36.06,33.0
2021-11-07 10:41:00 +0530,481739,46.6,39.4,35.96,33.04
2021-11-07 10:41:30 +0530,481740,58.7,40.1,35.96,33.07
2021-11-07 10:42:00 +0530,481741,79.7,43.6,35.95,33.13
2021-11-07 10:42:30 +0530,481742,61.9,40.1,35.81,33.18
2021-11-07 10:43:00 +0530,481743,42.4,37.8,35.78,33.23
2021-11-07 10:43:30 +0530,481744,46.7,37.2,35.49,33.29
2021-11-07 10:44:00 +0530,481745,85.7,43.6,35.49,33.34
2021-11-07 10:44:30 +0530,481746,37.6,32.9,35.56,33.33
2021-11-07 10:45:00 +0530,481747,41.1,37.1,35.52,33.41
2021-11-07 10:45:30 +0530,481748,41.7,37.6,35.5,33.45
2021-11-07 10:46:00 +0530,481749,38.5,34.6,35.34,33.48
2021-11-07 10:46:30 +0530,481750,38.2,34.6,35.27,33.47
2021-11-07 10:47:00 +0530,481751,38.6,35.3,35.1,33.46
2021-11-07 10:47:30 +0530,481752,37.2,33.8,35.1,33.43
2021-11-07 10:48:00 +0530,481753,37.9,34.4,35.18,33.41
2021-11-07 10:48:30 +0530,481754,38.3,34.8,35.25,33.36
2021-11-07 10:49:00 +0530,481755,37.0,33.3,35.25,33.29
2021-11-07 10:49:30 +0530,481756,38.8,35.2,35.42,33.23
2021-11-07 10:50:00 +0530,481757,40.0,36.2,35.64,33.21
2021-11-07 10:50:30 +0530,481758,39.6,35.7,35.74,33.2
2021-11-07 10:51:00 +0530,481759,35.1,31.6,35.85,33.17
2021-11-07 10:51:30 +0530,481760,34.4,31.5,35.85,33.16
2021-11-07 10:52:00 +0530,481761,40.7,36.9,35.67,33.19
2021-11-07 10:52:30 +0530,481762,35.1,32.0,35.64,33.2
2021-11-07 10:53:00 +0530,481763,39.5,35.7,35.5,33.23
2021-11-07 10:53:30 +0530,481764,37.5,34.1,35.42,33.27
2021-11-07 10:54:00 +0530,481765,38.2,34.6,35.46,33.25
2021-11-07 10:54:30 +0530,481766,37.2,33.8,35.5,33.21
2021-11-07 10:55:00 +0530,481767,39.5,35.4,35.78,33.19
2021-11-07 10:55:30 +0530,481768,43.4,34.6,35.88,33.19
2021-11-07 10:56:00 +0530,481769,38.9,35.1,35.78,33.21
2021-11-07 10:56:30 +0530,481770,39.3,35.3,35.81,33.21
2021-11-07 10:57:00 +0530,481771,36.7,33.4,35.67,33.23
2021-11-07 10:57:30 +0530,481772,33.6,30.4,35.74,33.21
2021-11-07 10:58:00 +0530,481773,37.5,34.0,35.5,33.22
2021-11-07 10:58:30 +0530,481774,37.7,33.9,35.64,33.22
2021-11-07 10:59:00 +0530,481775,39.1,35.7,35.5,33.22
2021-11-07 10:59:30 +0530,481776,36.5,33.2,35.47,33.22
2021-11-07 11:00:00 +0530,481777,38.2,34.3,35.67,33.21
2021-11-07 11:00:30 +0530,481778,37.6,34.4,35.86,33.26
2021-11-07 11:01:00 +0530,481779,37.0,33.7,36.0,33.31
2021-11-07 11:01:30 +0530,481780,37.7,34.2,35.96,33.37
2021-11-07 11:02:00 +0530,481781,42.3,33.9,35.82,33.44
2021-11-07 11:02:30 +0530,481782,52.7,36.4,35.71,33.51
2021-11-07 11:03:00 +0530,481783,39.9,35.3,35.8,33.6
2021-11-07 11:03:30 +0530,481784,35.7,32.1,35.43,33.7
2021-11-07 11:04:00 +0530,481785,36.4,32.4,35.29,33.76
2021-11-07 11:04:30 +0530,481786,35.7,31.8,35.17,33.85
2021-11-07 11:05:00 +0530,481787,35.4,32.0,35.17,33.91
2021-11-07 11:05:30 +0530,481788,36.2,28.7,35.08,33.94
2021-11-07 11:06:00 +0530,481789,36.5,32.7,34.95,34.02
2021-11-07 11:06:30 +0530,481790,55.0,33.7,34.73,34.08
2021-11-07 11:07:00 +0530,481791,41.1,29.4,34.73,34.09
2021-11-07 11:07:30 +0530,481792,30.6,27.7,34.69,34.11
2021-11-07 11:08:00 +0530,481793,32.8,30.1,34.22,34.17
2021-11-07 11:08:30 +0530,481794,33.7,30.6,34.15,34.19
2021-11-07 11:09:00 +0530,481795,37.6,29.3,34.22,34.17
2021-11-07 11:09:30 +0530,481796,35.4,32.0,34.15,34.19
2021-11-07 11:10:00 +0530,481797,34.6,31.3,34.22,34.21
2021-11-07 11:10:30 +0530,481798,31.6,28.6,34.22,34.19
2021-11-07 11:11:00 +0530,481799,34.4,31.3,34.22,34.23
2021-11-07 11:11:30 +0530,481800,35.8,32.2,34.31,34.23
2021-11-07 11:12:00 +0530,481801,35.3,32.1,34.15,34.25
2021-11-07 11:12:30 +0530,481802,31.2,28.3,34.34,34.25
2021-11-07 11:13:00 +0530,481803,30.4,27.5,34.38,34.26
2021-11-07 11:13:30 +0530,481804,45.3,33.5,34.32,34.33
2021-11-07 11:14:00 +0530,481805,35.3,31.5,34.08,34.38
2021-11-07 11:14:30 +0530,481806,34.0,30.6,34.16,34.44
2021-11-07 11:15:00 +0530,481807,43.2,28.6,34.14,34.47
2021-11-07 11:15:30 +0530,481808,35.3,31.6,34.1,34.5
2021-11-07 11:16:00 +0530,481809,34.7,31.1,33.73,34.53
2021-11-07 11:16:30 +0530,481810,34.5,30.9,34.02,34.53
2021-11-07 11:17:00 +0530,481811,46.5,33.7,34.05,34.53
2021-11-07 11:17:30 +0530,481812,35.8,32.1,33.86,34.55
2021-11-07 11:18:00 +0530,481813,35.3,31.7,33.7,34.57
2021-11-07 11:18:30 +0530,481814,33.1,30.0,33.49,34.61
2021-11-07 11:19:00 +0530,481815,35.3,31.8,33.15,34.64
2021-11-07 11:19:30 +0530,481816,27.4,25.1,33.23,34.63
2021-11-07 11:20:00 +0530,481817,31.8,28.8,33.07,34.62
2021-11-07 11:20:30 +0530,481818,32.1,28.9,33.23,34.64
2021-11-07 11:21:00 +0530,481819,32.2,29.3,33.18,34.68
2021-11-07 11:21:30 +0530,481820,28.4,25.6,33.11,34.67
2021-11-07 11:22:00 +0530,481821,29.2,26.2,33.15,34.71
2021-11-07 11:22:30 +0530,481822,31.6,28.7,33.18,34.76
2021-11-07 11:23:00 +0530,481823,32.5,29.4,33.12,34.81
2021-11-07 11:23:30 +0530,481824,33.1,29.9,33.12,34.85
2021-11-07 11:24:00 +0530,481825,29.6,26.6,33.53,34.86
2021-11-07 11:24:30 +0530,481826,33.2,30.2,33.57,34.92
2021-11-07 11:25:00 +0530,481827,28.6,25.8,33.37,34.92
2021-11-07 11:25:30 +0530,481828,31.7,28.7,33.12,34.93
2021-11-07 11:26:00 +0530,481829,31.9,29.1,33.21,34.92
2021-11-07 11:26:30 +0530,481830,27.6,25.0,33.0,34.84
2021-11-07 11:27:00 +0530,481831,32.5,29.6,33.37,34.8
2021-11-07 11:27:30 +0530,481832,28.0,25.5,33.18,34.75
2021-11-07 11:28:00 +0530,481833,34.1,30.1,33.23,34.71
2021-11-07 11:28:30 +0530,481834,28.5,25.0,33.47,34.68
2021-11-07 11:29:00 +0530,481835,36.4,30.3,33.55,34.68
2021-11-07 11:29:30 +0530,481836,38.2,31.4,33.67,34.68
2021-11-07 11:30:00 +0530,481837,33.2,29.6,33.75,34.68
2021-11-07 11:30:30 +0530,481838,31.8,28.8,33.55,34.71
2021-11-07 11:31:00 +0530,481839,30.0,27.4,33.23,34.73
2021-11-07 11:31:30 +0530,481840,31.2,28.6,33.18,34.71
2021-11-07 11:32:00 +0530,481841,32.3,29.4,33.43,34.69
2021-11-07 11:32:30 +0530,481842,32.2,29.3,33.39,34.68
2021-11-07 11:33:00 +0530,481843,30.4,27.4,33.27,34.63
2021-11-07 11:33:30 +0530,481844,29.8,27.0,33.13,34.6
2021-11-07 11:34:00 +0530,481845,28.7,26.2,33.05,34.53
2021-11-07 11:34:30 +0530,481846,31.6,28.9,33.01,34.48
2021-11-07 11:35:00 +0530,481847,32.2,28.9,33.12,34.42
2021-11-07 11:35:30 +0530,481848,29.4,26.8,33.03,34.37
2021-11-07 11:36:00 +0530,481849,40.7,30.4,33.31,34.33
2021-11-07 11:36:30 +0530,481850,30.3,27.8,33.31,34.32
2021-11-07 11:37:00 +0530,481851,27.4,25.3,33.47,34.29
2021-11-07 11:37:30 +0530,481852,31.9,25.8,33.58,34.24
2021-11-07 11:38:00 +0530,481853,35.4,30.5,33.74,34.24
2021-11-07 11:38:30 +0530,481854,32.1,29.3,33.82,34.24
2021-11-07 11:39:00 +0530,481855,38.3,31.2,33.99,34.26
2021-11-07 11:39:30 +0530,481856,33.1,29.8,34.08,34.27
2021-11-07 11:40:00 +0530,481857,29.8,26.3,34.12,34.27
2021-11-07 11:40:30 +0530,481858,33.4,29.8,34.08,34.31
2021-11-07 11:41:00 +0530,481859,40.7,31.6,34.0,34.33
2021-11-07 11:41:30 +0530,481860,33.8,30.4,33.72,34.35
2021-11-07 11:42:00 +0530,481861,34.2,30.8,33.84,34.35
2021-11-07 11:42:30 +0530,481862,32.9,29.6,33.84,34.35
2021-11-07 11:43:00 +0530,481863,31.9,29.1,33.47,34.33
2021-11-07 11:43:30 +0530,481864,33.0,29.9,33.44,34.31
2021-11-07 11:44:00 +0530,481865,33.9,30.5,33.31,34.3
2021-11-07 11:44:30 +0530,481866,33.8,30.4,33.34,34.26
2021-11-07 11:45:00 +0530,481867,33.3,30.4,33.38,34.25
2021-11-07 11:45:30 +0530,481868,33.0,30.2,33.54,34.23
2021-11-07 11:46:00 +0530,481869,30.7,28.1,33.94,34.18
2021-11-07 11:46:30 +0530,481870,35.6,31.8,33.86,34.14
2021-11-07 11:47:00 +0530,481871,28.7,26.0,33.92,34.09
2021-11-07 11:47:30 +0530,481872,35.1,31.8,34.08,34.07
2021-11-07 11:48:00 +0530,481873,35.8,32.2,34.21,34.06
2021-11-07 11:48:30 +0530,481874,35.0,31.6,34.05,34.04
2021-11-07 11:49:00 +0530,481875,33.8,30.7,33.96,34.02
2021-11-07 11:49:30 +0530,481876,30.8,28.1,34.05,33.97
2021-11-07 11:50:00 +0530,481877,35.4,32.1,34.16,33.97
2021-11-07 11:50:30 +0530,481878,35.1,31.8,33.84,33.95
2021-11-07 11:51:00 +0530,481879,34.2,31.2,33.74,33.93
2021-11-07 11:51:30 +0530,481880,30.8,27.8,33.95,33.87
2021-11-07 11:52:00 +0530,481881,36.4,32.8,34.11,33.83
2021-11-07 11:52:30 +0530,481882,36.3,32.0,34.43,33.83
2021-11-07 11:53:00 +0530,481883,33.9,30.7,34.27,33.85
2021-11-07 11:53:30 +0530,481884,30.1,26.9,34.02,33.81
2021-11-07 11:54:00 +0530,481885,32.2,29.4,33.99,33.82
2021-11-07 11:54:30 +0530,481886,34.3,30.6,34.02,33.83
2021-11-07 11:55:00 +0530,481887,33.6,29.4,34.39,33.83
2021-11-07 11:55:30 +0530,481888,45.0,34.1,34.47,33.87
2021-11-07 11:56:00 +0530,481889,47.5,32.4,34.35,33.92
2021-11-07 11:56:30 +0530,481890,32.8,29.6,33.92,33.97
2021-11-07 11:57:00 +0530,481891,42.5,30.7,33.44,34.03
2021-11-07 11:57:30 +0530,481892,41.9,30.9,33.44,34.06
2021-11-07 11:58:00 +0530,481893,32.7,29.2,33.12,34.08
2021-11-07 11:58:30 +0530,481894,36.4,29.7,33.2,34.11
2021-11-07 11:59:00 +0530,481895,27.5,25.2,33.04,34.11
2021-11-07 11:59:30 +0530,481896,32.1,29.0,33.02,34.16
2021-11-07 12:00:00 +0530,481897,35.4,26.6,33.14,34.16
2021-11-07 12:00:30 +0530,481898,28.5,25.5,33.46,34.17
2021-11-07 12:01:00 +0530,481899,33.4,30.0,33.62,34.22
2021-11-07 12:01:30 +0530,481900,38.4,30.7,33.58,34.25
2021-11-07 12:02:00 +0530,481901,33.4,29.9,33.44,34.31
2021-11-07 12:02:30 +0530,481902,38.6,27.0,33.03,34.33
2021-11-07 12:03:00 +0530,481903,37.8,31.5,33.03,34.37
2021-11-07 12:03:30 +0530,481904,41.3,30.8,33.15,34.44
2021-11-07 12:04:00 +0530,481905,40.5,32.6,33.25,34.48
2021-11-07 12:04:30 +0530,481906,57.0,29.9,32.85,34.5
2021-11-07 12:05:00 +0530,481907,55.6,35.5,32.69,34.53
2021-11-07 12:05:30 +0530,481908,60.4,34.2,32.53,34.59
2021-11-07 12:06:00 +0530,481909,62.0,33.0,32.42,34.64
2021-11-07 12:06:30 +0530,481910,34.9,27.7,32.51,34.66
2021-11-07 12:07:00 +0530,481911,33.7,29.1,32.58,34.71
2021-11-07 12:07:30 +0530,481912,43.8,31.4,32.62,34.75
2021-11-07 12:08:00 +0530,481913,32.5,29.7,32.3,34.78
2021-11-07 12:08:30 +0530,481914,36.9,30.6,32.46,34.79
2021-11-07 12:09:00 +0530,481915,42.8,30.7,32.84,34.82
2021-11-07 12:09:30 +0530,481916,40.9,33.2,32.93,34.84
2021-11-07 12:10:00 +0530,481917,34.6,30.8,32.93,34.88
2021-11-07 12:10:30 +0530,481918,33.5,30.4,32.72,34.92
2021-11-07 12:11:00 +0530,481919,35.5,31.7,32.88,34.94
2021-11-07 12:11:30 +0530,481920,31.4,28.6,32.31,34.93
2021-11-07 12:12:00 +0530,481921,32.7,29.9,32.28,34.91
2021-11-07 12:12:30 +0530,481922,32.4,29.5,32.31,34.86
2021-11-07 12:13:00 +0530,481923,32.3,29.3,32.36,34.82
2021-11-07 12:13:30 +0530,481924,32.7,29.6,32.51,34.77
2021-11-07 12:14:00 +0530,481925,33.8,30.4,32.58,34.7
2021-11-07 12:14:30 +0530,481926,32.8,29.6,32.74,34.66
2021-11-07 12:15:00 +0530,481927,28.9,26.1,32.76,34.61
2021-11-07 12:15:30 +0530,481928,35.7,32.1,32.73,34.59
2021-11-07 12:16:00 +0530,481929,34.7,30.9,32.73,34.59
2021-11-07 12:16:30 +0530,481930,32.8,29.6,32.69,34.59
2021-11-07 12:17:00 +0530,481931,33.3,30.3,32.53,34.57
2021-11-07 12:17:30 +0530,481932,28.5,26.3,32.37,34.55
2021-11-07 12:18:00 +0530,481933,33.5,30.1,32.32,34.56
2021-11-07 12:18:30 +0530,481934,32.5,29.6,32.16,34.55
2021-11-07 12:19:00 +0530,481935,27.4,24.9,32.37,34.49
2021-11-07 12:19:30 +0530,481936,33.6,29.8,32.44,34.48
2021-11-07 12:20:00 +0530,481937,33.6,30.5,32.53,34.49
2021-11-07 12:20:30 +0530,481938,32.4,29.6,32.28,34.51
2021-11-07 12:21:00 +0530,481939,30.5,27.4,32.41,34.51
2021-11-07 12:21:30 +0530,481940,32.8,29.7,32.44,34.54
2021-11-07 12:22:00 +0530,481941,32.2,29.4,32.73,34.6
2021-11-07 12:22:30 +0530,481942,37.2,31.6,32.42,34.66
2021-11-07 12:23:00 +0530,481943,41.8,31.0,32.46,34.74
2021-11-07 12:23:30 +0530,481944,33.2,29.9,32.35,34.8
2021-11-07 12:24:00 +0530,481945,32.1,29.2,32.03,34.85
2021-11-07 12:24:30 +0530,481946,36.2,30.8,31.96,34.91
2021-11-07 12:25:00 +0530,481947,34.1,30.5,31.67,34.94
2021-11-07 12:25:30 +0530,481948,66.4,31.7,31.73,34.98
2021-11-07 12:26:00 +0530,481949,35.5,30.7,31.45,35.04
2021-11-07 12:26:30 +0530,481950,72.3,35.3,31.53,35.07
2021-11-07 12:27:00 +0530,481951,34.0,30.6,31.65,35.12
2021-11-07 12:27:30 +0530,481952,32.4,29.4,31.73,35.14
2021-11-07 12:28:00 +0530,481953,32.1,29.2,31.69,35.14
2021-11-07 12:28:30 +0530,481954,32.4,29.5,31.53,35.14
2021-11-07 12:29:00 +0530,481955,33.3,30.0,31.65,35.14
2021-11-07 12:29:30 +0530,481956,33.7,30.1,31.83,35.14
2021-11-07 12:30:00 +0530,481957,32.4,28.9,31.83,35.14
2021-11-07 12:30:30 +0530,481958,43.0,31.1,31.91,35.16
2021-11-07 12:31:00 +0530,481959,39.8,30.0,31.79,35.18
2021-11-07 12:31:30 +0530,481960,31.0,27.9,31.67,35.18
2021-11-07 12:32:00 +0530,481961,32.9,29.5,31.58,35.18
2021-11-07 12:32:30 +0530,481962,32.4,29.2,31.42,35.18
2021-11-07 12:33:00 +0530,481963,33.4,30.6,31.22,35.15
2021-11-07 12:33:30 +0530,481964,31.4,28.7,31.16,35.14
2021-11-07 12:34:00 +0530,481965,30.7,28.1,31.32,35.1
2021-11-07 12:34:30 +0530,481966,31.5,28.6,31.65,35.07
2021-11-07 12:35:00 +0530,481967,32.2,29.2,31.73,35.04
2021-11-07 12:35:30 +0530,481968,33.9,30.3,31.81,35.01
2021-11-07 12:36:00 +0530,481969,33.6,30.1,31.89,34.99
2021-11-07 12:36:30 +0530,481970,32.7,29.4,31.61,34.96
2021-11-07 12:37:00 +0530,481971,31.6,28.4,31.07,34.92
2021-11-07 12:37:30 +0530,481972,30.3,27.1,30.95,34.84
2021-11-07 12:38:00 +0530,481973,26.4,24.2,31.09,34.7
2021-11-07 12:38:30 +0530,481974,32.2,29.0,31.41,34.6
2021-11-07 12:39:00 +0530,481975,35.2,30.3,31.64,34.53
2021-11-07 12:39:30 +0530,481976,44.5,33.4,31.92,34.5
2021-11-07 12:40:00 +0530,481977,38.7,31.7,32.12,34.5
2021-11-07 12:40:30 +0530,481978,30.5,27.6,32.44,34.53
2021-11-07 12:41:00 +0530,481979,31.4,28.3,32.28,34.55
2021-11-07 12:41:30 +0530,481980,32.1,29.1,32.0,34.57
2021-11-07 12:42:00 +0530,481981,34.9,31.1,32.0,34.6
2021-11-07 12:42:30 +0530,481982,37.4,31.1,31.93,34.63
2021-11-07 12:43:00 +0530,481983,34.3,30.8,31.86,34.66
2021-11-07 12:43:30 +0530,481984,34.7,28.7,32.02,34.67
2021-11-07 12:44:00 +0530,481985,30.9,28.1,31.86,34.67
2021-11-07 12:44:30 +0530,481986,38.9,32.4,32.22,34.64
2021-11-07 12:45:00 +0530,481987,34.0,30.4,32.1,34.66
2021-11-07 12:45:30 +0530,481988,31.9,28.8,31.77,34.66
2021-11-07 12:46:00 +0530,481989,33.3,29.9,31.77,34.65
2021-11-07 12:46:30 +0530,481990,31.3,28.4,31.45,34.63
2021-11-07 12:47:00 +0530,481991,32.7,29.3,31.68,34.61
2021-11-07 12:47:30 +0530,481992,30.9,27.9,31.76,34.61
2021-11-07 12:48:00 +0530,481993,30.1,27.5,31.76,34.61
2021-11-07 12:48:30 +0530,481994,31.0,28.0,31.84,34.62
2021-11-07 12:49:00 +0530,481995,31.0,28.0,31.92,34.6
2021-11-07 12:49:30 +0530,481996,29.7,27.1,31.92,34.59
2021-11-07 12:50:00 +0530,481997,30.8,28.3,31.84,34.56
2021-11-07 12:50:30 +0530,481998,31.0,27.9,31.72,34.55
2021-11-07 12:51:00 +0530,481999,31.8,28.7,31.76,34.53
2021-11-07 12:51:30 +0530,482000,32.1,29.3,31.84,34.54
2021-11-07 12:52:00 +0530,482001,27.0,24.5,31.92,34.53
2021-11-07 12:52:30 +0530,482002,33.1,30.2,32.09,34.57
2021-11-07 12:53:00 +0530,482003,33.5,30.5,31.92,34.61
2021-11-07 12:53:30 +0530,482004,38.1,31.4,32.02,34.64
2021-11-07 12:54:00 +0530,482005,33.3,29.9,32.06,34.68
2021-11-07 12:54:30 +0530,482006,39.5,32.3,32.06,34.75
2021-11-07 12:55:00 +0530,482007,34.0,30.7,32.14,34.79
2021-11-07 12:55:30 +0530,482008,33.7,30.1,32.08,34.83
2021-11-07 12:56:00 +0530,482010,38.5,31.2,32.12,34.91
2021-11-07 12:56:30 +0530,482011,31.7,28.3,32.09,34.98
2021-11-07 12:57:00 +0530,482012,38.1,30.1,32.06,35.04
2021-11-07 12:57:30 +0530,482009,40.7,36.6,31.77,35.1
2021-11-07 12:58:00 +0530,482013,40.9,36.5,31.61,35.07
2021-11-07 12:58:30 +0530,482014,36.0,32.7,31.49,35.04
2021-11-07 12:59:00 +0530,482015,31.2,25.8,31.67,34.97
2021-11-07 12:59:30 +0530,482016,35.4,30.9,31.77,34.97
2021-11-07 13:00:00 +0530,482017,28.8,26.1,32.4,34.98
2021-11-07 13:00:30 +0530,482018,32.9,29.5,32.22,35.03
2021-11-07 13:01:00 +0530,482019,32.1,28.9,32.29,35.08
2021-11-07 13:01:30 +0530,482020,31.3,28.4,31.89,35.13
2021-11-07 13:02:00 +0530,482021,31.1,28.1,31.19,35.2
2021-11-07 13:02:30 +0530,482022,28.6,25.6,31.22,35.21
2021-11-07 13:03:00 +0530,482023,60.4,30.2,31.22,35.23
2021-11-07 13:03:30 +0530,482024,46.3,31.6,31.14,35.28
2021-11-07 13:04:00 +0530,482025,38.9,31.3,31.2,35.34
2021-11-07 13:04:30 +0530,482026,32.4,29.3,31.28,35.37
2021-11-07 13:05:00 +0530,482027,31.3,28.3,31.03,35.39
2021-11-07 13:05:30 +0530,482028,31.4,28.3,30.96,35.4
2021-11-07 13:06:00 +0530,482029,28.1,25.2,31.12,35.37
2021-11-07 13:06:30 +0530,482030,27.5,24.9,31.24,35.35
2021-11-07 13:07:00 +0530,482031,31.5,28.4,30.83,35.35
2021-11-07 13:07:30 +0530,482032,27.3,24.8,30.82,35.3
2021-11-07 13:08:00 +0530,482033,29.5,27.2,30.61,35.29
2021-11-07 13:08:30 +0530,482034,31.5,28.2,30.61,35.27
2021-11-07 13:09:00 +0530,482035,30.9,28.1,30.45,35.26
2021-11-07 13:09:30 +0530,482036,29.5,26.9,30.61,35.25
2021-11-07 13:10:00 +0530,482037,29.6,26.9,30.45,35.22
2021-11-07 13:10:30 +0530,482038,30.3,27.4,30.38,35.2
2021-11-07 13:11:00 +0530,482039,30.4,27.1,30.38,35.2
2021-11-07 13:11:30 +0530,482040,34.1,28.4,30.58,35.15
2021-11-07 13:12:00 +0530,482041,26.8,24.3,30.8,35.11
2021-11-07 13:12:30 +0530,482042,29.4,26.9,30.6,35.09
2021-11-07 13:13:00 +0530,482043,30.2,27.3,30.44,35.07
2021-11-07 13:13:30 +0530,482044,28.9,26.3,30.35,35.01
2021-11-07 13:14:00 +0530,482045,28.3,25.9,30.44,34.98
2021-11-07 13:14:30 +0530,482046,33.9,28.4,30.67,34.92
2021-11-07 13:15:00 +0530,482047,30.6,27.7,30.95,34.88
2021-11-07 13:15:30 +0530,482048,31.1,27.7,31.15,34.85
2021-11-07 13:16:00 +0530,482049,31.2,27.7,31.11,34.84
2021-11-07 13:16:30 +0530,482050,31.2,28.2,31.07,34.82
2021-11-07 13:17:00 +0530,482051,29.6,26.5,31.05,34.78
2021-11-07 13:17:30 +0530,482052,30.2,27.3,31.13,34.77
2021-11-07 13:18:00 +0530,482053,32.3,29.1,31.38,34.76
2021-11-07 13:18:30 +0530,482054,29.8,27.3,31.17,34.74
2021-11-07 13:19:00 +0530,482055,25.8,23.4,31.57,34.68
2021-11-07 13:19:30 +0530,482056,30.3,27.7,31.45,34.64
2021-11-07 13:20:00 +0530,482057,30.2,27.6,31.48,34.6
2021-11-07 13:20:30 +0530,482058,31.4,28.6,31.6,34.57
2021-11-07 13:21:00 +0530,482059,32.6,29.6,31.68,34.54
2021-11-07 13:21:30 +0530,482060,30.0,27.6,31.16,34.52
2021-11-07 13:22:00 +0530,482061,32.1,29.2,31.36,34.51
2021-11-07 13:22:30 +0530,482062,31.6,28.8,31.52,34.5
2021-11-07 13:23:00 +0530,482063,26.4,23.9,31.64,34.47
2021-11-07 13:23:30 +0530,482064,31.8,28.9,31.64,34.48
2021-11-07 13:24:00 +0530,482065,31.5,28.1,30.96,34.49
2021-11-07 13:24:30 +0530,482066,32.2,29.2,31.03,34.49
2021-11-07 13:25:00 +0530,482067,31.3,28.2,30.99,34.48
2021-11-07 13:25:30 +0530,482068,31.7,26.6,31.42,34.44
2021-11-07 13:26:00 +0530,482069,32.7,29.3,31.54,34.44
2021-11-07 13:26:30 +0530,482070,30.9,27.8,31.54,34.42
2021-11-07 13:27:00 +0530,482071,32.0,28.6,31.5,34.41
2021-11-07 13:27:30 +0530,482072,33.0,29.6,31.42,34.38
2021-11-07 13:28:00 +0530,482073,31.3,28.2,31.22,34.36
2021-11-07 13:28:30 +0530,482074,29.9,27.3,30.9,34.35
2021-11-07 13:29:00 +0530,482075,30.0,27.4,31.1,34.34
2021-11-07 13:29:30 +0530,482076,29.8,26.9,30.86,34.32
2021-11-07 13:30:00 +0530,482077,30.0,27.4,31.14,34.3
2021-11-07 13:30:30 +0530,482078,34.8,28.9,31.26,34.3
2021-11-07 13:31:00 +0530,482079,32.5,29.3,31.54,34.3
2021-11-07 13:31:30 +0530,482080,31.8,29.1,31.52,34.29
2021-11-07 13:32:00 +0530,482081,32.2,29.2,31.57,34.29
2021-11-07 13:32:30 +0530,482082,32.1,29.2,31.9,34.27
2021-11-07 13:33:00 +0530,482083,29.4,27.1,31.52,34.27
2021-11-07 13:33:30 +0530,482084,30.2,27.7,31.36,34.26
2021-11-07 13:34:00 +0530,482085,31.2,28.3,31.2,34.27
2021-11-07 13:34:30 +0530,482086,32.2,29.0,31.1,34.27
2021-11-07 13:35:00 +0530,482087,30.8,27.3,31.06,34.29
2021-11-07 13:35:30 +0530,482088,30.7,28.1,31.38,34.27
2021-11-07 13:36:00 +0530,482089,31.2,28.2,31.12,34.25
2021-11-07 13:36:30 +0530,482090,34.7,28.3,31.12,34.23
2021-11-07 13:37:00 +0530,482091,34.7,28.3,31.12,34.23
2021-11-07 13:37:30 +0530,482092,27.5,25.1,31.36,34.11
2021-11-07 13:38:00 +0530,482093,32.5,29.4,31.48,34.16
2021-11-07 13:38:30 +0530,482094,42.7,30.6,31.69,34.18
2021-11-07 13:39:00 +0530,482095,41.8,30.1,31.73,34.2
2021-11-07 13:39:30 +0530,482096,30.3,27.1,31.48,34.22
2021-11-07 13:40:00 +0530,482097,29.1,26.9,31.52,34.21
2021-11-07 13:40:30 +0530,482098,31.0,28.5,31.73,34.2
2021-11-07 13:41:00 +0530,482099,45.7,41.1,32.13,34.2
2021-11-07 13:41:30 +0530,482100,44.5,40.2,31.89,34.21
2021-11-07 13:42:00 +0530,482101,34.9,31.6,31.57,34.21
2021-11-07 13:42:30 +0530,482102,34.8,31.2,31.57,34.22
2021-11-07 13:43:00 +0530,482103,36.6,32.8,31.64,34.24
2021-11-07 13:43:30 +0530,482104,38.4,32.2,31.64,34.25
2021-11-07 13:44:00 +0530,482105,86.5,38.1,31.7,34.3
2021-11-07 13:44:30 +0530,482106,34.6,31.4,31.62,34.32
2021-11-07 13:45:00 +0530,482107,39.7,35.7,31.7,34.33
2021-11-07 13:45:30 +0530,482108,35.0,31.9,32.02,34.34
2021-11-07 13:46:00 +0530,482109,31.6,28.7,31.83,34.36
2021-11-07 13:46:30 +0530,482110,33.3,29.9,31.83,34.36
2021-11-07 13:47:00 +0530,482111,32.8,29.9,31.74,34.36
2021-11-07 13:47:30 +0530,482112,32.2,29.2,31.74,34.37
2021-11-07 13:48:00 +0530,482113,30.6,27.8,31.99,34.38
2021-11-07 13:48:30 +0530,482114,30.4,27.8,31.7,34.38
2021-11-07 13:49:00 +0530,482115,28.2,25.5,31.83,34.37
2021-11-07 13:49:30 +0530,482116,31.6,28.6,31.99,34.37
2021-11-07 13:50:00 +0530,482117,31.6,28.6,32.15,34.39
2021-11-07 13:50:30 +0530,482118,34.3,30.9,32.31,34.4
2021-11-07 13:51:00 +0530,482119,32.9,29.8,32.15,34.42
2021-11-07 13:51:30 +0530,482120,33.4,30.3,32.27,34.44
2021-11-07 13:52:00 +0530,482121,32.1,29.4,32.31,34.45
2021-11-07 13:52:30 +0530,482122,36.1,27.8,32.51,34.44
2021-11-07 13:53:00 +0530,482123,34.6,31.1,32.39,34.45
2021-11-07 13:53:30 +0530,482124,37.1,31.6,32.35,34.46
2021-11-07 13:54:00 +0530,482125,34.6,31.3,32.35,34.46
2021-11-07 13:54:30 +0530,482126,33.5,30.4,32.44,34.47
2021-11-07 13:55:00 +0530,482127,35.4,31.8,32.57,34.48
2021-11-07 13:55:30 +0530,482128,32.7,29.8,32.32,34.49
2021-11-07 13:56:00 +0530,482129,34.9,31.4,32.28,34.5
2021-11-07 13:56:30 +0530,482130,34.3,31.0,32.04,34.52
2021-11-07 13:57:00 +0530,482131,30.6,26.4,32.0,34.52
2021-11-07 13:57:30 +0530,482132,34.8,31.4,31.76,34.52
2021-11-07 13:58:00 +0530,482133,28.2,25.7,31.92,34.5
2021-11-07 13:58:30 +0530,482134,29.9,26.9,32.12,34.47
2021-11-07 13:59:00 +0530,482135,40.7,37.0,32.31,34.45
2021-11-07 13:59:30 +0530,482136,44.0,40.1,32.31,34.42
2021-11-07 14:00:00 +0530,482137,33.7,30.6,32.31,34.38
2021-11-07 14:00:30 +0530,482138,35.1,31.9,32.11,34.36
2021-11-07 14:01:00 +0530,482139,35.1,31.8,32.19,34.34
2021-11-07 14:01:30 +0530,482140,35.0,31.7,32.31,34.32
2021-11-07 14:02:00 +0530,482141,34.9,31.6,32.51,34.32
2021-11-07 14:02:30 +0530,482142,34.3,31.2,32.39,34.31
2021-11-07 14:03:00 +0530,482143,32.8,30.0,32.47,34.29
2021-11-07 14:03:30 +0530,482144,32.9,30.0,32.45,34.26
2021-11-07 14:04:00 +0530,482145,31.8,29.2,32.57,34.23
2021-11-07 14:04:30 +0530,482146,33.8,30.5,32.53,34.22
2021-11-07 14:05:00 +0530,482147,30.1,27.2,32.49,34.17
2021-11-07 14:05:30 +0530,482148,34.2,30.6,32.53,34.16
2021-11-07 14:06:00 +0530,482149,34.2,30.9,32.7,34.12
2021-11-07 14:06:30 +0530,482150,37.9,34.1,32.57,34.12
2021-11-07 14:07:00 +0530,482151,35.4,31.9,32.67,34.11
2021-11-07 14:07:30 +0530,482152,30.0,27.2,32.96,34.08
2021-11-07 14:08:00 +0530,482153,28.8,26.2,33.28,34.06
2021-11-07 14:08:30 +0530,482154,33.4,30.4,33.15,34.06
2021-11-07 14:09:00 +0530,482155,34.0,30.3,33.08,34.06
2021-11-07 14:09:30 +0530,482156,34.3,30.6,33.04,34.05
2021-11-07 14:10:00 +0530,482157,33.4,30.3,32.99,34.05
2021-11-07 14:10:30 +0530,482158,33.6,30.4,33.04,34.05
2021-11-07 14:11:00 +0530,482159,32.5,29.2,33.36,33.95
2021-11-07 14:11:30 +0530,482160,34.5,30.9,33.44,33.96
2021-11-07 14:12:00 +0530,482161,36.1,32.4,33.84,34.01
2021-11-07 14:12:30 +0530,482162,32.5,29.6,33.44,34.05
2021-11-07 14:13:00 +0530,482163,32.2,28.3,33.32,34.07
2021-11-07 14:13:30 +0530,482164,29.6,27.1,32.99,34.07
2021-11-07 14:14:00 +0530,482165,34.6,31.4,32.96,34.1
2021-11-07 14:14:30 +0530,482166,35.1,31.8,33.18,34.16
2021-11-07 14:15:00 +0530,482167,34.9,31.1,33.5,34.2
2021-11-07 14:15:30 +0530,482168,35.2,31.4,33.5,34.24
2021-11-07 14:16:00 +0530,482169,37.4,33.6,33.07,34.27
2021-11-07 14:16:30 +0530,482170,34.5,31.4,32.83,34.3
2021-11-07 14:17:00 +0530,482171,32.9,30.1,32.71,34.31
2021-11-07 14:17:30 +0530,482172,48.2,31.7,32.59,34.3
2021-11-07 14:18:00 +0530,482173,27.4,25.1,32.73,34.25
2021-11-07 14:18:30 +0530,482174,33.9,31.0,32.81,34.25
2021-11-07 14:19:00 +0530,482175,33.7,30.6,32.89,34.24
2021-11-07 14:19:30 +0530,482176,34.5,30.9,32.77,34.25
2021-11-07 14:20:00 +0530,482177,32.2,29.3,33.02,34.26
2021-11-07 14:20:30 +0530,482178,33.5,30.2,33.12,34.27
2021-11-07 14:21:00 +0530,482179,33.8,30.8,32.96,34.29
2021-11-07 14:21:30 +0530,482180,34.6,31.1,32.99,34.31
2021-11-07 14:22:00 +0530,482181,34.8,30.7,33.19,34.32
2021-11-07 14:22:30 +0530,482182,35.0,31.3,33.19,34.33
2021-11-07 14:23:00 +0530,482183,29.6,26.8,33.31,34.33
2021-11-07 14:23:30 +0530,482184,33.0,30.0,32.96,34.36
2021-11-07 14:24:00 +0530,482185,33.2,30.1,32.91,34.38
2021-11-07 14:24:30 +0530,482186,32.5,29.4,32.71,34.38
2021-11-07 14:25:00 +0530,482187,26.4,24.1,32.67,34.34
2021-11-07 14:25:30 +0530,482188,28.6,26.2,32.71,34.29
2021-11-07 14:26:00 +0530,482189,32.7,29.6,32.81,34.25
2021-11-07 14:26:30 +0530,482190,32.2,29.3,32.89,34.24
2021-11-07 14:27:00 +0530,482191,33.1,29.9,32.93,34.22
2021-11-07 14:27:30 +0530,482192,32.7,29.8,32.93,34.21
2021-11-07 14:28:00 +0530,482193,32.1,29.4,32.86,34.18
2021-11-07 14:28:30 +0530,482194,32.9,29.9,32.86,34.16
2021-11-07 14:29:00 +0530,482195,32.3,29.3,32.81,34.16
2021-11-07 14:29:30 +0530,482196,34.8,31.1,32.93,34.12
2021-11-07 14:30:00 +0530,482197,27.5,24.8,32.93,34.11
2021-11-07 14:30:30 +0530,482198,32.5,29.7,32.86,34.11
2021-11-07 14:31:00 +0530,482199,31.1,28.4,32.53,34.14
2021-11-07 14:31:30 +0530,482200,27.9,25.7,32.57,34.11
2021-11-07 14:32:00 +0530,482201,31.7,28.7,32.76,34.11
2021-11-07 14:32:30 +0530,482202,30.7,28.3,32.39,34.1
2021-11-07 14:33:00 +0530,482203,31.3,28.4,32.39,34.08
2021-11-07 14:33:30 +0530,482204,30.8,28.2,32.39,34.05
2021-11-07 14:34:00 +0530,482205,32.1,29.2,32.48,34.01
2021-11-07 14:34:30 +0530,482206,31.2,28.5,32.87,33.96
2021-11-07 14:35:00 +0530,482207,33.5,30.1,32.86,33.93
2021-11-07 14:35:30 +0530,482208,39.5,31.1,32.94,33.9
2021-11-07 14:36:00 +0530,482209,36.1,30.5,33.06,33.89
2021-11-07 14:36:30 +0530,482210,37.1,30.8,33.3,33.89
2021-11-07 14:37:00 +0530,482211,37.7,31.7,33.58,33.88
2021-11-07 14:37:30 +0530,482212,33.9,30.5,33.7,33.91
2021-11-07 14:38:00 +0530,482213,33.3,30.0,33.18,33.94
2021-11-07 14:38:30 +0530,482214,32.5,29.4,32.92,33.94
2021-11-07 14:39:00 +0530,482215,34.2,30.9,33.15,33.97
2021-11-07 14:39:30 +0530,482216,44.3,40.1,33.48,34.01
2021-11-07 14:40:00 +0530,482217,47.3,41.3,33.56,34.04
2021-11-07 14:40:30 +0530,482218,49.9,44.8,33.64,34.09
2021-11-07 14:41:00 +0530,482219,38.4,34.5,33.4,34.11
2021-11-07 14:41:30 +0530,482220,38.3,34.2,33.38,34.16
2021-11-07 14:42:00 +0530,482221,34.6,31.3,33.05,34.19
2021-11-07 14:42:30 +0530,482222,40.1,31.9,33.02,34.19
2021-11-07 14:43:00 +0530,482223,38.5,34.3,32.93,34.17
2021-11-07 14:43:30 +0530,482224,35.8,32.3,32.98,34.14
2021-11-07 14:44:00 +0530,482225,35.2,31.8,32.93,34.16
2021-11-07 14:44:30 +0530,482226,30.4,27.3,33.32,33.97
2021-11-07 14:45:00 +0530,482227,34.1,30.6,33.08,34.03
2021-11-07 14:45:30 +0530,482228,33.5,30.4,33.15,34.08
2021-11-07 14:46:00 +0530,482229,29.1,26.0,33.32,34.1
2021-11-07 14:46:30 +0530,482230,32.3,29.4,33.66,34.14
2021-11-07 14:47:00 +0530,482231,35.4,32.1,33.94,34.18
2021-11-07 14:47:30 +0530,482232,44.5,33.6,34.27,34.2
2021-11-07 14:48:00 +0530,482233,42.3,33.6,34.22,34.22
2021-11-07 14:48:30 +0530,482234,34.2,30.9,33.99,34.24
2021-11-07 14:49:00 +0530,482235,45.2,35.6,33.99,34.25
2021-11-07 14:49:30 +0530,482236,53.7,35.8,34.06,34.27
2021-11-07 14:50:00 +0530,482237,42.4,32.6,34.08,34.31
2021-11-07 14:50:30 +0530,482238,32.7,29.6,34.0,34.32
2021-11-07 14:51:00 +0530,482239,45.9,40.3,34.08,34.37
2021-11-07 14:51:30 +0530,482240,31.0,28.1,34.12,34.39
2021-11-07 14:52:00 +0530,482241,36.8,32.6,34.16,34.44
2021-11-07 14:52:30 +0530,482242,47.6,34.4,34.18,34.48
2021-11-07 14:53:00 +0530,482243,30.4,27.4,34.25,34.47
2021-11-07 14:53:30 +0530,482244,34.3,31.3,34.18,34.5
2021-11-07 14:54:00 +0530,482245,31.9,28.5,34.18,34.49
2021-11-07 14:54:30 +0530,482246,31.4,28.4,34.3,34.49
2021-11-07 14:55:00 +0530,482247,39.0,32.7,34.26,34.5
2021-11-07 14:55:30 +0530,482248,36.3,32.3,34.18,34.5
2021-11-07 14:56:00 +0530,482249,33.7,30.7,33.57,34.51
2021-11-07 14:56:30 +0530,482250,33.2,30.2,33.05,34.49
2021-11-07 14:57:00 +0530,482251,33.4,30.1,32.76,34.46
2021-11-07 14:57:30 +0530,482252,29.0,24.5,33.03,34.42
2021-11-07 14:58:00 +0530,482253,34.3,30.6,33.03,34.4
2021-11-07 14:58:30 +0530,482254,37.4,33.4,32.99,34.38
2021-11-07 14:59:00 +0530,482255,28.6,25.9,33.03,34.34
2021-11-07 14:59:30 +0530,482256,33.1,30.2,33.07,34.32
2021-11-07 15:00:00 +0530,482257,33.7,30.6,32.99,34.33
2021-11-07 15:01:00 +0530,482258,40.5,36.4,33.31,34.35
2021-11-07 15:01:30 +0530,482259,34.2,30.7,33.35,34.37
2021-11-07 15:02:00 +0530,482260,32.2,29.1,33.31,34.4
2021-11-07 15:02:30 +0530,482261,32.4,29.6,32.99,34.42
2021-11-07 15:03:00 +0530,482262,30.9,27.8,33.12,34.39
2021-11-07 15:03:30 +0530,482263,33.2,30.3,33.44,34.39
2021-11-07 15:04:00 +0530,482264,34.1,30.8,33.56,34.41
2021-11-07 15:04:30 +0530,482265,34.9,31.3,33.56,34.44
2021-11-07 15:05:00 +0530,482266,33.7,30.6,33.66,34.46
2021-11-07 15:05:30 +0530,482267,34.5,31.3,33.41,34.5
2021-11-07 15:06:00 +0530,482268,27.9,25.5,33.01,34.49
2021-11-07 15:06:30 +0530,482269,35.2,32.1,32.73,34.48
2021-11-07 15:07:00 +0530,482270,35.8,32.7,32.76,34.46
2021-11-07 15:07:30 +0530,482271,31.1,28.4,32.79,34.4
2021-11-07 15:08:00 +0530,482272,33.6,30.8,32.71,34.38
2021-11-07 15:08:30 +0530,482273,33.0,30.1,32.59,34.36
2021-11-07 15:09:00 +0530,482274,31.1,28.5,32.79,34.31
2021-11-07 15:09:30 +0530,482275,33.5,30.6,32.96,34.29
2021-11-07 15:10:00 +0530,482276,33.5,30.4,32.93,34.27
2021-11-07 15:10:30 +0530,482277,32.2,29.3,32.81,34.25
2021-11-07 15:11:00 +0530,482278,31.6,28.8,32.7,34.22
2021-11-07 15:11:30 +0530,482279,32.1,29.3,32.77,34.2
2021-11-07 15:12:00 +0530,482280,32.5,29.7,33.02,34.17
2021-11-07 15:12:30 +0530,482281,27.6,25.1,33.08,34.11
2021-11-07 15:13:00 +0530,482282,32.8,29.7,33.04,34.09
2021-11-07 15:13:30 +0530,482283,32.6,29.4,32.83,34.07
2021-11-07 15:14:00 +0530,482284,32.7,29.2,32.96,34.06
2021-11-07 15:14:30 +0530,482285,31.4,28.8,32.8,34.03
2021-11-07 15:15:00 +0530,482286,31.8,28.7,32.71,33.99
2021-11-07 15:15:30 +0530,482287,33.3,29.8,32.76,33.92
2021-11-07 15:16:00 +0530,482288,33.1,29.6,32.7,33.89
2021-11-07 15:16:30 +0530,482289,30.3,27.1,33.02,33.83
2021-11-07 15:17:00 +0530,482290,33.5,30.2,32.98,33.83
2021-11-07 15:17:30 +0530,482291,30.3,27.1,33.14,33.83
2021-11-07 15:18:00 +0530,482292,29.1,26.5,33.26,33.83
2021-11-07 15:18:30 +0530,482293,32.7,29.5,33.34,33.87
2021-11-07 15:19:00 +0530,482294,27.0,24.7,33.26,33.89
2021-11-07 15:19:30 +0530,482295,24.6,22.7,33.06,33.9
2021-11-07 15:20:00 +0530,482296,28.6,25.6,32.98,33.91
2021-11-07 15:20:30 +0530,482297,31.2,28.3,32.94,33.93
2021-11-07 15:21:00 +0530,482298,30.8,28.1,32.8,33.95
2021-11-07 15:21:30 +0530,482299,29.8,27.2,32.55,33.96
2021-11-07 15:22:00 +0530,482300,31.9,28.8,32.67,33.96
2021-11-07 15:22:30 +0530,482301,30.8,27.7,32.67,33.96
2021-11-07 15:23:00 +0530,482302,58.9,32.6,32.87,33.97
2021-11-07 15:23:30 +0530,482303,35.1,29.7,32.76,33.99
2021-11-07 15:24:00 +0530,482304,32.3,26.3,32.83,33.99
2021-11-07 15:24:30 +0530,482305,32.2,28.7,32.71,34.02
2021-11-07 15:25:00 +0530,482306,31.7,28.5,32.67,34.04
2021-11-07 15:25:30 +0530,482307,32.1,29.2,32.64,34.06
2021-11-07 15:26:00 +0530,482308,27.3,24.4,32.76,34.06
2021-11-07 15:26:30 +0530,482309,31.5,28.3,32.76,34.08
2021-11-07 15:27:00 +0530,482310,30.2,27.4,32.23,34.08
2021-11-07 15:27:30 +0530,482311,30.8,28.0,32.31,34.07
2021-11-07 15:28:00 +0530,482312,31.1,28.1,32.28,34.05
2021-11-07 15:28:30 +0530,482313,31.3,28.2,32.55,34.02
2021-11-07 15:29:00 +0530,482314,27.9,25.4,32.67,33.96
2021-11-07 15:29:30 +0530,482315,32.2,29.2,32.87,33.94
2021-11-07 15:30:00 +0530,482316,29.4,27.1,32.34,33.92
2021-11-07 15:30:30 +0530,482317,26.8,24.2,32.38,33.89
2021-11-07 15:31:00 +0530,482318,30.5,27.8,32.22,33.88
2021-11-07 15:31:30 +0530,482319,33.0,29.9,32.22,33.87
2021-11-07 15:32:00 +0530,482320,32.2,29.3,32.22,33.87
2021-11-07 15:32:30 +0530,482321,32.3,29.2,32.3,33.87
2021-11-07 15:33:00 +0530,482322,27.1,24.7,32.7,33.85
2021-11-07 15:33:30 +0530,482323,37.4,33.9,32.22,33.85
2021-11-07 15:34:00 +0530,482324,49.6,44.8,32.22,33.85
2021-11-07 15:34:30 +0530,482325,43.3,39.1,32.22,33.82
2021-11-07 15:35:00 +0530,482326,31.5,28.7,32.22,33.8
2021-11-07 15:35:30 +0530,482327,29.5,27.1,31.71,33.77
2021-11-07 15:36:00 +0530,482328,29.1,26.8,31.96,33.76
2021-11-07 15:36:30 +0530,482329,25.9,23.2,32.2,33.73
2021-11-07 15:37:00 +0530,482330,30.4,27.9,32.2,33.7
2021-11-07 15:37:30 +0530,482331,29.4,27.0,32.52,33.68
2021-11-07 15:38:00 +0530,482332,29.7,26.7,32.24,33.67
2021-11-07 15:38:30 +0530,482333,29.3,26.3,32.24,33.67
2021-11-07 15:39:00 +0530,482334,29.0,23.9,32.62,33.49
2021-11-07 15:39:30 +0530,482335,30.3,27.4,32.35,33.49
2021-11-07 15:40:00 +0530,482336,30.7,27.8,32.18,33.52
2021-11-07 15:40:30 +0530,482337,30.3,27.3,32.02,33.56
2021-11-07 15:41:00 +0530,482338,26.2,23.8,31.82,33.56
2021-11-07 15:41:30 +0530,482339,32.4,27.4,31.62,33.56
2021-11-07 15:42:00 +0530,482340,33.0,28.1,31.62,33.57
2021-11-07 15:42:30 +0530,482341,24.6,22.6,31.82,33.57
2021-11-07 15:43:00 +0530,482342,31.4,26.8,32.14,33.55
2021-11-07 15:43:30 +0530,482343,30.5,27.5,32.18,33.57
2021-11-07 15:44:00 +0530,482344,25.7,23.0,32.1,33.55
2021-11-07 15:44:30 +0530,482345,30.2,24.7,32.02,33.53
2021-11-07 15:45:00 +0530,482346,28.7,26.1,31.66,33.57
2021-11-07 15:45:30 +0530,482347,25.4,23.4,31.45,33.57
2021-11-07 15:46:00 +0530,482348,28.4,25.7,31.29,33.58
2021-11-07 15:46:30 +0530,482349,31.1,26.2,31.41,33.57
2021-11-07 15:47:00 +0530,482350,28.6,26.2,31.73,33.57
2021-11-07 15:47:30 +0530,482351,28.7,26.1,31.82,33.58
2021-11-07 15:48:00 +0530,482352,29.1,26.2,31.73,33.59
2021-11-07 15:48:30 +0530,482353,27.7,25.4,31.5,33.58
2021-11-07 15:49:00 +0530,482354,28.3,25.7,31.5,33.59
2021-11-07 15:49:30 +0530,482355,26.4,24.2,30.9,33.58
2021-11-07 15:50:00 +0530,482356,26.9,24.7,31.02,33.56
2021-11-07 15:50:30 +0530,482357,27.7,25.2,31.18,33.55
2021-11-07 15:51:00 +0530,482358,27.5,25.3,31.25,33.52
2021-11-07 15:51:30 +0530,482359,27.6,25.2,31.38,33.51
2021-11-07 15:52:00 +0530,482360,26.4,23.1,31.62,33.49
2021-11-07 15:52:30 +0530,482361,29.6,26.9,31.82,33.49
2021-11-07 15:53:00 +0530,482362,31.0,27.8,31.98,33.5
2021-11-07 15:53:30 +0530,482363,31.0,27.9,32.35,33.52
2021-11-07 15:54:00 +0530,482364,36.1,28.1,32.58,33.53
2021-11-07 15:54:30 +0530,482365,46.6,29.9,32.51,33.56
2021-11-07 15:55:00 +0530,482366,32.9,27.6,32.6,33.59
2021-11-07 15:55:30 +0530,482367,29.6,26.8,32.32,33.61
2021-11-07 15:56:00 +0530,482368,36.2,27.8,32.52,33.63
2021-11-07 15:56:30 +0530,482369,34.2,28.5,32.44,33.65
2021-11-07 15:57:00 +0530,482370,34.0,28.8,32.28,33.67
2021-11-07 15:57:30 +0530,482371,31.0,27.7,32.28,33.71
2021-11-07 15:58:00 +0530,482372,30.7,27.6,31.99,33.74
2021-11-07 15:58:30 +0530,482373,31.6,27.7,31.96,33.76
2021-11-07 15:59:00 +0530,482374,34.1,30.8,31.6,33.76
2021-11-07 15:59:30 +0530,482375,39.6,26.1,31.96,33.76
2021-11-07 16:00:00 +0530,482376,37.5,28.8,31.64,33.77
2021-11-07 16:00:30 +0530,482377,32.6,27.3,31.53,33.79
2021-11-07 16:01:00 +0530,482378,29.3,26.8,31.65,33.82
2021-11-07 16:01:30 +0530,482379,29.7,26.7,31.53,33.83
2021-11-07 16:02:00 +0530,482380,30.8,27.7,31.61,33.85
2021-11-07 16:02:30 +0530,482381,29.3,26.6,31.61,33.83
2021-11-07 16:03:00 +0530,482382,30.1,27.2,31.85,33.8
2021-11-07 16:03:30 +0530,482383,29.1,26.3,31.61,33.78
2021-11-07 16:04:00 +0530,482384,29.2,26.6,31.73,33.77
2021-11-07 16:04:30 +0530,482385,27.7,25.2,31.27,33.76
2021-11-07 16:05:00 +0530,482386,34.3,28.2,31.48,33.76
2021-11-07 16:05:30 +0530,482387,35.8,28.2,31.83,33.77
2021-11-07 16:06:00 +0530,482388,33.0,27.7,31.61,33.8
2021-11-07 16:06:30 +0530,482389,41.1,30.3,31.69,33.81
2021-11-07 16:07:00 +0530,482390,33.9,28.1,31.41,33.82
2021-11-07 16:07:30 +0530,482391,28.3,25.6,31.45,33.85
2021-11-07 16:08:00 +0530,482392,25.8,23.3,31.76,33.8
2021-11-07 16:08:30 +0530,482393,30.2,25.1,32.04,33.78
2021-11-07 16:09:00 +0530,482394,32.3,28.8,31.92,33.77
2021-11-07 16:09:30 +0530,482395,26.0,23.2,31.96,33.76
2021-11-07 16:10:00 +0530,482396,29.5,26.6,31.96,33.76
2021-11-07 16:10:30 +0530,482397,30.3,27.6,31.83,33.77
2021-11-07 16:11:00 +0530,482398,29.6,26.9,31.69,33.78
2021-11-07 16:11:30 +0530,482399,29.6,26.7,31.61,33.79
2021-11-07 16:12:00 +0530,482400,31.1,28.3,31.73,33.8
2021-11-07 16:12:30 +0530,482401,33.4,30.4,31.49,33.8
2021-11-07 16:13:00 +0530,482402,31.0,27.8,31.49,33.8
2021-11-07 16:13:30 +0530,482403,36.2,32.7,31.65,33.81
2021-11-07 16:14:00 +0530,482404,30.1,27.2,31.41,33.81
2021-11-07 16:14:30 +0530,482405,31.9,28.6,31.29,33.81
2021-11-07 16:15:00 +0530,482406,25.3,22.8,31.43,33.78
2021-11-07 16:15:30 +0530,482407,28.4,25.8,31.03,33.76
2021-11-07 16:16:00 +0530,482408,30.3,27.4,31.43,33.76
2021-11-07 16:16:30 +0530,482409,26.9,22.7,31.35,33.73
2021-11-07 16:17:00 +0530,482410,32.1,28.6,31.51,33.71
2021-11-07 16:17:30 +0530,482411,31.5,28.2,31.6,33.72
2021-11-07 16:18:00 +0530,482412,29.1,26.2,31.32,33.73
2021-11-07 16:18:30 +0530,482413,29.7,26.9,31.35,33.74
2021-11-07 16:19:00 +0530,482414,29.4,26.6,31.32,33.75
2021-11-07 16:19:30 +0530,482415,28.3,25.9,30.99,33.76
2021-11-07 16:20:00 +0530,482416,28.5,26.2,30.87,33.76
2021-11-07 16:20:30 +0530,482417,28.1,25.3,30.89,33.8
2021-11-07 16:21:00 +0530,482418,26.8,24.4,30.93,33.8
2021-11-07 16:21:30 +0530,482419,28.3,25.8,31.17,33.8
2021-11-07 16:22:00 +0530,482420,27.7,25.3,31.49,33.79
2021-11-07 16:22:30 +0530,482421,30.2,27.1,31.69,33.78
2021-11-07 16:23:00 +0530,482422,29.8,26.7,31.6,33.77
2021-11-07 16:23:30 +0530,482423,28.7,26.2,30.99,33.77
2021-11-07 16:24:00 +0530,482424,28.5,26.1,31.11,33.76
2021-11-07 16:24:30 +0530,482425,27.3,24.9,31.35,33.76
2021-11-07 16:25:00 +0530,482426,29.4,26.3,31.19,33.74
2021-11-07 16:25:30 +0530,482427,29.3,26.4,31.35,33.73
2021-11-07 16:26:00 +0530,482428,27.7,25.1,31.43,33.72
2021-11-07 16:26:30 +0530,482429,28.5,25.9,31.76,33.72
2021-11-07 16:27:00 +0530,482430,28.7,23.3,31.96,33.7
2021-11-07 16:27:30 +0530,482431,29.2,26.5,31.39,33.68
2021-11-07 16:28:00 +0530,482432,23.8,21.6,31.27,33.66
2021-11-07 16:28:30 +0530,482433,29.7,27.0,31.11,33.66
2021-11-07 16:29:00 +0530,482434,28.8,26.3,31.16,33.68
2021-11-07 16:29:30 +0530,482435,30.3,27.4,31.16,33.71
2021-11-07 16:30:00 +0530,482436,28.7,26.0,31.19,33.71
2021-11-07 16:30:30 +0530,482437,25.3,23.1,31.51,33.68
2021-11-07 16:31:00 +0530,482438,29.0,26.5,31.55,33.7
2021-11-07 16:31:30 +0530,482439,30.5,27.6,32.28,33.7
2021-11-07 16:32:00 +0530,482440,28.1,25.4,32.04,33.7
2021-11-07 16:32:30 +0530,482441,29.0,26.4,31.92,33.7
2021-11-07 16:33:00 +0530,482442,30.6,27.8,31.92,33.68
2021-11-07 16:33:30 +0530,482443,24.0,21.6,32.04,33.66
2021-11-07 16:34:00 +0530,482444,29.9,26.9,32.12,33.65
2021-11-07 16:34:30 +0530,482445,29.3,26.6,31.96,33.65
2021-11-07 16:35:00 +0530,482446,29.0,26.4,31.96,33.64
2021-11-07 16:35:30 +0530,482447,31.5,28.4,32.24,33.63
2021-11-07 16:36:00 +0530,482448,41.4,37.1,32.6,33.63
2021-11-07 16:36:30 +0530,482449,39.9,35.8,32.24,33.62
2021-11-07 16:37:00 +0530,482450,30.4,27.8,31.8,33.61
2021-11-07 16:37:30 +0530,482451,31.3,28.6,31.83,33.6
2021-11-07 16:38:00 +0530,482452,30.5,27.7,31.92,33.59
2021-11-07 16:38:30 +0530,482453,30.0,26.9,32.02,33.59
2021-11-07 16:39:00 +0530,482454,35.3,28.3,32.06,33.58
2021-11-07 16:39:30 +0530,482455,31.4,28.2,32.02,33.57
2021-11-07 16:40:00 +0530,482456,31.4,28.4,32.22,33.56
2021-11-07 16:40:30 +0530,482457,32.6,29.2,32.14,33.55
2021-11-07 16:41:00 +0530,482458,23.9,22.1,32.18,33.5
2021-11-07 16:41:30 +0530,482459,30.7,27.7,32.02,33.5
2021-11-07 16:42:00 +0530,482460,26.7,24.1,32.22,33.46
2021-11-07 16:42:30 +0530,482461,26.6,23.9,32.42,33.44
2021-11-07 16:43:00 +0530,482462,42.4,30.6,32.6,33.44
2021-11-07 16:43:30 +0530,482463,39.7,35.4,32.97,33.43
2021-11-07 16:44:00 +0530,482464,44.4,32.7,33.15,33.44
2021-11-07 16:44:30 +0530,482465,39.6,31.2,33.29,33.44
2021-11-07 16:45:00 +0530,482466,29.8,26.7,33.61,33.41
2021-11-07 16:45:30 +0530,482467,35.2,31.5,33.61,33.41
2021-11-07 16:46:00 +0530,482468,31.7,28.8,33.53,33.41
2021-11-07 16:46:30 +0530,482469,31.6,28.7,33.33,33.41
2021-11-07 16:47:00 +0530,482470,32.8,29.6,33.53,33.4
2021-11-07 16:47:30 +0530,482471,33.4,30.1,33.53,33.37
2021-11-07 16:48:00 +0530,482472,31.8,28.8,33.65,33.33
2021-11-07 16:48:30 +0530,482473,29.7,25.6,33.97,33.27
2021-11-07 16:49:00 +0530,482474,31.9,29.1,33.99,33.21
2021-11-07 16:49:30 +0530,482475,31.0,28.2,34.12,33.16
2021-11-07 16:50:00 +0530,482476,32.6,29.7,34.28,33.09
2021-11-07 16:50:30 +0530,482477,34.9,31.1,34.62,33.03
2021-11-07 16:51:00 +0530,482478,32.3,29.2,34.84,32.99
2021-11-07 16:51:30 +0530,482479,33.0,30.1,34.81,32.92
2021-11-07 16:52:00 +0530,482480,32.1,29.4,34.89,32.85
2021-11-07 16:52:30 +0530,482481,32.2,29.3,34.96,32.79
2021-11-07 16:53:00 +0530,482482,33.1,30.2,35.03,32.75
2021-11-07 16:53:30 +0530,482483,31.9,29.2,35.01,32.69
2021-11-07 16:54:00 +0530,482484,32.3,29.2,35.11,32.64
2021-11-07 16:54:30 +0530,482485,34.5,31.0,35.21,32.6
2021-11-07 16:55:00 +0530,482486,33.3,30.1,35.24,32.58
2021-11-07 16:55:30 +0530,482487,34.3,30.8,35.4,32.56
2021-11-07 16:56:00 +0530,482488,30.8,27.7,35.37,32.5
2021-11-07 16:56:30 +0530,482489,33.7,30.7,35.44,32.47
2021-11-07 16:57:00 +0530,482490,35.0,31.7,35.6,32.45
2021-11-07 16:57:30 +0530,482491,35.7,32.2,35.81,32.44
2021-11-07 16:58:00 +0530,482492,34.3,31.2,35.74,32.42
2021-11-07 16:58:30 +0530,482493,34.8,31.4,35.67,32.41
2021-11-07 16:59:00 +0530,482494,38.9,35.2,35.82,32.41
2021-11-07 16:59:30 +0530,482495,34.9,31.8,35.85,32.39
2021-11-07 17:00:00 +0530,482496,34.3,31.3,35.85,32.38
2021-11-07 17:00:30 +0530,482497,34.5,31.4,35.79,32.35
2021-11-07 17:01:00 +0530,482498,31.3,27.8,35.85,32.31
2021-11-07 17:01:30 +0530,482499,34.5,31.2,35.92,32.29
2021-11-07 17:02:00 +0530,482500,35.7,32.3,36.05,32.28
2021-11-07 17:02:30 +0530,482501,36.5,32.6,36.09,32.28
2021-11-07 17:03:00 +0530,482502,35.5,32.1,36.12,32.27
2021-11-07 17:03:30 +0530,482503,36.3,32.5,36.19,32.26
2021-11-07 17:04:00 +0530,482504,30.5,27.8,36.19,32.23
2021-11-07 17:04:30 +0530,482505,33.8,30.9,36.08,32.2
2021-11-07 17:05:00 +0530,482506,35.8,32.4,36.18,32.2
2021-11-07 17:05:30 +0530,482507,37.6,33.6,36.27,32.2
2021-11-07 17:06:00 +0530,482508,35.0,31.5,36.21,32.19
2021-11-07 17:06:30 +0530,482509,30.4,27.6,36.27,32.17
2021-11-07 17:07:00 +0530,482510,36.7,33.2,36.34,32.14
2021-11-07 17:07:30 +0530,482511,36.3,32.8,36.41,32.13
2021-11-07 17:08:00 +0530,482512,34.7,31.4,36.58,32.11
2021-11-07 17:08:30 +0530,482513,36.3,32.9,36.65,32.1
2021-11-07 17:09:00 +0530,482514,36.0,32.7,36.48,32.09
2021-11-07 17:09:30 +0530,482515,35.7,32.6,36.58,32.07
2021-11-07 17:10:00 +0530,482516,36.4,28.2,36.63,32.03
2021-11-07 17:10:30 +0530,482517,35.6,32.2,36.76,32.02
2021-11-07 17:11:00 +0530,482518,30.8,28.1,36.9,32.0
2021-11-07 17:11:30 +0530,482519,36.3,32.7,36.93,32.0
2021-11-07 17:12:00 +0530,482520,33.3,29.7,37.14,31.97
2021-11-07 17:12:30 +0530,482521,37.4,33.8,37.14,31.98
2021-11-07 17:13:00 +0530,482522,36.3,33.0,37.1,31.97
2021-11-07 17:13:30 +0530,482523,37.0,33.2,36.96,31.98
2021-11-07 17:14:00 +0530,482524,37.6,33.9,36.96,31.98
2021-11-07 17:14:30 +0530,482525,36.7,33.0,36.9,31.98
2021-11-07 17:15:00 +0530,482526,35.9,32.7,36.93,31.97
2021-11-07 17:15:30 +0530,482527,31.7,28.7,37.1,31.95
2021-11-07 17:16:00 +0530,482528,33.0,29.6,37.17,31.93
2021-11-07 17:16:30 +0530,482529,36.7,33.1,37.03,31.93
2021-11-07 17:17:00 +0530,482530,37.0,33.4,37.17,31.94
2021-11-07 17:17:30 +0530,482531,37.7,34.2,37.21,31.95
2021-11-07 17:18:00 +0530,482532,38.5,34.4,37.1,31.94
2021-11-07 17:18:30 +0530,482533,39.8,35.1,37.14,31.95
2021-11-07 17:19:00 +0530,482534,32.3,29.4,37.17,31.92
2021-11-07 17:19:30 +0530,482535,38.7,34.7,37.24,31.92
2021-11-07 17:20:00 +0530,482536,36.4,32.7,37.4,31.9
2021-11-07 17:20:30 +0530,482537,38.1,34.1,37.4,31.9
2021-11-07 17:21:00 +0530,482538,39.4,35.4,37.54,31.89
2021-11-07 17:21:30 +0530,482539,34.5,31.1,37.42,31.86
2021-11-07 17:22:00 +0530,482540,38.4,34.8,37.46,31.86
2021-11-07 17:22:30 +0530,482541,37.2,33.6,37.49,31.86
2021-11-07 17:23:00 +0530,482542,33.3,30.1,37.69,31.83
2021-11-07 17:23:30 +0530,482543,37.0,33.6,37.69,31.84
2021-11-07 17:24:00 +0530,482544,36.7,33.1,37.53,31.84
2021-11-07 17:24:30 +0530,482545,33.3,27.3,37.42,31.81
2021-11-07 17:25:00 +0530,482546,36.5,32.9,37.53,31.81
2021-11-07 17:25:30 +0530,482547,40.7,34.3,37.49,31.81
2021-11-07 17:26:00 +0530,482548,32.7,29.8,37.49,31.78
2021-11-07 17:26:30 +0530,482549,33.6,30.2,37.42,31.75
2021-11-07 17:27:00 +0530,482550,37.8,33.9,37.39,31.74
2021-11-07 17:27:30 +0530,482551,37.0,33.2,37.49,31.74
2021-11-07 17:28:01 +0530,482552,37.0,33.3,37.5,31.73
2021-11-07 17:28:30 +0530,482553,37.7,33.7,37.64,31.71
2021-11-07 17:29:00 +0530,482554,38.2,34.1,37.71,31.7
2021-11-07 17:29:30 +0530,482555,39.7,35.8,37.74,31.69
2021-11-07 17:30:00 +0530,482556,44.8,36.2,37.84,31.67
2021-11-07 17:30:30 +0530,482557,46.8,42.1,37.88,31.67
2021-11-07 17:31:00 +0530,482558,62.3,42.3,37.84,31.63
2021-11-07 17:31:30 +0530,482559,46.6,41.3,37.81,31.63
2021-11-07 17:32:00 +0530,482560,70.4,51.3,37.88,31.6
2021-11-07 17:32:30 +0530,482561,67.1,49.6,37.88,31.59
2021-11-07 17:33:00 +0530,482562,37.7,33.6,37.67,31.57
2021-11-07 17:33:30 +0530,482563,36.0,32.6,37.53,31.54
2021-11-07 17:34:00 +0530,482564,36.1,32.2,37.62,31.52
2021-11-07 17:34:30 +0530,482565,32.4,29.0,37.75,31.45
2021-11-07 17:35:00 +0530,482566,36.1,32.8,37.75,31.42
2021-11-07 17:35:30 +0530,482567,35.6,32.2,37.82,31.37
2021-11-07 17:36:00 +0530,482568,35.3,32.1,37.83,31.35
2021-11-07 17:36:30 +0530,482569,36.6,33.2,37.87,31.33
2021-11-07 17:37:00 +0530,482570,36.2,33.0,38.04,31.3
2021-11-07 17:37:30 +0530,482571,36.8,33.7,38.14,31.29
2021-11-07 17:38:00 +0530,482572,33.1,29.6,38.2,31.26
2021-11-07 17:38:30 +0530,482573,39.2,35.3,38.2,31.25
2021-11-07 17:39:00 +0530,482574,36.5,32.9,38.27,31.23
2021-11-07 17:39:30 +0530,482575,37.0,33.4,38.27,31.23
2021-11-07 17:40:00 +0530,482576,38.1,34.3,38.34,31.22
2021-11-07 17:40:30 +0530,482577,38.7,34.7,38.41,31.21
2021-11-07 17:41:00 +0530,482578,32.4,28.9,38.43,31.18
2021-11-07 17:41:30 +0530,482579,37.6,33.6,38.39,31.18
2021-11-07 17:42:00 +0530,482580,38.5,34.3,38.46,31.16
2021-11-07 17:42:30 +0530,482581,37.8,34.1,38.46,31.16
2021-11-07 17:43:00 +0530,482582,36.6,33.4,38.43,31.16
2021-11-07 17:43:30 +0530,482583,36.9,33.3,38.46,31.15
2021-11-07 17:44:00 +0530,482584,37.5,33.7,38.39,31.13
2021-11-07 17:44:30 +0530,482585,35.3,32.2,38.43,31.11
2021-11-07 17:45:00 +0530,482586,37.3,33.8,38.49,31.1
2021-11-07 17:45:30 +0530,482587,30.7,27.8,38.5,31.04
2021-11-07 17:46:00 +0530,482588,36.8,33.2,38.62,31.04
2021-11-07 17:46:30 +0530,482589,32.8,29.7,38.74,31.02
2021-11-07 17:47:00 +0530,482590,37.2,33.9,38.81,31.02
2021-11-07 17:47:30 +0530,482591,36.7,33.4,38.81,31.02
2021-11-07 17:48:00 +0530,482592,37.5,34.1,38.81,31.02
2021-11-07 17:48:30 +0530,482593,36.7,33.2,38.88,31.02
2021-11-07 17:49:00 +0530,482594,37.6,33.6,38.88,31.02
2021-11-07 17:49:30 +0530,482595,38.1,34.3,38.91,31.02
2021-11-07 17:50:00 +0530,482596,38.4,34.7,38.85,31.02
2021-11-07 17:50:30 +0530,482597,39.7,35.7,38.81,31.02
2021-11-07 17:51:00 +0530,482598,39.0,35.5,38.85,31.01
2021-11-07 17:51:30 +0530,482599,39.6,35.6,38.88,30.98
2021-11-07 17:52:00 +0530,482600,39.5,35.9,38.94,30.98
2021-11-07 17:52:30 +0530,482601,40.1,36.1,38.91,30.97
2021-11-07 17:53:00 +0530,482602,40.3,36.3,38.91,30.96
2021-11-07 17:53:30 +0530,482603,40.2,35.9,38.98,30.96
2021-11-07 17:54:00 +0530,482604,38.8,34.8,39.01,30.95
2021-11-07 17:54:30 +0530,482605,38.2,34.4,39.04,30.94
2021-11-07 17:55:00 +0530,482606,38.4,34.9,39.07,30.94
2021-11-07 17:55:30 +0530,482607,41.9,35.7,39.07,30.94
2021-11-07 17:56:00 +0530,482608,38.0,34.2,39.18,30.93
2021-11-07 17:56:30 +0530,482609,38.0,34.4,38.98,30.92
2021-11-07 17:57:00 +0530,482610,32.0,29.2,39.07,30.87
2021-11-07 17:57:30 +0530,482611,40.9,36.7,39.21,30.86
2021-11-07 17:58:00 +0530,482612,40.5,36.3,39.24,30.86
2021-11-07 17:58:30 +0530,482613,34.0,30.8,39.33,30.84
2021-11-07 17:59:00 +0530,482614,34.5,31.3,39.33,30.84
2021-11-07 17:59:30 +0530,482615,36.4,32.7,39.49,30.7
2021-11-07 18:00:00 +0530,482616,40.3,31.2,39.51,30.7
2021-11-07 18:00:30 +0530,482617,40.2,35.1,39.33,30.71
2021-11-07 18:01:00 +0530,482618,35.3,30.7,39.3,30.7
2021-11-07 18:01:30 +0530,482619,40.2,35.9,39.33,30.71
2021-11-07 18:02:00 +0530,482620,40.8,36.4,39.36,30.72
2021-11-07 18:02:30 +0530,482621,40.1,35.9,39.39,30.74
2021-11-07 18:03:00 +0530,482622,43.2,38.8,39.43,30.76
2021-11-07 18:03:30 +0530,482623,34.6,31.4,39.43,30.74
2021-11-07 18:04:00 +0530,482624,39.9,36.0,39.23,30.75
2021-11-07 18:04:30 +0530,482625,39.2,35.6,39.26,30.75
2021-11-07 18:05:00 +0530,482626,40.2,36.2,39.33,30.75
2021-11-07 18:05:30 +0530,482627,40.3,36.3,39.3,30.75
2021-11-07 18:06:00 +0530,482628,38.2,31.7,39.36,30.72
2021-11-07 18:06:30 +0530,482629,39.5,35.5,39.19,30.72
2021-11-07 18:07:00 +0530,482630,40.6,35.9,39.23,30.74
2021-11-07 18:07:30 +0530,482631,36.5,32.8,39.33,30.71
2021-11-07 18:08:00 +0530,482632,40.3,35.9,39.33,30.71
2021-11-07 18:08:30 +0530,482633,40.0,35.8,39.3,30.72
2021-11-07 18:09:00 +0530,482634,40.0,36.2,39.26,30.74
2021-11-07 18:09:30 +0530,482635,42.3,37.7,39.16,30.72
2021-11-07 18:10:00 +0530,482636,41.1,36.8,39.19,30.72
2021-11-07 18:10:30 +0530,482637,37.1,33.8,39.2,30.7
2021-11-07 18:11:00 +0530,482638,41.4,37.2,39.26,30.7
2021-11-07 18:11:30 +0530,482639,40.7,36.4,39.23,30.69
2021-11-07 18:12:00 +0530,482640,40.2,36.1,39.04,30.69
2021-11-07 18:12:30 +0530,482641,38.4,34.4,38.97,30.68
2021-11-07 18:13:00 +0530,482642,40.7,36.4,39.01,30.68
2021-11-07 18:13:30 +0530,482643,41.1,36.8,38.97,30.67
2021-11-07 18:14:00 +0530,482644,39.8,36.0,39.01,30.66
2021-11-07 18:14:30 +0530,482645,39.2,35.3,39.1,30.66
2021-11-07 18:15:00 +0530,482646,39.3,35.6,38.97,30.65
2021-11-07 18:15:30 +0530,482647,40.6,36.4,39.01,30.65
2021-11-07 18:16:00 +0530,482648,33.4,30.2,39.04,30.61
2021-11-07 18:16:30 +0530,482649,40.1,36.2,39.01,30.61
2021-11-07 18:17:00 +0530,482650,40.6,36.2,39.01,30.59
2021-11-07 18:17:30 +0530,482651,37.5,30.1,39.2,30.54
2021-11-07 18:18:00 +0530,482652,40.0,36.0,39.2,30.53
2021-11-07 18:18:30 +0530,482653,37.9,30.4,39.25,30.51
2021-11-07 18:19:00 +0530,482654,39.3,35.2,39.25,30.5
2021-11-07 18:19:30 +0530,482655,39.5,35.6,39.32,30.51
2021-11-07 18:20:00 +0530,482656,40.4,36.2,39.37,30.51
2021-11-07 18:20:30 +0530,482657,40.4,36.1,39.37,30.51
2021-11-07 18:21:00 +0530,482658,39.6,35.8,39.41,30.51
2021-11-07 18:21:30 +0530,482659,39.1,35.3,39.37,30.51
2021-11-07 18:22:00 +0530,482660,39.9,35.6,39.39,30.51
2021-11-07 18:22:30 +0530,482661,36.3,32.5,39.39,30.48
2021-11-07 18:23:00 +0530,482662,39.2,35.3,39.36,30.47
2021-11-07 18:23:30 +0530,482663,39.0,35.2,39.29,30.47
2021-11-07 18:24:00 +0530,482664,39.3,35.2,39.32,30.45
2021-11-07 18:24:30 +0530,482665,40.9,35.8,39.42,30.44
2021-11-07 18:25:00 +0530,482666,41.5,36.2,39.39,30.42
2021-11-07 18:25:30 +0530,482667,38.9,34.8,39.39,30.42
2021-11-07 18:26:00 +0530,482668,40.9,36.6,39.52,30.4
2021-11-07 18:26:30 +0530,482669,40.6,36.3,39.56,30.4
2021-11-07 18:27:00 +0530,482670,40.5,36.1,39.52,30.4
2021-11-07 18:27:30 +0530,482671,34.3,30.7,39.69,30.38
2021-11-07 18:28:00 +0530,482672,39.8,35.8,39.52,30.37
2021-11-07 18:28:30 +0530,482673,37.6,34.2,39.52,30.37
2021-11-07 18:29:00 +0530,482674,39.6,35.7,39.46,30.36
2021-11-07 18:29:30 +0530,482675,31.5,29.0,39.6,30.31
2021-11-07 18:30:00 +0530,482676,39.7,35.7,39.6,30.31
2021-11-07 18:30:30 +0530,482677,39.0,35.3,39.6,30.31
2021-11-07 18:31:00 +0530,482678,38.6,35.0,39.6,30.3
2021-11-07 18:31:30 +0530,482679,39.0,35.1,39.64,30.3
2021-11-07 18:32:00 +0530,482680,41.5,37.0,39.77,30.28
2021-11-07 18:32:30 +0530,482681,40.4,35.6,39.74,30.27
2021-11-07 18:33:00 +0530,482682,42.2,35.3,39.7,30.27
2021-11-07 18:33:30 +0530,482683,39.1,35.3,39.67,30.26
2021-11-07 18:34:00 +0530,482684,40.6,36.3,39.7,30.26
2021-11-07 18:34:30 +0530,482685,39.4,35.6,39.7,30.24
2021-11-07 18:35:00 +0530,482686,39.8,35.8,39.74,30.24
2021-11-07 18:35:30 +0530,482687,39.5,35.2,39.74,30.23
2021-11-07 18:36:00 +0530,482688,41.1,36.6,39.74,30.21
2021-11-07 18:36:30 +0530,482689,39.9,36.1,39.81,30.2
2021-11-07 18:37:00 +0530,482690,39.3,35.7,39.81,30.19
2021-11-07 18:37:30 +0530,482691,40.1,35.8,39.87,30.18
2021-11-07 18:38:00 +0530,482692,40.0,36.2,39.95,30.17
2021-11-07 18:38:30 +0530,482693,39.2,35.1,39.95,30.16
2021-11-07 18:39:00 +0530,482694,42.9,32.9,40.05,30.12
2021-11-07 18:39:30 +0530,482695,40.7,36.6,40.05,30.12
2021-11-07 18:40:00 +0530,482696,42.0,37.5,40.12,30.11
2021-11-07 18:40:30 +0530,482697,36.1,33.0,40.22,30.09
2021-11-07 18:41:00 +0530,482698,36.0,32.7,40.33,30.06
2021-11-07 18:41:30 +0530,482699,43.7,37.8,40.36,30.07
2021-11-07 18:42:00 +0530,482700,39.5,33.6,40.39,30.05
2021-11-07 18:42:30 +0530,482701,36.8,32.9,40.42,30.03
2021-11-07 18:43:00 +0530,482702,41.8,37.5,40.49,30.04
2021-11-07 18:43:30 +0530,482703,43.1,38.0,40.46,30.05
2021-11-07 18:44:00 +0530,482704,42.2,38.0,40.46,30.05
2021-11-07 18:44:30 +0530,482705,41.9,37.6,40.46,30.06
2021-11-07 18:45:00 +0530,482706,41.2,37.2,40.42,30.06
2021-11-07 18:45:30 +0530,482707,36.7,32.8,40.52,30.03
2021-11-07 18:46:00 +0530,482708,41.7,37.1,40.49,30.03
2021-11-07 18:46:30 +0530,482709,42.9,38.4,40.49,30.03
2021-11-07 18:47:00 +0530,482710,37.7,33.8,40.64,30.0
2021-11-07 18:47:30 +0530,482711,42.7,38.3,40.54,30.0
2021-11-07 18:48:00 +0530,482712,43.1,38.4,40.54,30.0
2021-11-07 18:48:30 +0530,482713,44.1,39.4,40.67,30.0
2021-11-07 18:49:00 +0530,482714,43.7,39.1,40.71,30.0
2021-11-07 18:49:30 +0530,482715,43.3,38.9,40.67,29.98
2021-11-07 18:50:00 +0530,482716,43.0,38.6,40.71,29.98
2021-11-07 18:50:30 +0530,482717,42.4,38.0,40.71,29.98
2021-11-07 18:51:00 +0530,482718,42.3,38.2,40.77,29.97
2021-11-07 18:51:30 +0530,482719,43.5,38.8,40.67,29.96
2021-11-07 18:52:00 +0530,482720,44.8,40.0,40.71,29.95
2021-11-07 18:52:30 +0530,482721,43.1,38.7,40.77,29.95
2021-11-07 18:53:00 +0530,482722,44.3,39.7,40.77,29.95
2021-11-07 18:53:30 +0530,482723,44.8,40.2,40.84,29.95
2021-11-07 18:54:00 +0530,482724,44.4,39.5,40.84,29.95
2021-11-07 18:54:30 +0530,482725,44.5,39.8,40.91,29.96
2021-11-07 18:55:00 +0530,482726,46.8,42.2,40.77,29.97
2021-11-07 18:55:30 +0530,482727,47.5,40.9,40.77,29.97
2021-11-07 18:56:00 +0530,482729,41.5,37.2,40.81,29.96
2021-11-07 18:56:30 +0530,482730,41.6,37.3,40.81,29.96
2021-11-07 18:57:00 +0530,482731,44.6,38.2,40.77,29.96
2021-11-07 18:57:30 +0530,482732,46.3,41.7,40.81,30.0
2021-11-07 18:58:00 +0530,482728,47.1,42.2,40.77,29.98
2021-11-07 18:58:30 +0530,482733,59.0,53.5,40.71,29.98
2021-11-07 18:59:00 +0530,482734,45.2,40.6,40.81,29.98
2021-11-07 18:59:30 +0530,482735,45.0,40.2,40.81,29.98
2021-11-07 19:00:00 +0530,482736,47.6,39.9,40.81,30.01
2021-11-07 19:00:30 +0530,482737,47.4,42.2,40.84,30.01
2021-11-07 19:01:00 +0530,482738,48.7,43.4,40.69,30.02
2021-11-07 19:01:30 +0530,482739,48.0,40.9,40.59,30.03
2021-11-07 19:02:00 +0530,482740,48.1,41.0,40.42,30.04
2021-11-07 19:02:30 +0530,482741,47.4,40.4,40.49,30.04
2021-11-07 19:03:00 +0530,482742,50.2,44.7,40.33,30.07
2021-11-07 19:03:30 +0530,482743,46.7,40.2,40.36,30.05
2021-11-07 19:04:00 +0530,482744,42.6,37.9,39.95,30.06
2021-11-07 19:04:30 +0530,482745,41.1,36.7,40.26,30.04
2021-11-07 19:05:00 +0530,482746,46.7,41.7,40.33,30.04
2021-11-07 19:05:30 +0530,482747,50.8,45.3,40.26,30.05
2021-11-07 19:06:00 +0530,482748,45.0,40.1,40.36,30.06
2021-11-07 19:06:30 +0530,482749,42.9,38.7,40.05,30.06
2021-11-07 19:07:00 +0530,482750,45.3,38.3,39.85,30.05
2021-11-07 19:07:30 +0530,482751,40.9,36.6,39.72,30.05
2021-11-07 19:08:00 +0530,482752,42.1,37.7,39.72,30.05
2021-11-07 19:08:30 +0530,482753,42.7,38.3,39.78,30.05
2021-11-07 19:09:00 +0530,482754,42.5,38.2,39.85,30.05
2021-11-07 19:09:30 +0530,482755,44.4,39.7,39.78,30.05
2021-11-07 19:10:00 +0530,482756,44.3,39.1,39.72,30.05
2021-11-07 19:10:30 +0530,482757,45.7,39.6,39.72,30.05
2021-11-07 19:11:00 +0530,482758,45.0,40.2,39.78,30.05
2021-11-07 19:11:30 +0530,482759,70.0,51.1,39.82,30.04
2021-11-07 19:12:00 +0530,482760,48.1,39.3,39.68,30.04
2021-11-07 19:12:30 +0530,482761,45.0,40.2,39.88,30.03
2021-11-07 19:13:00 +0530,482762,42.5,38.2,39.85,30.04
2021-11-07 19:13:30 +0530,482763,43.1,38.6,39.88,30.03
2021-11-07 19:14:00 +0530,482764,41.0,32.8,39.9,30.0
2021-11-07 19:14:30 +0530,482765,45.7,40.3,39.87,29.98
2021-11-07 19:15:00 +0530,482766,44.4,39.9,39.83,29.98
2021-11-07 19:15:30 +0530,482767,53.6,40.7,39.97,29.95
2021-11-07 19:16:00 +0530,482768,47.3,37.2,39.97,29.93
2021-11-07 19:16:30 +0530,482769,44.0,39.6,39.93,29.93
2021-11-07 19:17:00 +0530,482770,43.2,38.7,39.87,29.93
2021-11-07 19:17:30 +0530,482771,46.4,40.9,39.97,29.93
2021-11-07 19:18:00 +0530,482772,50.9,39.1,39.87,29.89
2021-11-07 19:18:30 +0530,482773,46.9,41.9,39.76,29.9
2021-11-07 19:19:00 +0530,482774,44.3,39.6,39.63,29.9
2021-11-07 19:19:30 +0530,482775,45.6,40.9,39.73,29.9
2021-11-07 19:20:00 +0530,482776,44.4,39.7,39.63,29.89
2021-11-07 19:20:30 +0530,482777,38.2,34.1,39.64,29.83
2021-11-07 19:21:00 +0530,482778,40.5,36.3,39.75,29.82
2021-11-07 19:21:30 +0530,482779,44.5,40.1,39.75,29.81
2021-11-07 19:22:00 +0530,482780,45.0,40.4,39.75,29.81
2021-11-07 19:22:30 +0530,482781,44.8,40.5,39.71,29.81
2021-11-07 19:23:00 +0530,482782,45.7,41.1,39.68,29.81
2021-11-07 19:23:30 +0530,482783,45.0,40.2,39.75,29.81
2021-11-07 19:24:00 +0530,482784,40.1,35.7,39.78,29.79
2021-11-07 19:24:30 +0530,482785,45.3,40.7,39.68,29.79
2021-11-07 19:25:00 +0530,482786,39.4,35.8,39.75,29.77
2021-11-07 19:25:30 +0530,482787,47.1,42.1,39.78,29.77
2021-11-07 19:26:00 +0530,482788,79.8,71.2,39.88,29.76
2021-11-07 19:26:30 +0530,482789,69.1,61.9,39.85,29.77
2021-11-07 19:27:00 +0530,482790,72.1,64.9,39.85,29.79
2021-11-07 19:27:30 +0530,482791,48.2,43.3,39.64,29.8
2021-11-07 19:28:00 +0530,482792,48.9,43.6,39.71,29.81
2021-11-07 19:28:30 +0530,482793,46.4,41.4,39.75,29.81
2021-11-07 19:29:00 +0530,482794,47.5,42.3,39.78,29.82
2021-11-07 19:29:30 +0530,482795,46.2,41.2,39.44,29.82
2021-11-07 19:30:00 +0530,482796,42.2,35.8,39.68,29.8
2021-11-07 19:30:30 +0530,482797,47.0,42.4,39.71,29.8
2021-11-07 19:31:00 +0530,482798,51.7,46.4,39.71,29.81
2021-11-07 19:31:30 +0530,482799,49.1,44.1,39.61,29.82
2021-11-07 19:32:00 +0530,482800,63.4,41.7,39.71,29.8
2021-11-07 19:32:30 +0530,482801,49.2,44.2,39.75,29.8
2021-11-07 19:33:00 +0530,482802,41.6,36.9,39.75,29.79
2021-11-07 19:33:30 +0530,482803,45.7,41.1,39.61,29.8
2021-11-07 19:34:00 +0530,482804,46.1,41.5,39.61,29.81
2021-11-07 19:34:30 +0530,482805,46.7,41.8,39.54,29.8
2021-11-07 19:35:00 +0530,482806,43.1,38.5,39.75,29.79
2021-11-07 19:35:30 +0530,482807,46.2,41.5,39.47,29.8
2021-11-07 19:36:00 +0530,482808,47.5,42.3,39.58,29.8
2021-11-07 19:36:30 +0530,482809,46.5,41.9,39.47,29.81
2021-11-07 19:37:00 +0530,482810,47.6,42.7,39.58,29.81
2021-11-07 19:37:30 +0530,482811,47.3,42.3,39.4,29.82
2021-11-07 19:38:00 +0530,482812,47.3,42.5,39.37,29.82
2021-11-07 19:38:30 +0530,482813,47.5,42.5,39.47,29.82
2021-11-07 19:39:00 +0530,482814,47.7,42.7,39.46,29.82
2021-11-07 19:39:30 +0530,482815,46.2,41.3,39.36,29.82
2021-11-07 19:40:00 +0530,482816,43.4,38.2,39.47,29.81
2021-11-07 19:40:30 +0530,482817,46.0,41.1,39.44,29.81
2021-11-07 19:41:00 +0530,482818,46.1,41.1,39.43,29.82
2021-11-07 19:41:30 +0530,482819,46.6,41.9,39.34,29.82
2021-11-07 19:42:00 +0530,482820,46.7,41.8,39.43,29.82
2021-11-07 19:42:30 +0530,482821,47.5,42.4,39.4,29.82
2021-11-07 19:43:00 +0530,482822,49.2,44.2,39.36,29.82
2021-11-07 19:43:30 +0530,482823,46.8,41.9,39.3,29.85
2021-11-07 19:44:00 +0530,482824,46.7,41.9,39.19,29.85
2021-11-07 19:44:30 +0530,482825,54.8,43.1,39.26,29.85
2021-11-07 19:45:00 +0530,482826,54.8,43.1,39.23,29.85
2021-11-07 19:45:30 +0530,482827,51.1,39.4,39.61,29.67
2021-11-07 19:46:00 +0530,482828,51.2,42.6,39.47,29.71
2021-11-07 19:46:30 +0530,482829,47.0,41.9,39.54,29.74
2021-11-07 19:47:00 +0530,482830,45.7,39.4,39.44,29.74
2021-11-07 19:47:30 +0530,482831,46.2,41.6,39.27,29.76
2021-11-07 19:48:00 +0530,482832,46.2,41.2,39.27,29.78
2021-11-07 19:48:30 +0530,482833,45.9,41.4,39.24,29.8
2021-11-07 19:49:00 +0530,482834,45.7,40.8,39.14,29.81
2021-11-07 19:49:30 +0530,482835,45.8,41.1,39.1,29.81
2021-11-07 19:50:00 +0530,482836,52.7,45.4,39.2,29.8
2021-11-07 19:50:30 +0530,482837,52.7,45.4,39.2,29.8
2021-11-07 19:51:00 +0530,482838,43.9,39.2,39.34,29.7
2021-11-07 19:51:30 +0530,482839,48.5,43.2,39.3,29.71
2021-11-07 19:52:00 +0530,482840,40.9,36.8,39.27,29.71
2021-11-07 19:52:30 +0530,482841,47.9,43.1,39.2,29.73
2021-11-07 19:53:00 +0530,482842,46.8,41.8,39.14,29.75
2021-11-07 19:53:30 +0530,482843,45.2,40.6,39.17,29.75
2021-11-07 19:54:00 +0530,482844,47.6,42.6,39.14,29.76
2021-11-07 19:54:30 +0530,482845,46.2,41.4,38.94,29.76
2021-11-07 19:55:00 +0530,482846,55.8,46.4,39.01,29.76
2021-11-07 19:55:30 +0530,482847,55.3,48.2,39.04,29.75
2021-11-07 19:56:00 +0530,482848,52.0,44.3,39.1,29.75
2021-11-07 19:56:30 +0530,482849,52.0,42.9,39.14,29.74
2021-11-07 19:57:00 +0530,482850,52.2,40.3,39.17,29.73
2021-11-07 19:57:30 +0530,482851,59.5,44.9,39.17,29.74
2021-11-07 19:58:00 +0530,482852,67.3,45.2,39.04,29.75
2021-11-07 19:58:30 +0530,482853,51.0,43.6,39.01,29.76
2021-11-07 19:59:00 +0530,482854,47.9,42.7,38.94,29.76
2021-11-07 19:59:30 +0530,482855,46.3,41.8,38.94,29.77
2021-11-07 20:00:00 +0530,482856,49.1,43.7,39.01,29.78
2021-11-07 20:00:30 +0530,482857,46.5,41.6,38.94,29.78
2021-11-07 20:01:00 +0530,482858,47.0,41.9,38.94,29.78
2021-11-07 20:01:30 +0530,482859,51.0,42.6,38.87,29.78
2021-11-07 20:02:00 +0530,482860,47.9,41.8,38.84,29.77
2021-11-07 20:02:30 +0530,482861,46.4,41.4,38.94,29.78
2021-11-07 20:03:00 +0530,482862,48.4,42.7,38.91,29.76
2021-11-07 20:03:30 +0530,482863,48.8,42.6,38.94,29.76
2021-11-07 20:04:00 +0530,482864,49.5,43.3,39.04,29.75
2021-11-07 20:04:30 +0530,482865,60.3,43.7,39.04,29.74
2021-11-07 20:05:00 +0530,482866,45.5,40.9,38.84,29.73
2021-11-07 20:05:30 +0530,482867,51.7,46.2,38.84,29.73
2021-11-07 20:06:00 +0530,482868,42.2,37.3,38.94,29.7
2021-11-07 20:06:30 +0530,482869,43.5,38.7,38.98,29.66
2021-11-07 20:07:00 +0530,482870,47.1,42.3,38.91,29.66
2021-11-07 20:07:30 +0530,482871,51.3,42.5,38.85,29.66
2021-11-07 20:08:00 +0530,482872,40.9,36.5,38.91,29.65
2021-11-07 20:08:30 +0530,482873,48.4,43.1,38.85,29.66
2021-11-07 20:09:00 +0530,482874,42.0,37.6,39.01,29.65
2021-11-07 20:09:30 +0530,482875,43.5,39.2,38.91,29.63
2021-11-07 20:10:00 +0530,482876,47.3,42.5,38.88,29.63
2021-11-07 20:10:30 +0530,482877,42.9,38.4,38.98,29.63
2021-11-07 20:11:00 +0530,482878,48.1,42.8,38.88,29.63
2021-11-07 20:11:30 +0530,482879,48.3,43.2,38.82,29.64
2021-11-07 20:12:00 +0530,482880,47.8,42.7,38.78,29.64
2021-11-07 20:12:30 +0530,482881,49.0,42.3,38.75,29.65
2021-11-07 20:13:00 +0530,482882,49.5,42.3,38.82,29.65
2021-11-07 20:13:30 +0530,482883,47.8,42.9,38.78,29.65
2021-11-07 20:14:00 +0530,482884,43.7,37.3,38.78,29.61
2021-11-07 20:14:30 +0530,482885,46.7,42.1,38.78,29.6
2021-11-07 20:15:00 +0530,482886,48.7,43.2,38.85,29.59
2021-11-07 20:15:30 +0530,482887,41.8,37.8,38.98,29.58
2021-11-07 20:16:00 +0530,482888,44.1,35.3,39.01,29.57
2021-11-07 20:16:30 +0530,482889,47.5,36.9,38.91,29.54
2021-11-07 20:17:00 +0530,482890,44.8,40.1,39.05,29.54
2021-11-07 20:17:30 +0530,482891,57.8,47.0,39.01,29.57
2021-11-07 20:18:00 +0530,482892,48.2,43.1,38.85,29.57
2021-11-07 20:18:30 +0530,482893,47.8,42.6,38.82,29.58
2021-11-07 20:19:00 +0530,482894,47.0,42.2,38.88,29.59
2021-11-07 20:19:30 +0530,482895,45.9,41.2,38.91,29.59
2021-11-07 20:20:00 +0530,482896,46.1,41.6,38.85,29.59
2021-11-07 20:20:30 +0530,482897,46.1,41.4,38.82,29.59
2021-11-07 20:21:00 +0530,482898,47.2,42.3,38.85,29.59
2021-11-07 20:21:30 +0530,482899,44.7,40.2,38.51,29.59
2021-11-07 20:22:00 +0530,482900,50.8,43.3,38.72,29.58
2021-11-07 20:22:30 +0530,482901,47.6,42.3,38.69,29.58
2021-11-07 20:23:00 +0530,482902,41.2,36.1,38.82,29.54
2021-11-07 20:23:30 +0530,482903,42.8,38.1,38.88,29.52
2021-11-07 20:24:00 +0530,482904,47.3,42.3,38.88,29.53
2021-11-07 20:24:30 +0530,482905,48.0,42.8,38.82,29.54
2021-11-07 20:25:00 +0530,482906,47.5,41.8,38.82,29.54
2021-11-07 20:25:30 +0530,482907,49.8,42.6,38.72,29.56
2021-11-07 20:26:00 +0530,482908,52.2,41.3,38.55,29.56
2021-11-07 20:26:30 +0530,482909,51.8,41.6,38.51,29.56
2021-11-07 20:27:00 +0530,482910,41.1,36.8,38.62,29.53
2021-11-07 20:27:30 +0530,482911,45.8,40.9,38.48,29.53
2021-11-07 20:28:00 +0530,482912,46.5,41.4,38.45,29.53
2021-11-07 20:28:30 +0530,482913,45.5,40.4,38.34,29.51
2021-11-07 20:29:00 +0530,482914,55.6,42.3,38.51,29.51
2021-11-07 20:29:30 +0530,482915,50.2,41.9,38.58,29.51
2021-11-07 20:30:00 +0530,482916,40.9,35.9,38.58,29.49
2021-11-07 20:30:30 +0530,482917,47.1,40.6,38.34,29.5
2021-11-07 20:31:00 +0530,482918,47.2,40.3,38.17,29.51
2021-11-07 20:31:30 +0530,482919,47.2,40.2,38.01,29.51
2021-11-07 20:32:00 +0530,482920,48.7,41.2,38.08,29.5
2021-11-07 20:32:30 +0530,482921,45.1,40.2,38.14,29.5
2021-11-07 20:33:00 +0530,482922,42.6,37.9,37.84,29.5
2021-11-07 20:33:30 +0530,482923,42.3,34.1,37.79,29.47
2021-11-07 20:34:00 +0530,482924,48.4,39.6,37.79,29.47
2021-11-07 20:34:30 +0530,482925,52.1,40.8,37.72,29.47
2021-11-07 20:35:00 +0530,482926,48.5,40.4,37.72,29.46
2021-11-07 20:35:30 +0530,482927,52.0,39.6,37.75,29.45
2021-11-07 20:36:00 +0530,482928,45.0,38.4,37.72,29.45
2021-11-07 20:36:30 +0530,482929,37.3,32.0,37.82,29.43
2021-11-07 20:37:00 +0530,482930,38.2,32.5,37.82,29.43
2021-11-07 20:38:00 +0530,482931,53.3,41.8,38.04,29.24
2021-11-07 20:38:30 +0530,482932,64.3,47.8,37.94,29.3
2021-11-07 20:39:00 +0530,482933,52.9,39.8,37.77,29.32
2021-11-07 20:39:30 +0530,482934,50.3,38.8,37.59,29.33
2021-11-07 20:40:00 +0530,482935,50.8,38.4,37.56,29.36
2021-11-07 20:40:30 +0530,482936,45.2,37.1,37.49,29.37
2021-11-07 20:41:00 +0530,482937,42.1,37.4,37.15,29.37
2021-11-07 20:41:30 +0530,482938,46.3,38.1,36.92,29.37
2021-11-07 20:42:00 +0530,482939,41.6,37.3,36.98,29.36
2021-11-07 20:42:30 +0530,482940,42.8,34.2,37.15,29.33
2021-11-07 20:43:00 +0530,482941,44.3,37.1,37.03,29.33
2021-11-07 20:43:30 +0530,482942,43.3,37.3,37.06,29.33
2021-11-07 20:44:00 +0530,482943,46.7,38.1,37.08,29.33
2021-11-07 20:44:30 +0530,482944,46.7,38.1,37.08,29.33
2021-11-07 20:45:00 +0530,482945,46.9,36.1,37.37,29.26
2021-11-07 20:45:30 +0530,482946,44.2,38.1,37.1,29.29
2021-11-07 20:46:00 +0530,482947,40.2,35.8,36.63,29.3
2021-11-07 20:46:30 +0530,482948,39.3,31.4,36.66,29.29
2021-11-07 20:47:00 +0530,482949,35.6,31.9,36.72,29.27
2021-11-07 20:47:30 +0530,482950,40.7,36.4,36.79,29.28
2021-11-07 20:48:00 +0530,482951,43.6,36.4,36.83,29.28
2021-11-07 20:48:30 +0530,482952,41.5,36.1,36.79,29.29
2021-11-07 20:49:00 +0530,482953,41.2,35.1,36.72,29.3
2021-11-07 20:49:30 +0530,482954,39.9,35.6,36.83,29.3
2021-11-07 20:50:00 +0530,482955,40.9,31.6,36.79,29.29
2021-11-07 20:50:30 +0530,482956,40.6,36.3,36.66,29.29
2021-11-07 20:51:00 +0530,482957,41.7,36.0,36.63,29.31
2021-11-07 20:51:30 +0530,482958,43.2,36.1,36.66,29.32
2021-11-07 20:52:00 +0530,482959,42.7,30.9,36.79,29.29
2021-11-07 20:52:30 +0530,482960,44.9,36.4,36.69,29.31
2021-11-07 20:53:00 +0530,482961,40.1,34.9,36.53,29.31
2021-11-07 20:53:30 +0530,482962,42.4,37.8,36.66,29.31
2021-11-07 20:54:00 +0530,482963,45.2,36.1,36.63,29.31
2021-11-07 20:54:30 +0530,482964,40.7,35.3,36.59,29.32
2021-11-07 20:55:00 +0530,482965,44.2,35.3,36.63,29.32
2021-11-07 20:55:30 +0530,482966,42.5,35.1,36.63,29.32
2021-11-07 20:56:00 +0530,482967,38.6,32.6,36.86,29.21
2021-11-07 20:56:30 +0530,482968,42.8,33.3,36.93,29.2
2021-11-07 20:57:00 +0530,482969,188.8,137.2,37.0,29.17
2021-11-07 20:57:30 +0530,482970,71.8,57.3,36.93,29.21
2021-11-07 20:58:00 +0530,482971,85.7,61.6,36.96,29.21
2021-11-07 20:58:30 +0530,482972,61.4,47.2,37.0,29.21
2021-11-07 20:59:00 +0530,482973,44.3,36.4,36.79,29.21
2021-11-07 20:59:30 +0530,482974,35.5,30.1,36.89,29.21
2021-11-07 21:00:00 +0530,482975,40.4,31.8,36.93,29.19
2021-11-07 21:00:30 +0530,482976,42.5,31.4,36.96,29.17
2021-11-07 21:01:00 +0530,482977,38.9,34.8,36.96,29.18
2021-11-07 21:01:30 +0530,482978,32.4,29.1,36.86,29.16
2021-11-07 21:02:00 +0530,482979,38.9,34.6,36.79,29.16
2021-11-07 21:02:30 +0530,482980,41.9,34.8,36.83,29.17
2021-11-07 21:03:00 +0530,482981,34.2,30.7,36.88,29.14
2021-11-07 21:03:30 +0530,482982,44.0,32.9,36.98,29.11
2021-11-07 21:04:00 +0530,482983,39.3,33.6,36.88,29.12
2021-11-07 21:04:30 +0530,482984,38.3,33.9,36.78,29.12
2021-11-07 21:05:00 +0530,482985,37.2,33.0,36.81,29.11
2021-11-07 21:05:30 +0530,482986,40.9,36.9,36.81,29.11
2021-11-07 21:06:00 +0530,482987,44.7,29.2,36.95,29.07
2021-11-07 21:06:30 +0530,482988,42.1,34.3,36.95,29.07
2021-11-07 21:07:00 +0530,482989,35.9,29.9,37.01,29.05
2021-11-07 21:07:30 +0530,482990,39.6,31.7,36.91,29.05
2021-11-07 21:08:00 +0530,482991,43.5,33.5,36.91,29.05
2021-11-07 21:08:30 +0530,482992,44.2,33.1,37.01,29.04
2021-11-07 21:09:00 +0530,482993,45.2,31.7,37.14,29.03
2021-11-07 21:09:30 +0530,482994,39.2,34.1,37.11,29.03
2021-11-07 21:10:00 +0530,482995,38.8,34.7,37.14,29.05
2021-11-07 21:10:30 +0530,482996,40.2,34.6,37.14,29.05
2021-11-07 21:11:00 +0530,482997,43.9,35.1,37.11,29.06
2021-11-07 21:11:30 +0530,482998,37.4,33.4,37.14,29.07
2021-11-07 21:12:00 +0530,482999,42.8,35.2,37.14,29.07
2021-11-07 21:12:30 +0530,483000,44.1,34.4,37.11,29.07
2021-11-07 21:13:00 +0530,483001,38.2,34.1,37.14,29.08
2021-11-07 21:13:30 +0530,483002,45.3,36.7,37.21,29.08
2021-11-07 21:14:00 +0530,483003,47.0,37.1,37.14,29.08
2021-11-07 21:14:30 +0530,483004,39.2,34.9,37.08,29.08
2021-11-07 21:15:00 +0530,483005,33.9,29.2,37.21,29.04
2021-11-07 21:15:30 +0530,483006,41.0,34.5,37.14,29.04
2021-11-07 21:16:00 +0530,483007,39.5,34.3,37.21,29.04
2021-11-07 21:16:30 +0530,483008,40.7,33.2,37.14,29.03
2021-11-07 21:17:00 +0530,483009,36.8,32.9,37.05,29.03
2021-11-07 21:17:30 +0530,483010,42.1,34.8,37.14,29.02
2021-11-07 21:18:00 +0530,483011,38.0,32.3,37.11,29.02
2021-11-07 21:18:30 +0530,483012,36.3,30.8,37.21,28.99
2021-11-07 21:19:00 +0530,483013,37.3,33.2,37.13,28.99
2021-11-07 21:19:30 +0530,483014,41.2,34.3,37.14,28.99
2021-11-07 21:20:00 +0530,483015,38.8,34.1,37.14,29.0
2021-11-07 21:20:30 +0530,483016,39.5,32.9,37.08,29.0
2021-11-07 21:21:00 +0530,483017,35.3,31.6,37.01,29.0
2021-11-07 21:21:30 +0530,483018,37.3,33.2,37.06,28.98
2021-11-07 21:22:00 +0530,483019,42.2,33.7,37.09,28.98
2021-11-07 21:22:30 +0530,483020,36.9,32.9,37.13,28.98
2021-11-07 21:23:00 +0530,483021,37.7,33.2,37.19,28.98
2021-11-07 21:23:30 +0530,483022,37.6,32.8,37.19,28.97
2021-11-07 21:24:00 +0530,483023,32.6,29.3,37.36,28.93
2021-11-07 21:24:30 +0530,483024,32.9,29.4,37.43,28.91
2021-11-07 21:25:00 +0530,483025,37.0,32.2,37.4,28.91
2021-11-07 21:25:30 +0530,483026,34.7,28.6,37.43,28.89
2021-11-07 21:26:00 +0530,483027,37.1,32.4,37.36,28.9
2021-11-07 21:26:30 +0530,483028,37.1,32.0,37.43,28.9
2021-11-07 21:27:00 +0530,483029,38.6,31.7,37.36,28.9
2021-11-07 21:27:30 +0530,483030,35.3,31.5,37.4,28.89
2021-11-07 21:28:00 +0530,483031,42.2,32.6,37.36,28.88
2021-11-07 21:28:30 +0530,483032,41.5,33.7,37.46,28.87
2021-11-07 21:29:00 +0530,483033,35.4,31.6,37.36,28.86
2021-11-07 21:29:30 +0530,483034,43.4,32.8,37.4,28.85
2021-11-07 21:30:00 +0530,483035,38.9,32.7,37.46,28.85
2021-11-07 21:30:30 +0530,483036,36.6,32.7,37.53,28.85
2021-11-07 21:31:00 +0530,483037,41.1,33.1,37.56,28.84
2021-11-07 21:31:30 +0530,483038,29.2,26.6,37.69,28.82
2021-11-07 21:32:00 +0530,483039,30.0,27.3,37.69,28.82
2021-11-07 21:32:30 +0530,483040,38.2,30.3,37.91,28.71
2021-11-07 21:33:00 +0530,483041,46.6,41.7,37.91,28.73
2021-11-07 21:33:30 +0530,483042,55.2,49.7,37.91,28.74
2021-11-07 21:34:00 +0530,483043,45.3,40.7,37.88,28.76
2021-11-07 21:34:30 +0530,483044,48.3,43.6,37.68,28.75
2021-11-07 21:35:00 +0530,483045,43.8,36.4,37.85,28.74
2021-11-07 21:35:30 +0530,483046,43.3,36.7,37.81,28.74
2021-11-07 21:36:00 +0530,483047,51.2,40.5,37.81,28.73
2021-11-07 21:36:30 +0530,483048,45.2,39.1,37.81,28.73
2021-11-07 21:37:00 +0530,483049,37.2,31.9,37.88,28.7
2021-11-07 21:37:30 +0530,483050,48.2,42.8,38.08,28.69
2021-11-07 21:38:00 +0530,483051,37.9,33.9,37.98,28.68
2021-11-07 21:38:30 +0530,483052,31.2,28.3,37.89,28.65
2021-11-07 21:39:00 +0530,483053,37.4,33.3,37.89,28.64
2021-11-07 21:39:30 +0530,483054,33.4,30.1,38.03,28.61
2021-11-07 21:40:00 +0530,483055,49.8,34.3,37.99,28.61
2021-11-07 21:40:30 +0530,483056,32.9,27.3,38.06,28.59
2021-11-07 21:41:00 +0530,483057,34.9,31.2,38.03,28.59
2021-11-07 21:41:30 +0530,483058,38.8,31.7,38.06,28.59
2021-11-07 21:42:00 +0530,483059,37.9,32.1,38.09,28.59
2021-11-07 21:42:30 +0530,483060,51.1,31.9,38.06,28.59
2021-11-07 21:43:00 +0530,483061,38.6,31.7,38.06,28.59
2021-11-07 21:43:30 +0530,483062,26.6,24.1,38.06,28.55
2021-11-07 21:44:00 +0530,483063,35.3,31.4,37.96,28.56
2021-11-07 21:44:30 +0530,483064,37.5,32.9,37.99,28.56
2021-11-07 21:45:00 +0530,483065,38.4,32.2,38.13,28.55
2021-11-07 21:45:30 +0530,483066,38.8,31.3,37.96,28.56
2021-11-07 21:46:00 +0530,483067,38.7,30.9,37.96,28.56
2021-11-07 21:46:30 +0530,483068,38.8,31.5,37.96,28.56
2021-11-07 21:47:00 +0530,483069,41.0,31.1,38.09,28.55
2021-11-07 21:47:30 +0530,483070,43.0,32.9,38.09,28.55
2021-11-07 21:48:00 +0530,483071,35.5,31.7,38.03,28.54
2021-11-07 21:48:30 +0530,483072,43.3,32.9,38.03,28.54
2021-11-07 21:49:00 +0530,483073,40.8,31.9,38.06,28.54
2021-11-07 21:49:30 +0530,483074,36.5,31.3,38.06,28.54
2021-11-07 21:50:00 +0530,483075,38.4,31.7,38.06,28.54
2021-11-07 21:50:30 +0530,483076,37.3,31.4,37.96,28.54
2021-11-07 21:51:00 +0530,483077,35.3,30.9,38.03,28.54
2021-11-07 21:51:30 +0530,483078,34.9,31.1,37.99,28.54
2021-11-07 21:52:00 +0530,483079,36.1,28.5,38.03,28.52
2021-11-07 21:52:30 +0530,483080,38.4,32.5,37.99,28.5
2021-11-07 21:53:00 +0530,483081,38.8,31.2,37.96,28.52
2021-11-07 21:53:30 +0530,483082,36.9,32.0,37.92,28.5
2021-11-07 21:54:00 +0530,483083,38.1,31.3,38.03,28.49
2021-11-07 21:54:30 +0530,483084,32.9,27.8,38.16,28.45
2021-11-07 21:55:00 +0530,483085,35.9,31.9,38.19,28.46
2021-11-07 21:55:30 +0530,483086,41.5,33.1,38.09,28.47
2021-11-07 21:56:00 +0530,483087,37.6,31.7,38.09,28.47
2021-11-07 21:56:30 +0530,483088,41.4,32.1,38.13,28.48
2021-11-07 21:57:00 +0530,483089,36.9,32.3,38.09,28.49
2021-11-07 21:57:30 +0530,483090,38.8,32.4,38.13,28.49
2021-11-07 21:58:00 +0530,483091,35.8,31.9,38.09,28.49
2021-11-07 21:58:30 +0530,483092,42.4,31.9,38.19,28.49
2021-11-07 21:59:00 +0530,483093,41.2,32.7,37.99,28.48
2021-11-07 21:59:30 +0530,483094,36.8,32.8,38.09,28.48
2021-11-07 22:00:00 +0530,483095,36.5,32.3,38.13,28.47
2021-11-07 22:00:30 +0530,483096,38.9,32.8,38.26,28.46
2021-11-07 22:01:00 +0530,483097,41.8,30.5,38.37,28.43
2021-11-07 22:01:30 +0530,483098,37.3,33.2,38.37,28.43
2021-11-07 22:02:00 +0530,483099,36.9,33.2,38.44,28.43
2021-11-07 22:02:30 +0530,483100,37.2,32.8,38.44,28.43
2021-11-07 22:03:00 +0530,483101,38.3,32.7,38.37,28.42
2021-11-07 22:03:30 +0530,483102,37.1,32.3,38.34,28.42
2021-11-07 22:04:00 +0530,483103,36.1,32.2,38.41,28.41
2021-11-07 22:04:30 +0530,483104,36.7,32.4,38.44,28.41
2021-11-07 22:05:00 +0530,483105,38.5,33.6,38.37,28.41
2021-11-07 22:05:30 +0530,483106,40.7,36.2,38.41,28.4
2021-11-07 22:06:00 +0530,483107,39.5,33.1,38.44,28.4
2021-11-07 22:06:30 +0530,483108,38.7,32.9,38.51,28.4
2021-11-07 22:07:00 +0530,483109,45.1,32.7,38.54,28.38
2021-11-07 22:07:30 +0530,483110,31.1,27.9,38.68,28.34
2021-11-07 22:08:00 +0530,483111,38.1,33.4,38.61,28.35
2021-11-07 22:08:30 +0530,483112,39.3,33.1,38.58,28.37
2021-11-07 22:09:00 +0530,483113,39.5,32.3,38.61,28.35
2021-11-07 22:09:30 +0530,483114,30.6,27.4,38.68,28.33
2021-11-07 22:10:00 +0530,483115,33.4,28.6,38.68,28.31
2021-11-07 22:10:30 +0530,483116,37.6,33.5,38.61,28.3
2021-11-07 22:11:00 +0530,483117,37.4,28.9,38.71,28.28
2021-11-07 22:11:30 +0530,483118,36.8,32.6,38.75,28.28
2021-11-07 22:12:00 +0530,483119,40.3,32.7,38.65,28.29
2021-11-07 22:12:30 +0530,483120,38.5,33.0,38.64,28.28
2021-11-07 22:13:00 +0530,483121,37.6,33.6,38.68,28.29
2021-11-07 22:13:30 +0530,483122,35.4,29.8,38.75,28.28
2021-11-07 22:14:00 +0530,483123,37.8,33.4,38.65,28.28
2021-11-07 22:14:30 +0530,483124,41.8,31.3,38.82,28.28
2021-11-07 22:15:00 +0530,483125,42.8,34.2,38.75,28.28
2021-11-07 22:15:30 +0530,483126,44.6,35.1,38.75,28.28
2021-11-07 22:16:00 +0530,483127,44.5,35.1,38.69,28.28
2021-11-07 22:16:30 +0530,483128,38.7,34.2,38.65,28.28
2021-11-07 22:17:00 +0530,483129,39.3,35.1,38.72,28.28
2021-11-07 22:17:30 +0530,483130,38.9,34.7,38.65,28.28
2021-11-07 22:18:00 +0530,483131,39.1,33.4,38.49,28.28
2021-11-07 22:18:30 +0530,483132,38.4,34.4,38.53,28.28
2021-11-07 22:19:00 +0530,483133,40.5,34.8,38.65,28.27
2021-11-07 22:19:30 +0530,483134,45.1,34.6,38.69,28.27
2021-11-07 22:20:00 +0530,483135,41.4,34.9,38.85,28.26
2021-11-07 22:20:30 +0530,483136,39.8,31.8,38.92,28.21
2021-11-07 22:21:00 +0530,483137,39.5,35.2,38.89,28.23
2021-11-07 22:21:30 +0530,483138,40.6,36.2,38.85,28.23
2021-11-07 22:22:00 +0530,483139,42.2,35.2,38.89,28.23
2021-11-07 22:22:30 +0530,483140,44.0,34.1,39.02,28.19
2021-11-07 22:23:00 +0530,483141,78.6,70.7,38.99,28.19
2021-11-07 22:23:30 +0530,483142,48.9,43.6,38.85,28.19
2021-11-07 22:24:00 +0530,483143,45.3,40.3,38.85,28.19
2021-11-07 22:24:30 +0530,483144,47.6,39.9,38.92,28.17
2021-11-07 22:25:00 +0530,483145,49.6,41.1,38.85,28.18
2021-11-07 22:25:30 +0530,483146,46.1,36.8,38.82,28.18
2021-11-07 22:26:00 +0530,483147,42.5,35.2,38.69,28.19
2021-11-07 22:26:30 +0530,483148,43.9,35.3,38.75,28.18
2021-11-07 22:27:00 +0530,483149,40.0,34.2,38.85,28.18
2021-11-07 22:27:30 +0530,483150,40.4,30.9,38.92,28.16
2021-11-07 22:28:00 +0530,483151,39.6,34.4,38.92,28.16
2021-11-07 22:28:30 +0530,483152,40.6,35.1,38.75,28.16
2021-11-07 22:29:00 +0530,483153,34.6,28.3,38.89,28.14
2021-11-07 22:29:30 +0530,483154,41.5,34.6,38.89,28.14
2021-11-07 22:30:00 +0530,483155,38.9,34.4,38.75,28.15
2021-11-07 22:30:30 +0530,483156,43.6,35.1,38.85,28.15
2021-11-07 22:31:00 +0530,483157,38.3,34.2,38.89,28.15
2021-11-07 22:31:30 +0530,483158,39.1,30.8,39.06,28.13
2021-11-07 22:32:00 +0530,483159,39.6,35.4,39.06,28.13
2021-11-07 22:32:30 +0530,483160,39.5,35.2,39.06,28.13
2021-11-07 22:33:00 +0530,483161,40.4,36.0,39.02,28.13
2021-11-07 22:33:30 +0530,483162,40.4,35.3,39.06,28.13
2021-11-07 22:34:00 +0530,483163,46.3,36.8,39.07,28.11
2021-11-07 22:34:30 +0530,483164,43.2,35.8,39.06,28.11
2021-11-07 22:35:00 +0530,483165,39.7,35.2,39.01,28.11
2021-11-07 22:35:30 +0530,483166,39.7,35.2,39.02,28.11
2021-11-07 22:36:00 +0530,483167,39.7,30.9,39.47,27.96
2021-11-07 22:36:30 +0530,483168,44.4,36.9,39.4,27.98
2021-11-07 22:37:00 +0530,483169,42.2,36.3,39.4,28.0
2021-11-07 22:37:30 +0530,483170,41.7,31.6,39.47,28.0
2021-11-07 22:38:00 +0530,483171,43.4,36.2,39.4,28.01
2021-11-07 22:38:30 +0530,483172,39.8,35.6,39.47,28.01
2021-11-07 22:39:00 +0530,483173,37.1,30.6,39.57,28.0
2021-11-07 22:39:30 +0530,483174,50.1,36.7,39.67,27.99
2021-11-07 22:40:00 +0530,483175,40.6,36.2,39.67,28.0
2021-11-07 22:40:30 +0530,483176,45.0,36.6,39.67,28.0
2021-11-07 22:41:00 +0530,483177,42.4,36.3,39.67,28.0
2021-11-07 22:41:30 +0530,483178,56.7,37.1,39.67,28.01
2021-11-07 22:42:00 +0530,483179,44.2,36.8,39.64,28.01
2021-11-07 22:42:30 +0530,483180,55.3,38.3,39.71,28.01
2021-11-07 22:43:00 +0530,483181,44.8,35.9,39.71,28.02
2021-11-07 22:43:30 +0530,483182,44.7,36.3,39.67,28.01
2021-11-07 22:44:00 +0530,483183,48.0,35.9,39.71,28.01
2021-11-07 22:44:30 +0530,483184,41.1,36.7,39.74,28.01
2021-11-07 22:45:00 +0530,483185,45.9,36.4,39.81,28.0
2021-11-07 22:45:30 +0530,483186,42.7,36.7,39.78,27.99
2021-11-07 22:46:00 +0530,483187,43.9,36.6,39.88,27.98
2021-11-07 22:46:30 +0530,483188,40.9,32.2,39.97,27.95
2021-11-07 22:47:00 +0530,483189,42.8,36.6,39.95,27.94
2021-11-07 22:47:30 +0530,483190,36.2,32.3,40.05,27.91
2021-11-07 22:48:00 +0530,483191,44.5,37.0,40.02,27.9
2021-11-07 22:48:30 +0530,483192,43.0,36.2,40.05,27.89
2021-11-07 22:49:00 +0530,483193,44.8,36.8,40.05,27.89
2021-11-07 22:49:30 +0530,483194,46.1,36.1,40.08,27.89
2021-11-07 22:50:00 +0530,483195,42.9,35.1,40.08,27.88
2021-11-07 22:50:30 +0530,483196,39.5,34.8,40.05,27.86
2021-11-07 22:51:00 +0530,483197,40.0,34.7,40.02,27.85
2021-11-07 22:51:30 +0530,483198,40.0,35.3,40.15,27.84
2021-11-07 22:52:00 +0530,483199,43.2,36.1,40.15,27.83
2021-11-07 22:52:30 +0530,483200,40.6,33.1,40.26,27.78
2021-11-07 22:53:00 +0530,483201,48.9,36.2,40.45,27.79
2021-11-07 22:53:30 +0530,483202,47.6,36.2,40.45,27.78
2021-11-07 22:54:00 +0530,483203,46.6,34.9,40.39,27.78
2021-11-07 22:54:30 +0530,483204,47.4,35.8,40.39,27.76
2021-11-07 22:55:00 +0530,483205,43.2,34.6,40.45,27.76
2021-11-07 22:55:30 +0530,483206,41.5,34.6,40.43,27.76
2021-11-07 22:56:00 +0530,483207,42.5,34.7,40.49,27.75
2021-11-07 22:56:30 +0530,483208,40.7,34.6,40.39,27.75
2021-11-07 22:57:00 +0530,483209,41.2,34.2,40.43,27.74
2021-11-07 22:57:30 +0530,483210,44.0,33.5,40.46,27.73
2021-11-07 22:58:00 +0530,483211,41.3,33.6,40.49,27.73
2021-11-07 22:58:30 +0530,483212,41.9,34.1,40.49,27.71
2021-11-07 22:59:00 +0530,483213,40.8,32.9,40.43,27.7
2021-11-07 22:59:30 +0530,483214,39.2,33.2,40.26,27.7
2021-11-07 23:00:00 +0530,483215,43.9,32.9,40.36,27.69
2021-11-07 23:00:30 +0530,483216,41.7,34.2,40.49,27.68
2021-11-07 23:01:00 +0530,483217,34.8,28.4,40.6,27.65
2021-11-07 23:01:30 +0530,483218,38.8,33.9,40.56,27.65
2021-11-07 23:02:00 +0530,483219,37.0,32.6,40.63,27.66
2021-11-07 23:02:30 +0530,483220,34.8,31.2,40.49,27.65
2021-11-07 23:03:00 +0530,483221,34.8,31.2,40.49,27.64
2021-11-07 23:03:30 +0530,483222,40.0,32.1,40.53,27.64
2021-11-07 23:04:00 +0530,483223,40.0,32.6,40.56,27.63
2021-11-07 23:04:30 +0530,483224,40.4,32.1,40.6,27.61
2021-11-07 23:05:00 +0530,483225,41.2,32.6,40.63,27.61
2021-11-07 23:05:30 +0530,483226,39.0,35.1,40.56,27.61
2021-11-07 23:06:00 +0530,483227,41.4,32.4,40.61,27.6
2021-11-07 23:06:30 +0530,483228,35.2,31.4,40.61,27.59
2021-11-07 23:07:00 +0530,483229,39.5,31.1,40.68,27.59
2021-11-07 23:07:30 +0530,483230,47.8,32.6,40.68,27.6
2021-11-07 23:08:00 +0530,483231,40.0,31.9,40.68,27.59
2021-11-07 23:08:30 +0530,483232,37.2,31.7,40.58,27.6
2021-11-07 23:09:00 +0530,483233,42.6,32.2,40.58,27.58
2021-11-07 23:09:30 +0530,483234,38.8,31.6,40.58,27.57
2021-11-07 23:10:00 +0530,483235,43.1,29.5,40.58,27.55
2021-11-07 23:10:30 +0530,483236,39.2,33.3,40.61,27.55
2021-11-07 23:11:00 +0530,483237,36.5,31.8,40.65,27.55
2021-11-07 23:11:30 +0530,483238,38.4,31.3,40.61,27.55
2021-11-07 23:12:00 +0530,483239,40.8,26.7,40.75,27.53
2021-11-07 23:12:30 +0530,483240,42.9,31.6,40.65,27.53
2021-11-07 23:13:00 +0530,483241,42.9,31.6,40.65,27.53
2021-11-07 23:13:30 +0530,483242,26.8,24.3,41.03,27.35
2021-11-07 23:14:00 +0530,483243,36.3,26.7,40.96,27.38
2021-11-07 23:14:30 +0530,483244,39.4,32.3,40.89,27.39
2021-11-07 23:15:00 +0530,483245,43.3,28.1,40.89,27.4
2021-11-07 23:15:30 +0530,483246,42.6,31.9,40.86,27.42
2021-11-07 23:16:00 +0530,483247,41.8,32.9,40.88,27.44
2021-11-07 23:16:30 +0530,483248,41.2,31.9,40.88,27.45
2021-11-07 23:17:00 +0530,483249,42.5,31.9,40.81,27.47
2021-11-07 23:17:30 +0530,483250,41.6,32.6,40.81,27.5
2021-11-07 23:18:00 +0530,483251,38.8,33.6,40.81,27.51
2021-11-07 23:18:30 +0530,483252,40.0,35.7,40.81,27.52
2021-11-07 23:19:00 +0530,483253,43.9,36.8,40.81,27.53
2021-11-07 23:19:30 +0530,483254,48.2,35.9,40.78,27.54
2021-11-07 23:20:00 +0530,483255,40.9,33.6,40.75,27.55
2021-11-07 23:20:30 +0530,483256,43.9,33.5,40.75,27.56
2021-11-07 23:21:00 +0530,483257,48.7,33.3,40.68,27.56
2021-11-07 23:21:30 +0530,483258,44.5,35.1,40.75,27.57
2021-11-07 23:22:00 +0530,483259,48.9,39.8,40.81,27.57
2021-11-07 23:22:30 +0530,483260,31.5,28.1,40.75,27.54
2021-11-07 23:23:00 +0530,483261,40.5,33.9,40.65,27.55
2021-11-07 23:23:30 +0530,483262,42.8,34.4,40.71,27.54
2021-11-07 23:24:00 +0530,483263,45.3,34.3,40.68,27.55
2021-11-07 23:24:30 +0530,483264,43.7,35.1,40.75,27.55
2021-11-07 23:25:00 +0530,483265,39.5,32.3,40.58,27.55
2021-11-07 23:25:30 +0530,483266,44.4,33.4,40.58,27.55
2021-11-07 23:26:00 +0530,483267,31.8,28.3,40.54,27.53
2021-11-07 23:26:30 +0530,483268,37.6,33.2,40.41,27.53
2021-11-07 23:27:00 +0530,483269,43.0,33.5,40.51,27.52
2021-11-07 23:27:30 +0530,483270,43.1,35.3,40.51,27.52
2021-11-07 23:28:00 +0530,483271,37.6,33.7,40.58,27.51
2021-11-07 23:28:30 +0530,483272,39.4,33.9,40.58,27.52
2021-11-07 23:29:00 +0530,483273,41.9,34.9,40.65,27.51
2021-11-07 23:29:30 +0530,483274,41.6,34.4,40.61,27.51
2021-11-07 23:30:00 +0530,483275,38.7,34.5,40.51,27.51
2021-11-07 23:30:30 +0530,483276,38.7,34.2,40.54,27.52
2021-11-07 23:31:00 +0530,483277,43.0,30.1,40.54,27.5
2021-11-07 23:31:30 +0530,483278,37.6,33.6,40.48,27.5
2021-11-07 23:32:00 +0530,483279,40.5,34.4,40.48,27.5
2021-11-07 23:32:30 +0530,483280,40.6,34.8,40.48,27.51
2021-11-07 23:33:00 +0530,483281,46.8,29.4,40.54,27.47
2021-11-07 23:33:30 +0530,483282,43.7,35.2,40.48,27.49
2021-11-07 23:34:00 +0530,483283,39.7,34.7,40.48,27.49
2021-11-07 23:34:30 +0530,483284,39.2,34.9,40.54,27.49
2021-11-07 23:35:00 +0530,483285,40.4,34.8,40.54,27.5
2021-11-07 23:35:30 +0530,483286,41.3,35.8,40.51,27.51
2021-11-07 23:36:00 +0530,483287,41.9,35.7,40.51,27.52
2021-11-07 23:36:30 +0530,483288,39.0,34.5,40.48,27.52
2021-11-07 23:37:00 +0530,483289,38.9,34.9,40.38,27.52
2021-11-07 23:37:30 +0530,483290,32.8,29.3,40.34,27.49
2021-11-07 23:38:00 +0530,483291,36.5,31.1,40.41,27.46
2021-11-07 23:38:30 +0530,483292,38.2,34.0,40.27,27.46
2021-11-07 23:39:00 +0530,483293,37.3,30.4,40.44,27.44
2021-11-07 23:39:30 +0530,483294,40.3,35.9,40.44,27.45
2021-11-07 23:40:00 +0530,483295,38.3,32.2,40.54,27.44
2021-11-07 23:40:30 +0530,483296,41.5,37.0,40.48,27.45
2021-11-07 23:41:00 +0530,483297,40.8,36.4,40.48,27.47
2021-11-07 23:41:30 +0530,483298,37.3,30.4,40.54,27.46
2021-11-07 23:42:00 +0530,483299,41.3,35.8,40.51,27.47
2021-11-07 23:42:30 +0530,483300,37.0,30.9,40.54,27.45
2021-11-07 23:43:00 +0530,483301,43.1,30.8,40.51,27.44
2021-11-07 23:43:30 +0530,483302,41.7,35.2,40.44,27.45
2021-11-07 23:44:00 +0530,483303,40.9,34.3,40.48,27.46
2021-11-07 23:44:30 +0530,483304,42.0,34.9,40.48,27.46
2021-11-07 23:45:00 +0530,483305,40.5,34.6,40.44,27.47
2021-11-07 23:45:30 +0530,483306,39.4,32.2,40.51,27.44
2021-11-07 23:46:00 +0530,483307,43.7,36.6,40.48,27.44
2021-11-07 23:46:30 +0530,483308,39.2,34.8,40.51,27.44
2021-11-07 23:47:00 +0530,483309,46.4,34.9,40.48,27.44
2021-11-07 23:47:30 +0530,483310,42.1,30.1,40.52,27.43
2021-11-07 23:48:00 +0530,483311,33.6,30.0,40.42,27.4
2021-11-07 23:48:30 +0530,483312,39.5,34.7,40.39,27.41
2021-11-07 23:49:00 +0530,483313,41.5,34.4,40.42,27.42
2021-11-07 23:49:30 +0530,483314,39.6,33.4,40.46,27.41
2021-11-07 23:50:00 +0530,483315,38.6,33.6,40.49,27.41
2021-11-07 23:50:30 +0530,483316,47.1,35.4,40.49,27.41
2021-11-07 23:51:00 +0530,483317,50.1,35.5,40.52,27.41
2021-11-07 23:51:30 +0530,483318,35.5,28.9,40.59,27.39
2021-11-07 23:52:00 +0530,483319,36.7,31.6,40.33,27.39
2021-11-07 23:52:30 +0530,483320,37.4,33.4,40.39,27.38
2021-11-07 23:53:00 +0530,483321,41.2,33.8,40.46,27.38
2021-11-07 23:53:30 +0530,483322,37.9,33.8,40.55,27.37
2021-11-07 23:54:00 +0530,483323,41.2,34.6,40.59,27.37
2021-11-07 23:54:30 +0530,483324,43.1,34.4,40.55,27.37
2021-11-07 23:55:00 +0530,483325,36.7,32.8,40.59,27.36
2021-11-07 23:55:30 +0530,483326,36.4,32.5,40.52,27.35
2021-11-07 23:56:00 +0530,483327,36.6,32.3,40.49,27.34
2021-11-07 23:56:30 +0530,483328,40.6,32.4,40.49,27.32
2021-11-07 23:57:00 +0530,483329,38.7,32.6,40.52,27.31
2021-11-07 23:57:30 +0530,483330,37.4,31.3,40.59,27.3
2021-11-07 23:58:00 +0530,483331,37.7,32.8,40.59,27.29
2021-11-07 23:58:30 +0530,483332,38.4,31.8,40.69,27.28
2021-11-07 23:59:00 +0530,483333,38.8,31.7,40.65,27.28
2021-11-07 23:59:30 +0530,483334,29.9,26.7,40.67,27.25
